Date,EMN,HUBB,WRB
2008-12-10,9.208931922912598,20.366844177246094,6.0303826332092285
2008-12-11,8.812813758850098,19.86859130859375,6.032524108886719
2008-12-12,9.070751190185547,20.578433990478516,6.300111770629883
2008-12-15,9.030830383300781,20.353195190429688,6.1588239669799805
2008-12-16,9.580485343933105,21.43160057067871,6.4970574378967285
2008-12-17,9.626542091369629,22.38714027404785,6.432834625244141
2008-12-18,9.175151824951172,21.916200637817383,6.5677008628845215
2008-12-19,9.070751190185547,21.84112548828125,6.507760047912598
2008-12-22,8.754471778869629,21.725086212158203,6.490633010864258
2008-12-23,8.616289138793945,21.772869110107422,6.419990062713623
2008-12-24,8.769827842712402,21.97762680053711,6.469228267669678
2008-12-26,8.981700897216797,21.690961837768555,6.443538665771484
2008-12-29,8.9202880859375,21.342870712280273,6.507760047912598
2008-12-30,9.368605613708496,22.08000373840332,6.580544471740723
2008-12-31,9.737085342407227,22.30524444580078,6.636202335357666
2009-01-02,10.145483016967773,23.267610549926758,6.546292781829834
2009-01-05,10.142414093017578,23.615705490112305,6.554854393005371
2009-01-06,10.342007637023926,23.588409423828125,6.186653137207031
2009-01-07,9.875267028808594,23.090158462524414,5.959740161895752
2009-01-08,10.136270523071289,23.547462463378906,6.173809051513672
2009-01-09,9.893689155578613,23.069684982299805,6.045365810394287
2009-01-12,9.543636322021484,21.96397590637207,5.961881637573242
2009-01-13,9.512928009033203,22.141437530517578,6.210200309753418
2009-01-14,9.049254417419434,21.45889663696289,5.874109268188477
2009-01-15,9.190505027770996,21.936660766601562,5.863405704498291
2009-01-16,9.273415565490723,22.127779006958008,6.066773891448975
2009-01-20,8.471972465515137,21.11080551147461,5.737104415893555
2009-01-21,9.003195762634277,21.404296875,6.068914413452148
2009-01-22,8.775967597961426,21.336036682128906,5.677163600921631
2009-01-23,8.6930570602417,21.035728454589844,5.657895565032959
2009-01-26,8.487323760986328,21.27460289001465,5.675024032592773
2009-01-27,8.339929580688477,21.96397590637207,5.871969699859619
2009-01-28,8.82509708404541,22.86491584777832,5.919066429138184
2009-01-29,8.395203590393066,22.134611129760742,5.722121238708496
2009-01-30,7.968377590179443,21.15858268737793,5.6686015129089355
2009-02-02,7.771858215332031,20.940174102783203,5.565846920013428
2009-02-03,7.805637359619141,21.192710876464844,5.627927303314209
2009-02-04,7.679737091064453,21.206363677978516,5.364621162414551
2009-02-05,7.897757053375244,21.329212188720703,5.268290996551514
2009-02-06,8.091209411621094,21.86159324645996,5.565846920013428
2009-02-09,8.032866477966309,21.786508560180664,5.3132429122924805
2009-02-10,7.6183271408081055,20.885568618774414,4.934338092803955
2009-02-11,7.658241271972656,21.199533462524414,4.972870349884033
2009-02-12,7.639821529388428,21.376995086669922,5.073482513427734
2009-02-13,7.612181663513184,21.199533462524414,4.906508445739746
2009-02-17,7.249845504760742,20.00510025024414,4.784488201141357
2009-02-18,7.262125492095947,19.5205078125,4.722407341003418
2009-02-19,7.209926605224609,18.783361434936523,4.6217942237854
2009-02-20,7.028756618499756,18.210037231445312,4.5597124099731445
2009-02-23,6.586581230163574,17.9438419342041,4.454817771911621
2009-02-24,6.961202621459961,18.462566375732422,4.6303582191467285
2009-02-25,6.641852378845215,18.025753021240234,4.5832600593566895
2009-02-26,6.5405192375183105,17.554792404174805,4.525463581085205
2009-02-27,6.307150840759277,17.96432113647461,4.454817771911621
2009-03-02,5.864973545074463,16.763059616088867,4.35420560836792
2009-03-03,5.806631565093994,16.469560623168945,4.257874011993408
2009-03-04,5.966305255889893,17.24765396118164,4.304971218109131
2009-03-05,5.527199745178223,16.22332000732422,4.135851860046387
2009-03-06,5.607039928436279,16.22332000732422,4.167963027954102
2009-03-09,5.782064437866211,15.330485343933105,4.037380218505859
2009-03-10,6.365492343902588,16.08489227294922,4.337080955505371
2009-03-11,6.598865985870361,16.66627311706543,4.242887020111084
2009-03-12,7.156867027282715,17.330703735351562,4.4269890785217285
2009-03-13,7.323013782501221,17.386085510253906,4.523320198059082
2009-03-16,7.12551736831665,17.57987403869629,4.403442859649658
2009-03-17,7.344959259033203,17.877483367919922,4.661078929901123
2009-03-18,7.617692470550537,18.811845779418945,4.897244930267334
2009-03-19,7.780702590942383,18.334285736083984,4.873629093170166
2009-03-20,7.5738043785095215,17.559112548828125,4.81351375579834
2009-03-23,8.188237190246582,18.424257278442383,5.058269023895264
2009-03-24,8.188237190246582,18.175092697143555,4.721193790435791
2009-03-25,8.276005744934082,18.507320404052734,4.804926872253418
2009-03-26,8.627113342285156,19.455524444580078,4.841424465179443
2009-03-27,8.561280250549316,19.29633331298828,4.834983825683594
2009-03-30,8.25719928741455,18.27891731262207,4.631021022796631
2009-03-31,8.40140438079834,18.65958595275879,4.841424465179443
2009-04-01,8.887306213378906,19.39323616027832,4.942333698272705
2009-04-02,9.169442176818848,19.829273223876953,5.135559558868408
2009-04-03,9.426502227783203,19.86387825012207,5.245057106018066
2009-04-06,9.348128318786621,19.72545623779297,5.174206256866455
2009-04-07,9.044047355651855,19.240957260131836,5.081886291503906
2009-04-08,9.119287490844727,19.3793888092041,5.150587558746338
2009-04-09,9.724310874938965,20.175331115722656,5.337375640869141
2009-04-13,9.652206420898438,20.106121063232422,5.386755466461182
2009-04-14,9.602054595947266,19.76005744934082,5.12053108215332
2009-04-15,9.849702835083008,19.905410766601562,5.337375640869141
2009-04-16,10.185136795043945,20.341440200805664,5.324494361877441
2009-04-17,10.141247749328613,20.251466751098633,5.245057106018066
2009-04-20,9.476655960083008,19.704683303833008,5.021768569946289
2009-04-21,10.091084480285645,20.05074691772461,5.133411407470703
2009-04-22,10.297987937927246,20.223779678344727,4.8628950119018555
2009-04-23,10.379496574401855,21.178903579711914,4.940186977386475
2009-04-24,12.545677185058594,21.566486358642578,4.950921058654785
2009-04-27,12.119338035583496,22.07866859436035,4.8263959884643555
2009-04-28,12.323107719421387,21.988685607910156,5.021768569946289
2009-04-29,12.909321784973145,22.632362365722656,5.182792663574219
2009-04-30,12.439095497131348,22.97842025756836,5.133411407470703
2009-05-01,12.476705551147461,22.729259490966797,5.154884338378906
2009-05-04,13.247882843017578,23.54595184326172,5.279407024383545
2009-05-05,12.975152015686035,23.172210693359375,5.144148349761963
2009-05-06,13.172649383544922,23.5113468170166,5.03679895401001
2009-05-07,12.752578735351562,23.712068557739258,5.0969133377075195
2009-05-08,13.423429489135742,24.791770935058594,5.324494361877441
2009-05-11,12.758849143981934,23.70514678955078,5.133411407470703
2009-05-12,12.6553955078125,23.241424560546875,5.094766139984131
2009-05-13,12.03469467163086,22.10634994506836,5.017477035522461
2009-05-14,12.25100326538086,22.59082794189453,5.159175395965576
2009-05-15,11.918706893920898,22.68773078918457,5.107649803161621
2009-05-18,12.608373641967773,23.23450469970703,5.275113582611084
2009-05-19,12.98142147064209,22.708492279052734,4.957361221313477
2009-05-20,13.1318941116333,22.53546142578125,4.871482849121094
2009-05-21,12.633450508117676,21.92639923095703,4.81351375579834
2009-05-22,12.765117645263672,21.760286331176758,4.727634429931641
2009-05-26,13.128762245178223,22.812313079833984,4.794191837310791
2009-05-27,12.633450508117676,22.58391571044922,4.57520055770874
2009-05-28,12.765117645263672,22.805387496948242,4.598816871643066
2009-05-29,12.990821838378906,22.985336303710938,4.65678596496582
2009-06-01,13.555102348327637,24.0858154296875,4.731927871704102
2009-06-02,13.64600944519043,24.805622100830078,4.8757758140563965
2009-06-03,13.329394340515137,24.452638626098633,4.901540279388428
2009-06-04,14.11623764038086,25.269346237182617,4.965950012207031
2009-06-05,13.492405891418457,25.317790985107422,5.02606201171875
2009-06-08,13.000226974487305,24.860984802246094,5.056121349334717
2009-06-09,13.122492790222168,24.7294921875,5.0518269538879395
2009-06-10,12.928128242492676,24.73640251159668,4.967883586883545
2009-06-11,13.175285339355469,24.97406005859375,4.974339008331299
2009-06-12,12.880599021911621,24.561668395996094,4.91622257232666
2009-06-15,12.525712013244629,24.072389602661133,4.845191955566406
2009-06-16,12.063085556030273,23.352455139160156,4.784923076629639
2009-06-17,12.028228759765625,23.19868278503418,4.799990177154541
2009-06-18,12.078926086425781,23.191692352294922,4.778463840484619
2009-06-19,12.145469665527344,22.95404624938965,4.716042518615723
2009-06-22,11.423015594482422,22.464759826660156,4.720349311828613
2009-06-23,11.502235412597656,22.108291625976562,4.6966729164123535
2009-06-24,11.571945190429688,22.44379997253418,4.711740970611572
2009-06-25,11.914155006408691,22.814247131347656,4.739719867706299
2009-06-26,11.853951454162598,22.71639060974121,4.662232875823975
2009-06-29,12.291224479675293,23.044910430908203,4.672994613647461
2009-06-30,12.009218215942383,22.408851623535156,4.621335506439209
2009-07-01,11.964859008789062,23.100830078125,4.748331069946289
2009-07-02,11.632144927978516,22.49272346496582,4.645015716552734
2009-07-06,11.39766788482666,22.54164695739746,4.703128814697266
2009-07-07,11.156851768493652,22.115283966064453,4.666538715362549
2009-07-08,11.188541412353516,22.192176818847656,4.660079002380371
2009-07-09,11.343796730041504,22.1572208404541,4.601964473724365
2009-07-10,11.30577564239502,22.276050567626953,4.513712406158447
2009-07-13,11.654328346252441,22.604555130004883,4.720349311828613
2009-07-14,11.676508903503418,22.751340866088867,4.66438627243042
2009-07-15,12.332420349121094,23.380413055419922,4.692367076873779
2009-07-16,12.78237247467041,23.81377601623535,4.700977325439453
2009-07-17,12.72216510772705,23.52020835876465,4.700977325439453
2009-07-20,13.16260814666748,23.953561782836914,4.793533802032471
2009-07-21,13.206969261169434,23.855714797973633,4.94851016998291
2009-07-22,13.365400314331055,24.337987899780273,5.129317760467529
2009-07-23,14.316003799438477,26.665555953979492,5.196042060852051
2009-07-24,15.2285737991333,26.57468032836914,5.099181175231934
2009-07-27,15.215903282165527,26.56070899963379,5.137927532196045
2009-07-28,15.323634147644043,27.049978256225586,4.894698143005371
2009-07-29,15.076483726501465,26.525758743286133,4.978645324707031
2009-07-30,15.510589599609375,26.679533004760742,5.034606456756592
2009-07-31,15.735557556152344,26.085418701171875,5.000169277191162
2009-08-03,16.19501495361328,26.959115982055664,5.071200370788574
2009-08-04,16.245716094970703,27.462377548217773,5.208955764770508
2009-08-05,16.27739906311035,26.742433547973633,5.189586639404297
2009-08-06,16.191844940185547,26.91019058227539,5.064741611480713
2009-08-07,16.70833396911621,28.447917938232422,5.053980350494385
2009-08-10,16.63546371459961,27.6021671295166,5.0604376792907715
2009-08-11,16.57525634765625,27.53227996826172,4.998015880584717
2009-08-12,16.892120361328125,27.86078453063965,5.16160249710083
2009-08-13,17.357919692993164,27.78390884399414,5.258464813232422
2009-08-14,17.14878273010254,27.273651123046875,5.2713775634765625
2009-08-17,16.27739906311035,26.72147560119629,5.200347900390625
2009-08-18,16.470691680908203,27.00804901123047,5.264921188354492
2009-08-19,16.5372371673584,26.826322555541992,5.2756829261779785
2009-08-20,17.098087310791016,27.042993545532227,5.357475757598877
2009-08-21,17.433963775634766,27.567216873168945,5.499541282653809
2009-08-24,17.066396713256836,27.70001792907715,5.4005255699157715
2009-08-25,17.20581817626953,27.972612380981445,5.443575382232666
2009-08-26,17.03154945373535,27.930675506591797,5.419898509979248
2009-08-27,16.898454666137695,27.616140365600586,5.452185153961182
2009-08-28,16.955503463745117,27.790884017944336,5.5103020668029785
2009-08-31,16.527719497680664,26.88922691345215,5.499541282653809
2009-09-01,15.938359260559082,26.029489517211914,5.473708152770996
2009-09-02,15.808440208435059,25.945629119873047,5.4564924240112305
2009-09-03,15.938359260559082,26.288105010986328,5.55980920791626
2009-09-04,15.925679206848145,26.714475631713867,5.61146879196167
2009-09-08,16.318593978881836,27.14784812927246,5.454338073730469
2009-09-09,16.521387100219727,27.839828491210938,5.471558570861816
2009-09-10,16.732301712036133,28.273181915283203,5.495292663574219
2009-09-11,16.908056259155273,28.67856788635254,5.538441181182861
2009-09-14,16.914451599121094,28.49683952331543,5.495292663574219
2009-09-15,17.476879119873047,29.05601692199707,5.40683126449585
2009-09-16,17.60789680480957,29.629180908203125,5.4327216148376465
2009-09-17,17.623882293701172,29.796920776367188,5.426248550415039
2009-09-18,17.41935920715332,29.8947811126709,5.391727924346924
2009-09-21,17.422555923461914,29.936721801757812,5.42193603515625
2009-09-22,17.591922760009766,30.076507568359375,5.42193603515625
2009-09-23,17.60789680480957,29.68508529663086,5.342104434967041
2009-09-24,17.163711547851562,29.022598266601562,5.240700721740723
2009-09-25,16.933624267578125,28.775917053222656,5.283850193023682
2009-09-28,17.521617889404297,29.022598266601562,5.434881687164307
2009-09-29,17.591922760009766,29.63574981689453,5.449981689453125
2009-09-30,17.109386444091797,29.60051155090332,5.454298973083496
2009-10-01,16.352018356323242,28.782968521118164,5.449981689453125
2009-10-02,16.045236587524414,28.663166046142578,5.480186939239502
2009-10-05,16.79941177368164,28.8957462310791,5.53628396987915
2009-10-06,16.840957641601562,29.811954498291016,5.596696376800537
2009-10-07,16.777040481567383,30.291202545166016,5.579434871673584
2009-10-08,16.946413040161133,30.685867309570312,5.544915676116943
2009-10-09,17.131757736206055,31.080556869506836,5.583751201629639
2009-10-12,17.496051788330078,31.01711654663086,5.54707145690918
2009-10-13,17.224424362182617,30.25596046447754,5.452138900756836
2009-10-14,17.94344139099121,30.883201599121094,5.486659049987793
2009-10-15,17.988182067871094,31.4470272064209,5.430565357208252
2009-10-16,17.783662796020508,31.390634536743164,5.4025163650512695
2009-10-19,18.016939163208008,31.721887588500977,5.4737138748168945
2009-10-20,17.94344139099121,31.975589752197266,5.428405284881592
2009-10-21,17.543994903564453,31.39768409729004,5.352894306182861
2009-10-22,17.956222534179688,32.1940803527832,5.486659049987793
2009-10-23,17.620685577392578,32.06017303466797,5.391727924346924
2009-10-26,17.569561004638672,32.6662712097168,5.346421241760254
2009-10-27,17.777271270751953,31.8698787689209,5.367995262145996
2009-10-28,16.895278930664062,31.04530143737793,5.283850193023682
2009-10-29,17.710161209106445,30.206615447998047,5.445668697357178
2009-10-30,16.780227661132812,29.974040985107422,5.333473205566406
2009-11-02,17.230819702148438,30.566057205200195,5.342104434967041
2009-11-03,17.627073287963867,30.742246627807617,5.352894306182861
2009-11-04,17.52481460571289,30.784536361694336,5.31405782699585
2009-11-05,18.061674118041992,31.54570198059082,5.2881646156311035
2009-11-06,18.052101135253906,31.679594039916992,5.339946746826172
2009-11-09,18.956453323364258,32.356178283691406,5.350736618041992
2009-11-10,18.563396453857422,32.82133483886719,5.365838050842285
2009-11-11,18.950061798095703,33.469730377197266,5.383100986480713
2009-11-12,18.73276710510254,32.41960525512695,5.294639587402344
2009-11-13,18.77749252319336,32.426658630371094,5.301112174987793
2009-11-16,19.132221221923828,33.42744064331055,5.320528984069824
2009-11-17,19.071500778198242,33.56134796142578,5.355050086975098
2009-11-18,19.03954315185547,33.35696029663086,5.318371772766113
2009-11-19,18.767915725708008,32.82837677001953,5.275221824645996
2009-11-20,18.77749252319336,32.59580612182617,5.2665886878967285
2009-11-23,18.962841033935547,33.2300910949707,5.307584762573242
2009-11-24,19.240859985351562,33.124385833740234,5.277377128601074
2009-11-25,19.547645568847656,33.21599578857422,5.301112174987793
2009-11-27,19.010787963867188,32.426658630371094,5.225594997406006
2009-11-30,19.21211051940918,32.00379943847656,5.331315994262695
2009-12-01,19.400644302368164,32.687416076660156,5.292480945587158
2009-12-02,19.531667709350586,32.75790023803711,5.322687149047852
2009-12-03,19.20252227783203,32.83543014526367,5.296794891357422
2009-12-04,19.08748435974121,33.124385833740234,5.329160690307617
2009-12-07,19.004390716552734,33.349910736083984,5.3097429275512695
2009-12-08,18.758329391479492,32.69445037841797,5.3097429275512695
2009-12-09,18.927701950073242,32.44074630737305,5.311899185180664
2009-12-10,19.117647171020508,32.746131896972656,5.3292012214660645
2009-12-11,19.079011917114258,33.05859375,5.352992057800293
2009-12-14,19.178823471069336,33.399497985839844,5.355155944824219
2009-12-15,19.24964714050293,32.682228088378906,5.316225051879883
2009-12-16,19.677846908569336,32.56147384643555,5.307574272155762
2009-12-17,19.194921493530273,32.54018783569336,5.1561760902404785
2009-12-18,18.9051513671875,32.83134841918945,5.052358150482178
2009-12-21,19.294729232788086,33.18642807006836,5.104268550872803
2009-12-22,19.42028045654297,33.172245025634766,5.154013633728027
2009-12-23,19.65852928161621,33.27875900268555,5.1410346031188965
2009-12-24,19.610240936279297,33.99603271484375,5.2059221267700195
2009-12-28,19.764774322509766,34.09546661376953,5.221060276031494
2009-12-29,19.73902130126953,34.12385940551758,5.28594446182251
2009-12-30,19.713258743286133,33.875308990478516,5.316225051879883
2009-12-31,19.394519805908203,33.59123611450195,5.3292012214660645
2010-01-04,19.880685806274414,33.95342254638672,5.301083564758301
2010-01-05,19.626338958740234,33.91082000732422,5.281620025634766
2010-01-06,19.494325637817383,33.875308990478516,5.292433738708496
2010-01-07,19.542621612548828,34.102561950683594,5.31406307220459
2010-01-08,19.59414291381836,34.223297119140625,5.309735298156738
2010-01-11,19.603790283203125,33.875308990478516,5.320550918579102
2010-01-12,19.397754669189453,33.94633483886719,5.3421807289123535
2010-01-13,19.825946807861328,34.450538635253906,5.441667556762695
2010-01-14,19.542621612548828,34.56416702270508,5.396251678466797
2010-01-15,19.452482223510742,33.28584671020508,5.3919243812561035
2010-01-19,19.89999771118164,33.9392204284668,5.361644268035889
2010-01-20,19.616676330566406,33.498897552490234,5.374621868133545
2010-01-21,18.91481590270996,32.35552978515625,5.409224510192871
2010-01-22,18.48339080810547,31.893918991088867,5.3421807289123535
2010-01-25,18.708768844604492,32.06436538696289,5.361644268035889
2010-01-26,18.57676887512207,31.851303100585938,5.3421807289123535
2010-01-27,18.692663192749023,31.936532974243164,5.3421807289123535
2010-01-28,18.344955444335938,31.545923233032227,5.292433738708496
2010-01-29,18.2000789642334,30.580095291137695,5.262154579162598
2010-02-01,19.307601928710938,32.22770309448242,5.292433738708496
2010-02-02,19.19169807434082,32.2205924987793,5.292433738708496
2010-02-03,19.08867073059082,32.305824279785156,5.236199378967285
2010-02-04,18.505935668945312,31.524635314941406,5.214572906494141
2010-02-05,18.557449340820312,31.99333381652832,5.229712009429932
2010-02-08,18.21939468383789,31.666662216186523,5.240525245666504
2010-02-09,18.628273010253906,31.766098022460938,5.389760971069336
2010-02-10,18.464078903198242,31.43229866027832,5.398411273956299
2010-02-11,18.621837615966797,31.858400344848633,5.415715217590332
2010-02-12,18.670129776000977,32.58279037475586,5.426528453826904
2010-02-16,19.101552963256836,33.143821716308594,5.45464563369751
2010-02-17,19.091886520385742,33.18642807006836,5.439505100250244
2010-02-18,19.272184371948242,33.726165771484375,5.523857116699219
2010-02-19,19.323698043823242,33.93212127685547,5.5260210037231445
2010-02-22,19.40418815612793,33.74747085571289,5.528181552886963
2010-02-23,18.998523712158203,33.044395446777344,5.534669399261475
2010-02-24,19.178823471069336,33.214839935302734,5.573600769042969
2010-02-25,19.120868682861328,33.86820983886719,5.603880405426025
2010-02-26,19.17238426208496,33.27165603637695,5.567112922668457
2010-03-01,19.336578369140625,33.93212127685547,5.603880405426025
2010-03-02,19.48789405822754,34.20199203491211,5.621183395385742
2010-03-03,19.655311584472656,34.528648376464844,5.6449737548828125
2010-03-04,19.72292709350586,34.46427536010742,5.6449737548828125
2010-03-05,19.880685806274414,35.01517868041992,5.712021350860596
2010-03-08,19.880685806274414,35.1368293762207,5.781234264373779
2010-03-09,19.77765655517578,34.96510696411133,5.677417278289795
2010-03-10,19.825946807861328,35.344303131103516,5.655788421630859
2010-03-11,20.043210983276367,35.344303131103516,5.681740760803223
2010-03-12,20.082124710083008,35.880924224853516,5.642812252044678
2010-03-15,19.962141036987305,35.65912628173828,5.597392559051514
2010-03-16,20.176164627075195,36.438987731933594,5.577927112579346
2010-03-17,20.468002319335938,36.15277862548828,5.564920425415039
2010-03-18,20.221561431884766,36.06694030761719,5.556248188018799
2010-03-19,19.848644256591797,36.388893127441406,5.556248188018799
2010-03-22,20.292892456054688,36.51768112182617,5.547575950622559
2010-03-23,20.383691787719727,36.539146423339844,5.571423530578613
2010-03-24,20.552318572998047,36.288726806640625,5.562752723693848
2010-03-25,20.41287612915039,36.0383186340332,5.588766098022461
2010-03-26,20.549070358276367,35.809356689453125,5.614782333374023
2010-03-29,20.7501220703125,35.995384216308594,5.6776509284973145
2010-03-30,20.866851806640625,36.26009750366211,5.668978214263916
2010-03-31,20.64959716796875,36.08122253417969,5.655970573425293
2010-04-01,21.06790542602539,36.531982421875,5.671144008636475
2010-04-05,21.469995498657227,36.968421936035156,5.662473201751709
2010-04-06,21.32731819152832,37.1401252746582,5.679816722869873
2010-04-07,21.353261947631836,36.90403747558594,5.705831527709961
2010-04-08,21.343536376953125,36.65361785888672,5.66030740737915
2010-04-09,21.69375228881836,36.832481384277344,5.65813684463501
2010-04-12,21.40839385986328,36.9183349609375,5.7036638259887695
2010-04-13,21.35002326965332,37.02566146850586,5.697157859802246
2010-04-14,21.528371810913086,37.07574462890625,5.861917495727539
2010-04-15,21.632137298583984,37.56941223144531,5.8814287185668945
2010-04-16,21.17491912841797,37.3404655456543,5.853246212005615
2010-04-19,21.25922966003418,36.839637756347656,5.8814287185668945
2010-04-20,21.57377052307129,37.319000244140625,5.916116714477539
2010-04-21,21.625654220581055,37.211673736572266,6.015836238861084
2010-04-22,21.765087127685547,35.68058395385742,6.037513732910156
2010-04-23,23.062175750732422,34.82201385498047,6.050523281097412
2010-04-26,22.342300415039062,34.59305953979492,6.035346031188965
2010-04-27,21.859128952026367,33.59855270385742,5.818560600280762
2010-04-28,22.08612060546875,33.37675476074219,5.907442092895508
2010-04-29,22.245010375976562,34.29256820678711,5.922616481781006
2010-04-30,21.700239181518555,33.24797058105469,5.853246212005615
2010-05-03,21.878585815429688,34.86494064331055,5.922616481781006
2010-05-04,21.213825225830078,32.89738845825195,5.8727569580078125
2010-05-05,21.1522216796875,32.54681396484375,5.861917495727539
2010-05-06,20.348026275634766,31.165956497192383,5.788208961486816
2010-05-07,19.9913272857666,30.85115623474121,5.73618221282959
2010-05-10,21.220312118530273,32.40371322631836,5.926955699920654
2010-05-11,20.944683074951172,32.51103973388672,6.01366662979126
2010-05-12,21.560800552368164,33.627159118652344,5.93996000289917
2010-05-13,21.028993606567383,33.705867767333984,5.89009952545166
2010-05-14,20.35775375366211,33.197879791259766,5.853246212005615
2010-05-17,20.513395309448242,33.09772491455078,6.020174026489258
2010-05-18,20.26695442199707,32.60404968261719,5.894436836242676
2010-05-19,19.881072998046875,31.938661575317383,5.900938510894775
2010-05-20,18.85637092590332,30.407569885253906,5.731846332550049
2010-05-21,19.313596725463867,30.822521209716797,5.716670036315918
2010-05-24,19.080123901367188,30.357471466064453,5.6928253173828125
2010-05-25,19.167680740356445,30.056968688964844,5.7578606605529785
2010-05-26,19.015268325805664,30.39323616027832,5.723174571990967
2010-05-27,20.007532119750977,31.194568634033203,5.931288719177246
2010-05-28,19.582735061645508,30.514863967895508,5.909609794616699
2010-06-01,18.90501594543457,30.371768951416016,5.868420124053955
2010-06-02,19.667049407958984,31.173110961914062,6.009332180023193
2010-06-03,19.55356788635254,31.101558685302734,5.9984917640686035
2010-06-04,18.541831970214844,29.570444107055664,5.816391468048096
2010-06-07,18.421852111816406,29.155475616455078,5.801215171813965
2010-06-08,18.83367347717285,29.24132537841797,5.866254806518555
2010-06-09,18.84989356994629,29.334335327148438,5.835903644561768
2010-06-10,19.480510711669922,30.314542770385742,5.948925018310547
2010-06-11,19.836658477783203,30.378934860229492,6.014133453369141
2010-06-14,19.73210334777832,30.765291213989258,5.946751594543457
2010-06-15,20.245098114013672,31.630996704101562,6.08803129196167
2010-06-16,20.27776336669922,31.423507690429688,6.011959552764893
2010-06-17,20.07845115661621,31.358600616455078,6.011959552764893
2010-06-18,20.477081298828125,31.805850982666016,6.061949729919434
2010-06-21,20.375791549682617,31.726518630981445,5.979354381561279
2010-06-22,19.902008056640625,31.091684341430664,5.972836494445801
2010-06-23,19.60140609741211,30.572284698486328,5.922843933105469
2010-06-24,18.977319717407227,30.060108184814453,5.853291988372803
2010-06-25,18.94464683532715,30.312591552734375,5.966315746307373
2010-06-28,18.644041061401367,29.944671630859375,5.916324138641357
2010-06-29,17.961149215698242,28.61012077331543,5.759829998016357
2010-06-30,17.435089111328125,28.63176918029785,5.751136779785156
2010-07-01,17.33380126953125,28.069080352783203,5.705492973327637
2010-07-02,17.01032829284668,27.946449279785156,5.694625377655029
2010-07-06,16.869815826416016,27.74445343017578,5.646806716918945
2010-07-07,17.699748992919922,28.581262588500977,5.796778678894043
2010-07-08,18.376110076904297,29.302648544311523,5.83807897567749
2010-07-09,18.402250289916992,29.86532211303711,5.8967604637146
2010-07-12,18.121252059936523,29.3603515625,5.8467698097229
2010-07-13,18.624435424804688,30.146669387817383,5.9684882164001465
2010-07-14,18.408788681030273,30.24045753479004,5.881547451019287
2010-07-15,18.307493209838867,30.363088607788086,5.848943710327148
2010-07-16,17.712818145751953,29.540712356567383,5.692452907562256
2010-07-19,17.4808292388916,29.86532211303711,5.722879409790039
2010-07-20,17.64093780517578,30.399154663085938,5.775045394897461
2010-07-21,18.193130493164062,30.839204788208008,5.670714378356934
2010-07-22,18.80087661743164,32.671531677246094,5.748960971832275
2010-07-23,19.268125534057617,33.27748107910156,5.809821605682373
2010-07-26,19.55892562866211,34.172000885009766,5.898935317993164
2010-07-27,19.473976135253906,34.14314651489258,5.890242099761963
2010-07-28,19.480510711669922,34.16477584838867,5.82938289642334
2010-07-29,19.526254653930664,34.12150192260742,5.811994552612305
2010-07-30,20.46727752685547,34.04214096069336,5.8706793785095215
2010-08-02,20.846302032470703,34.87894058227539,5.833730220794678
2010-08-03,20.767885208129883,34.770748138427734,5.805473804473877
2010-08-04,20.89531135559082,34.6336784362793,5.831556797027588
2010-08-05,20.807090759277344,35.189144134521484,5.814168453216553
2010-08-06,20.807090759277344,34.96550750732422,5.785913467407227
2010-08-09,20.934518814086914,35.167510986328125,5.855463981628418
2010-08-10,20.643722534179688,34.71303176879883,5.811994552612305
2010-08-11,19.905277252197266,33.20534896850586,5.744615077972412
2010-08-12,19.817052841186523,33.14041519165039,5.759829998016357
2010-08-13,19.647146224975586,32.664302825927734,5.742441654205322
2010-08-16,19.794189453125,32.729225158691406,5.755483150482178
2010-08-17,20.375791549682617,33.414527893066406,5.770696640014648
2010-08-18,20.336572647094727,33.551605224609375,5.744615077972412
2010-08-19,19.81052017211914,33.061058044433594,5.744615077972412
2010-08-20,19.911813735961914,32.786922454833984,5.735921382904053
2010-08-23,19.719024658203125,32.23868179321289,5.727227687835693
2010-08-24,19.264856338500977,32.05113220214844,5.69027853012085
2010-08-25,19.30080223083496,31.942914962768555,5.733748435974121
2010-08-26,19.496841430664062,32.35409927368164,5.692452907562256
2010-08-27,19.970624923706055,32.92399597167969,5.735921382904053
2010-08-30,19.660215377807617,32.217044830322266,5.681582927703857
2010-08-31,20.11112403869629,32.447879791259766,5.727227687835693
2010-09-01,20.99333381652832,33.45783233642578,5.731574535369873
2010-09-02,20.960662841796875,33.912296295166016,5.727227687835693
2010-09-03,21.538999557495117,34.287418365478516,5.790258407592773
2010-09-07,21.110963821411133,33.7247428894043,5.714187145233154
2010-09-08,21.25800132751465,33.912296295166016,5.746877670288086
2010-09-09,21.554061889648438,34.04214096069336,5.770849227905273
2010-09-10,21.43235206604004,34.27299880981445,5.751235008239746
2010-09-13,22.205429077148438,34.74188232421875,5.8100762367248535
2010-09-14,22.063976287841797,35.01601028442383,5.886351585388184
2010-09-15,22.01791763305664,35.06652069091797,5.927757740020752
2010-09-16,22.83046531677246,35.03045654296875,5.895069599151611
2010-09-17,23.050880432128906,35.355072021484375,5.9582719802856445
2010-09-20,23.47195816040039,36.2784309387207,6.006217002868652
2010-09-21,23.409452438354492,35.88167953491211,5.973526477813721
2010-09-22,23.468673706054688,35.72296905517578,5.886351585388184
2010-09-23,23.376558303833008,35.722957611083984,5.825331211090088
2010-09-24,23.92922592163086,36.75484085083008,5.936478614807129
2010-09-27,23.837120056152344,36.52956771850586,5.849306106567383
2010-09-28,24.169374465942383,36.84930419921875,5.855842113494873
2010-09-29,24.189117431640625,36.92924880981445,5.847126007080078
2010-09-30,24.34372901916504,36.87837219238281,5.899428844451904
2010-10-01,24.5312442779541,36.696712493896484,5.875455856323242
2010-10-04,24.370044708251953,35.831966400146484,5.855842113494873
2010-10-05,25.057594299316406,37.038246154785156,5.925581455230713
2010-10-06,25.008251190185547,37.481529235839844,5.877634048461914
2010-10-07,25.258268356323242,37.561439514160156,5.864559173583984
2010-10-08,25.629995346069336,37.670433044433594,5.87327766418457
2010-10-11,25.778032302856445,37.69952392578125,5.9212212562561035
2010-10-12,25.616840362548828,37.924774169921875,5.91904354095459
2010-10-13,25.880020141601562,38.36077880859375,5.982243537902832
2010-10-14,25.682632446289062,38.90576934814453,6.032369136810303
2010-10-15,25.824094772338867,38.3970947265625,6.0541605949401855
2010-10-18,25.945812225341797,38.651458740234375,6.119542598724365
2010-10-19,25.386564254760742,37.86663818359375,6.058518886566162
2010-10-20,26.011606216430664,38.876708984375,6.084671497344971
2010-10-21,26.11029624938965,39.676048278808594,6.034544944763184
2010-10-22,25.856992721557617,39.82135772705078,6.0541605949401855
2010-10-25,27.169570922851562,40.55531692504883,6.1217169761657715
2010-10-26,26.81100845336914,40.359127044677734,6.008395671844482
2010-10-27,26.416236877441406,40.184696197509766,6.004037380218506
2010-10-28,26.005020141601562,39.37811279296875,6.004037380218506
2010-10-29,25.84710693359375,39.25456237792969,5.99749755859375
2010-11-01,26.044504165649414,39.08745193481445,5.973526477813721
2010-11-02,26.21226692199707,39.55976486206055,6.001856327056885
2010-11-03,26.172788619995117,39.632442474365234,5.999678611755371
2010-11-04,26.547836303710938,40.293724060058594,6.221968173980713
2010-11-05,26.225444793701172,40.86778259277344,6.219789505004883
2010-11-08,26.235307693481445,39.96670913696289,6.1347975730896
2010-11-09,25.919490814208984,40.162906646728516,6.021472930908203
2010-11-10,25.79119873046875,40.17018508911133,6.062878608703613
2010-11-11,26.08725929260254,40.66431427001953,6.017115592956543
2010-11-12,25.458934783935547,40.257381439208984,5.96262788772583
2010-11-15,25.475393295288086,40.02484893798828,6.004037380218506
2010-11-16,25.13326072692871,39.85045623779297,5.903787612915039
2010-11-17,25.35366439819336,39.78504943847656,5.936478614807129
2010-11-18,25.97541618347168,41.143917083740234,6.001856327056885
2010-11-19,26.02147674560547,41.12211990356445,5.993137836456299
2010-11-22,26.11687660217285,40.954978942871094,5.971348285675049
2010-11-23,25.580650329589844,40.584381103515625,5.87327766418457
2010-11-24,26.14647674560547,41.88511657714844,5.905968189239502
2010-11-26,26.156356811523438,41.390968322753906,5.888532638549805
2010-11-29,26.077394485473633,41.492713928222656,5.890710353851318
2010-11-30,25.59710121154785,41.10032653808594,5.816615104675293
2010-12-01,26.71558952331543,42.64811706542969,5.897250175476074
2010-12-02,26.636640548706055,43.43292236328125,5.910359859466553
2010-12-03,26.99521827697754,43.84710693359375,5.842625141143799
2010-12-06,27.024839401245117,43.44017791748047,5.868846416473389
2010-12-07,27.13009262084961,43.60005569458008,5.871030807495117
2010-12-08,27.011672973632812,43.12771224975586,5.888511657714844
2010-12-09,26.93558120727539,43.88344955444336,5.875400066375732
2010-12-10,26.856164932250977,44.333988189697266,5.936579704284668
2010-12-13,26.819780349731445,44.26858901977539,5.956244468688965
2010-12-14,26.948802947998047,44.32670974731445,5.94968843460083
2010-12-15,26.568307876586914,44.39937210083008,5.945319652557373
2010-12-16,26.601394653320312,44.61136245727539,5.989019393920898
2010-12-17,26.551767349243164,44.54558181762695,5.96061372756958
2010-12-20,26.72713279724121,44.04850387573242,5.96716833114624
2010-12-21,27.097692489624023,44.18739700317383,5.973725318908691
2010-12-22,27.163864135742188,44.355525970458984,6.002130508422852
2010-12-23,27.26311492919922,44.22394943237305,5.973725318908691
2010-12-27,27.39216423034668,44.39937210083008,6.021794319152832
2010-12-28,27.54435157775879,44.172786712646484,6.017422676086426
2010-12-29,27.78920555114746,44.055824279785156,5.997758865356445
2010-12-30,27.77596664428711,43.85114288330078,5.975909233093262
2010-12-31,27.818986892700195,43.9534797668457,5.982461929321289
2011-01-03,28.239166259765625,44.4359245300293,6.048013687133789
2011-01-04,28.735464096069336,44.12892532348633,6.0086822509765625
2011-01-05,28.947221755981445,44.18009567260742,5.982461929321289
2011-01-06,28.867820739746094,44.12892532348633,5.914730072021484
2011-01-07,28.861188888549805,43.41988754272461,5.877584457397461
2011-01-10,29.205291748046875,43.28831100463867,5.8360700607299805
2011-01-11,29.301246643066406,43.463748931884766,5.875400066375732
2011-01-12,30.73720359802246,43.814605712890625,5.908174991607666
2011-01-13,30.532054901123047,44.260494232177734,5.910359859466553
2011-01-14,30.69087028503418,44.28972625732422,5.98464822769165
2011-01-18,31.15077018737793,44.84527587890625,6.0698628425598145
2011-01-19,30.482421875,43.799991607666016,6.0414581298828125
2011-01-20,29.969585418701172,43.3321647644043,6.032721042633057
2011-01-21,29.966289520263672,43.463748931884766,6.0523834228515625
2011-01-24,30.389785766601562,44.092369079589844,6.1113762855529785
2011-01-25,29.886873245239258,44.231266021728516,6.270880699157715
2011-01-26,31.064735412597656,43.96811294555664,6.2446608543396
2011-01-27,30.727262496948242,45.6054801940918,6.283989906311035
2011-01-28,30.389785766601562,44.245872497558594,6.1703715324401855
2011-01-31,30.723953247070312,44.76486587524414,6.172557353973389
2011-02-01,30.264060974121094,45.905189514160156,6.277436256408691
2011-02-02,30.307064056396484,45.854007720947266,6.27962064743042
2011-02-03,30.181344985961914,45.53970718383789,6.301468849182129
2011-02-04,30.343463897705078,46.32917022705078,6.332059383392334
2011-02-07,30.535362243652344,46.36570358276367,6.336429595947266
2011-02-08,30.819904327392578,46.796974182128906,6.362650394439697
2011-02-09,30.376554489135742,47.11861038208008,6.342984199523926
2011-02-10,30.55520248413086,47.622982025146484,6.353909492492676
2011-02-11,30.876150131225586,48.32471466064453,6.362650394439697
2011-02-14,30.995271682739258,48.112728118896484,6.318950653076172
2011-02-15,30.326919555664062,47.74724578857422,6.345167636871338
2011-02-16,31.038280487060547,48.31010055541992,6.443493366241455
2011-02-17,31.852197647094727,48.668277740478516,6.5046706199646
2011-02-18,31.567665100097656,49.11416244506836,6.635771751403809
2011-02-22,29.946434020996094,48.3173942565918,6.57240629196167
2011-02-23,29.648662567138672,47.29404067993164,6.5068583488464355
2011-02-24,29.771066665649414,47.94459915161133,6.4282002449035645
2011-02-25,30.22435760498047,49.516204833984375,6.5396342277526855
2011-02-28,30.905929565429688,49.348079681396484,6.544003963470459
2011-03-01,30.151569366455078,48.60980224609375,6.485007286071777
2011-03-02,31.27318572998047,48.55862045288086,6.443493366241455
2011-03-03,32.19298553466797,49.698150634765625,6.5418171882629395
2011-03-04,31.881973266601562,49.81578826904297,6.460973739624023
2011-03-07,31.50810432434082,49.61727523803711,6.426012992858887
2011-03-08,32.23601150512695,50.55095672607422,6.519967079162598
2011-03-09,31.594127655029297,50.7641716003418,6.616106986999512
2011-03-10,30.849685668945312,49.89665222167969,6.513415813446045
2011-03-11,31.30527114868164,50.68329620361328,6.611739158630371
2011-03-14,31.20883560180664,50.0436897277832,6.609552383422852
2011-03-15,30.75657081604004,50.08045196533203,6.528709411621094
2011-03-16,30.65016746520996,48.96296691894531,6.5418171882629395
2011-03-17,31.37177085876465,49.66875457763672,6.572481155395508
2011-03-18,31.19220733642578,50.2421760559082,6.598759651184082
2011-03-21,31.893863677978516,51.080299377441406,6.675412654876709
2011-03-22,31.777467727661133,50.44804382324219,6.666653156280518
2011-03-23,32.19314956665039,50.35981369018555,6.629422187805176
2011-03-24,32.39267349243164,50.81562042236328,6.664465427398682
2011-03-25,32.6287841796875,50.992095947265625,6.7148356437683105
2011-03-28,32.33944320678711,50.84503936767578,6.778348922729492
2011-03-29,32.84492111206055,50.72740936279297,6.863762855529785
2011-03-30,32.88149642944336,51.85222625732422,6.986408233642578
2011-03-31,33.027809143066406,52.21982955932617,7.054299831390381
2011-04-01,33.38363265991211,53.44756317138672,7.201035499572754
2011-04-04,33.47010803222656,52.81532287597656,7.139712810516357
2011-04-05,33.54325866699219,52.36685562133789,7.047730445861816
2011-04-06,33.23731994628906,51.837528228759766,6.986408233642578
2011-04-07,33.34374237060547,51.50669479370117,6.988595008850098
2011-04-08,33.2506217956543,50.690643310546875,6.964509010314941
2011-04-11,32.495758056640625,50.26423645019531,6.97764778137207
2011-04-12,32.046836853027344,49.808433532714844,6.946986198425293
2011-04-13,32.00692367553711,49.97017288208008,6.9732666015625
2011-04-14,32.26298522949219,49.984867095947266,6.946986198425293
2011-04-15,32.808353424072266,49.85253143310547,6.936034202575684
2011-04-18,32.54228591918945,48.573333740234375,6.881283283233643
2011-04-19,32.96463394165039,48.418941497802734,6.841861248016357
2011-04-20,33.253929138183594,50.330406188964844,6.872521877288818
2011-04-21,33.50667953491211,50.793582916259766,6.955746650695801
2011-04-25,33.59312438964844,50.470088958740234,7.001739025115967
2011-04-26,33.749427795410156,51.24202346801758,6.962317943572998
2011-04-27,34.01545715332031,51.63902282714844,7.006119251251221
2011-04-28,34.228275299072266,51.536109924316406,7.084963321685791
2011-04-29,35.664852142333984,51.455230712890625,7.141903400421143
2011-05-02,35.079586029052734,51.02147674560547,7.05648946762085
2011-05-03,34.3213996887207,50.12455749511719,7.098105430603027
2011-05-04,33.91569900512695,48.95562744140625,7.019259452819824
2011-05-05,33.736141204833984,48.76447296142578,6.979835033416748
2011-05-06,34.40452575683594,48.89680862426758,7.019259452819824
2011-05-09,35.21923828125,49.33793258666992,7.058680057525635
2011-05-10,35.96413803100586,50.4112663269043,7.08934211730957
2011-05-11,35.249168395996094,49.37466812133789,7.047730445861816
2011-05-12,34.886714935302734,50.12455749511719,7.1725616455078125
2011-05-13,34.76700973510742,49.190887451171875,7.063061714172363
2011-05-16,34.347991943359375,48.45570373535156,7.1287641525268555
2011-05-17,33.8558349609375,47.97047424316406,7.08934211730957
2011-05-18,34.82352066040039,48.852684020996094,7.231696128845215
2011-05-19,34.97317886352539,48.551273345947266,7.220747947692871
2011-05-20,34.371280670166016,48.036643981933594,7.231696128845215
2011-05-23,33.257266998291016,46.992679595947266,7.137523651123047
2011-05-24,33.31713104248047,46.720680236816406,7.05648946762085
2011-05-25,34.188377380371094,47.02946090698242,7.036779880523682
2011-05-26,34.324729919433594,47.51466751098633,7.102483749389648
2011-05-27,34.7370719909668,47.8013801574707,7.183516502380371
2011-05-31,35.19929885864258,48.639495849609375,7.251408100128174
2011-06-01,33.988861083984375,47.61024856567383,7.122193813323975
2011-06-02,34.2548942565918,48.235145568847656,7.1747541427612305
2011-06-03,33.48007583618164,47.404396057128906,7.155045032501221
2011-06-06,33.29716873168945,47.014732360839844,7.139712810516357
2011-06-07,33.76273727416992,47.33087921142578,7.1353349685668945
2011-06-08,33.456787109375,47.044166564941406,7.076200485229492
2011-06-09,33.63304138183594,47.15443801879883,7.084963321685791
2011-06-10,33.16084289550781,46.52952194213867,7.01690149307251
2011-06-13,32.990440368652344,46.492774963378906,7.034465312957764
2011-06-14,33.668670654296875,47.56613540649414,7.091548442840576
2011-06-15,32.30885314941406,46.47807312011719,7.014706134796143
2011-06-16,31.82438850402832,46.2487907409668,7.073984622955322
2011-06-17,31.747526168823242,46.41149139404297,7.041050910949707
2011-06-20,32.231998443603516,46.90703582763672,7.058614730834961
2011-06-21,33.44483184814453,48.075660705566406,7.058614730834961
2011-06-22,33.324554443359375,46.8626708984375,6.997140407562256
2011-06-23,33.06727981567383,46.52984619140625,6.900539398193359
2011-06-24,32.936981201171875,45.908546447753906,6.91370964050293
2011-06-27,33.03052520751953,45.908546447753906,6.997140407562256
2011-06-28,33.220977783203125,46.79610824584961,7.036660671234131
2011-06-29,33.77560806274414,47.321231842041016,7.100332260131836
2011-06-30,34.10304260253906,48.038673400878906,7.12228536605835
2011-07-01,34.74452590942383,49.177696228027344,7.190345287322998
2011-07-05,34.554073333740234,48.815277099609375,7.120091438293457
2011-07-06,34.70110321044922,48.80789566040039,7.155218601226807
2011-07-07,35.305843353271484,49.56230163574219,7.232064247131348
2011-07-08,34.96839141845703,48.94841766357422,7.221086502075195
2011-07-11,34.2366943359375,48.04608154296875,7.063009262084961
2011-07-12,34.046226501464844,47.409996032714844,7.08057165145874
2011-07-13,33.892539978027344,47.676273345947266,7.054224014282227
2011-07-14,33.54505920410156,46.7887077331543,6.937861919403076
2011-07-15,33.68873596191406,46.840476989746094,6.9202985763549805
2011-07-18,33.27777099609375,46.65557861328125,6.854433536529541
2011-07-19,34.086334228515625,47.350830078125,6.9202985763549805
2011-07-20,34.29682159423828,47.476566314697266,6.9510369300842285
2011-07-21,34.90491485595703,48.40110778808594,7.12228536605835
2011-07-22,34.89488983154297,48.68215560913086,7.135458946228027
2011-07-25,34.84810256958008,48.58599853515625,7.014706134796143
2011-07-26,34.7979850769043,47.49875259399414,7.177174091339111
2011-07-27,33.852455139160156,45.53874588012695,6.981775760650635
2011-07-28,33.464874267578125,44.6807746887207,6.841259956359863
2011-07-29,32.27207565307617,43.98552703857422,6.760025501251221
2011-08-01,32.33892822265625,43.60832595825195,6.753439426422119
2011-08-02,31.06593132019043,41.8480110168457,6.6414642333984375
2011-08-03,30.801979064941406,42.4766960144043,6.68757438659668
2011-08-04,28.663652420043945,40.25041961669922,6.553644180297852
2011-08-05,28.73382568359375,39.38505935668945,6.478997230529785
2011-08-08,26.084291458129883,36.36738586425781,6.059653282165527
2011-08-09,27.99542999267578,38.48270797729492,6.386783599853516
2011-08-10,26.986406326293945,36.69282150268555,6.114538669586182
2011-08-11,28.072275161743164,38.46052551269531,6.424108505249023
2011-08-12,28.38300132751465,39.510799407958984,6.378002166748047
2011-08-15,28.780580520629883,40.11729431152344,6.538276195526123
2011-08-16,28.122386932373047,39.40724563598633,6.489974498748779
2011-08-17,27.871801376342773,39.38505935668945,6.503147602081299
2011-08-18,25.86377716064453,37.04783630371094,6.424108505249023
2011-08-19,25.39267921447754,36.43395233154297,6.325310707092285
2011-08-22,25.011783599853516,36.99606704711914,6.338484764099121
2011-08-23,25.900529861450195,38.83033752441406,6.4526519775390625
2011-08-24,26.07761573791504,39.680908203125,6.55584192276001
2011-08-25,25.80698585510254,39.58475875854492,6.459238052368164
2011-08-26,26.41172981262207,40.228233337402344,6.5360798835754395
2011-08-29,27.480884552001953,42.38054656982422,6.744657039642334
2011-08-30,27.728132247924805,42.65420913696289,6.7644171714782715
2011-08-31,27.641271591186523,43.73406219482422,6.781979560852051
2011-09-01,27.053224563598633,43.2163200378418,6.6941609382629395
2011-09-02,26.13441276550293,41.58915710449219,6.582188129425049
2011-09-06,24.998416900634766,41.09360885620117,6.487778663635254
2011-09-07,25.659975051879883,42.39533615112305,6.70294189453125
2011-09-08,25.232301712036133,41.80363082885742,6.612689018249512
2011-09-09,24.223262786865234,40.524078369140625,6.458597183227539
2011-09-12,24.066240310668945,40.59064483642578,6.531239986419678
2011-09-13,24.72586441040039,41.2341194152832,6.568659782409668
2011-09-14,25.025394439697266,42.90568161010742,6.573066234588623
2011-09-15,25.651365280151367,42.920467376708984,6.606083869934082
2011-09-16,25.658098220825195,41.81842803955078,6.573066234588623
2011-09-19,25.301361083984375,41.7222785949707,6.449792385101318
2011-09-20,24.63164710998535,40.33177947998047,6.403563499450684
2011-09-21,23.901330947875977,38.54928207397461,6.20104455947876
2011-09-22,22.41718101501465,37.379539489746094,6.181234836578369
2011-09-23,22.531606674194336,37.126224517822266,6.251676082611084
2011-09-26,23.810476303100586,37.74461364746094,6.502622604370117
2011-09-27,24.14028549194336,39.01866912841797,6.4828104972839355
2011-09-28,23.416711807250977,37.92342758178711,6.330921173095703
2011-09-29,23.80710792541504,38.6386833190918,6.511427879333496
2011-09-30,23.063344955444336,36.910152435302734,6.535643100738525
2011-10-03,23.03978157043457,35.740413665771484,6.306708335876465
2011-10-04,24.09653091430664,36.366268157958984,6.4982218742370605
2011-10-05,23.94172477722168,37.44658660888672,6.566459655761719
2011-10-06,24.170570373535156,38.43007278442383,6.636903285980225
2011-10-07,23.881141662597656,38.13205337524414,6.381551742553711
2011-10-10,24.816741943359375,39.4880485534668,6.533440589904785
2011-10-11,24.931161880493164,39.86058044433594,6.317715167999268
2011-10-12,25.146543502807617,40.29271697998047,6.4255757331848145
2011-10-13,25.005197525024414,40.44173049926758,6.548849105834961
2011-10-14,25.705202102661133,41.61146926879883,6.658915042877197
2011-10-17,25.065776824951172,40.203311920166016,6.50042200088501
2011-10-18,25.489826202392578,41.62635803222656,6.689733982086182
2011-10-19,24.32537841796875,40.79936218261719,6.839423656463623
2011-10-20,24.359033584594727,42.6172981262207,6.982504367828369
2011-10-21,25.21385955810547,43.712528228759766,7.246660232543945
2011-10-24,26.12926483154297,45.13560104370117,7.394147872924805
2011-10-25,24.877309799194336,44.39799118041992,7.292886734008789
2011-10-26,25.321556091308594,44.80031204223633,7.438173294067383
2011-10-27,26.9571533203125,46.72256851196289,7.730948448181152
2011-10-28,28.215829849243164,45.88065719604492,7.733142852783203
2011-10-31,26.445613861083984,44.547000885009766,7.662702560424805
2011-11-01,25.779260635375977,42.8557243347168,7.424967288970947
2011-11-02,26.216753005981445,43.98820877075195,7.59446382522583
2011-11-03,27.09177017211914,45.75397491455078,7.715534687042236
2011-11-04,26.802345275878906,46.17866516113281,7.697927474975586
2011-11-07,26.73504066467285,46.66295623779297,7.70012903213501
2011-11-08,27.919668197631836,47.50486755371094,7.854218006134033
2011-11-09,26.270605087280273,45.94025802612305,7.625287055969238
2011-11-10,26.842723846435547,46.46923828125,7.653899192810059
2011-11-11,27.320615768432617,47.7134895324707,7.803586483001709
2011-11-14,27.226398468017578,47.311161041259766,7.693525791168213
2011-11-15,27.509084701538086,47.69113540649414,7.719936847686768
2011-11-16,26.836000442504883,46.513954162597656,7.5306243896484375
2011-11-17,25.577329635620117,46.513954162597656,7.420562744140625
2011-11-18,25.44270133972168,46.35001754760742,7.435971736907959
2011-11-21,24.87059211730957,46.081809997558594,7.303893566131592
2011-11-22,24.897502899169922,45.269691467285156,7.325908660888672
2011-11-23,24.009031295776367,44.27132034301758,7.118986129760742
2011-11-25,23.87441635131836,44.00310516357422,7.275275707244873
2011-11-28,24.60807991027832,45.74653244018555,7.2774810791015625
2011-11-29,24.924428939819336,46.2531852722168,7.222447872161865
2011-11-30,26.66773223876953,48.74167251586914,7.5086140632629395
2011-12-01,26.18983268737793,47.92210388183594,7.3148980140686035
2011-12-02,25.860021591186523,47.68369674682617,7.319313049316406
2011-12-05,26.19656753540039,48.510684967041016,7.328141689300537
2011-12-06,26.270605087280273,48.91303634643555,7.35461950302124
2011-12-07,26.358102798461914,48.31697082519531,7.374477863311768
2011-12-08,25.631174087524414,46.99076843261719,7.292831897735596
2011-12-09,25.91387367248535,48.58521270751953,7.383307933807373
2011-12-12,24.96481704711914,47.46017074584961,7.277388572692871
2011-12-13,24.72079086303711,46.953529357910156,7.226637840270996
2011-12-14,24.50389289855957,45.99241638183594,7.275181770324707
2011-12-15,24.544553756713867,46.85453414916992,7.301660537719727
2011-12-16,24.903820037841797,47.71665954589844,7.310486793518066
2011-12-19,24.266639709472656,46.96697235107422,7.281801700592041
2011-12-20,26.232379913330078,48.40635681152344,7.4141998291015625
2011-12-21,26.157819747924805,48.376373291015625,7.467159748077393
2011-12-22,26.517061233520508,49.560848236083984,7.5002570152282715
2011-12-23,26.733985900878906,49.8232307434082,7.526735305786133
2011-12-27,26.693302154541016,50.228057861328125,7.6414794921875
2011-12-28,26.123916625976562,49.61333084106445,7.544389724731445
2011-12-29,26.66619110107422,50.340511322021484,7.6194167137146
2011-12-30,26.476388931274414,50.123104095458984,7.588522911071777
2012-01-03,27.249128341674805,50.82779312133789,7.553213119506836
2012-01-04,27.17457389831543,51.045196533203125,7.469362735748291
2012-01-05,27.18134117126465,50.97773361206055,7.5708699226379395
2012-01-06,28.008310317993164,51.045196533203125,7.606172561645508
2012-01-09,28.096435546875,51.72740173339844,7.663544654846191
2012-01-10,29.323320388793945,52.23719024658203,7.720914840698242
2012-01-11,30.306184768676758,52.55205154418945,7.70767879486084
2012-01-12,31.241613388061523,52.6195068359375,7.698850631713867
2012-01-13,30.638324737548828,52.087249755859375,7.559835433959961
2012-01-17,30.577327728271484,51.94479751586914,7.568661212921143
2012-01-18,31.228050231933594,52.71697235107422,7.656924247741699
2012-01-19,31.519515991210938,52.51456069946289,7.676784038543701
2012-01-20,31.17382049560547,52.13972473144531,7.701056480407715
2012-01-23,31.37717056274414,52.327144622802734,7.762843132019043
2012-01-24,31.35006332397461,52.73196792602539,7.592935562133789
2012-01-25,31.817771911621094,54.358734130859375,7.696644306182861
2012-01-26,31.939775466918945,54.17133331298828,7.740777969360352
2012-01-27,34.16987609863281,54.223819732666016,7.579694747924805
2012-01-30,34.08174514770508,54.4561882019043,7.623826026916504
2012-01-31,34.10887145996094,53.946441650390625,7.56204080581665
2012-02-01,35.5458869934082,54.358734130859375,7.981296539306641
2012-02-02,35.38320541381836,54.54617691040039,7.957024574279785
2012-02-03,36.3796272277832,54.86852264404297,8.021011352539062
2012-02-06,36.80666732788086,54.92848587036133,7.952611446380615
2012-02-07,36.725318908691406,55.77564239501953,7.992327690124512
2012-02-08,36.92190170288086,55.873085021972656,7.934957504272461
2012-02-09,36.96257019042969,56.390384674072266,7.992327690124512
2012-02-10,36.44062805175781,56.202964782714844,7.9901204109191895
2012-02-13,36.75243377685547,56.72023010253906,8.065147399902344
2012-02-14,36.69822311401367,56.502803802490234,7.979089260101318
2012-02-15,36.332176208496094,56.11298370361328,7.98570442199707
2012-02-16,36.93546676635742,56.78770065307617,8.056324005126953
2012-02-17,37.01679611206055,56.81767272949219,8.043083190917969
2012-02-21,36.86766815185547,57.80723190307617,8.05190658569336
2012-02-22,36.55585479736328,57.87471389770508,7.937164306640625
2012-02-23,36.6372184753418,57.529869079589844,8.014396667480469
2012-02-24,36.46774673461914,56.90764617919922,7.99894905090332
2012-02-27,36.691436767578125,56.450340270996094,7.941577434539795
2012-02-28,37.25404357910156,56.487815856933594,7.912891864776611
2012-02-29,36.691436767578125,56.390384674072266,7.888617038726807
2012-03-01,36.46097183227539,57.01599884033203,7.9062700271606445
2012-03-02,36.298282623291016,57.15166473388672,7.806975364685059
2012-03-05,35.410316467285156,57.43812942504883,7.859933376312256
2012-03-06,33.97329330444336,56.55618667602539,7.676784038543701
2012-03-07,34.68502426147461,56.669254302978516,7.70546817779541
2012-03-08,35.56621170043945,57.694393157958984,7.762843132019043
2012-03-09,35.30186080932617,58.76476287841797,7.8312458992004395
2012-03-12,35.037498474121094,58.78739547729492,7.8400750160217285
2012-03-13,35.50757598876953,59.84268569946289,8.005569458007812
2012-03-14,35.098819732666016,59.35272979736328,7.912891864776611
2012-03-15,35.39176940917969,59.526100158691406,7.910686492919922
2012-03-16,35.4462776184082,59.691959381103516,7.818006992340088
2012-03-19,35.330448150634766,59.31501770019531,7.928590297698975
2012-03-20,35.07837677001953,58.46324920654297,7.997147560119629
2012-03-21,35.06475067138672,58.73462677001953,7.899838447570801
2012-03-22,34.62194061279297,57.837615966796875,7.798098564147949
2012-03-23,34.894439697265625,58.51603698730469,7.860026836395264
2012-03-26,35.37813949584961,59.05119705200195,7.97282075881958
2012-03-27,35.405391693115234,58.98338317871094,7.999359607696533
2012-03-28,34.826316833496094,58.31248092651367,8.048013687133789
2012-03-29,34.894439697265625,58.53865051269531,8.034746170043945
2012-03-30,35.21462631225586,59.23211669921875,7.988297939300537
2012-04-02,35.97764587402344,60.3929443359375,8.036954879760742
2012-04-03,36.33872604370117,60.2346305847168,8.129844665527344
2012-04-04,35.97764587402344,59.26981735229492,8.125417709350586
2012-04-05,35.4803352355957,58.06374740600586,8.050225257873535
2012-04-09,35.19419860839844,57.498435974121094,8.010416984558105
2012-04-10,34.00198745727539,56.5712776184082,7.957339286804199
2012-04-11,34.69005584716797,57.01599884033203,8.05907154083252
2012-04-12,35.95038604736328,58.19189453125,8.176284790039062
2012-04-13,35.521202087402344,57.40798568725586,8.083399772644043
2012-04-16,35.732398986816406,58.11653137207031,8.163016319274902
2012-04-17,36.48178482055664,58.99092483520508,8.266961097717285
2012-04-18,36.0457763671875,58.75722885131836,8.200615882873535
2012-04-19,35.936771392822266,59.08134841918945,8.364270210266113
2012-04-20,35.94358444213867,59.94820022583008,8.381965637207031
2012-04-23,35.57571792602539,58.79492950439453,8.30898666381836
2012-04-24,35.275943756103516,59.1868896484375,8.269172668457031
2012-04-25,36.73386001586914,59.44316101074219,8.302346229553223
2012-04-26,36.931434631347656,60.098960876464844,8.346578598022461
2012-04-27,36.82243347167969,60.76981735229492,8.33552074432373
2012-04-30,36.767921447753906,60.4833869934082,8.328883171081543
2012-05-01,37.05405044555664,60.62660598754883,8.439467430114746
2012-05-02,36.86329650878906,61.28993225097656,8.470429420471191
2012-05-03,36.038963317871094,60.34019470214844,8.525721549987793
2012-05-04,34.5470085144043,59.53363800048828,8.505815505981445
2012-05-07,34.901248931884766,59.62411117553711,8.543414115905762
2012-05-08,34.49250411987305,59.39041519165039,8.618607521057129
2012-05-09,34.15867233276367,58.11653137207031,8.536776542663574
2012-05-10,34.06328201293945,57.7094841003418,8.625242233276367
2012-05-11,33.845298767089844,57.43812942504883,8.625242233276367
2012-05-14,32.87108612060547,56.82756805419922,8.569952011108398
2012-05-15,32.189823150634766,56.42051696777344,8.629663467407227
2012-05-16,31.563047409057617,56.051151275634766,8.600915908813477
2012-05-17,30.26865005493164,54.890323638916016,8.483699798583984
2012-05-18,30.13920783996582,55.04863357543945,8.366483688354492
2012-05-21,31.249666213989258,58.04866027832031,8.452737808227539
2012-05-22,30.9771671295166,59.42808532714844,8.505815505981445
2012-05-23,31.33142852783203,59.789913177490234,8.565530776977539
2012-05-24,32.019500732421875,60.17434310913086,8.625242233276367
2012-05-25,32.441871643066406,59.5486946105957,8.558893203735352
2012-05-29,33.71584701538086,60.30247497558594,8.596491813659668
2012-05-30,32.312442779541016,60.03867721557617,8.43725299835205
2012-05-31,31.719728469848633,59.4883918762207,8.474851608276367
2012-06-01,29.710010528564453,57.701942443847656,8.401867866516113
2012-06-04,29.4715576171875,57.287353515625,8.280229568481445
2012-06-05,30.493450164794922,57.43812942504883,8.249267578125
2012-06-06,31.67205047607422,59.1868896484375,8.37091064453125
2012-06-07,32.23068618774414,59.360267639160156,8.435047149658203
2012-06-08,32.510005950927734,59.511016845703125,8.490463256835938
2012-06-11,31.242856979370117,58.78739547729492,8.417309761047363
2012-06-12,32.26475524902344,59.35272979736328,8.457209587097168
2012-06-13,31.456424713134766,58.97581100463867,8.404007911682129
2012-06-14,32.018165588378906,58.58180618286133,8.486030578613281
2012-06-15,32.44286346435547,59.0743522644043,8.333069801330566
2012-06-18,32.73057174682617,59.15011978149414,8.27764892578125
2012-06-19,33.7923698425293,58.854576110839844,8.355237007141113
2012-06-20,33.56630325317383,57.75585174560547,8.33528995513916
2012-06-21,31.922237396240234,55.437110900878906,8.20671272277832
2012-06-22,32.18941116333008,56.604061126708984,8.242179870605469
2012-06-25,31.401628494262695,56.23275375366211,8.20671272277832
2012-06-26,32.305850982666016,55.853885650634766,8.27099895477295
2012-06-27,33.03883361816406,57.21028518676758,8.333069801330566
2012-06-28,32.97031784057617,57.93013000488281,8.43947696685791
2012-06-29,34.50479507446289,59.059165954589844,8.627907752990723
2012-07-02,34.05952835083008,60.877777099609375,8.70993423461914
2012-07-03,34.86099624633789,61.893184661865234,8.752050399780273
2012-07-05,34.42945098876953,62.55242156982422,8.725448608398438
2012-07-06,34.354103088378906,61.56735610961914,8.667814254760742
2012-07-09,33.83345413208008,61.029335021972656,8.603521347045898
2012-07-10,33.45669937133789,61.23392105102539,8.61904239654541
2012-07-11,32.518218994140625,60.85506820678711,8.543667793273926
2012-07-12,32.545623779296875,60.930843353271484,8.641205787658691
2012-07-13,33.42244338989258,61.00661849975586,8.725448608398438
2012-07-16,33.28544998168945,60.120025634765625,8.694415092468262
2012-07-17,33.52519607543945,60.567108154296875,8.70328140258789
2012-07-18,34.22393798828125,61.78710174560547,8.641205787658691
2012-07-19,34.1417236328125,62.02198028564453,8.474944114685059
2012-07-20,33.696475982666016,62.029571533203125,8.302035331726074
2012-07-23,33.018280029296875,61.22636795043945,8.368538856506348
2012-07-24,32.83332824707031,61.15056228637695,8.25326156616211
2012-07-25,33.2100944519043,60.95356750488281,8.202276229858398
2012-07-26,33.97047805786133,61.143009185791016,8.109171867370605
2012-07-27,35.44327163696289,62.938880920410156,8.20671272277832
2012-07-30,34.93635177612305,63.15102767944336,8.20671272277832
2012-07-31,35.81319808959961,62.34782409667969,8.120253562927246
2012-08-01,35.60768508911133,61.26424026489258,8.115817070007324
2012-08-02,36.11461639404297,61.074825286865234,8.160158157348633
2012-08-03,36.4228630065918,62.23416519165039,8.217794418334961
2012-08-06,37.190093994140625,62.059898376464844,8.180110931396484
2012-08-07,37.5874137878418,62.23416519165039,8.217794418334961
2012-08-08,37.25859832763672,62.105350494384766,8.25326156616211
2012-08-09,37.4572639465332,61.12785720825195,8.248830795288086
2012-08-10,37.36136245727539,61.1960563659668,8.25547981262207
2012-08-13,37.25859832763672,60.85506820678711,8.231093406677246
2012-08-14,36.65577697753906,60.92326354980469,8.275431632995605
2012-08-15,36.94348907470703,61.23392105102539,8.341938018798828
2012-08-16,37.54632568359375,61.80224609375,8.330852508544922
2012-08-17,38.16283416748047,62.83280944824219,8.39514446258545
2012-08-20,38.03953552246094,62.30234909057617,8.355237007141113
2012-08-21,38.183387756347656,62.79490280151367,8.324206352233887
2012-08-22,38.313533782958984,62.65092086791992,8.25326156616211
2012-08-23,38.07378387451172,62.49940490722656,8.204493522644043
2012-08-24,37.86141586303711,62.72673416137695,8.27099895477295
2012-08-27,37.9367790222168,62.77215576171875,8.264348030090332
2012-08-28,38.14228820800781,62.802467346191406,8.246614456176758
2012-08-29,37.731266021728516,62.48421859741211,8.25326156616211
2012-08-30,37.36821746826172,61.612831115722656,8.246614456176758
2012-08-31,37.85456848144531,61.24150466918945,8.286515235900879
2012-09-04,37.36136245727539,61.74918746948242,8.408440589904785
2012-09-05,37.717567443847656,61.143009185791016,8.386274337768555
2012-09-06,38.82731246948242,61.893184661865234,8.472731590270996
2012-09-07,39.29997634887695,62.264488220214844,8.355237007141113
2012-09-10,39.16297912597656,61.80224609375,8.357461929321289
2012-09-11,38.73140335083008,61.05961990356445,8.337462425231934
2012-09-12,38.77957534790039,60.88536834716797,8.395238876342773
2012-09-13,40.032081604003906,60.76413345336914,8.435235977172852
2012-09-14,40.35552978515625,60.92326354980469,8.555230140686035
2012-09-17,39.75680923461914,59.74875259399414,8.448569297790527
2012-09-18,39.60540771484375,60.218563079833984,8.428567886352539
2012-09-19,40.02520751953125,61.658267974853516,8.395238876342773
2012-09-20,39.474647521972656,62.17615509033203,8.348573684692383
2012-09-21,39.35078048706055,62.389404296875,8.361905097961426
2012-09-24,38.992919921875,61.92485046386719,8.341903686523438
2012-09-25,38.538719177246094,61.216552734375,8.235245704650879
2012-09-26,38.07762145996094,60.29501724243164,8.221908569335938
2012-09-27,38.79334259033203,60.774837493896484,8.31079387664795
2012-09-28,39.23378372192383,61.49070358276367,8.330793380737305
2012-10-01,39.33702850341797,60.22651672363281,8.31079387664795
2012-10-02,39.0135612487793,60.127471923828125,8.22857666015625
2012-10-03,38.8828125,61.665897369384766,8.237465858459473
2012-10-04,39.57099151611328,62.983463287353516,8.290796279907227
2012-10-05,40.6927604675293,63.82878494262695,8.373011589050293
2012-10-08,39.22690200805664,64.35430145263672,8.384125709533691
2012-10-09,38.75204849243164,63.72977828979492,8.304129600524902
2012-10-10,38.222145080566406,63.547035217285156,8.348573684692383
2012-10-11,37.65782928466797,63.90497589111328,8.341903686523438
2012-10-12,37.33438491821289,63.882118225097656,8.208577156066895
2012-10-15,38.30472946166992,64.66657257080078,8.293021202087402
2012-10-16,39.37831497192383,64.61324310302734,8.477456092834473
2012-10-17,39.6879997253418,64.46089935302734,8.553007125854492
2012-10-18,39.94950485229492,64.50662231445312,8.779664039611816
2012-10-19,38.59377670288086,63.25762176513672,8.661890029907227
2012-10-22,38.67633819580078,63.25762176513672,8.626338958740234
2012-10-23,37.3481330871582,62.47317886352539,8.828554153442383
2012-10-24,37.47889709472656,61.73444366455078,8.828554153442383
2012-10-25,36.92145538330078,61.566864013671875,8.779664039611816
2012-10-26,41.4222297668457,61.193702697753906,8.71078109741211
2012-10-31,40.76845169067383,63.760284423828125,8.641895294189453
2012-11-01,41.73192596435547,65.57284545898438,8.670782089233398
2012-11-02,40.80974197387695,64.0344467163086,8.510787010192871
2012-11-05,41.3327751159668,65.1844482421875,8.564118385314941
2012-11-06,41.6218147277832,65.86226654052734,8.606341361999512
2012-11-07,41.31900405883789,64.17151641845703,8.548565864562988
2012-11-08,39.94950485229492,63.32616424560547,8.641895294189453
2012-11-09,39.591644287109375,62.678810119628906,8.65078067779541
2012-11-12,39.37831497192383,63.0748405456543,8.604117393493652
2012-11-13,39.35078048706055,62.07714080810547,8.568565368652344
2012-11-14,38.19461441040039,60.759586334228516,8.5396728515625
2012-11-15,37.88491439819336,60.17320251464844,8.579675674438477
2012-11-16,38.32535171508789,61.12516784667969,8.619674682617188
2012-11-19,40.16972351074219,62.25227737426758,8.71078109741211
2012-11-20,40.36241912841797,63.98113250732422,8.770776748657227
2012-11-21,40.685874938964844,64.16390228271484,8.846327781677246
2012-11-23,41.32587814331055,64.22483825683594,8.901884078979492
2012-11-26,40.77532958984375,64.0572738647461,8.837440490722656
2012-11-27,40.623939514160156,63.78310775756836,8.786334037780762
2012-11-28,41.25019073486328,63.55461502075195,8.799666404724121
2012-11-29,41.71815872192383,63.242366790771484,8.808553695678711
2012-11-30,41.87644577026367,64.16390228271484,8.853096961975098
2012-12-03,41.284603118896484,62.87683868408203,8.850872039794922
2012-12-04,41.0574951171875,62.80826950073242,8.830826759338379
2012-12-05,41.4772834777832,63.706947326660156,8.955551147460938
2012-12-06,41.87644577026367,63.19668197631836,8.857550621032715
2012-12-07,42.56462097167969,63.10529708862305,8.857550621032715
2012-12-10,43.156471252441406,63.965911865234375,8.848644256591797
2012-12-11,42.77797317504883,64.50662231445312,8.810783386230469
2012-12-12,43.80337142944336,63.985958099365234,8.788508415222168
2012-12-13,44.08686065673828,63.17439270019531,8.732829093933105
2012-12-14,44.722999572753906,63.136077880859375,8.659331321716309
2012-12-17,45.46976852416992,63.136077880859375,8.797417640686035
2012-12-18,45.905391693115234,63.97068405151367,8.69719409942627
2012-12-19,45.44902420043945,63.92473602294922,8.699421882629395
2012-12-20,46.08517074584961,65.14212036132812,8.948566436767578
2012-12-21,45.6357307434082,64.69037628173828,8.836562156677246
2012-12-24,46.13356018066406,64.46068572998047,8.822848320007324
2012-12-26,46.11973190307617,63.656734466552734,8.69028091430664
2012-12-27,46.13356018066406,64.14678955078125,8.619422912597656
2012-12-28,45.670284271240234,63.794551849365234,8.596567153930664
2012-12-31,47.053192138671875,64.79759216308594,8.6262788772583
2013-01-02,48.24940872192383,66.35186004638672,8.827420234680176
2013-01-03,47.627098083496094,66.51265716552734,8.877711296081543
2013-01-04,48.51215744018555,66.75765228271484,8.923419952392578
2013-01-07,48.498321533203125,66.32121276855469,8.916566848754883
2013-01-08,48.062705993652344,64.92774200439453,8.94171142578125
2013-01-09,48.802555084228516,66.39014434814453,8.962278366088867
2013-01-10,49.21053695678711,66.22935485839844,8.982851028442383
2013-01-11,48.76106262207031,66.99497985839844,8.989705085754395
2013-01-14,48.74724578857422,66.81127166748047,9.023992538452148
2013-01-15,48.525997161865234,66.78827667236328,9.071995735168457
2013-01-16,48.40152359008789,66.16045379638672,9.055992126464844
2013-01-17,49.452510833740234,66.89546966552734,9.101706504821777
2013-01-18,49.24509048461914,66.68111419677734,9.181705474853516
2013-01-22,49.41102600097656,66.68111419677734,9.435423851013184
2013-01-23,49.058414459228516,67.13282775878906,9.44684886932373
2013-01-24,49.25889587402344,67.73768615722656,9.494852066040039
2013-01-25,49.715267181396484,69.67479705810547,9.497135162353516
2013-01-28,49.52857971191406,69.31494140625,9.385136604309082
2013-01-29,50.109397888183594,70.20313262939453,9.401137351989746
2013-01-30,49.44561767578125,69.8355941772461,9.309709548950195
2013-01-31,49.19669723510742,69.71308135986328,9.410280227661133
2013-02-01,50.82160949707031,70.45575714111328,9.490279197692871
2013-02-04,50.1163215637207,69.9197998046875,9.412565231323242
2013-02-05,50.392906188964844,70.83094787597656,9.42856502532959
2013-02-06,50.31683349609375,71.32097625732422,9.474278450012207
2013-02-07,50.109397888183594,70.8921890258789,9.513134956359863
2013-02-08,50.690216064453125,71.3592529296875,9.471991539001465
2013-02-11,51.25721740722656,71.2750244140625,9.455992698669434
2013-02-12,51.11891174316406,71.6425552368164,9.501708030700684
2013-02-13,51.70665740966797,72.23209381103516,9.529135704040527
2013-02-14,51.22263717651367,71.91817474365234,9.517704963684082
2013-02-15,50.79392623901367,71.91817474365234,9.501708030700684
2013-02-19,50.773193359375,72.5536880493164,9.5222806930542
2013-02-20,48.553646087646484,71.57365417480469,9.423993110656738
2013-02-21,47.51646423339844,70.49405670166016,9.547423362731934
2013-02-22,49.570072174072266,71.4434814453125,9.620563507080078
2013-02-25,47.018619537353516,70.93814849853516,9.412565231323242
2013-02-26,47.41274642944336,71.46643829345703,9.508565902709961
2013-02-27,48.94776916503906,71.80494689941406,9.542848587036133
2013-02-28,48.2148323059082,71.48182678222656,9.485703468322754
2013-03-01,48.20098876953125,71.02021789550781,9.50627613067627
2013-03-04,48.24940872192383,70.75862121582031,9.481133460998535
2013-03-05,49.17593765258789,71.62798309326172,9.577134132385254
2013-03-06,49.784427642822266,71.9896011352539,9.590851783752441
2013-03-07,49.798255920410156,72.30504608154297,9.609135627746582
2013-03-08,49.943450927734375,73.0744400024414,9.63199234008789
2013-03-11,50.32374572753906,73.28984069824219,9.63199234008789
2013-03-12,50.58651351928711,72.96671295166016,9.643421173095703
2013-03-13,50.48929977416992,73.55911254882812,9.666277885437012
2013-03-14,50.85727310180664,74.0438232421875,9.782848358154297
2013-03-15,50.40599822998047,74.40544128417969,9.835423469543457
2013-03-18,50.56566619873047,74.19769287109375,9.8125638961792
2013-03-19,50.52402114868164,74.2977066040039,9.860563278198242
2013-03-20,50.80870056152344,74.77471923828125,9.91085147857666
2013-03-21,48.93406677246094,74.26691436767578,9.87427806854248
2013-03-22,48.67717361450195,75.19017791748047,9.938279151916504
2013-03-25,47.899559020996094,74.12078094482422,9.999993324279785
2013-03-26,48.06621170043945,74.5900650024414,10.002278327941895
2013-03-27,47.95510482788086,74.84396362304688,10.061827659606934
2013-03-28,48.51057434082031,74.71317291259766,10.16260814666748
2013-04-01,48.00371551513672,73.08980560302734,10.11221694946289
2013-04-02,47.3510856628418,72.7974624633789,10.190089225769043
2013-04-03,46.14995193481445,71.9972915649414,10.13054084777832
2013-04-04,46.878944396972656,73.22062683105469,10.171772956848145
2013-04-05,47.30943298339844,72.91285705566406,10.190089225769043
2013-04-08,47.11503219604492,72.65894317626953,10.27254867553711
2013-04-09,47.594078063964844,72.49738311767578,10.309197425842285
2013-04-10,47.142799377441406,73.58992004394531,10.327520370483398
2013-04-11,47.41355895996094,73.72837829589844,10.39622974395752
2013-04-12,47.21221923828125,73.58992004394531,10.359587669372559
2013-04-15,45.53895950317383,71.87419891357422,10.148865699768066
2013-04-16,47.121952056884766,72.81278991699219,10.302323341369629
2013-04-17,46.497100830078125,71.47410583496094,10.135127067565918
2013-04-18,46.066619873046875,70.73555755615234,10.022892951965332
2013-04-19,48.46195602416992,71.712646484375,10.135127067565918
2013-04-22,48.128684997558594,71.62798309326172,10.121381759643555
2013-04-23,49.01740264892578,71.65877532958984,10.155740737915039
2013-04-24,49.88526153564453,71.72803497314453,10.05037784576416
2013-04-25,50.440704345703125,71.92804718017578,10.061827659606934
2013-04-26,47.885684967041016,71.9434585571289,9.924402236938477
2013-04-29,47.3996696472168,72.8589859008789,9.87630844116211
2013-04-30,46.27492904663086,73.82839965820312,9.945018768310547
2013-05-01,44.476680755615234,71.7665023803711,9.816756248474121
2013-05-02,45.844459533691406,73.22062683105469,9.80530071258545
2013-05-03,47.13584518432617,74.29000854492188,9.830496788024902
2013-05-06,47.5732536315918,74.26691436767578,9.798434257507324
2013-05-07,48.07313537597656,74.91320037841797,9.851107597351074
2013-05-08,47.628787994384766,74.78242492675781,9.84653091430664
2013-05-09,46.40682601928711,74.89013671875,9.727432250976562
2013-05-10,46.68453598022461,75.32096099853516,9.750330924987793
2013-05-13,46.212425231933594,74.93628692626953,9.706815719604492
2013-05-14,46.823421478271484,75.39020538330078,9.722845077514648
2013-05-15,49.17707824707031,75.98261260986328,9.754912376403809
2013-05-16,49.57280731201172,75.38251495361328,9.702232360839844
2013-05-17,51.3432731628418,76.6827621459961,9.752623558044434
2013-05-20,50.94060516357422,77.10588836669922,9.672460556030273
2013-05-21,50.78786849975586,78.99854278564453,9.590002059936523
2013-05-22,50.29490661621094,77.79833984375,9.452577590942383
2013-05-23,50.06578826904297,77.24440002441406,9.45715618133545
2013-05-24,49.91996383666992,76.5904312133789,9.402189254760742
2013-05-28,49.90608596801758,76.52888488769531,9.36783218383789
2013-05-29,49.91303253173828,76.76071166992188,9.349508285522461
2013-05-30,49.933860778808594,77.97412109375,9.434253692626953
2013-05-31,49.79500198364258,77.61858367919922,9.38386344909668
2013-06-03,50.2254753112793,75.93376159667969,9.372414588928223
2013-06-04,49.371490478515625,74.92904663085938,9.273926734924316
2013-06-05,47.857913970947266,74.78221893310547,9.207503318786621
2013-06-06,48.34391784667969,74.92904663085938,9.39073657989502
2013-06-07,48.892425537109375,75.771484375,9.533089637756348
2013-06-10,48.982688903808594,75.35413360595703,9.629523277282715
2013-06-11,48.18423080444336,74.31848907470703,9.482574462890625
2013-06-12,47.919273376464844,74.24119567871094,9.43206787109375
2013-06-13,49.760154724121094,75.6014404296875,9.544569969177246
2013-06-14,49.5230712890625,76.10379791259766,9.48716926574707
2013-06-17,50.38772964477539,76.51341247558594,9.556048393249512
2013-06-18,51.07807540893555,77.31719970703125,9.590492248535156
2013-06-19,50.43655776977539,76.91532135009766,9.457320213317871
2013-06-20,49.1325798034668,75.71734619140625,9.234610557556152
2013-06-21,49.36270523071289,75.05271911621094,9.225420951843262
2013-06-24,48.81182098388672,74.06343841552734,9.16113567352295
2013-06-25,49.041934967041016,74.08663177490234,9.179505348205566
2013-06-26,50.26222610473633,74.55809020996094,9.239197731018066
2013-06-27,50.220375061035156,76.17335510253906,9.331039428710938
2013-06-28,48.81878662109375,76.51341247558594,9.381550788879395
2013-07-01,49.77410125732422,78.13643646240234,9.567530632019043
2013-07-02,49.3068962097168,78.22920227050781,9.55834674835205
2013-07-03,49.53005599975586,77.7577133178711,9.537683486938477
2013-07-05,50.213409423828125,78.6078872680664,9.627228736877441
2013-07-08,50.70154571533203,79.17205810546875,9.723660469055176
2013-07-09,51.20359420776367,79.94496154785156,9.838461875915527
2013-07-10,50.903751373291016,80.24635314941406,9.86830997467041
2013-07-11,51.580162048339844,80.9959945678711,9.950968742370605
2013-07-12,51.573158264160156,80.64825439453125,10.061174392700195
2013-07-15,51.740535736083984,80.66368865966797,10.120874404907227
2013-07-16,51.315155029296875,79.92172241210938,9.987700462341309
2013-07-17,52.49361801147461,79.77490234375,10.05428695678711
2013-07-18,52.20772171020508,82.03163146972656,10.14842414855957
2013-07-19,52.79347610473633,82.22488403320312,10.162199974060059
2013-07-22,52.723731994628906,82.89727783203125,10.244855880737305
2013-07-23,52.863189697265625,83.1523208618164,9.804019927978516
2013-07-24,52.32626724243164,83.1755142211914,9.783354759216309
2013-07-25,52.62611770629883,83.23731994628906,9.808614730834961
2013-07-26,51.712642669677734,82.60357666015625,9.815499305725098
2013-07-29,52.31929397583008,82.35626220703125,9.77187728881836
2013-07-30,55.61061477661133,82.47992706298828,9.739733695983887
2013-07-31,56.084774017333984,82.96682739257812,9.728254318237305
2013-08-01,57.388755798339844,85.71048736572266,9.907341957092285
2013-08-02,57.465431213378906,84.83715057373047,9.909639358520508
2013-08-05,57.521236419677734,84.52802276611328,9.833867073059082
2013-08-06,56.42646408081055,83.88652038574219,9.709879875183105
2013-08-07,56.440399169921875,83.09821319580078,9.597376823425293
2013-08-08,56.112667083740234,83.58509826660156,9.579010009765625
2013-08-09,55.833744049072266,83.84789276123047,9.569828987121582
2013-08-12,55.28982925415039,83.77830505371094,9.631815910339355
2013-08-13,56.224246978759766,84.53571319580078,9.675445556640625
2013-08-14,55.82676696777344,84.50482177734375,9.702995300292969
2013-08-15,54.60647964477539,82.34854888916016,9.606563568115234
2013-08-16,54.28571701049805,82.20169067382812,9.597376823425293
2013-08-19,54.37636184692383,81.59114074707031,9.52619743347168
2013-08-20,54.725032806396484,81.70706939697266,9.590492248535156
2013-08-21,54.62738800048828,80.94963836669922,9.528495788574219
2013-08-22,55.401390075683594,81.35153198242188,9.647892951965332
2013-08-23,55.5548210144043,81.30514526367188,9.654778480529785
2013-08-26,54.5786018371582,81.11969757080078,9.627228736877441
2013-08-27,52.91200637817383,79.31116485595703,9.528495788574219
2013-08-28,52.47269821166992,80.18058776855469,9.498649597167969
2013-08-29,53.309471130371094,80.25823211669922,9.49176025390625
2013-08-30,52.99569320678711,78.68240356445312,9.44124984741211
2013-09-03,53.58839416503906,77.33946990966797,9.43206787109375
2013-09-04,53.60930633544922,78.32532501220703,9.43206787109375
2013-09-05,53.54655838012695,78.88423156738281,9.40910530090332
2013-09-06,53.60930633544922,78.65137481689453,9.367671966552734
2013-09-09,53.89522171020508,80.25823211669922,9.482756614685059
2013-09-10,54.21598434448242,80.70846557617188,9.551802635192871
2013-09-11,54.894981384277344,80.69291687011719,9.60244369506836
2013-09-12,54.36300277709961,80.96463012695312,9.584031105041504
2013-09-13,53.55097198486328,80.90251159667969,9.55871295928955
2013-09-16,53.41095733642578,80.89476776123047,9.561015129089355
2013-09-17,54.159976959228516,82.02035522460938,9.65078067779541
2013-09-18,55.14698791503906,82.66466522216797,9.775069236755371
2013-09-19,55.441009521484375,82.63360595703125,9.876340866088867
2013-09-20,54.97199249267578,81.67103576660156,9.945389747619629
2013-09-23,54.285980224609375,81.16646575927734,9.899352073669434
2013-09-24,54.01298522949219,81.36050415039062,9.87863826751709
2013-09-25,53.718971252441406,82.20668029785156,9.940784454345703
2013-09-26,54.754981994628906,81.71760559082031,9.956894874572754
2013-09-27,54.39097595214844,80.98789978027344,9.947689056396484
2013-09-30,54.53098678588867,81.30616760253906,9.864830017089844
2013-10-01,55.60200119018555,82.30756378173828,9.832611083984375
2013-10-02,55.1820182800293,81.93497467041016,9.832611083984375
2013-10-03,54.628997802734375,81.1043701171875,9.752050399780273
2013-10-04,56.00801467895508,81.577880859375,9.79117488861084
2013-10-07,54.425994873046875,80.84818267822266,9.72903060913086
2013-10-08,53.179969787597656,79.16368103027344,9.680700302124023
2013-10-09,53.480960845947266,78.79884338378906,9.706016540527344
2013-10-10,54.51699447631836,80.87147521972656,9.894750595092773
2013-10-11,54.586997985839844,81.74089050292969,9.975305557250977
2013-10-14,54.8179931640625,81.802978515625,10.085786819458008
2013-10-15,55.53199768066406,79.90890502929688,9.98221206665039
2013-10-16,56.197025299072266,79.49748992919922,10.085786819458008
2013-10-17,57.023040771484375,82.59480285644531,10.1686429977417
2013-10-18,57.12803649902344,82.78885650634766,10.219282150268555
2013-10-21,56.85503387451172,83.2157974243164,10.198570251464844
2013-10-22,57.786048889160156,84.56651306152344,10.051260948181152
2013-10-23,57.821041107177734,83.96878051757812,10.090391159057617
2013-10-24,57.52703094482422,83.099365234375,10.044356346130371
2013-10-25,54.558998107910156,83.7979965209961,10.044356346130371
2013-10-28,53.382972717285156,83.24685668945312,10.078885078430176
2013-10-29,54.908992767333984,83.99981689453125,10.111105918884277
2013-10-30,54.87400436401367,83.90669250488281,10.14563274383545
2013-10-31,55.15399169921875,83.4797134399414,10.106504440307617
2013-11-01,54.754981994628906,83.36329650878906,10.030549049377441
2013-11-04,54.38399124145508,83.54959106445312,10.02364444732666
2013-11-05,54.41197204589844,82.0979995727539,9.975305557250977
2013-11-06,54.54499435424805,82.51718139648438,10.048958778381348
2013-11-07,53.767967224121094,81.64775085449219,9.954593658447266
2013-11-08,55.37801742553711,82.51718139648438,9.963801383972168
2013-11-11,55.308013916015625,82.88202667236328,10.000628471374512
2013-11-12,55.35000228881836,83.49527740478516,9.993722915649414
2013-11-13,55.80500030517578,84.31031799316406,10.055865287780762
2013-11-14,55.46900939941406,84.02312469482422,10.1295166015625
2013-11-15,55.09799575805664,84.8304443359375,10.069674491882324
2013-11-18,54.50299072265625,84.83821868896484,10.046659469604492
2013-11-19,53.66996765136719,84.55096435546875,10.067376136779785
2013-11-20,53.10997009277344,83.61167907714844,10.030549049377441
2013-11-21,53.51597213745117,83.55736541748047,10.152536392211914
2013-11-22,53.501976013183594,84.14732360839844,10.253807067871094
2013-11-25,53.123966217041016,84.35691833496094,10.212377548217773
2013-11-26,52.815956115722656,84.45830535888672,10.154836654663086
2013-11-27,53.648948669433594,84.74685668945312,10.15714168548584
2013-11-29,53.92197036743164,84.1541519165039,10.10177230834961
2013-12-02,53.52297592163086,83.62384796142578,9.926451683044434
2013-12-03,52.80195236206055,83.06236267089844,9.947214126586914
2013-12-04,52.20694351196289,82.75821685791016,9.896462440490723
2013-12-05,52.01793670654297,82.75821685791016,9.882621765136719
2013-12-06,53.34797668457031,84.02156066894531,9.979511260986328
2013-12-09,52.75293731689453,84.45830535888672,10.03256607055664
2013-12-10,52.71794891357422,84.09176635742188,9.974894523620605
2013-12-11,52.18594741821289,82.46966552734375,9.769584655761719
2013-12-12,51.94682693481445,82.93756866455078,9.7903470993042
2013-12-13,51.10987091064453,82.67243194580078,9.82494831085205
2013-12-16,51.64439392089844,82.54764556884766,9.771890640258789
2013-12-17,52.06637191772461,81.88477325439453,9.723447799682617
2013-12-18,52.49541473388672,82.51644897460938,9.820334434509277
2013-12-19,52.7556266784668,83.38990783691406,9.783430099487305
2013-12-20,53.402687072753906,83.36650848388672,9.850323677062988
2013-12-23,54.190406799316406,84.33352661132812,9.845714569091797
2013-12-24,55.01327896118164,85.19916534423828,9.912609100341797
2013-12-26,55.540767669677734,84.58309936523438,9.912609100341797
2013-12-27,55.60404586791992,85.00418853759766,9.901074409484863
2013-12-30,56.19484329223633,84.94178771972656,9.979511260986328
2013-12-31,56.75748062133789,84.92623138427734,10.00949764251709
2014-01-02,56.462100982666016,84.06836700439453,9.8803129196167
2014-01-03,56.38473892211914,83.55365753173828,9.84801959991455
2014-01-06,56.09635925292969,83.4678726196289,9.80418872833252
2014-01-07,55.87834167480469,84.7702407836914,9.774198532104492
2014-01-08,55.70250701904297,85.34734344482422,9.633478164672852
2014-01-09,55.772857666015625,90.48656463623047,9.6773099899292
2014-01-10,55.864280700683594,91.16503143310547,9.68884563446045
2014-01-13,54.97810363769531,90.81410217285156,9.575809478759766
2014-01-14,55.76580810546875,90.90769958496094,9.624252319335938
2014-01-15,56.13153076171875,92.98987579345703,9.61502456665039
2014-01-16,56.14558792114258,92.96651458740234,9.619641304016113
2014-01-17,56.18075180053711,92.63118743896484,9.578112602233887
2014-01-21,56.01198196411133,92.9977035522461,9.529667854309082
2014-01-22,54.7530403137207,93.20048522949219,9.575809478759766
2014-01-23,53.59257125854492,92.05408477783203,9.437397956848145
2014-01-24,52.488380432128906,89.75350952148438,9.26899242401123
2014-01-27,52.31254196166992,88.34197998046875,9.25053882598877
2014-01-28,52.903324127197266,90.46316528320312,9.444319725036621
2014-01-29,52.53056335449219,89.63652801513672,9.312825202941895
2014-01-30,53.43080139160156,91.5003890991211,9.107511520385742
2014-01-31,54.830406188964844,91.03248596191406,8.941418647766113
2014-02-03,53.52927780151367,87.81167602539062,8.749950408935547
2014-02-04,54.15522766113281,88.21720123291016,8.948338508605957
2014-02-05,54.73194885253906,89.30120086669922,8.858373641967773
2014-02-06,54.94293975830078,91.14945220947266,8.93449878692627
2014-02-07,55.67437744140625,92.31145477294922,8.978328704833984
2014-02-10,56.377689361572266,92.02288055419922,9.095979690551758
2014-02-11,56.13153076171875,93.23945617675781,9.220551490783691
2014-02-12,57.42562484741211,93.36426544189453,9.245925903320312
2014-02-13,58.00941467285156,93.75415802001953,9.280529975891113
2014-02-14,58.26258850097656,94.19869232177734,9.37510871887207
2014-02-18,58.248531341552734,93.98812103271484,9.3612699508667
2014-02-19,57.70695495605469,91.97611236572266,9.324360847473145
2014-02-20,58.24149703979492,94.31566619873047,9.40279483795166
2014-02-21,59.317562103271484,92.76376342773438,9.38895034790039
2014-02-24,59.141746520996094,93.01329040527344,9.36819076538086
2014-02-25,60.33030700683594,92.86514282226562,9.358962059020996
2014-02-26,60.41471862792969,94.11817932128906,9.38664436340332
2014-02-27,61.05473709106445,93.4289779663086,9.48122787475586
2014-02-28,61.49077606201172,93.616943359375,9.51352310180664
2014-03-03,61.3009033203125,93.56996154785156,9.400485038757324
2014-03-04,61.568153381347656,94.46273803710938,9.469691276550293
2014-03-05,61.42048263549805,94.04766845703125,9.474303245544434
2014-03-06,61.8706169128418,94.43140411376953,9.442010879516602
2014-03-07,61.568153381347656,95.06575775146484,9.39356803894043
2014-03-10,61.413429260253906,94.11032104492188,9.39356803894043
2014-03-11,60.829681396484375,93.3115005493164,9.37510871887207
2014-03-12,60.31416702270508,93.06874084472656,9.398179054260254
2014-03-13,59.636253356933594,92.6615219116211,9.372803688049316
2014-03-14,59.10661697387695,92.35608673095703,9.382034301757812
2014-03-17,59.72102355957031,93.37416076660156,9.48146915435791
2014-03-18,59.96109390258789,93.55426788330078,9.509224891662598
2014-03-19,59.69273376464844,94.76036071777344,9.47221851348877
2014-03-20,60.37772750854492,94.57238006591797,9.45372200012207
2014-03-21,60.78730392456055,93.79705810546875,9.49303150177002
2014-03-24,60.22944259643555,93.28019714355469,9.474534034729004
2014-03-25,60.59664535522461,93.94589233398438,9.543907165527344
2014-03-26,59.53739547729492,91.46331024169922,9.486098289489746
2014-03-27,59.5938835144043,91.40066528320312,9.460655212402344
2014-03-28,60.448333740234375,92.17597961425781,9.469908714294434
2014-03-31,60.87910461425781,93.8753890991211,9.624850273132324
2014-04-01,60.815555572509766,94.02420043945312,9.576286315917969
2014-04-02,61.69122314453125,94.34527587890625,9.53234577178955
2014-04-03,61.564109802246094,93.78922271728516,9.62022590637207
2014-04-04,61.09095764160156,92.69282531738281,9.567038536071777
2014-04-07,59.77748489379883,90.7271499633789,9.483783721923828
2014-04-08,59.805755615234375,90.4217300415039,9.456034660339355
2014-04-09,60.985050201416016,90.84465026855469,9.573972702026367
2014-04-10,59.40322494506836,89.42716217041016,9.467595100402832
2014-04-11,59.784549713134766,88.5500259399414,9.391281127929688
2014-04-14,60.10232162475586,88.8240966796875,9.45372200012207
2014-04-15,60.9144172668457,89.61506652832031,9.495345115661621
2014-04-16,62.44682693481445,90.22593688964844,9.578598976135254
2014-04-17,62.55274963378906,91.65912628173828,9.571661949157715
2014-04-21,61.89598846435547,92.01934814453125,9.573972702026367
2014-04-22,62.53860092163086,92.45789337158203,9.594789505004883
2014-04-23,62.55274963378906,91.4398193359375,9.844542503356934
2014-04-24,61.65591812133789,92.20729064941406,9.985607147216797
2014-04-25,59.572689056396484,91.47111511230469,9.925481796264648
2014-04-28,59.91166305541992,91.72173309326172,10.061922073364258
2014-04-29,60.864967346191406,91.89402770996094,10.205302238464355
2014-04-30,61.55701446533203,92.1916275024414,10.23073959350586
2014-05-01,60.71670150756836,92.23861694335938,10.256175994873047
2014-05-02,60.6178092956543,91.85487365722656,10.32323932647705
2014-05-05,60.66019821166992,91.94886016845703,10.267739295959473
2014-05-06,60.321224212646484,91.3458251953125,10.189115524291992
2014-05-07,61.02034378051758,92.77115631103516,10.40649127960205
2014-05-08,60.25061798095703,91.62775421142578,10.270051002502441
2014-05-09,60.60371017456055,91.62775421142578,10.263116836547852
2014-05-12,60.95676803588867,91.8626937866211,10.32323932647705
2014-05-13,60.448333740234375,91.291015625,10.307051658630371
2014-05-14,60.46953201293945,90.62535095214844,10.237671852111816
2014-05-15,59.2619743347168,90.22593688964844,10.17292594909668
2014-05-16,59.44557571411133,91.43199157714844,10.177547454833984
2014-05-19,60.42008972167969,91.2361831665039,10.196050643920898
2014-05-20,59.84103775024414,90.2337646484375,10.149798393249512
2014-05-21,60.01050567626953,90.57051849365234,10.196050643920898
2014-05-22,60.081119537353516,90.60968017578125,10.17292594909668
2014-05-23,60.942657470703125,91.30667114257812,10.207613945007324
2014-05-27,60.808502197265625,91.93316650390625,10.244614601135254
2014-05-28,61.11920928955078,91.2410659790039,10.233053207397461
2014-05-29,62.16434097290039,92.00397491455078,10.29780387878418
2014-05-30,62.326751708984375,92.01969146728516,10.307051658630371
2014-06-02,62.934085845947266,92.38935852050781,10.316303253173828
2014-06-03,63.26597213745117,92.68822479248047,10.31167984008789
2014-06-04,63.696712493896484,92.75900268554688,10.438865661621094
2014-06-05,63.2094841003418,93.4589614868164,10.478185653686523
2014-06-06,63.470767974853516,93.61629486083984,10.515277862548828
2014-06-09,63.32954025268555,96.2824935913086,10.536137580871582
2014-06-10,63.534332275390625,98.4375,10.487455368041992
2014-06-11,63.10897445678711,95.97576904296875,10.489775657653809
2014-06-12,62.655242919921875,95.14995574951172,10.464269638061523
2014-06-13,62.98136520385742,95.92071533203125,10.47122859954834
2014-06-16,62.31496810913086,96.12520599365234,10.436455726623535
2014-06-17,62.137733459472656,96.45552062988281,10.561637878417969
2014-06-18,62.44257736206055,96.45552062988281,10.64277458190918
2014-06-19,62.06684112548828,96.32180786132812,10.69377326965332
2014-06-20,62.45674133300781,96.60496520996094,10.654362678527832
2014-06-23,62.15898895263672,96.5499038696289,10.640458106994629
2014-06-24,61.79743576049805,96.54203796386719,10.56395435333252
2014-06-25,61.83290100097656,96.48699951171875,10.580182075500488
2014-06-26,61.761993408203125,96.54203796386719,10.591773986816406
2014-06-27,61.96760559082031,96.46339416503906,10.679864883422852
2014-06-30,61.925045013427734,96.85662078857422,10.73550033569336
2014-07-01,62.180274963378906,97.19483184814453,10.73550033569336
2014-07-02,62.14482879638672,96.5892105102539,10.691458702087402
2014-07-03,62.7757682800293,96.82514953613281,10.75404167175293
2014-07-07,62.22989273071289,95.90498352050781,10.75404167175293
2014-07-08,62.03139877319336,95.71620178222656,10.714635848999023
2014-07-09,61.86831283569336,96.2589111328125,10.705370903015137
2014-07-10,61.506771087646484,94.67803192138672,10.703044891357422
2014-07-11,61.556400299072266,94.69377899169922,10.69377326965332
2014-07-14,61.520973205566406,94.7645492553711,10.751729011535645
2014-07-15,60.88999557495117,94.59154510498047,10.677544593811035
2014-07-16,61.28701400756836,94.64656829833984,10.684502601623535
2014-07-17,61.05306625366211,94.09605407714844,10.59640884399414
2014-07-18,61.3437385559082,95.72408294677734,10.633502006530762
2014-07-21,61.40040969848633,95.6532974243164,10.575546264648438
2014-07-22,61.995948791503906,97.58807373046875,10.47818660736084
2014-07-23,62.39295196533203,96.38475799560547,10.489775657653809
2014-07-24,62.36457824707031,96.0386734008789,10.494409561157227
2014-07-25,62.88917922973633,95.77130126953125,10.39472770690918
2014-07-28,62.860836029052734,95.11060333251953,10.369227409362793
2014-07-29,57.79196548461914,94.05670928955078,10.454997062683105
2014-07-30,57.628936767578125,93.93085479736328,10.415594100952148
2014-07-31,55.849517822265625,91.9725112915039,10.341410636901855
2014-08-01,55.62266540527344,91.50846862792969,10.362274169921875
2014-08-04,56.147281646728516,92.7432632446289,10.369227409362793
2014-08-05,55.955848693847656,92.59385681152344,10.380817413330078
2014-08-06,56.28195571899414,92.62528991699219,10.44572639465332
2014-08-07,55.98423385620117,92.2477798461914,10.454997062683105
2014-08-08,56.615150451660156,93.23880004882812,10.503684043884277
2014-08-11,56.615150451660156,92.9792251586914,10.577862739562988
2014-08-12,56.71440505981445,93.13651275634766,10.677544593811035
2014-08-13,57.4375114440918,93.8050537109375,10.75404167175293
2014-08-14,57.48004913330078,94.41854095458984,10.876909255981445
2014-08-15,57.18231964111328,94.45783233642578,10.916316032409668
2014-08-18,57.607666015625,95.86564636230469,10.967320442199707
2014-08-19,57.82035446166992,96.14881134033203,10.948776245117188
2014-08-20,58.14643478393555,95.96791076660156,11.043817520141602
2014-08-21,58.12517547607422,95.69261932373047,11.106409072875977
2014-08-22,57.66437530517578,95.6532974243164,11.080914497375488
2014-08-25,58.06136703491211,96.08586883544922,11.143501281738281
2014-08-26,57.77070999145508,95.92859649658203,11.157410621643066
2014-08-27,57.69982147216797,96.0075454711914,11.196817398071289
2014-08-28,58.45128631591797,95.35997772216797,11.168997764587402
2014-08-29,58.46546173095703,95.47843933105469,11.20840835571289
2014-09-02,58.89080047607422,95.48632049560547,11.215360641479492
2014-09-03,58.777400970458984,95.09935760498047,11.171318054199219
2014-09-04,58.536373138427734,94.83087158203125,11.210723876953125
2014-09-05,59.09641647338867,94.74398803710938,11.194501876831055
2014-09-08,59.110595703125,94.65708923339844,11.217734336853027
2014-09-09,58.8128547668457,93.97793579101562,11.141058921813965
2014-09-10,59.24530792236328,94.52285766601562,11.201470375061035
2014-09-11,58.618804931640625,95.17041015625,11.141058921813965
2014-09-12,59.124267578125,94.04901123046875,11.138738632202148
2014-09-15,59.038822174072266,93.95423889160156,11.250265121459961
2014-09-16,59.60124588012695,98.06875610351562,11.240965843200684
2014-09-17,59.48734664916992,98.33724975585938,11.220059394836426
2014-09-18,60.249080657958984,99.82984924316406,11.308349609375
2014-09-19,60.377220153808594,99.57713317871094,11.252585411071777
2014-09-22,59.679561614990234,97.86341857910156,11.168941497802734
2014-09-23,58.932064056396484,97.57123565673828,11.07600212097168
2014-09-24,59.90737533569336,97.49225616455078,11.18985652923584
2014-09-25,58.533390045166016,95.89695739746094,11.103883743286133
2014-09-26,58.85373306274414,96.37870025634766,11.16429615020752
2014-09-29,58.64727783203125,96.33134460449219,11.136414527893066
2014-09-30,57.5865364074707,95.18624877929688,11.10621166229248
2014-10-01,56.23389434814453,94.97301483154297,11.10621166229248
2014-10-02,55.93490982055664,96.30765533447266,11.148033142089844
2014-10-03,56.17695999145508,96.81305694580078,11.343204498291016
2014-10-06,56.56850814819336,95.76272583007812,11.296733856201172
2014-10-07,55.251468658447266,97.38166046142578,11.199145317077637
2014-10-08,55.78539276123047,98.08454132080078,11.322290420532227
2014-10-09,54.14802551269531,85.68577575683594,11.12944507598877
2014-10-10,53.09437942504883,84.42218017578125,11.127119064331055
2014-10-13,50.89456558227539,80.94738006591797,11.115501403808594
2014-10-14,51.84141159057617,80.70256805419922,11.201470375061035
2014-10-15,52.30415725708008,80.29981994628906,11.154999732971191
2014-10-16,52.92350769042969,81.9898452758789,11.02488899230957
2014-10-17,53.493045806884766,83.40345001220703,11.203791618347168
2014-10-20,54.0269775390625,83.49822235107422,11.254912376403809
2014-10-21,55.60030746459961,84.96711730957031,11.538374900817871
2014-10-22,55.26572036743164,84.67491149902344,11.447762489318848
2014-10-23,55.529109954833984,84.8565444946289,11.54069709777832
2014-10-24,55.21586608886719,85.48833465576172,11.83577823638916
2014-10-27,52.92350769042969,83.80621337890625,11.805570602416992
2014-10-28,54.496849060058594,85.56730651855469,11.812545776367188
2014-10-29,53.05165481567383,86.11222839355469,11.786985397338867
2014-10-30,53.94154739379883,86.1911849975586,11.847396850585938
2014-10-31,57.508216857910156,89.56332397460938,11.975188255310059
2014-11-03,58.39811706542969,88.14179992675781,11.947305679321289
2014-11-04,57.323143005371094,87.49424743652344,11.991451263427734
2014-11-05,58.40524673461914,87.8338623046875,12.00771713256836
2014-11-06,58.70425796508789,87.98388671875,11.95892333984375
2014-11-07,58.71136474609375,88.05494689941406,11.928719520568848
2014-11-10,59.686676025390625,88.29190063476562,11.954277992248535
2014-11-11,60.0355339050293,88.7578125,11.884570121765137
2014-11-12,59.843318939208984,88.87625885009766,11.85669231414795
2014-11-13,59.494449615478516,87.9128189086914,11.907807350158691
2014-11-14,59.9287223815918,87.07569122314453,11.828811645507812
2014-11-17,59.76499938964844,87.462646484375,11.824162483215332
2014-11-18,60.86133575439453,86.67291259765625,11.8915433883667
2014-11-19,60.704715728759766,86.18328857421875,11.886896133422852
2014-11-20,61.22441101074219,86.21488189697266,12.017008781433105
2014-11-21,62.54143524169922,86.6097412109375,12.047215461730957
2014-11-24,62.13564682006836,86.86247253417969,12.11691951751709
2014-11-25,61.509159088134766,86.83070373535156,12.077422142028809
2014-11-26,61.765464782714844,86.13217163085938,12.133185386657715
2014-11-28,59.031707763671875,84.77486419677734,12.163459777832031
2014-12-01,58.49068069458008,85.2034683227539,12.084288597106934
2014-12-02,59.558536529541016,86.04486083984375,12.151812553405762
2014-12-03,60.04975128173828,87.19586181640625,12.142499923706055
2014-12-04,59.24530792236328,86.36238098144531,12.317126274108887
2014-12-05,57.31599807739258,86.14013671875,12.352054595947266
2014-12-08,56.68240737915039,84.639892578125,12.563933372497559
2014-12-09,56.56850814819336,86.0687026977539,12.438202857971191
2014-12-10,54.005615234375,83.64768981933594,12.258917808532715
2014-12-11,54.184547424316406,82.63958740234375,12.249603271484375
2014-12-12,51.93014144897461,81.62356567382812,12.033066749572754
2014-12-15,51.56513977050781,80.58373260498047,11.916645050048828
2014-12-16,51.22160720825195,80.5202407836914,11.914266586303711
2014-12-17,52.173484802246094,82.7745590209961,12.028260231018066
2014-12-18,53.51893615722656,84.94153594970703,12.199246406555176
2014-12-19,54.112972259521484,85.40193939208984,11.997387886047363
2014-12-22,54.7427864074707,85.81468200683594,12.109003067016602
2014-12-23,54.93601608276367,86.09251403808594,12.244365692138672
2014-12-24,54.96464157104492,86.41000366210938,12.241987228393555
2014-12-26,54.92884826660156,86.47351837158203,12.232488632202148
2014-12-29,54.6425666809082,86.17188262939453,12.30848217010498
2014-12-30,54.80717849731445,85.96552276611328,12.320355415344238
2014-12-31,54.291893005371094,84.79862976074219,12.17312240600586
2015-01-02,54.73561477661133,85.35428619384766,12.028260231018066
2015-01-05,52.846221923828125,83.01268005371094,11.92139720916748
2015-01-06,52.62434387207031,81.44893646240234,11.890521049499512
2015-01-07,52.28797149658203,81.46482849121094,11.902395248413086
2015-01-08,53.905426025390625,83.75881958007812,12.15649700164795
2015-01-09,53.2756233215332,84.67959594726562,12.052007675170898
2015-01-12,51.944454193115234,84.08425903320312,11.933267593383789
2015-01-13,51.343257904052734,83.98110961914062,11.957015991210938
2015-01-14,50.65622329711914,82.83804321289062,11.605548858642578
2015-01-15,49.95484924316406,82.43319702148438,11.529559135437012
2015-01-16,50.8637580871582,83.08413696289062,11.7171630859375
2015-01-20,49.99778366088867,83.33016204833984,11.610297203063965
2015-01-21,50.992591857910156,84.90184783935547,11.662544250488281
2015-01-22,51.87288284301758,86.37826538085938,12.00213623046875
2015-01-23,49.48247528076172,84.91773223876953,11.850149154663086
2015-01-26,49.93336868286133,85.47337341308594,11.919020652770996
2015-01-27,50.32699966430664,84.73516082763672,11.9000244140625
2015-01-28,49.13180160522461,82.9888687133789,11.781282424926758
2015-01-29,49.1246337890625,86.1242446899414,11.983137130737305
2015-01-30,50.73493194580078,84.17156219482422,11.63404655456543
2015-02-02,49.99062728881836,86.37034606933594,11.774157524108887
2015-02-03,52.330928802490234,88.15633392333984,11.854901313781738
2015-02-04,51.39337158203125,87.7435302734375,11.493935585021973
2015-02-05,52.917789459228516,88.14041900634766,11.683916091918945
2015-02-06,52.388160705566406,89.05328369140625,11.757534980773926
2015-02-09,53.37582015991211,89.11679077148438,11.786030769348145
2015-02-10,53.196895599365234,90.3788833618164,11.833528518676758
2015-02-11,52.86768341064453,90.31536102294922,11.862027168273926
2015-02-12,53.755123138427734,91.17266082763672,11.919020652770996
2015-02-13,54.15591049194336,91.60920715332031,11.938018798828125
2015-02-17,54.29905319213867,90.78370666503906,11.935643196105957
2015-02-18,54.05570983886719,90.46619415283203,11.942770004272461
2015-02-19,53.45455551147461,90.4502944946289,11.902395248413086
2015-02-20,54.01277160644531,92.17281341552734,11.98788833618164
2015-02-23,54.32052993774414,92.02991485595703,11.911895751953125
2015-02-24,54.277587890625,92.3077621459961,11.888148307800293
2015-02-25,54.56385803222656,92.26786804199219,11.885774612426758
2015-02-26,53.88394546508789,91.2788314819336,11.957015991210938
2015-02-27,53.289947509765625,90.76834106445312,11.852524757385254
2015-03-02,53.969852447509766,90.64871978759766,11.933267593383789
2015-03-03,53.189727783203125,89.81119537353516,11.911895751953125
2015-03-04,53.289947509765625,88.05645751953125,11.885774612426758
2015-03-05,52.638668060302734,87.92884826660156,11.916645050048828
2015-03-06,51.62239456176758,87.64169311523438,11.928519248962402
2015-03-09,51.600929260253906,88.19205474853516,11.92139720916748
2015-03-10,50.7850341796875,86.31768035888672,11.72903823852539
2015-03-11,50.36278533935547,86.66862487792969,11.916645050048828
2015-03-12,50.83063888549805,86.97968292236328,12.170746803283691
2015-03-13,50.12527084350586,86.38147735595703,12.016382217407227
2015-03-16,49.83733367919922,87.43431091308594,12.196870803833008
2015-03-17,49.60700988769531,87.3226547241211,12.170690536499023
2015-03-18,50.9386100769043,87.73741912841797,12.270645141601562
2015-03-19,49.621429443359375,87.77729034423828,12.111194610595703
2015-03-20,49.99570083618164,88.86204528808594,12.230185508728027
2015-03-23,50.089256286621094,88.17609405517578,12.292067527770996
2015-03-24,49.83733367919922,88.03254699707031,12.085013389587402
2015-03-25,49.5566291809082,87.25884246826172,11.970783233642578
2015-03-26,49.54222869873047,87.49813842773438,12.027896881103516
2015-03-27,49.45588302612305,87.30670928955078,11.973162651062012
2015-03-30,50.67228698730469,87.77729034423828,12.175453186035156
2015-03-31,49.851741790771484,87.43431091308594,12.020760536193848
2015-04-01,49.088775634765625,86.66064453125,11.946982383728027
2015-04-02,48.995208740234375,86.79621887207031,11.968399047851562
2015-04-06,50.01009750366211,87.21098327636719,12.0445556640625
2015-04-07,50.319602966308594,87.27481842041016,11.894622802734375
2015-04-08,50.52833938598633,87.72943115234375,11.93984317779541
2015-04-09,51.751953125,88.51910400390625,12.051697731018066
2015-04-10,52.03986358642578,88.33564758300781,11.996957778930664
2015-04-13,51.910316467285156,88.04051971435547,11.98744010925293
2015-04-14,52.687652587890625,88.2558822631836,11.99458122253418
2015-04-15,54.213584899902344,88.13622283935547,11.951744079589844
2015-04-16,54.23518371582031,88.4472885131836,12.065977096557617
2015-04-17,54.60226821899414,88.29574584960938,11.944604873657227
2015-04-20,54.49430847167969,88.04051971435547,12.058836936950684
2015-04-21,53.64495849609375,88.04051971435547,11.849405288696289
2015-04-22,54.76063537597656,87.88896179199219,11.739933967590332
2015-04-23,54.19920349121094,87.9926528930664,11.782770156860352
2015-04-24,54.32154846191406,87.19503021240234,11.842267036437988
2015-04-27,54.66705322265625,87.12325286865234,11.82084846496582
2015-04-28,54.52308654785156,87.82513427734375,11.877963066101074
2015-04-29,54.91176223754883,87.64169311523438,11.71851634979248
2015-04-30,54.86138916015625,86.8042221069336,11.659015655517578
2015-05-01,56.67523193359375,87.41836547851562,11.682815551757812
2015-05-04,56.61764907836914,87.81717681884766,11.711376190185547
2015-05-05,57.25104522705078,87.1711196899414,11.687576293945312
2015-05-06,56.84079360961914,86.75635528564453,11.735172271728516
2015-05-07,56.36572265625,86.8281478881836,11.813706398010254
2015-05-08,57.63974380493164,87.34658813476562,11.894622802734375
2015-05-11,57.654117584228516,87.36253356933594,11.868448257446289
2015-05-12,56.646427154541016,87.01956176757812,11.835127830505371
2015-05-13,56.34413146972656,87.601806640625,11.847028732299805
2015-05-14,56.29374313354492,88.981689453125,11.899385452270508
2015-05-15,56.3225212097168,89.12525939941406,11.868448257446289
2015-05-18,56.09220504760742,88.83810424804688,11.889864921569824
2015-05-19,55.45880889892578,88.83014678955078,11.937463760375977
2015-05-20,55.63155746459961,88.981689453125,11.946982383728027
2015-05-21,56.23616409301758,88.1601333618164,11.851788520812988
2015-05-22,56.185794830322266,87.96871185302734,11.778011322021484
2015-05-26,54.99095153808594,87.56194305419922,11.644737243652344
2015-05-27,55.1204948425293,87.98682403564453,11.71851634979248
2015-05-28,55.07011413574219,87.4737548828125,11.723276138305664
2015-05-29,55.25726318359375,86.60791778564453,11.661398887634277
2015-06-01,55.18528747558594,87.056884765625,11.70185375213623
2015-06-02,55.38680648803711,87.29737091064453,11.80656909942627
2015-06-03,56.33693313598633,87.92271423339844,11.973162651062012
2015-06-04,55.991451263427734,87.5298843383789,11.81847095489502
2015-06-05,55.62435531616211,88.01087951660156,11.780388832092285
2015-06-08,56.04180145263672,87.6661605834961,11.69471549987793
2015-06-09,56.02742004394531,88.58811950683594,11.601900100708008
2015-06-10,56.55287551879883,88.98895263671875,11.961261749267578
2015-06-11,56.4154167175293,88.94087982177734,12.147336959838867
2015-06-12,56.29963684082031,88.86070251464844,12.245144844055176
2015-06-15,56.18388748168945,88.41173553466797,12.211748123168945
2015-06-16,56.668617248535156,88.41975402832031,12.295244216918945
2015-06-17,57.11716842651367,88.8847427368164,12.276156425476074
2015-06-18,58.144474029541016,89.11726379394531,12.509942054748535
2015-06-19,58.224056243896484,88.5560531616211,12.622066497802734
2015-06-22,60.076114654541016,88.71636962890625,12.56958293914795
2015-06-23,60.04718780517578,88.80457305908203,12.684091567993164
2015-06-24,59.56243896484375,88.50796508789062,12.605372428894043
2015-06-25,60.14845275878906,88.53199005126953,12.52664566040039
2015-06-26,60.589786529541016,88.97293853759766,12.552886962890625
2015-06-29,59.7578010559082,87.22520446777344,12.33818244934082
2015-06-30,59.193477630615234,86.80831909179688,12.388283729553223
2015-07-01,58.636436462402344,86.80831909179688,13.053854942321777
2015-07-02,58.01427459716797,86.5838623046875,12.996598243713379
2015-07-06,56.76266860961914,86.10285186767578,13.151662826538086
2015-07-07,56.68308639526367,86.71214294433594,13.387837409973145
2015-07-08,54.88168716430664,85.34123229980469,13.368749618530273
2015-07-09,55.243408203125,85.38934326171875,13.235161781311035
2015-07-10,55.84386444091797,85.67791748046875,13.42123031616211
2015-07-13,56.328590393066406,86.63998413085938,13.399764060974121
2015-07-14,57.341434478759766,86.90453338623047,13.416464805603027
2015-07-15,57.348663330078125,86.1188735961914,13.354435920715332
2015-07-16,57.609100341796875,85.97457885742188,13.41407585144043
2015-07-17,56.560115814208984,85.62181854248047,13.442699432373047
2015-07-20,55.62684631347656,85.43740844726562,13.275716781616211
2015-07-21,55.40256118774414,84.44330596923828,13.24231243133545
2015-07-22,54.76591110229492,83.7378158569336,13.423620223999023
2015-07-23,53.91224670410156,85.53362274169922,13.359208106994629
2015-07-24,53.21048355102539,83.64161682128906,13.44747543334961
2015-07-27,52.168704986572266,82.85594177246094,13.323424339294434
2015-07-28,55.72087097167969,83.17660522460938,13.075326919555664
2015-07-29,56.48774719238281,84.4513168334961,13.285256385803223
2015-07-30,56.85671615600586,83.96229553222656,13.352049827575684
2015-07-31,56.719261169433594,83.70574951171875,13.292411804199219
2015-08-03,56.10432052612305,83.16059875488281,13.321038246154785
2015-08-04,56.321346282958984,83.80999755859375,13.394994735717773
2015-08-05,55.778770446777344,84.19479370117188,13.397375106811523
2015-08-06,55.800453186035156,83.32095336914062,13.406916618347168
2015-08-07,55.467655181884766,83.29689025878906,13.4951810836792
2015-08-10,57.703163146972656,84.59564208984375,13.638319969177246
2015-08-11,56.16218948364258,83.689697265625,13.652634620666504
2015-08-12,56.060916900634766,83.26482391357422,13.626391410827637
2015-08-13,56.02473068237305,82.76776885986328,13.781454086303711
2015-08-14,55.34468460083008,82.98422241210938,13.874488830566406
2015-08-17,56.00303649902344,83.12853240966797,13.934135437011719
2015-08-18,55.634071350097656,82.83189392089844,13.884034156799316
2015-08-19,54.331844329833984,81.89389038085938,13.81485366821289
2015-08-20,53.45644760131836,80.73944854736328,13.511884689331055
2015-08-21,52.07465744018555,79.30440521240234,13.192214965820312
2015-08-24,49.853633880615234,76.81109619140625,12.579126358032227
2015-08-25,49.02888107299805,76.11360931396484,12.390666961669922
2015-08-26,50.54815673828125,77.40437316894531,12.643532752990723
2015-08-27,52.54490661621094,79.6219253540039,12.984674453735352
2015-08-28,52.60279083251953,79.46063995361328,13.001370429992676
2015-08-31,52.421905517578125,79.5654525756836,12.948892593383789
2015-09-01,50.66388702392578,78.19461822509766,12.686473846435547
2015-09-02,50.859222412109375,78.49298858642578,12.784286499023438
2015-09-03,51.55375671386719,78.75101470947266,12.882311820983887
2015-09-04,50.30216979980469,77.3318099975586,12.707775115966797
2015-09-08,51.59717559814453,78.52525329589844,13.011421203613281
2015-09-09,50.95328903198242,77.43663787841797,12.901444435119629
2015-09-10,51.04787063598633,76.43673706054688,12.908611297607422
2015-09-11,50.844139099121094,76.67862701416016,12.94925594329834
2015-09-14,50.26935577392578,75.88033294677734,12.903829574584961
2015-09-15,51.05514907836914,76.80766296386719,13.071196556091309
2015-09-16,51.90642166137695,77.37210845947266,13.1740083694458
2015-09-17,51.462589263916016,76.67862701416016,13.133359909057617
2015-09-18,50.38576126098633,72.57414245605469,12.891875267028809
2015-09-21,51.60083770751953,71.05818176269531,13.020984649658203
2015-09-22,50.53855895996094,69.2922134399414,12.951650619506836
2015-09-23,49.33802795410156,68.77610778808594,12.968387603759766
2015-09-24,49.00334167480469,68.10681915283203,12.980341911315918
2015-09-25,48.45765686035156,68.57453155517578,13.006640434265137
2015-09-28,46.056583404541016,66.89725494384766,12.815367698669434
2015-09-29,46.15118408203125,67.00206756591797,12.872751235961914
2015-09-30,47.08976364135742,68.50193786621094,12.999465942382812
2015-10-01,47.65728759765625,68.74384307861328,12.908611297607422
2015-10-02,48.26120376586914,69.53408813476562,12.93252182006836
2015-10-05,49.77458190917969,71.38877868652344,12.963603019714355
2015-10-06,50.91690444946289,71.4855728149414,13.013813972473145
2015-10-07,51.26614761352539,72.06616973876953,13.126188278198242
2015-10-08,52.02284622192383,73.20314025878906,13.315071105957031
2015-10-09,51.5280876159668,73.7192153930664,13.283987998962402
2015-10-12,51.66632080078125,72.83219909667969,13.34854507446289
2015-10-13,51.57902145385742,72.03389739990234,13.217042922973633
2015-10-14,51.37529754638672,71.1549072265625,13.068806648254395
2015-10-15,50.880523681640625,71.75163269042969,13.286381721496582
2015-10-16,50.218406677246094,70.15501403808594,13.331805229187012
2015-10-19,50.19658279418945,70.47757720947266,13.319849967956543
2015-10-20,50.8878059387207,71.13880920410156,13.391580581665039
2015-10-21,50.218406677246094,70.50983428955078,13.221820831298828
2015-10-22,51.94281005859375,75.27554321289062,13.236174583435059
2015-10-23,52.968711853027344,75.89645385742188,13.264862060546875
2015-10-26,52.15380859375,75.9609375,13.281600952148438
2015-10-27,52.51033401489258,75.74324798583984,13.566117286682129
2015-10-28,53.6090087890625,77.59791564941406,13.647412300109863
2015-10-29,53.630802154541016,77.614013671875,13.582853317260742
2015-10-30,52.51033401489258,78.09786987304688,13.34854507446289
2015-11-02,52.53215026855469,78.64617919921875,13.36289119720459
2015-11-03,52.88869094848633,78.07366943359375,13.25529670715332
2015-11-04,51.87004089355469,77.77530670166016,13.166833877563477
2015-11-05,51.41167068481445,77.75918579101562,13.243343353271484
2015-11-06,51.73180389404297,77.27535247802734,13.279208183288574
2015-11-09,50.39303207397461,76.26737976074219,13.145316123962402
2015-11-10,49.92739486694336,75.9770736694336,13.209871292114258
2015-11-11,49.046993255615234,76.54959106445312,13.164443969726562
2015-11-12,49.05426788330078,75.39649963378906,12.903829574584961
2015-11-13,49.912818908691406,76.9447250366211,12.762764930725098
2015-11-16,50.6476936340332,78.46073913574219,12.887093544006348
2015-11-17,50.640411376953125,77.41242218017578,12.710165023803711
2015-11-18,52.11014938354492,79.18645477294922,12.94925594329834
2015-11-19,51.586299896240234,78.83975219726562,13.028162002563477
2015-11-20,51.81912612915039,78.48492431640625,13.075976371765137
2015-11-23,51.935543060302734,78.67843627929688,13.27203369140625
2015-11-24,52.51033401489258,79.47676849365234,13.322240829467773
2015-11-25,51.608116149902344,80.54803466796875,13.307897567749023
2015-11-27,51.84822463989258,80.86456298828125,13.34144401550293
2015-11-30,52.85955810546875,80.58049011230469,13.336653709411621
2015-12-01,52.7795295715332,81.0430908203125,13.504378318786621
2015-12-02,52.2265739440918,80.182861328125,13.566680908203125
2015-12-03,51.76090621948242,79.28197479248047,13.41811752319336
2015-12-04,53.33977508544922,79.5985107421875,13.64814567565918
2015-12-07,51.586299896240234,79.10344696044922,13.494791984558105
2015-12-08,50.138389587402344,77.89423370361328,13.327065467834473
2015-12-09,51.57902145385742,77.37480926513672,13.094647407531738
2015-12-10,50.83203125,77.25306701660156,13.075477600097656
2015-12-11,49.411258697509766,76.90409088134766,12.924518585205078
2015-12-14,48.84736251831055,76.31975555419922,13.034743309020996
2015-12-15,49.22819137573242,75.7192153930664,12.991615295410156
2015-12-16,50.18022537231445,76.9122314453125,13.017971992492676
2015-12-17,48.92060089111328,75.76790618896484,12.864622116088867
2015-12-18,48.744834899902344,74.70477294921875,12.632200241088867
2015-12-21,48.87665939331055,76.53076171875,12.696893692016602
2015-12-22,49.43324279785156,78.70575714111328,12.79034423828125
2015-12-23,50.71485137939453,81.28656768798828,12.869413375854492
2015-12-24,50.46586227416992,82.30912017822266,13.26716423034668
2015-12-28,49.95320510864258,82.46331024169922,13.281539916992188
2015-12-29,50.58302688598633,83.59139251708984,13.444476127624512
2015-12-30,49.65294647216797,83.8348617553711,13.374985694885254
2015-12-31,49.44057083129883,82.00076293945312,13.118606567382812
2016-01-04,48.79609680175781,82.76361083984375,12.7711763381958
2016-01-05,49.14762878417969,81.40019226074219,12.881396293640137
2016-01-06,48.19558334350586,80.13414764404297,12.718461036682129
2016-01-07,47.41197967529297,77.09886932373047,12.502809524536133
2016-01-08,46.62103271484375,77.0258560180664,12.462077140808105
2016-01-11,45.58843994140625,74.64796447753906,12.296748161315918
2016-01-12,46.145023345947266,74.89141082763672,12.188921928405762
2016-01-13,45.925315856933594,72.24571228027344,11.889411926269531
2016-01-14,46.84075164794922,73.59288787841797,12.071513175964355
2016-01-15,45.214935302734375,72.28629302978516,11.798358917236328
2016-01-19,44.81215286254883,71.81556701660156,11.78637981414795
2016-01-20,44.511878967285156,70.41159057617188,11.599483489990234
2016-01-21,44.856082916259766,70.8092269897461,11.597091674804688
2016-01-22,45.81545639038086,71.78313446044922,11.78637981414795
2016-01-25,44.49724197387695,70.39531707763672,11.489264488220215
2016-01-26,45.89602279663086,71.22313690185547,11.640217781066895
2016-01-27,45.39802932739258,70.0301284790039,11.58271312713623
2016-01-28,46.181640625,71.74256134033203,11.695329666137695
2016-01-29,44.82679748535156,73.39002227783203,12.016403198242188
2016-02-01,44.27753829956055,73.12218475341797,12.045160293579102
2016-02-02,43.017906188964844,71.38545989990234,11.807944297790527
2016-02-03,44.8927001953125,72.8381576538086,12.10266399383545
2016-02-04,44.93663787841797,74.5667724609375,12.105058670043945
2016-02-05,44.22627639770508,73.19525146484375,12.246429443359375
2016-02-08,43.03987121582031,72.9355239868164,12.263199806213379
2016-02-09,42.79088592529297,73.00857543945312,12.313519477844238
2016-02-10,42.95199203491211,72.87873077392578,12.294354438781738
2016-02-11,42.79819869995117,72.52164459228516,12.066720962524414
2016-02-12,44.424007415771484,72.99235534667969,12.313519477844238
2016-02-16,45.66899490356445,74.9806900024414,12.414156913757324
2016-02-17,46.76018524169922,75.51631164550781,12.418947219848633
2016-02-18,46.47457504272461,75.40270233154297,12.500415802001953
2016-02-19,45.69829177856445,75.922119140625,12.45968246459961
2016-02-22,47.2508544921875,77.68318939208984,12.490832328796387
2016-02-23,46.079105377197266,77.96724700927734,12.378215789794922
2016-02-24,46.76750946044922,78.4704360961914,12.375821113586426
2016-02-25,47.26551055908203,79.92447662353516,12.469265937805176
2016-02-26,47.71956253051758,80.75772857666016,12.507604598999023
2016-02-29,46.979896545410156,81.16617584228516,12.339875221252441
2016-03-01,48.686256408691406,82.35884857177734,12.57469654083252
2016-03-02,49.31607437133789,83.38812255859375,12.704082489013672
2016-03-03,50.158260345458984,82.96331787109375,12.747213363647461
2016-03-04,51.022422790527344,82.56302642822266,12.704082489013672
2016-03-07,51.549720764160156,83.18388366699219,12.641783714294434
2016-03-08,50.43656539916992,81.60726165771484,12.579487800598145
2016-03-09,51.52775573730469,80.92926788330078,12.507604598999023
2016-03-10,50.8173713684082,81.49291229248047,12.514790534973145
2016-03-11,52.645721435546875,82.14643859863281,12.819799423217773
2016-03-14,51.70204544067383,81.46841430664062,12.860626220703125
2016-03-15,51.42928695678711,82.0239028930664,12.88223934173584
2016-03-16,52.557247161865234,82.76726531982422,12.805391311645508
2016-03-17,54.34872055053711,83.71487426757812,13.088773727416992
2016-03-18,54.17914581298828,84.13965606689453,13.148816108703613
2016-03-21,54.26762008666992,83.95174407958984,13.052752494812012
2016-03-22,53.766300201416016,83.7393798828125,13.132006645202637
2016-03-23,53.54513931274414,82.44868469238281,13.062360763549805
2016-03-24,53.6999397277832,82.47318267822266,12.932672500610352
2016-03-28,53.722068786621094,83.27373504638672,13.081575393676758
2016-03-29,54.00221252441406,84.59711456298828,13.242480278015137
2016-03-30,54.01695251464844,86.08383178710938,13.485045433044434
2016-03-31,53.250244140625,86.53311920166016,13.497049331665039
2016-04-01,54.30447769165039,88.42013549804688,13.626737594604492
2016-04-04,53.44927978515625,87.10494995117188,13.528271675109863
2016-04-05,53.18388366699219,86.181884765625,13.393778800964355
2016-04-06,53.27235412597656,86.91706848144531,13.384178161621094
2016-04-07,52.483516693115234,87.0967788696289,13.304924011230469
2016-04-08,53.04380798339844,87.7911148071289,13.309725761413574
2016-04-11,53.22074508666992,86.99058532714844,13.25208568572998
2016-04-12,53.99485397338867,87.21934509277344,13.473034858703613
2016-04-13,54.82054901123047,89.130859375,13.576305389404297
2016-04-14,54.673099517822266,88.41197204589844,13.441816329956055
2016-04-15,55.02696990966797,89.02464294433594,13.542678833007812
2016-04-18,55.13016891479492,89.20435333251953,13.636343955993652
2016-04-19,56.54566192626953,88.7060546875,13.631539344787598
2016-04-20,56.72259521484375,88.60802459716797,13.660360336303711
2016-04-21,56.081207275390625,89.07366943359375,13.2568941116333
2016-04-22,56.427703857421875,88.38745880126953,13.468233108520508
2016-04-25,55.99273681640625,87.68495178222656,13.412995338439941
2016-04-26,56.68573760986328,87.39087677001953,13.528271675109863
2016-04-27,57.27552795410156,87.15396118164062,13.672367095947266
2016-04-28,57.65888977050781,86.2390365600586,13.449019432067871
2016-04-29,56.30974197387695,86.39427185058594,13.449019432067871
2016-05-02,56.811065673828125,86.70470428466797,13.446615219116211
2016-05-03,56.169673919677734,86.46776580810547,13.372163772583008
2016-05-04,55.99273681640625,85.39763641357422,13.259288787841797
2016-05-05,55.506168365478516,85.95314025878906,13.276103973388672
2016-05-06,55.93375778198242,86.22272491455078,13.201652526855469
2016-05-09,55.12278747558594,85.2260971069336,13.228073120117188
2016-05-10,55.896907806396484,87.12128448486328,13.437006950378418
2016-05-11,55.5725212097168,86.84353637695312,13.41539478302002
2016-05-12,55.14493179321289,86.95789337158203,13.523468017578125
2016-05-13,53.63359451293945,85.08724212646484,13.475436210632324
2016-05-16,54.46666717529297,85.98582458496094,13.497049331665039
2016-05-17,55.44719314575195,85.67539978027344,13.29771900177002
2016-05-18,54.14229965209961,85.4711685180664,13.461023330688477
2016-05-19,53.83264923095703,84.58893585205078,13.376973152160645
2016-05-20,54.02433776855469,85.61003875732422,13.456221580505371
2016-05-23,53.94322967529297,85.78160858154297,13.372163772583008
2016-05-24,54.03170394897461,86.15737915039062,13.561893463134766
2016-05-25,54.92375183105469,86.80270385742188,13.569101333618164
2016-05-26,54.31186294555664,86.93418884277344,13.492247581481934
2016-05-27,54.378196716308594,87.07388305664062,13.614733695983887
2016-05-31,54.08332061767578,87.32862854003906,13.69638442993164
2016-06-01,54.49615478515625,87.0492172241211,13.7059907913208
2016-06-02,54.34133529663086,86.96705627441406,13.715596199035645
2016-06-03,53.64834213256836,85.78374481201172,13.573902130126953
2016-06-06,54.49615478515625,86.96705627441406,13.530675888061523
2016-06-07,54.96798324584961,86.93418884277344,13.521065711975098
2016-06-08,54.274986267089844,87.0656509399414,13.545085906982422
2016-06-09,52.91847229003906,86.87665557861328,13.554689407348633
2016-06-10,53.74418258666992,84.37847900390625,13.473034858703613
2016-06-13,53.83321762084961,84.64969635009766,13.36711597442627
2016-06-14,52.99484634399414,84.18128204345703,13.362302780151367
2016-06-15,53.172908782958984,83.90188598632812,13.266016960144043
2016-06-16,53.19515609741211,83.4088363647461,13.424890518188477
2016-06-17,52.96517562866211,82.75142669677734,13.45859146118164
2016-06-20,53.395484924316406,83.77864837646484,13.446556091308594
2016-06-21,53.469688415527344,83.33489227294922,13.50673770904541
2016-06-22,53.106136322021484,83.6882095336914,13.554880142211914
2016-06-23,54.16706466674805,84.9290771484375,13.814857482910156
2016-06-24,50.7542724609375,82.92399597167969,13.44896411895752
2016-06-27,48.82529830932617,80.67235565185547,13.253979682922363
2016-06-28,49.344642639160156,81.25579071044922,13.598207473754883
2016-06-29,49.93815231323242,83.36773681640625,13.879850387573242
2016-06-30,50.375892639160156,86.67122650146484,14.42387580871582
2016-07-01,50.56879425048828,86.73695373535156,14.332401275634766
2016-07-05,48.69174575805664,85.45500183105469,14.139825820922852
2016-07-06,49.02561569213867,85.906982421875,14.163898468017578
2016-07-07,49.70075225830078,86.24388885498047,14.113347053527832
2016-07-08,50.83588409423828,87.15605926513672,14.245741844177246
2016-07-11,51.266178131103516,87.60801696777344,14.33962345123291
2016-07-12,52.20101547241211,87.0903091430664,14.298701286315918
2016-07-13,52.482933044433594,87.26290130615234,14.305922508239746
2016-07-14,53.19515609741211,87.68199157714844,14.320366859436035
2016-07-15,52.93549728393555,87.86278533935547,14.265003204345703
2016-07-18,53.41773986816406,87.73129272460938,14.187967300415039
2016-07-19,52.972572326660156,87.53406524658203,14.10130786895752
2016-07-20,53.34354782104492,87.48475646972656,14.082051277160645
2016-07-21,53.43257141113281,86.87665557861328,14.041130065917969
2016-07-22,53.365806579589844,86.77803802490234,14.192784309387207
2016-07-25,53.499359130859375,85.62759399414062,14.07483196258545
2016-07-26,51.9265022277832,87.53406524658203,14.13741683959961
2016-07-27,52.171321868896484,87.07388305664062,14.050759315490723
2016-07-28,52.20841598510742,87.28754425048828,14.120566368103027
2016-07-29,48.39499282836914,88.61058044433594,14.007431983947754
2016-08-01,48.35789108276367,87.12318420410156,13.992990493774414
2016-08-02,47.57146072387695,86.1699447631836,13.992990493774414
2016-08-03,48.16498565673828,86.35896301269531,14.072426795959473
2016-08-04,48.06113052368164,85.87411499023438,14.017059326171875
2016-08-05,48.49885559082031,86.8848876953125,14.159079551696777
2016-08-08,48.63982009887695,86.93418884277344,14.19519329071045
2016-08-09,48.587886810302734,86.67122650146484,14.130194664001465
2016-08-10,48.10564041137695,87.73950958251953,14.082051277160645
2016-08-11,48.461769104003906,87.88744354248047,14.033910751342773
2016-08-12,48.06855010986328,87.85456848144531,13.992990493774414
2016-08-15,48.97367477416992,88.23255920410156,14.053170204162598
2016-08-16,48.56563186645508,87.92852020263672,13.959290504455566
2016-08-17,48.03886795043945,87.61624145507812,13.944845199584961
2016-08-18,48.13532257080078,88.84063720703125,14.082051277160645
2016-08-19,49.22592544555664,88.6680908203125,14.086869239807129
2016-08-22,49.44108581542969,88.6680908203125,14.13741683959961
2016-08-23,49.752681732177734,89.16937255859375,14.019465446472168
2016-08-24,49.975257873535156,88.4216079711914,14.048355102539062
2016-08-25,50.25719451904297,88.84063720703125,14.1181640625
2016-08-26,49.89364242553711,88.68451690673828,14.021869659423828
2016-08-29,50.494606018066406,89.46979522705078,14.125383377075195
2016-08-30,50.642982482910156,89.62682342529297,14.14704418182373
2016-08-31,50.36848449707031,89.52764129638672,14.29147720336914
2016-09-01,50.279449462890625,89.42848205566406,14.108534812927246
2016-09-02,50.880409240722656,89.9244384765625,14.159079551696777
2016-09-06,50.68008041381836,89.18049621582031,14.082051277160645
2016-09-07,49.55238342285156,88.74238586425781,14.139825820922852
2016-09-08,48.862396240234375,88.25469970703125,14.0363130569458
2016-09-09,47.99436569213867,85.75015258789062,13.730603218078613
2016-09-12,48.35047912597656,86.63461303710938,13.968914985656738
2016-09-13,47.9918327331543,85.22113800048828,13.819672584533691
2016-09-14,47.782615661621094,84.41109466552734,13.735422134399414
2016-09-15,48.372886657714844,85.1798324584961,13.798006057739258
2016-09-16,47.62569808959961,84.9235610961914,13.70794677734375
2016-09-19,48.4177131652832,85.61790466308594,13.907530784606934
2016-09-20,48.04412078857422,84.97318267822266,13.99515151977539
2016-09-21,48.83614730834961,86.64289093017578,14.097378730773926
2016-09-22,49.142494201660156,88.6266860961914,14.253155708312988
2016-09-23,48.821189880371094,87.67607116699219,14.00732421875
2016-09-26,48.62693405151367,87.46943664550781,13.914834022521973
2016-09-27,48.94075012207031,88.20510864257812,14.090079307556152
2016-09-28,49.889678955078125,89.35408020019531,14.204476356506348
2016-09-29,49.598270416259766,88.1224594116211,14.000020980834961
2016-09-30,50.56962203979492,89.05652618408203,14.05843448638916
2016-10-03,50.2035026550293,87.9240951538086,13.980550765991211
2016-10-04,49.67299270629883,87.08096313476562,14.012194633483887
2016-10-05,50.18107604980469,87.27935791015625,14.021930694580078
2016-10-06,50.57709503173828,87.18014526367188,14.031662940979004
2016-10-07,49.665523529052734,86.09733581542969,14.031662940979004
2016-10-10,49.448829650878906,86.13040924072266,14.094947814941406
2016-10-11,48.798789978027344,84.96492004394531,13.992720603942871
2016-10-12,48.096431732177734,84.89053344726562,14.16066837310791
2016-10-13,47.19981002807617,83.93992614746094,14.111983299255371
2016-10-14,47.61823654174805,85.55178833007812,14.221510887145996
2016-10-17,47.438907623291016,85.34512329101562,14.192300796508789
2016-10-18,48.82867431640625,85.33684539794922,14.13145637512207
2016-10-19,49.38905334472656,85.93199920654297,14.153360366821289
2016-10-20,49.97935485839844,85.83282470703125,13.759063720703125
2016-10-21,49.96439743041992,86.46100616455078,13.595989227294922
2016-10-24,50.01671600341797,86.69244384765625,13.625197410583496
2016-10-25,49.613224029541016,86.64289093017578,13.588685989379883
2016-10-26,50.11384201049805,86.95696258544922,13.939175605773926
2016-10-27,50.26326370239258,86.72553253173828,13.759063720703125
2016-10-28,53.78999328613281,86.46100616455078,13.810174942016602
2016-10-31,53.7302131652832,86.39488983154297,13.897797584533691
2016-11-01,53.84978103637695,85.5848388671875,13.698213577270508
2016-11-02,52.80370330810547,84.42759704589844,13.644670486450195
2016-11-03,53.341678619384766,84.83264923095703,13.700648307800293
2016-11-04,53.24456024169922,85.27897644042969,13.630064964294434
2016-11-07,54.06645965576172,87.12227630615234,13.724985122680664
2016-11-08,54.275672912597656,87.22149658203125,13.880762100219727
2016-11-09,55.18722915649414,89.58554077148438,13.978976249694824
2016-11-10,56.59195327758789,91.14778137207031,14.072285652160645
2016-11-11,56.19593811035156,91.2800521850586,14.401320457458496
2016-11-14,55.478641510009766,92.74307250976562,14.573198318481445
2016-11-15,55.926944732666016,92.51163482666016,14.472530364990234
2016-11-16,55.41887283325195,92.45378112792969,14.538825988769531
2016-11-17,55.64302444458008,92.08183288574219,14.76963996887207
2016-11-18,55.42631912231445,91.37096405029297,14.919418334960938
2016-11-21,56.55458068847656,91.89996337890625,14.916961669921875
2016-11-22,56.79368209838867,93.1563720703125,15.042201042175293
2016-11-23,57.21209716796875,93.4208984375,15.11340618133545
2016-11-25,56.14364242553711,93.55314636230469,15.233721733093262
2016-11-28,55.374027252197266,92.70476531982422,15.214077949523926
2016-11-29,55.060203552246094,92.69642639160156,15.305123329162598
2016-11-30,56.128692626953125,93.38679504394531,15.204237937927246
2016-12-01,55.598182678222656,93.79432678222656,15.339569091796875
2016-12-02,55.76256561279297,94.11039733886719,15.342029571533203
2016-12-05,56.13616180419922,94.55122375488281,15.3986234664917
2016-12-06,56.345394134521484,94.47634887695312,15.615168571472168
2016-12-07,57.458683013916016,95.57426452636719,15.74557876586914
2016-12-08,58.108726501464844,95.44115447998047,15.93996524810791
2016-12-09,57.682838439941406,96.68875122070312,15.999024391174316
2016-12-12,57.466163635253906,97.12957763671875,16.240161895751953
2016-12-13,57.97010803222656,97.32918548583984,16.254924774169922
2016-12-14,56.894500732421875,96.08160400390625,16.124515533447266
2016-12-15,57.81968307495117,95.94853973388672,16.23524284362793
2016-12-16,57.18785858154297,97.31256866455078,16.16880226135254
2016-12-19,57.3232421875,97.08795928955078,16.26723289489746
2016-12-20,57.36835861206055,98.59342956542969,16.34842872619629
2016-12-21,57.4586296081543,98.01121520996094,16.417327880859375
2016-12-22,57.11263656616211,97.98625946044922,16.424707412719727
2016-12-23,57.58650588989258,98.28568267822266,16.407482147216797
2016-12-27,57.52635192871094,98.54354858398438,16.377960205078125
2016-12-28,56.84937286376953,97.42068481445312,16.338584899902344
2016-12-29,56.804229736328125,97.61199951171875,16.400100708007812
2016-12-30,56.571075439453125,97.06302642822266,16.365657806396484
2017-01-03,57.105098724365234,97.8448715209961,16.409940719604492
2017-01-04,58.0528450012207,98.66828155517578,16.648622512817383
2017-01-05,58.27851486206055,98.29399871826172,16.567424774169922
2017-01-06,58.29354476928711,98.51025390625,16.503450393676758
2017-01-09,57.624107360839844,96.99649810791016,16.2327823638916
2017-01-10,58.16569137573242,97.70347595214844,16.464080810546875
2017-01-11,59.474456787109375,98.62669372558594,16.535436630249023
2017-01-12,58.91032409667969,98.53520202636719,16.424707412719727
2017-01-13,58.58687973022461,99.52497863769531,16.515756607055664
2017-01-17,57.872337341308594,97.91971588134766,16.513286590576172
2017-01-18,58.060367584228516,97.9113998413086,16.528053283691406
2017-01-19,57.18032455444336,98.07775115966797,16.51821517944336
2017-01-20,57.721893310546875,97.83656311035156,16.439470291137695
2017-01-23,57.744468688964844,97.76171112060547,16.419788360595703
2017-01-24,58.83510971069336,98.74314880371094,16.567424774169922
2017-01-25,59.71516036987305,99.08415222167969,16.628934860229492
2017-01-26,60.392127990722656,98.72650909423828,16.717525482177734
2017-01-27,58.443992614746094,98.47697448730469,16.683073043823242
2017-01-30,58.3838005065918,97.98625946044922,16.560041427612305
2017-01-31,58.29354476928711,101.53778839111328,16.53789520263672
2017-02-01,58.89528274536133,101.62093353271484,16.510839462280273
2017-02-02,58.3838005065918,101.58766174316406,16.683073043823242
2017-02-03,58.59442901611328,104.5818862915039,16.700300216674805
2017-02-06,59.00811767578125,103.54222106933594,16.724903106689453
2017-02-07,58.436466217041016,102.81864166259766,16.737213134765625
2017-02-08,58.55680847167969,102.03678894042969,16.648622512817383
2017-02-09,59.030677795410156,102.19483184814453,16.80118751525879
2017-02-10,59.69259262084961,102.17819213867188,16.80118751525879
2017-02-13,60.219112396240234,102.0783920288086,16.884845733642578
2017-02-14,60.610252380371094,101.82052612304688,17.00787925720215
2017-02-15,60.835880279541016,101.97856903076172,17.214574813842773
2017-02-16,60.62528610229492,101.579345703125,17.411420822143555
2017-02-17,60.362022399902344,101.6458969116211,17.36221694946289
2017-02-21,60.87350082397461,102.64398193359375,17.40157699584961
2017-02-22,60.519996643066406,100.98880767822266,17.507389068603516
2017-02-23,60.27928924560547,100.23193359375,17.6082763671875
2017-02-24,60.29432678222656,100.65857696533203,17.598430633544922
2017-02-27,60.15142822265625,101.04342651367188,17.440950393676758
2017-02-28,60.362022399902344,99.23641204833984,17.475399017333984
2017-03-01,61.27968215942383,101.79635620117188,17.7485294342041
2017-03-02,59.95585250854492,101.05182647705078,17.472938537597656
2017-03-03,60.4372444152832,101.05182647705078,17.504940032958984
2017-03-06,59.82047653198242,101.71270751953125,17.458175659179688
2017-03-07,59.36163330078125,100.88448333740234,17.504940032958984
2017-03-08,58.91032409667969,100.53311920166016,17.5000057220459
2017-03-09,58.323631286621094,99.92239379882812,17.63287925720215
2017-03-10,58.39132308959961,101.05182647705078,17.755910873413086
2017-03-13,58.7774658203125,101.21076965332031,17.903810501098633
2017-03-14,58.52764129638672,99.822021484375,17.866840362548828
2017-03-15,59.542198181152344,102.13101196289062,17.99009132385254
2017-03-16,59.73147201538086,101.05182647705078,17.88656234741211
2017-03-17,59.94348907470703,100.7673568725586,17.918601989746094
2017-03-20,59.68606185913086,99.88056945800781,17.790422439575195
2017-03-21,58.67904281616211,98.2241439819336,17.60554313659668
2017-03-22,58.92132568359375,98.67586517333984,17.460105895996094
2017-03-23,59.0803337097168,99.11929321289062,17.48722267150879
2017-03-24,58.436744689941406,98.4249038696289,17.35903549194336
2017-03-27,59.00463104248047,98.19902038574219,17.437915802001953
2017-03-28,60.4432258605957,99.20293426513672,17.48228645324707
2017-03-29,60.920223236083984,99.67977905273438,17.280153274536133
2017-03-30,61.389644622802734,100.71714782714844,17.435457229614258
2017-03-31,61.17762756347656,100.4327163696289,17.410802841186523
2017-04-03,60.54164123535156,100.61676788330078,17.17662239074707
2017-04-04,60.761199951171875,98.97706604003906,17.297409057617188
2017-04-05,60.359920501708984,97.45446014404297,17.1396427154541
2017-04-06,60.73092269897461,99.16947174072266,17.053367614746094
2017-04-07,60.82933044433594,99.83873748779297,16.91778564453125
2017-04-10,60.821781158447266,100.26538848876953,17.031177520751953
2017-04-11,60.70063781738281,100.29049682617188,17.05583381652832
2017-04-12,59.580047607421875,98.63404846191406,16.895601272583008
2017-04-13,59.00463104248047,97.83928680419922,16.760026931762695
2017-04-17,59.27719497680664,99.16947174072266,17.001598358154297
2017-04-18,59.617919921875,98.94358825683594,16.947370529174805
2017-04-19,59.496761322021484,99.01050567626953,16.86355209350586
2017-04-20,60.29934310913086,99.4957275390625,16.82164764404297
2017-04-21,60.04948806762695,99.5542984008789,16.76495361328125
2017-04-24,61.50322341918945,101.67085266113281,16.97694969177246
2017-04-25,61.806068420410156,97.98985290527344,16.814252853393555
2017-04-26,61.66221618652344,95.48847198486328,16.883275985717773
2017-04-27,61.82878494262695,96.09918212890625,16.902996063232422
2017-04-28,60.38263702392578,94.64349365234375,16.757556915283203
2017-05-01,60.85206604003906,94.41763305664062,16.727975845336914
2017-05-02,60.51890182495117,94.68534088134766,16.62937355041504
2017-05-03,59.496761322021484,94.2586898803711,16.63676643371582
2017-05-04,59.140907287597656,93.79853820800781,16.6688175201416
2017-05-05,60.276634216308594,94.34233093261719,16.639236450195312
2017-05-08,60.02677536010742,94.10809326171875,16.469144821166992
2017-05-09,59.352901458740234,95.63066864013672,16.222637176513672
2017-05-10,59.6330451965332,96.04898071289062,16.34342384338379
2017-05-11,58.94404983520508,94.86101531982422,16.33110237121582
2017-05-12,58.686622619628906,92.98707580566406,16.308908462524414
2017-05-15,59.527061462402344,93.70652770996094,16.34588623046875
2017-05-16,60.23877716064453,93.78181457519531,16.380401611328125
2017-05-17,58.49732971191406,92.7695541381836,16.37053871154785
2017-05-18,58.48976516723633,93.48065948486328,16.488868713378906
2017-05-19,59.48921203613281,95.5135726928711,16.543094635009766
2017-05-22,59.81476974487305,95.83149719238281,16.681137084960938
2017-05-23,60.261470794677734,96.2748794555664,16.76495361328125
2017-05-24,60.200904846191406,97.345703125,16.752626419067383
2017-05-25,60.322059631347656,97.84766387939453,16.873414993286133
2017-05-26,60.50376892089844,98.59671020507812,16.836441040039062
2017-05-30,60.54164123535156,97.35948181152344,16.875885009765625
2017-05-31,60.655181884765625,97.5531005859375,17.006526947021484
2017-06-01,61.44263458251953,98.56303405761719,17.050905227661133
2017-06-02,61.412353515625,99.20269775390625,17.03364372253418
2017-06-05,60.98076629638672,99.15218353271484,16.91039276123047
2017-06-06,60.783905029296875,98.46205139160156,16.698392868041992
2017-06-07,61.147342681884766,98.27690124511719,16.663883209228516
2017-06-08,61.59406280517578,99.36260986328125,16.831506729125977
2017-06-09,62.510215759277344,100.1452865600586,17.028715133666992
2017-06-12,62.9039306640625,100.75969696044922,17.065692901611328
2017-06-13,63.8714714050293,100.6334457397461,17.08808135986328
2017-06-14,63.14012145996094,100.35569763183594,17.274690628051758
2017-06-15,62.705867767333984,100.07795715332031,17.324447631835938
2017-06-16,63.26962661743164,98.88286590576172,17.458805084228516
2017-06-19,65.51699829101562,98.50414276123047,17.386648178100586
2017-06-20,64.85420989990234,96.45054626464844,17.254783630371094
2017-06-21,63.406742095947266,94.89354705810547,17.182628631591797
2017-06-22,63.117244720458984,94.61580657958984,17.03582763671875
2017-06-23,63.20866775512695,95.00294494628906,17.05076026916504
2017-06-26,63.78765869140625,95.0534439086914,17.132869720458984
2017-06-27,63.62766647338867,94.44749450683594,17.02090072631836
2017-06-28,64.19142150878906,94.33806610107422,17.262250900268555
2017-06-29,63.53624725341797,94.50639343261719,17.222440719604492
2017-06-30,63.985748291015625,95.24701690673828,17.21000099182129
2017-07-03,64.37427520751953,95.52474212646484,17.42646598815918
2017-07-05,63.65814208984375,95.72674560546875,17.244834899902344
2017-07-06,63.688621520996094,94.99452209472656,17.219953536987305
2017-07-07,63.917171478271484,96.17282104492188,17.274690628051758
2017-07-10,64.4809341430664,96.01293182373047,17.167701721191406
2017-07-11,64.75517272949219,96.82927703857422,17.185117721557617
2017-07-12,65.36463165283203,96.70304870605469,17.219953536987305
2017-07-13,64.86945343017578,96.85455322265625,17.282155990600586
2017-07-14,65.0599136352539,97.4100112915039,17.389144897460938
2017-07-17,64.93800354003906,97.53623962402344,17.237363815307617
2017-07-18,64.81612396240234,97.46891784667969,17.043302536010742
2017-07-19,65.63127899169922,98.55462646484375,17.262250900268555
2017-07-20,65.27322387695312,98.59671020507812,17.458805084228516
2017-07-21,65.25035095214844,97.72981262207031,17.560819625854492
2017-07-24,65.36463165283203,97.88972473144531,17.730005264282227
2017-07-25,65.60842895507812,101.54240417480469,17.963884353637695
2017-07-26,64.79326629638672,99.60665130615234,17.185117721557617
2017-07-27,64.77041625976562,100.49037170410156,17.0383243560791
2017-07-28,63.254371643066406,100.57451629638672,17.15774917602539
2017-07-31,63.35343933105469,99.97698211669922,17.160242080688477
2017-08-01,63.734344482421875,98.9165267944336,17.249805450439453
2017-08-02,63.90193176269531,100.5240249633789,17.202531814575195
2017-08-03,63.93238830566406,100.32203674316406,17.21746253967285
2017-08-04,64.04667663574219,100.38936614990234,17.075641632080078
2017-08-07,64.33616638183594,100.17894744873047,16.9537296295166
2017-08-08,64.08477020263672,99.5309066772461,16.697450637817383
2017-08-09,64.19142150878906,99.26158905029297,17.015928268432617
2017-08-10,63.42197799682617,97.23326110839844,17.05324935913086
2017-08-11,63.39152145385742,96.80403137207031,17.013437271118164
2017-08-14,64.19142150878906,97.09019470214844,17.202531814575195
2017-08-15,64.63327026367188,95.9371566772461,16.981098175048828
2017-08-16,64.96087646484375,96.08025360107422,16.973636627197266
2017-08-17,63.056304931640625,94.34646606445312,16.821857452392578
2017-08-18,63.15534973144531,93.9677505493164,16.747217178344727
2017-08-21,63.33055114746094,92.62955474853516,16.662622451782227
2017-08-22,64.09999084472656,93.23553466796875,16.722339630126953
2017-08-23,64.2828369140625,92.48649597167969,16.630281448364258
2017-08-24,64.61801147460938,92.56226348876953,16.662622451782227
2017-08-25,64.6561279296875,92.97465515136719,16.79199981689453
2017-08-28,65.08274841308594,92.8231430053711,16.59793472290039
2017-08-29,64.42757415771484,94.04283142089844,16.592952728271484
2017-08-30,65.32654571533203,94.91523742675781,16.386449813842773
2017-08-31,65.66938018798828,95.5335464477539,16.580516815185547
2017-09-01,66.5149917602539,95.5335464477539,16.490947723388672
2017-09-05,64.96087646484375,94.2630386352539,15.789313316345215
2017-09-06,64.80848693847656,94.08516693115234,15.84653377532959
2017-09-07,64.62566375732422,93.2212142944336,15.560408592224121
2017-09-08,64.62566375732422,94.82207489013672,16.04558563232422
2017-09-11,65.20465087890625,95.67752838134766,16.36903190612793
2017-09-12,65.66938018798828,97.25294494628906,16.408842086791992
2017-09-13,65.2122802734375,97.35460662841797,16.359073638916016
2017-09-14,65.18162536621094,95.71141815185547,16.271997451782227
2017-09-15,65.11265563964844,96.35513305664062,16.296878814697266
2017-09-18,65.45752716064453,96.5414810180664,16.224721908569336
2017-09-19,66.42314910888672,95.50813293457031,16.197294235229492
2017-09-20,65.94801330566406,95.9739761352539,16.25714111328125
2017-09-21,65.75640106201172,95.96553039550781,16.24965476989746
2017-09-22,66.27755737304688,96.51605224609375,16.289552688598633
2017-09-25,67.18190002441406,96.56689453125,16.39926528930664
2017-09-26,66.55345916748047,97.3292007446289,16.581281661987305
2017-09-27,66.94432830810547,98.07455444335938,16.56631851196289
2017-09-28,68.94459533691406,98.13386535644531,16.638629913330078
2017-09-29,69.35077667236328,98.26936340332031,16.641122817993164
2017-10-02,69.726318359375,99.28578186035156,16.7932186126709
2017-10-03,69.94856262207031,99.55680847167969,16.770780563354492
2017-10-04,68.74532318115234,100.1412582397461,16.858047485351562
2017-10-05,69.61136627197266,99.73468017578125,16.887977600097656
2017-10-06,69.74165344238281,99.22648620605469,16.84807777404785
2017-10-09,68.7070083618164,98.3625259399414,16.768287658691406
2017-10-10,68.0402603149414,98.26936340332031,16.795713424682617
2017-10-11,67.55742645263672,97.43083953857422,16.77826499938965
2017-10-12,67.71836853027344,98.92156982421875,16.765792846679688
2017-10-13,67.94062805175781,99.9887924194336,16.808185577392578
2017-10-16,67.34284973144531,101.42022705078125,17.007659912109375
2017-10-17,66.90599060058594,100.69181060791016,17.067501068115234
2017-10-18,67.48846435546875,101.77597045898438,17.147287368774414
2017-10-19,68.04792022705078,102.34346008300781,17.31435203552246
2017-10-20,68.0709228515625,104.2407455444336,17.486400604248047
2017-10-23,67.95594787597656,102.75849914550781,17.463953018188477
2017-10-24,69.33545684814453,106.1718978881836,17.483905792236328
2017-10-25,69.45806884765625,106.7139892578125,17.526294708251953
2017-10-26,69.77228546142578,106.85799407958984,17.596105575561523
2017-10-27,71.2744140625,106.66316986083984,17.34427261352539
2017-10-30,70.3700942993164,105.97711181640625,17.14229965209961
2017-10-31,69.59605407714844,106.57003021240234,17.099916458129883
2017-11-01,69.726318359375,106.85799407958984,17.08993911743164
2017-11-02,69.84127807617188,106.88339233398438,17.249523162841797
2017-11-03,69.98688507080078,105.97711181640625,17.2669677734375
2017-11-06,69.25115203857422,106.3413314819336,17.309364318847656
2017-11-07,69.44273376464844,105.54511260986328,17.21211814880371
2017-11-08,69.42741394042969,104.6727294921875,17.1323299407959
2017-11-09,68.95993041992188,104.17298126220703,17.122358322143555
2017-11-10,69.550048828125,103.84264373779297,17.139806747436523
2017-11-13,70.07119750976562,103.13117218017578,16.98771095275879
2017-11-14,69.15918731689453,102.85169982910156,16.90044403076172
2017-11-15,68.63038635253906,101.32705688476562,16.9802303314209
2017-11-16,69.09020233154297,101.89453887939453,16.72589874267578
2017-11-17,68.77600860595703,101.51338958740234,16.715930938720703
2017-11-20,69.01356506347656,102.02157592773438,16.690996170043945
2017-11-21,69.74929809570312,101.77597045898438,16.705949783325195
2017-11-22,69.66500854492188,102.48744201660156,16.561336517333984
2017-11-24,69.84892272949219,102.02157592773438,16.503986358642578
2017-11-27,69.65733337402344,102.73307037353516,16.551366806030273
2017-11-28,70.27045440673828,106.79869079589844,16.755821228027344
2017-11-29,70.05587005615234,107.13105773925781,17.244197845458984
2017-11-30,70.7916030883789,107.19923400878906,17.400278091430664
2017-12-01,70.49272918701172,105.96354675292969,17.500974655151367
2017-12-04,70.04820251464844,109.32975006103516,17.558874130249023
2017-12-05,69.8949203491211,108.00032806396484,17.49090576171875
2017-12-06,69.44273376464844,108.74173736572266,17.548803329467773
2017-12-07,70.12483978271484,111.4602279663086,17.589082717895508
2017-12-08,70.64598846435547,111.42617797851562,17.722501754760742
2017-12-11,71.12116241455078,111.41767883300781,17.745159149169922
2017-12-12,71.28975677490234,111.20463562011719,17.878578186035156
2017-12-13,71.33574676513672,110.2160415649414,17.747676849365234
2017-12-14,69.74929809570312,108.86956787109375,17.684741973876953
2017-12-15,69.57965850830078,109.82402038574219,17.93396759033203
2017-12-18,70.74405670166016,111.58810424804688,17.76026725769043
2017-12-19,71.19906616210938,112.61929321289062,17.64698028564453
2017-12-20,71.73886108398438,114.76680755615234,17.81061363220215
2017-12-21,71.64630126953125,115.2355728149414,17.803056716918945
2017-12-22,71.44580841064453,115.24405670166016,17.84837532043457
2017-12-26,71.70027160644531,117.17861938476562,17.84837532043457
2017-12-27,71.3532943725586,115.79798889160156,17.888656616210938
2017-12-28,72.03958892822266,115.8917465209961,18.06739044189453
2017-12-29,71.43810272216797,115.33781433105469,18.03718376159668
2018-01-02,72.6950454711914,114.36629486083984,17.63187599182129
2018-01-03,73.52787017822266,113.63341522216797,17.485868453979492
2018-01-04,74.42240142822266,115.49977111816406,17.556354522705078
2018-01-05,74.88508605957031,115.84062957763672,17.48335075378418
2018-01-08,75.17040252685547,115.94288635253906,17.39524269104004
2018-01-09,75.00845336914062,115.19290924072266,17.317203521728516
2018-01-10,74.99302673339844,114.33226013183594,17.105743408203125
2018-01-11,75.18582916259766,115.2951889038086,17.271888732910156
2018-01-12,75.13184356689453,117.89443969726562,17.480833053588867
2018-01-16,74.65374755859375,116.19856262207031,17.475799560546875
2018-01-17,74.69231414794922,116.07071685791016,17.649497985839844
2018-01-18,74.66917419433594,118.03934478759766,17.626846313476562
2018-01-19,75.6716537475586,117.86885833740234,17.805580139160156
2018-01-22,75.39402770996094,118.08192443847656,18.03466033935547
2018-01-23,75.54055786132812,117.20414733886719,18.135358810424805
2018-01-24,76.0649185180664,116.46273040771484,18.072423934936523
2018-01-25,77.32957458496094,117.75808715820312,18.20584487915039
2018-01-26,78.89498901367188,118.6358642578125,18.147945404052734
2018-01-29,78.0621566772461,117.63026428222656,18.044727325439453
2018-01-30,77.12908935546875,118.28646087646484,18.019554138183594
2018-01-31,76.48133087158203,115.85765838623047,18.371992111206055
2018-02-01,75.895263671875,116.93148040771484,18.485280990600586
2018-02-02,76.55075073242188,114.0680160522461,18.455062866210938
2018-02-05,74.88508605957031,109.8495864868164,17.89872169494629
2018-02-06,76.35795593261719,111.22166442871094,17.82572364807129
2018-02-07,76.32711791992188,113.16468811035156,17.65453338623047
2018-02-08,72.15525817871094,110.48876953125,17.057912826538086
2018-02-09,73.10376739501953,112.5766830444336,17.123363494873047
2018-02-12,75.20123291015625,113.6163558959961,17.123363494873047
2018-02-13,75.49429321289062,113.83793640136719,17.173709869384766
2018-02-14,76.88233947753906,115.70426940917969,17.478315353393555
2018-02-15,77.19847869873047,116.15592956542969,17.556354522705078
2018-02-16,77.21390533447266,115.44863891601562,17.579010009765625
2018-02-20,77.3373031616211,113.59931182861328,17.302099227905273
2018-02-21,77.95419311523438,114.18732452392578,17.40531349182129
2018-02-22,78.27808380126953,114.52822875976562,17.312164306640625
2018-02-23,79.76637268066406,114.6390380859375,17.380142211914062
2018-02-26,80.36016845703125,114.5452880859375,17.641948699951172
2018-02-27,78.89498901367188,114.15959167480469,17.495935440063477
2018-02-28,77.94647979736328,112.3253402709961,17.2139892578125
2018-03-01,77.42982482910156,111.01390838623047,17.09315299987793
2018-03-02,77.69202423095703,110.00255584716797,17.173709869384766
2018-03-05,79.51961517333984,110.43109893798828,17.6671199798584
2018-03-06,81.60166931152344,110.7996597290039,17.752714157104492
2018-03-07,81.86386108398438,107.76546478271484,17.780405044555664
2018-03-08,81.6633529663086,107.99687957763672,17.747676849365234
2018-03-09,84.27751922607422,108.25403594970703,18.12276268005371
2018-03-12,85.4728012084961,107.20832061767578,18.281360626220703
2018-03-13,84.32379150390625,107.60260009765625,18.180477142333984
2018-03-14,83.316162109375,108.27973937988281,17.991304397583008
2018-03-15,82.91311645507812,107.11405181884766,17.955995559692383
2018-03-16,83.54869842529297,108.3054428100586,17.993833541870117
2018-03-19,82.5720443725586,107.54261016845703,18.054359436035156
2018-03-20,82.22323608398438,107.49976348876953,18.175432205200195
2018-03-21,83.30064392089844,107.44831085205078,18.01905632019043
2018-03-22,80.58777618408203,104.18272399902344,17.95851707458496
2018-03-23,79.68090057373047,101.43992614746094,17.71133804321289
2018-03-26,81.61090850830078,102.69131469726562,18.092191696166992
2018-03-27,81.38614654541016,102.46847534179688,17.96356201171875
2018-03-28,80.75056457519531,102.74274444580078,18.314159393310547
2018-03-29,81.835693359375,104.37980651855469,18.336851119995117
2018-04-02,79.59563446044922,100.57421112060547,18.041746139526367
2018-04-03,79.80490112304688,101.38851165771484,18.334333419799805
2018-04-04,80.33975982666016,101.68848419189453,18.4755859375
2018-04-05,81.63417053222656,102.85417175292969,18.495763778686523
2018-04-06,79.71967315673828,100.61711120605469,18.21074104309082
2018-04-09,79.59563446044922,100.5999526977539,18.2283992767334
2018-04-10,82.3627700805664,102.01419830322266,18.324249267578125
2018-04-11,81.49463653564453,100.53140258789062,18.354515075683594
2018-04-12,82.32400512695312,101.448486328125,18.470535278320312
2018-04-13,81.72718811035156,101.5256576538086,18.4301815032959
2018-04-16,83.16888427734375,102.69989013671875,18.75050926208496
2018-04-17,83.82772827148438,103.49703216552734,18.74041748046875
2018-04-18,83.99826049804688,104.54268646240234,18.68996810913086
2018-04-19,83.30064392089844,103.63414001464844,18.705102920532227
2018-04-20,83.19988250732422,102.55416870117188,18.85140037536621
2018-04-23,83.09912872314453,101.87704467773438,18.838788986206055
2018-04-24,81.61865997314453,93.72586059570312,18.745460510253906
2018-04-25,81.50240325927734,92.49162292480469,19.201995849609375
2018-04-26,82.08373260498047,91.0002212524414,19.06326675415039
2018-04-27,81.07608795166016,89.808837890625,19.123807907104492
2018-04-30,79.12284088134766,89.02027130126953,18.80599594116211
2018-05-01,79.16937255859375,87.86319732666016,18.90941047668457
2018-05-02,79.55690002441406,88.18031311035156,18.6470947265625
2018-05-03,79.73518371582031,87.97460174560547,18.61935043334961
2018-05-04,81.23110961914062,89.11457824707031,18.876623153686523
2018-05-07,81.44039916992188,89.79167175292969,18.954814910888672
2018-05-08,81.79694366455078,89.01170349121094,19.000205993652344
2018-05-09,83.28514099121094,89.7574234008789,18.98508071899414
2018-05-10,83.47894287109375,89.38027954101562,19.201995849609375
2018-05-11,82.72708129882812,89.74884033203125,19.398731231689453
2018-05-14,82.71157836914062,89.87741088867188,19.196943283081055
2018-05-15,83.32390594482422,90.16026306152344,19.219650268554688
2018-05-16,84.16101837158203,90.58024597167969,19.282705307006836
2018-05-17,84.0835189819336,90.88024139404297,19.348285675048828
2018-05-18,84.44782257080078,90.59736633300781,19.302886962890625
2018-05-21,84.24629211425781,91.60021209716797,19.512235641479492
2018-05-22,84.0525131225586,94.81441497802734,19.41890525817871
2018-05-23,83.5951919555664,94.591552734375,19.370983123779297
2018-05-24,83.14563751220703,95.3029556274414,19.376028060913086
2018-05-25,82.3627700805664,94.73726654052734,19.350807189941406
2018-05-29,80.78156280517578,93.0658950805664,18.99011993408203
2018-05-30,81.1923599243164,95.05995178222656,19.411340713500977
2018-05-31,80.85131072998047,92.9622802734375,19.287750244140625
2018-06-01,81.99070739746094,93.19535827636719,19.428998947143555
2018-06-04,82.21548461914062,93.73057556152344,19.57276153564453
2018-06-05,82.44804382324219,94.78372955322266,19.44412612915039
2018-06-06,85.2384033203125,96.05268859863281,19.62320899963379
2018-06-07,83.94400024414062,96.82959747314453,19.724103927612305
2018-06-08,84.54083251953125,96.6828384399414,19.87894630432129
2018-06-11,84.79660034179688,96.76054382324219,19.79264259338379
2018-06-12,84.85087585449219,97.06270599365234,19.546403884887695
2018-06-13,84.0679931640625,96.66558837890625,19.432174682617188
2018-06-14,84.09138488769531,97.45112609863281,19.147308349609375
2018-06-15,84.86270141601562,97.42523193359375,19.167654037475586
2018-06-18,84.01348114013672,97.71876525878906,18.892955780029297
2018-06-19,81.17743682861328,95.19808959960938,19.02013397216797
2018-06-20,80.26583099365234,94.09314727783203,18.87769317626953
2018-06-21,78.65306091308594,93.16084289550781,18.679306030273438
2018-06-22,79.54126739501953,94.3089599609375,18.75306510925293
2018-06-25,78.15440368652344,93.09178161621094,18.74034309387207
2018-06-26,78.09210968017578,92.32350158691406,18.595373153686523
2018-06-27,77.23501586914062,92.14220428466797,18.277437210083008
2018-06-28,77.67913818359375,91.48616027832031,18.34356689453125
2018-06-29,77.8817367553711,91.27898406982422,18.417325973510742
2018-07-02,77.48435974121094,91.60700988769531,18.28506851196289
2018-07-03,76.7675552368164,93.39391326904297,18.356281280517578
2018-07-05,77.48435974121094,93.79100036621094,18.402063369750977
2018-07-06,77.71031951904297,93.72193908691406,18.42749786376953
2018-07-09,78.55955505371094,95.94048309326172,18.725088119506836
2018-07-10,79.362060546875,97.98635864257812,18.775957107543945
2018-07-11,77.25060272216797,95.94912719726562,18.801389694213867
2018-07-12,77.28178405761719,96.98499298095703,18.666584014892578
2018-07-13,77.50774383544922,97.85685729980469,18.661497116088867
2018-07-16,76.82987976074219,96.81231689453125,18.92856788635254
2018-07-17,78.4271469116211,97.85685729980469,18.770872116088867
2018-07-18,79.00366973876953,99.11717987060547,18.97943115234375
2018-07-19,78.4738540649414,99.78189849853516,18.926021575927734
2018-07-20,77.90510559082031,99.48839569091797,18.984519958496094
2018-07-23,77.48435974121094,98.36618041992188,18.994699478149414
2018-07-24,78.08430480957031,102.32843780517578,18.892955780029297
2018-07-25,79.2452163696289,104.82321166992188,18.90821647644043
2018-07-26,79.75944519042969,106.01448059082031,19.355873107910156
2018-07-27,78.60630798339844,105.25482940673828,19.18036651611328
2018-07-30,78.98809814453125,103.53697967529297,19.17528533935547
2018-07-31,80.73331451416016,106.39430236816406,19.2821102142334
2018-08-01,79.37763214111328,103.48516082763672,19.289737701416016
2018-08-02,77.936279296875,101.93998718261719,19.274477005004883
2018-08-03,79.46334838867188,103.20893096923828,19.327890396118164
2018-08-06,79.29972839355469,102.54426574707031,19.312631607055664
2018-08-07,79.2452163696289,102.7686996459961,19.188005447387695
2018-08-08,79.04261016845703,101.9572525024414,19.226152420043945
2018-08-09,79.2685775756836,102.0435562133789,19.3762149810791
2018-08-10,77.81160736083984,101.7932357788086,19.32280731201172
2018-08-13,77.02468872070312,102.26802062988281,19.325345993041992
2018-08-14,77.16490936279297,104.3225326538086,19.434717178344727
2018-08-15,75.3651123046875,104.3052749633789,19.457609176635742
2018-08-16,75.81704711914062,105.5483169555664,19.64328384399414
2018-08-17,76.11309814453125,106.40294647216797,19.696691513061523
2018-08-20,76.46369934082031,106.69644165039062,19.849306106567383
2018-08-21,77.28178405761719,108.08625030517578,19.864564895629883
2018-08-22,76.65071105957031,107.00718688964844,19.61275863647461
2018-08-23,76.136474609375,107.43019104003906,19.750110626220703
2018-08-24,77.1259765625,107.81002807617188,19.867109298706055
2018-08-27,77.81160736083984,109.49333190917969,19.920520782470703
2018-08-28,77.04027557373047,109.19120788574219,20.047697067260742
2018-08-29,76.92339324951172,109.47606658935547,19.984107971191406
2018-08-30,76.12089538574219,108.92022705078125,19.874738693237305
2018-08-31,75.598876953125,109.74531555175781,19.90526580810547
2018-09-04,75.2794189453125,109.38053131103516,20.032434463500977
2018-09-05,76.19881439208984,110.67462158203125,20.007001876831055
2018-09-06,75.92610931396484,110.9525375366211,20.034975051879883
2018-09-07,75.65341186523438,112.13372802734375,19.97902488708496
2018-09-10,75.51316833496094,113.2193603515625,19.90526580810547
2018-09-11,74.69507598876953,114.5482177734375,20.009540557861328
2018-09-12,74.79637908935547,114.14864349365234,19.981565475463867
2018-09-13,75.95624542236328,115.92912292480469,20.26897621154785
2018-09-14,76.39513397216797,116.72815704345703,20.457197189331055
2018-09-17,76.50484466552734,116.27651977539062,20.24608612060547
2018-09-18,76.1991958618164,117.08426666259766,20.2563419342041
2018-09-19,77.21017456054688,117.27532958984375,20.064016342163086
2018-09-20,78.22114562988281,117.99616241455078,20.220443725585938
2018-09-21,78.27600860595703,118.76048278808594,20.21018409729004
2018-09-24,77.5314712524414,117.79642486572266,20.040931701660156
2018-09-25,77.36691284179688,116.82369995117188,20.34096908569336
2018-09-26,76.57536315917969,115.95515441894531,20.240957260131836
2018-09-27,75.82300567626953,116.03334045410156,20.29224967956543
2018-09-28,75.01580047607422,116.00728607177734,20.497400283813477
2018-10-01,75.91708374023438,116.17230987548828,20.125553131103516
2018-10-02,76.24623107910156,114.70454406738281,20.243518829345703
2018-10-03,76.30107116699219,113.71440887451172,20.299938201904297
2018-10-04,75.60358428955078,113.84468841552734,20.333276748657227
2018-10-05,71.35592651367188,111.68209075927734,20.197364807128906
2018-10-08,71.52052307128906,110.67462158203125,20.271730422973633
2018-10-09,68.03305053710938,109.40660095214844,20.348665237426758
2018-10-10,66.01892852783203,107.16583251953125,19.758846282958984
2018-10-11,64.3026123046875,104.41264343261719,19.081836700439453
2018-10-12,64.64743041992188,105.52433776855469,18.87412452697754
2018-10-15,64.51422882080078,106.73155975341797,18.833091735839844
2018-10-16,65.80732727050781,109.51947784423828,19.161340713500977
2018-10-17,65.3057632446289,107.68694305419922,19.130565643310547
2018-10-18,64.16153717041016,106.40152740478516,18.99464988708496
2018-10-19,63.299468994140625,104.24761962890625,18.958749771118164
2018-10-22,62.45309829711914,105.37667846679688,18.82539939880371
2018-10-23,61.833961486816406,93.06117248535156,18.515106201171875
2018-10-24,59.19289779663086,88.36251068115234,18.72795295715332
2018-10-25,60.87001419067383,88.64044189453125,19.004905700683594
2018-10-26,61.24618148803711,86.62549591064453,18.971572875976562
2018-10-29,59.866878509521484,85.49642944335938,19.133127212524414
2018-10-30,61.92800521850586,86.48653411865234,19.310073852539062
2018-10-31,61.40294647216797,88.32777404785156,19.463939666748047
2018-11-01,64.01265716552734,94.25971984863281,19.42803382873535
2018-11-02,64.6552963256836,93.77336120605469,19.397260665893555
2018-11-05,64.27128601074219,93.92967987060547,19.604984283447266
2018-11-06,64.82772827148438,95.30194854736328,19.807573318481445
2018-11-07,65.9875717163086,96.18781280517578,20.13581085205078
2018-11-08,65.5800552368164,96.17914581298828,20.202491760253906
2018-11-09,64.90605926513672,95.53643798828125,20.10761260986328
2018-11-12,63.97344970703125,92.91353607177734,19.853731155395508
2018-11-13,63.18193817138672,93.16539001464844,19.794748306274414
2018-11-14,64.27910614013672,91.949462890625,19.417781829833984
2018-11-15,64.90605926513672,92.54873657226562,19.792184829711914
2018-11-16,65.18821716308594,93.01774597167969,20.117862701416016
2018-11-19,64.12238311767578,91.51522827148438,20.140945434570312
2018-11-20,62.680362701416016,91.14176940917969,20.064016342163086
2018-11-21,62.91548156738281,92.60086822509766,19.997337341308594
2018-11-23,60.846492767333984,91.61943054199219,19.91014862060547
2018-11-26,62.1944694519043,92.93959045410156,20.094783782958984
2018-11-27,61.065956115722656,91.27203369140625,20.045652389526367
2018-11-28,61.97502517700195,93.20014953613281,20.337858200073242
2018-11-29,61.94367599487305,93.38396453857422,20.2861385345459
2018-11-30,61.77128601074219,96.43023681640625,20.371479034423828
2018-12-03,63.4405517578125,97.69075775146484,20.226667404174805
2018-12-04,60.87001419067383,93.04257202148438,19.815513610839844
2018-12-06,59.349632263183594,93.02506256103516,19.75086784362793
2018-12-07,57.36686325073242,91.05548095703125,19.582782745361328
