Date,PSN.L,SMT.L
2004-03-10,612.8099975585938,63.031150817871094
2004-03-11,612.0663452148438,62.03382110595703
2004-03-12,626.43896484375,62.03382110595703
2004-03-15,629.6605224609375,61.235965728759766
2004-03-16,626.43896484375,61.03649139404297
2004-03-17,662.1221923828125,61.5351448059082
2004-03-18,645.767578125,61.335693359375
2004-03-19,674.0167236328125,61.43540954589844
2004-03-22,670.0517578125,59.839691162109375
2004-03-23,654.6881713867188,59.98929977416992
2004-03-24,680.4594116210938,59.93941879272461
2004-03-25,688.3890991210938,60.93675231933594
2004-03-26,685.9111328125,60.53781509399414
2004-03-29,681.9462280273438,60.93675231933594
2004-03-30,688.8843994140625,60.93675231933594
2004-03-31,684.9197387695312,60.837013244628906
2004-04-01,705.2394409179688,61.335693359375
2004-04-02,712.1777954101562,61.934078216552734
2004-04-05,700.7789306640625,61.834346771240234
2004-04-06,683.9286499023438,61.834346771240234
2004-04-07,668.5650024414062,61.834346771240234
2004-04-08,685.4154052734375,62.03382110595703
2004-04-09,685.4154052734375,62.03382110595703
2004-04-12,685.4154052734375,62.03382110595703
2004-04-13,683.9286499023438,62.432743072509766
2004-04-14,662.617919921875,62.13353729248047
2004-04-15,657.1661987304688,62.73194122314453
2004-04-16,645.2718505859375,62.931400299072266
2004-04-19,658.6532592773438,62.68207550048828
2004-04-20,674.0167236328125,63.430076599121094
2004-04-21,672.5299072265625,62.432743072509766
2004-04-22,662.617919921875,63.13087844848633
2004-04-23,673.025390625,63.479949951171875
2004-04-26,671.04296875,63.430076599121094
2004-04-27,672.5299072265625,63.829010009765625
2004-04-28,673.025390625,62.48261260986328
2004-04-29,662.1221923828125,62.183406829833984
2004-04-30,650.2276611328125,61.98395538330078
2004-05-03,650.2276611328125,61.98395538330078
2004-05-04,657.1661987304688,61.834346771240234
2004-05-05,650.2276611328125,61.834346771240234
2004-05-06,656.1748657226562,61.5351448059082
2004-05-07,633.37744140625,61.03649139404297
2004-05-10,604.6326293945312,59.04183578491211
2004-05-11,611.075439453125,59.839691162109375
2004-05-12,611.075439453125,59.04183578491211
2004-05-13,602.154296875,59.54049301147461
2004-05-14,594.720458984375,59.54049301147461
2004-05-17,579.35693359375,58.44342803955078
2004-05-18,597.6941528320312,58.094364166259766
2004-05-19,601.6588134765625,58.692752838134766
2004-05-20,596.7028198242188,58.243961334228516
2004-05-21,598.685302734375,59.291160583496094
2004-05-24,596.2073974609375,59.04183578491211
2004-05-25,599.6764526367188,58.64289855957031
2004-05-26,597.1985473632812,59.49062728881836
2004-05-27,594.720458984375,58.94209671020508
2004-05-28,596.2073974609375,58.94209671020508
2004-05-31,596.2073974609375,58.94209671020508
2004-06-01,587.286376953125,59.04183578491211
2004-06-02,585.30419921875,59.141563415527344
2004-06-03,602.154296875,58.74263381958008
2004-06-04,615.53564453125,58.54317092895508
2004-06-07,621.4829711914062,58.59303283691406
2004-06-08,610.5795288085938,58.44342803955078
2004-06-09,606.119384765625,58.593833923339844
2004-06-10,605.1281127929688,59.09250259399414
2004-06-11,611.075439453125,59.142372131347656
2004-06-14,590.7557373046875,58.24475860595703
2004-06-15,585.30419921875,58.942901611328125
2004-06-16,589.2689208984375,58.99275588989258
2004-06-17,594.720458984375,59.142372131347656
2004-06-18,581.33935546875,58.44422912597656
2004-06-21,589.2689208984375,58.89304733276367
2004-06-22,584.3130493164062,58.24475860595703
2004-06-23,584.80859375,58.843162536621094
2004-06-24,577.8703002929688,59.34184265136719
2004-06-25,596.7028198242188,59.192237854003906
2004-06-28,607.110595703125,59.641029357910156
2004-06-29,617.51806640625,59.641029357910156
2004-06-30,626.43896484375,60.03997802734375
2004-07-01,635.3598022460938,59.042640686035156
2004-07-02,624.4566040039062,59.24209976196289
2004-07-05,618.013671875,58.942901611328125
2004-07-06,610.0840454101562,58.843162536621094
2004-07-07,619.5006103515625,58.54396438598633
2004-07-08,609.5885009765625,57.74610137939453
2004-07-09,606.6149291992188,57.74610137939453
2004-07-12,607.110595703125,57.397010803222656
2004-07-13,607.6061401367188,57.44689178466797
2004-07-14,605.1281127929688,57.397010803222656
2004-07-15,597.6941528320312,57.097808837890625
2004-07-16,601.6588134765625,57.097808837890625
2004-07-19,599.6764526367188,57.24742889404297
2004-07-20,593.23388671875,57.19755935668945
2004-07-21,588.7733154296875,57.945556640625
2004-07-22,576.87890625,57.04795837402344
2004-07-23,570.9314575195312,56.998085021972656
2004-07-26,565.9757080078125,55.95087814331055
2004-07-27,580.3480834960938,56.34981918334961
2004-07-28,583.8171997070312,56.549285888671875
2004-07-29,585.7996215820312,57.04795837402344
2004-07-30,579.35693359375,57.24742889404297
2004-08-02,582.8261108398438,57.097808837890625
2004-08-03,584.80859375,57.5466194152832
2004-08-04,575.8876953125,57.29729461669922
2004-08-05,584.80859375,57.24742889404297
2004-08-06,594.720458984375,56.84848403930664
2004-08-09,590.260009765625,56.05061340332031
2004-08-10,602.650146484375,56.200218200683594
2004-08-11,590.260009765625,56.15034484863281
2004-08-12,597.6941528320312,56.549285888671875
2004-08-13,590.260009765625,56.25008773803711
2004-08-16,599.6764526367188,56.05061340332031
2004-08-17,597.1985473632812,56.499412536621094
2004-08-18,596.7028198242188,56.29994583129883
2004-08-19,606.119384765625,56.798606872558594
2004-08-20,612.5620727539062,56.84848403930664
2004-08-23,635.3598022460938,57.596492767333984
2004-08-24,641.306884765625,57.5466194152832
2004-08-25,641.8023681640625,58.643699645996094
2004-08-26,660.139892578125,58.99275588989258
2004-08-27,661.1310424804688,59.192237854003906
2004-08-30,661.1310424804688,59.192237854003906
2004-08-31,664.1044921875,59.09250259399414
2004-09-01,656.7597045898438,59.6909065246582
2004-09-02,672.1253051757812,60.03997802734375
2004-09-03,672.1253051757812,60.738128662109375
2004-09-06,671.1341552734375,61.33652877807617
2004-09-07,670.1427612304688,61.635719299316406
2004-09-08,684.0215454101562,61.73546600341797
2004-09-09,683.0302734375,61.43624496459961
2004-09-10,681.5430297851562,61.43624496459961
2004-09-13,684.0215454101562,61.73546600341797
2004-09-14,669.1514282226562,61.48613357543945
2004-09-15,667.1686401367188,61.53598403930664
2004-09-16,664.6904296875,61.93492126464844
2004-09-17,674.6038208007812,62.234130859375
2004-09-20,671.1341552734375,62.1343879699707
2004-09-21,670.638427734375,61.93492126464844
2004-09-22,678.073486328125,61.78532791137695
2004-09-23,637.4288330078125,61.835182189941406
2004-09-24,649.8204345703125,61.33652877807617
2004-09-27,656.2640991210938,61.03732681274414
2004-09-28,650.811767578125,61.186912536621094
2004-09-29,661.2208251953125,61.48613357543945
2004-09-30,655.7682495117188,61.43624496459961
2004-10-01,651.8031005859375,62.28399658203125
2004-10-04,661.2208251953125,63.381065368652344
2004-10-05,654.2813720703125,63.82988357543945
2004-10-06,638.420166015625,63.58053207397461
2004-10-07,635.446044921875,63.82988357543945
2004-10-08,629.9935913085938,63.43094253540039
2004-10-11,642.3854370117188,63.73015213012695
2004-10-12,632.9677124023438,63.23149108886719
2004-10-13,619.0889892578125,62.5333366394043
2004-10-14,609.6712646484375,62.63307189941406
2004-10-15,618.5934448242188,62.63307189941406
2004-10-18,613.14111328125,62.43359375
2004-10-19,614.132080078125,62.5333366394043
2004-10-20,594.8011474609375,62.28399658203125
2004-10-21,593.3143920898438,61.73546600341797
2004-10-22,598.27099609375,61.93492126464844
2004-10-25,601.7406005859375,60.83784103393555
2004-10-26,617.6019287109375,61.03732681274414
2004-10-27,625.0371704101562,61.53598403930664
2004-10-28,619.584716796875,62.5333366394043
2004-10-29,612.645263671875,62.234130859375
2004-11-01,617.6019287109375,62.9322624206543
2004-11-02,628.506591796875,63.08186340332031
2004-11-03,629.9935913085938,63.58053207397461
2004-11-04,623.0543823242188,63.53067398071289
2004-11-05,622.5586547851562,64.82722473144531
2004-11-08,609.6712646484375,64.52800750732422
2004-11-09,602.2362060546875,64.07920837402344
2004-11-10,625.0371704101562,63.73471450805664
2004-11-11,628.0110473632812,63.83445739746094
2004-11-12,629.4979248046875,64.83187103271484
2004-11-15,634.9503173828125,65.13111114501953
2004-11-16,638.420166015625,64.23341369628906
2004-11-17,657.7511596679688,65.43029022216797
2004-11-18,662.7079467773438,65.530029296875
2004-11-19,651.8031005859375,64.63237762451172
2004-11-22,633.4634399414062,64.08380126953125
2004-11-23,621.5673217773438,64.48274230957031
2004-11-24,620.080322265625,64.53262329101562
2004-11-25,609.175537109375,64.58251953125
2004-11-26,612.645263671875,64.28327941894531
2004-11-29,599.758056640625,64.53262329101562
2004-11-30,613.14111328125,64.08380126953125
2004-12-01,611.654052734375,64.23341369628906
2004-12-02,611.1583251953125,64.43289947509766
2004-12-03,613.14111328125,64.53262329101562
2004-12-06,616.1150512695312,64.33317565917969
2004-12-07,615.1238403320312,64.53262329101562
2004-12-08,610.1669311523438,64.23341369628906
2004-12-09,636.9329223632812,63.884315490722656
2004-12-10,646.350830078125,63.83445739746094
2004-12-13,643.8723754882812,64.033935546875
2004-12-14,646.8464965820312,63.934173583984375
2004-12-15,635.446044921875,63.934173583984375
2004-12-16,693.9347534179688,64.1336669921875
2004-12-17,673.6124877929688,63.634971618652344
2004-12-20,672.6213989257812,64.08380126953125
2004-12-21,692.9434814453125,64.33317565917969
2004-12-22,684.0215454101562,64.83187103271484
2004-12-23,682.5343627929688,64.78199005126953
2004-12-24,683.0302734375,64.9814682006836
2004-12-27,683.0302734375,64.9814682006836
2004-12-28,683.0302734375,64.9814682006836
2004-12-29,673.1168212890625,65.13111114501953
2004-12-30,679.0648803710938,65.48015594482422
2004-12-31,685.0128173828125,65.87914276123047
2005-01-03,685.0128173828125,65.87914276123047
2005-01-04,686.4999389648438,66.42772674560547
2005-01-05,668.65576171875,65.92903137207031
2005-01-06,654.777099609375,66.17837524414062
2005-01-07,655.2727661132812,65.82926177978516
2005-01-10,653.2903442382812,66.17837524414062
2005-01-11,652.298828125,65.82926177978516
2005-01-12,645.855224609375,65.67967224121094
2005-01-13,642.3854370117188,66.12850952148438
2005-01-14,665.1862182617188,66.2282485961914
2005-01-17,664.1947021484375,66.52745819091797
2005-01-18,666.6730346679688,66.32797241210938
2005-01-19,669.64697265625,66.62718963623047
2005-01-20,690.465087890625,66.42772674560547
2005-01-21,682.0390014648438,66.62718963623047
2005-01-24,697.4044189453125,66.37785339355469
2005-01-25,682.5343627929688,66.87657165527344
2005-01-26,683.5260009765625,66.87657165527344
2005-01-27,684.0215454101562,66.82669067382812
2005-01-28,685.508544921875,66.62718963623047
2005-01-31,712.7702026367188,66.97630310058594
2005-02-01,696.9088745117188,67.42513275146484
2005-02-02,698.3959350585938,67.57472229003906
2005-02-03,716.2399291992188,67.07603454589844
2005-02-04,743.0061645507812,67.22563171386719
2005-02-07,758.3717651367188,68.472412109375
2005-02-08,783.1552124023438,68.62202453613281
2005-02-09,769.7720947265625,68.92125701904297
2005-02-10,755.3975219726562,70.0184097290039
2005-02-11,758.3717651367188,69.46984100341797
2005-02-14,750.9364624023438,69.22045135498047
2005-02-15,741.023193359375,69.51968383789062
2005-02-16,720.2053833007812,69.22045135498047
2005-02-17,732.1013793945312,69.1207504272461
2005-02-18,742.0145874023438,68.82151794433594
2005-02-21,728.6315307617188,69.17057037353516
2005-02-22,748.45849609375,68.22309875488281
2005-02-23,750.9364624023438,68.073486328125
2005-02-24,746.9713745117188,68.02359008789062
2005-02-25,791.5814819335938,68.3227767944336
2005-02-28,771.2589111328125,68.27291107177734
2005-03-01,781.6680297851562,68.82151794433594
2005-03-02,767.7892456054688,68.92125701904297
2005-03-03,757.38037109375,69.1207504272461
2005-03-04,770.7633666992188,69.91867065429688
2005-03-07,768.7807006835938,69.61945343017578
2005-03-08,770.2677612304688,69.07088470458984
2005-03-09,736.2410278320312,69.22045135498047
2005-03-10,730.2915649414062,69.3700942993164
2005-03-11,743.18212890625,69.3700942993164
2005-03-14,740.207275390625,69.27037811279297
2005-03-15,751.6103515625,69.41996765136719
2005-03-16,785.3237915039062,68.57215118408203
2005-03-17,761.0302124023438,68.073486328125
2005-03-18,766.4837646484375,68.57215118408203
2005-03-21,774.4166259765625,68.42256164550781
2005-03-22,779.3742065429688,68.073486328125
2005-03-23,773.4248046875,67.17578125
2005-03-24,772.9291381835938,67.42513275146484
2005-03-25,772.9291381835938,67.42513275146484
2005-03-28,772.9291381835938,67.42513275146484
2005-03-29,772.4331665039062,67.32538604736328
2005-03-30,763.0133666992188,66.62718963623047
2005-03-31,749.1314697265625,66.42772674560547
2005-04-01,757.0640258789062,67.57472229003906
2005-04-04,749.6271362304688,66.62718963623047
2005-04-05,750.6187744140625,67.32538604736328
2005-04-06,743.18212890625,68.12330627441406
2005-04-07,740.702880859375,68.02359008789062
2005-04-08,740.207275390625,68.37269592285156
2005-04-11,740.207275390625,67.8240737915039
2005-04-12,742.6861572265625,67.42513275146484
2005-04-13,750.6187744140625,67.67449951171875
2005-04-14,737.2324829101562,67.22563171386719
2005-04-15,713.9306030273438,66.2282485961914
2005-04-18,707.9810791015625,64.28327941894531
2005-04-19,717.8968505859375,64.58251953125
2005-04-20,700.5445556640625,64.1336669921875
2005-04-21,693.1076049804688,64.43289947509766
2005-04-22,707.4853515625,65.3305892944336
2005-04-25,715.913818359375,65.43029022216797
2005-04-26,698.5610961914062,65.0313491821289
2005-04-27,671.29296875,64.23341369628906
2005-04-28,668.318359375,64.08380126953125
2005-04-29,670.3013916015625,64.53262329101562
2005-05-02,670.3013916015625,64.53262329101562
2005-05-03,695.586669921875,65.08119201660156
2005-05-04,669.3099975585938,65.28070068359375
2005-05-05,675.7552490234375,66.2282485961914
2005-05-06,678.2340698242188,66.62718963623047
2005-05-09,688.1497802734375,66.62718963623047
2005-05-10,680.7130737304688,66.62718963623047
2005-05-11,665.343994140625,66.17837524414062
2005-05-12,680.7130737304688,66.82669067382812
2005-05-13,677.2426147460938,66.62718963623047
2005-05-16,678.2340698242188,66.62718963623047
2005-05-17,681.70458984375,66.57736206054688
2005-05-18,704.0149536132812,67.07603454589844
2005-05-19,716.9052734375,68.12330627441406
2005-05-20,709.96435546875,68.17317199707031
2005-05-23,731.7787475585938,68.62202453613281
2005-05-24,731.2831420898438,69.07088470458984
2005-05-25,738.7199096679688,69.07088470458984
2005-05-26,730.7872924804688,69.27037811279297
2005-05-27,745.1651611328125,69.9685287475586
2005-05-30,745.1651611328125,69.9685287475586
2005-05-31,741.19873046875,69.56961822509766
2005-06-01,741.19873046875,70.21788787841797
2005-06-02,752.1060791015625,69.91867065429688
2005-06-03,766.4837646484375,70.26773834228516
2005-06-06,757.5597534179688,70.0184097290039
2005-06-07,759.5428466796875,70.5171127319336
2005-06-08,754.5850830078125,69.82891082763672
2005-06-09,738.7199096679688,69.67925262451172
2005-06-10,743.18212890625,70.42742919921875
2005-06-13,746.1566772460938,70.92618560791016
2005-06-14,740.702880859375,71.02595520019531
2005-06-15,731.2831420898438,70.82646942138672
2005-06-16,744.6692504882812,71.22547149658203
2005-06-17,741.19873046875,71.9736328125
2005-06-20,741.6947021484375,71.57461547851562
2005-06-21,726.8209228515625,71.82404327392578
2005-06-22,746.6524658203125,71.9736328125
2005-06-23,751.1143798828125,72.32279968261719
2005-06-24,740.702880859375,72.6220703125
2005-06-27,737.2324829101562,71.474853515625
2005-06-28,736.7366333007812,72.32279968261719
2005-06-29,746.1566772460938,72.17317199707031
2005-06-30,774.4166259765625,73.12081909179688
2005-07-01,782.8447265625,73.56970977783203
2005-07-04,781.3575439453125,74.41765594482422
2005-07-05,773.4248046875,74.5174331665039
2005-07-06,790.2815551757812,75.06608581542969
2005-07-07,773.920654296875,74.11837768554688
2005-07-08,789.2900390625,75.81425476074219
2005-07-11,789.2900390625,76.81179809570312
2005-07-12,781.3575439453125,76.71204376220703
2005-07-13,786.3153076171875,77.01131439208984
2005-07-14,771.9375,77.01131439208984
2005-07-15,770.4500122070312,76.71204376220703
2005-07-18,759.5428466796875,76.41277313232422
2005-07-19,755.5767211914062,76.46265411376953
2005-07-20,757.5597534179688,76.41277313232422
2005-07-21,769.954345703125,76.31299591064453
2005-07-22,783.3405151367188,77.01131439208984
2005-07-25,782.8447265625,77.51007080078125
2005-07-26,779.3742065429688,77.51007080078125
2005-07-27,788.7940673828125,77.80935668945312
2005-07-28,786.3153076171875,77.80935668945312
2005-07-29,793.2562255859375,77.8592300415039
2005-08-01,788.2982788085938,78.00885772705078
2005-08-02,778.382568359375,78.00885772705078
2005-08-03,804.659423828125,78.50763702392578
2005-08-04,802.180419921875,78.25823211669922
2005-08-05,803.6676635742188,78.40785217285156
2005-08-08,790.2815551757812,78.25823211669922
2005-08-09,797.7183837890625,78.457763671875
2005-08-10,798.7098999023438,79.00641632080078
2005-08-11,790.2815551757812,78.95653533935547
2005-08-12,776.399658203125,79.2059555053711
2005-08-15,779.8699340820312,79.15605926513672
2005-08-16,785.8195190429688,78.70713806152344
2005-08-17,785.8195190429688,78.35802459716797
2005-08-18,780.861572265625,77.65972900390625
2005-08-19,793.751953125,78.3081283569336
2005-08-22,792.760498046875,78.60741424560547
2005-08-23,832.9189453125,78.50763702392578
2005-08-24,855.2293090820312,78.0587387084961
2005-08-25,841.8433227539062,77.80935668945312
2005-08-26,839.3642578125,78.3081283569336
2005-08-29,839.3642578125,78.3081283569336
2005-08-30,833.4149780273438,78.3081283569336
2005-08-31,821.6333618164062,78.95653533935547
2005-09-01,820.1456909179688,79.50520324707031
2005-09-02,814.1954956054688,79.2059555053711
2005-09-05,811.2200927734375,78.90664672851562
2005-09-06,812.2120971679688,79.2059555053711
2005-09-07,825.1043701171875,79.60496520996094
2005-09-08,810.724365234375,79.2059555053711
2005-09-09,826.0960693359375,79.50520324707031
2005-09-12,822.6250610351562,80.2034912109375
2005-09-13,811.7162475585938,80.00398254394531
2005-09-14,800.3116455078125,80.00398254394531
2005-09-15,815.6830444335938,80.30322265625
2005-09-16,815.1873779296875,81.35066986083984
2005-09-19,822.1292724609375,81.50031280517578
2005-09-20,826.5918579101562,81.79956817626953
2005-09-21,812.2120971679688,80.90177154541016
2005-09-22,804.774169921875,81.40054321289062
2005-09-23,807.749267578125,82.24848937988281
2005-09-26,816.1788330078125,83.19615173339844
2005-09-27,837.9966430664062,83.2959213256836
2005-09-28,839.9800415039062,84.49296569824219
2005-09-29,840.4759521484375,84.69249725341797
2005-09-30,850.8887939453125,85.5404052734375
2005-10-03,862.2935791015625,85.49053192138672
2005-10-04,859.8141479492188,85.64016723632812
2005-10-05,839.4839477539062,84.04408264160156
2005-10-06,835.5172119140625,81.99909210205078
2005-10-07,848.4094848632812,81.20105743408203
2005-10-10,845.93017578125,81.40054321289062
2005-10-11,867.7479248046875,82.0489501953125
2005-10-12,852.8724365234375,81.60005950927734
2005-10-13,839.9800415039062,79.90420532226562
2005-10-14,839.9800415039062,80.35311889648438
2005-10-17,845.93017578125,79.80445861816406
2005-10-18,844.9385986328125,80.452880859375
2005-10-19,831.5504760742188,78.20840454101562
2005-10-20,837.0048217773438,78.457763671875
2005-10-21,828.07958984375,77.90910339355469
2005-10-24,830.062744140625,78.90664672851562
2005-10-25,828.07958984375,79.00641632080078
2005-10-26,842.955078125,79.90420532226562
2005-10-27,831.0546264648438,79.80445861816406
2005-10-28,823.1209106445312,79.35556030273438
2005-10-31,854.85546875,81.15115356445312
2005-11-01,876.6734008789062,81.10128784179688
2005-11-02,910.8873291015625,83.19615173339844
2005-11-03,912.375,84.79224395751953
2005-11-04,902.9537353515625,85.83968353271484
2005-11-07,933.2008056640625,86.73746490478516
2005-11-08,932.7050170898438,86.58782958984375
2005-11-09,919.8126831054688,86.19648742675781
2005-11-10,926.2589111328125,86.59551239013672
2005-11-11,942.1262817382812,87.19412231445312
2005-11-14,1033.3638916015625,87.59317779541016
2005-11-15,1044.768310546875,87.14422607421875
2005-11-16,1028.901611328125,87.19412231445312
2005-11-17,1024.4383544921875,88.19172668457031
2005-11-18,1029.396728515625,90.23692321777344
2005-11-21,1042.2894287109375,90.58609771728516
2005-11-22,1040.80126953125,90.88540649414062
2005-11-23,1049.2310791015625,91.58374786376953
2005-11-24,1075.0159912109375,91.58374786376953
2005-11-25,1090.8831787109375,91.58374786376953
2005-11-28,1075.0159912109375,91.43408966064453
2005-11-29,1097.8250732421875,91.4839859008789
2005-11-30,1095.8419189453125,88.98985290527344
2005-12-01,1095.8419189453125,90.3865737915039
2005-12-02,1125.5931396484375,91.1347885131836
2005-12-05,1134.5184326171875,91.38418579101562
2005-12-06,1129.06396484375,91.7333984375
2005-12-07,1130.0557861328125,91.78328704833984
2005-12-08,1117.659423828125,91.1847152709961
2005-12-09,1140.9644775390625,91.38418579101562
2005-12-12,1162.7822265625,90.78563690185547
2005-12-13,1171.2117919921875,90.78563690185547
2005-12-14,1151.3778076171875,91.7333984375
2005-12-15,1182.1202392578125,91.4839859008789
2005-12-16,1219.8055419921875,92.73102569580078
2005-12-19,1215.8389892578125,92.88066101074219
2005-12-20,1214.84716796875,92.68116760253906
2005-12-21,1221.78857421875,93.67876434326172
2005-12-22,1240.6314697265625,94.37715911865234
2005-12-23,1264.4329833984375,94.47691345214844
2005-12-26,1264.4329833984375,94.47691345214844
2005-12-27,1264.4329833984375,94.47691345214844
2005-12-28,1242.6148681640625,94.52680206298828
2005-12-29,1259.4739990234375,95.5743408203125
2005-12-30,1247.573486328125,94.97572326660156
2006-01-03,1250.548828125,95.87361145019531
2006-01-04,1286.25,96.97101593017578
2006-01-05,1259.4739990234375,96.57196807861328
2006-01-06,1264.4329833984375,96.57196807861328
2006-01-09,1263.4410400390625,97.17056274414062
2006-01-10,1249.556884765625,96.27267456054688
2006-01-11,1233.6898193359375,96.67173767089844
2006-01-12,1241.623291015625,97.17056274414062
2006-01-13,1228.730712890625,97.22044372558594
2006-01-16,1214.84716796875,97.27030181884766
2006-01-17,1205.9215087890625,96.87127685546875
2006-01-18,1191.046142578125,96.37244415283203
2006-01-19,1204.9300537109375,97.76913452148438
2006-01-20,1222.7808837890625,97.56959533691406
2006-01-23,1221.78857421875,96.57196807861328
2006-01-24,1211.8720703125,96.17292785644531
2006-01-25,1252.5318603515625,97.17056274414062
2006-01-26,1258.482421875,97.46985626220703
2006-01-27,1290.2174072265625,99.36534881591797
2006-01-30,1265.4241943359375,99.56490325927734
2006-01-31,1246.5816650390625,99.91407012939453
2006-02-01,1261.4578857421875,99.96392822265625
2006-02-02,1261.4578857421875,98.76677703857422
2006-02-03,1304.10107421875,98.51738739013672
2006-02-06,1338.811279296875,99.31550598144531
2006-02-07,1342.77783203125,99.56490325927734
2006-02-08,1351.7032470703125,98.61714172363281
2006-02-09,1388.39697265625,99.96392822265625
2006-02-10,1376.4959716796875,98.76677703857422
2006-02-13,1372.5291748046875,99.46512603759766
2006-02-14,1368.5626220703125,99.16582489013672
2006-02-15,1378.4793701171875,99.76441955566406
2006-02-16,1376.4959716796875,100.06371307373047
2006-02-17,1379.47119140625,100.96161651611328
2006-02-20,1379.47119140625,101.06136322021484
2006-02-21,1384.429931640625,101.7098159790039
2006-02-22,1404.2642822265625,101.21100616455078
2006-02-23,1410.21435546875,100.56253051757812
2006-02-24,1416.164306640625,100.86180877685547
2006-02-27,1404.2642822265625,101.36067199707031
2006-02-28,1384.429931640625,101.2608871459961
2006-03-01,1376.4959716796875,100.76207733154297
2006-03-02,1391.371826171875,100.96161651611328
2006-03-03,1385.422119140625,100.96161651611328
2006-03-06,1386.4134521484375,101.56019592285156
2006-03-07,1389.3880615234375,100.76207733154297
2006-03-08,1321.1395263671875,98.46746826171875
2006-03-09,1320.147705078125,99.81431579589844
2006-03-10,1325.10693359375,100.46279907226562
2006-03-13,1348.911376953125,101.7098159790039
2006-03-14,1343.9517822265625,101.75971221923828
2006-03-15,1343.9517822265625,102.05900573730469
2006-03-16,1381.641845703125,102.35829162597656
2006-03-17,1367.7559814453125,102.75737762451172
2006-03-20,1399.4952392578125,102.9568862915039
2006-03-21,1378.666259765625,102.65758514404297
2006-03-22,1377.675048828125,102.70746612548828
2006-03-23,1361.80517578125,102.55780792236328
2006-03-24,1366.764404296875,103.65522766113281
2006-03-27,1333.0413818359375,103.15642547607422
2006-03-28,1322.131103515625,102.9568862915039
2006-03-29,1321.1395263671875,102.9568862915039
2006-03-30,1306.26123046875,103.95452880859375
2006-03-31,1317.172119140625,104.0542984008789
2006-04-03,1312.212890625,104.1540756225586
2006-04-04,1317.172119140625,103.3559341430664
2006-04-05,1329.0738525390625,104.3037109375
2006-04-06,1351.8865966796875,104.40347290039062
2006-04-07,1336.017333984375,104.65287017822266
2006-04-10,1330.06591796875,104.60301208496094
2006-04-11,1288.4085693359375,103.55545806884766
2006-04-12,1288.4085693359375,102.9568862915039
2006-04-13,1298.3270263671875,103.55545806884766
2006-04-18,1332.0499267578125,103.40583801269531
2006-04-19,1338.9927978515625,104.95216369628906
2006-04-20,1338.9927978515625,104.35358428955078
2006-04-21,1341.9681396484375,104.75263977050781
2006-04-24,1334.0330810546875,104.25382232666016
2006-04-25,1341.9681396484375,104.55311584472656
2006-04-26,1333.0413818359375,104.75263977050781
2006-04-27,1328.0823974609375,104.35358428955078
2006-04-28,1299.3189697265625,103.3559341430664
2006-05-02,1299.3189697265625,103.3559341430664
2006-05-03,1307.2535400390625,102.9568862915039
2006-05-04,1327.09033203125,102.35829162597656
2006-05-05,1344.94384765625,103.7550048828125
2006-05-08,1335.0252685546875,104.1540756225586
2006-05-09,1322.131103515625,104.35358428955078
2006-05-10,1318.1639404296875,104.1540756225586
2006-05-11,1317.172119140625,103.45568084716797
2006-05-12,1266.587890625,98.5672836303711
2006-05-15,1243.775634765625,97.56959533691406
2006-05-16,1237.824462890625,98.41757202148438
2006-05-17,1191.2076416015625,94.37715911865234
2006-05-18,1138.6400146484375,94.77620697021484
2006-05-19,1190.215576171875,93.57903289794922
2006-05-22,1122.7701416015625,88.09200286865234
2006-05-23,1184.2646484375,94.07784271240234
2006-05-24,1169.38720703125,90.93524932861328
2006-05-25,1188.2322998046875,92.58139038085938
2006-05-26,1247.7427978515625,97.4199447631836
2006-05-30,1195.175048828125,91.93291473388672
2006-05-31,1190.215576171875,92.58139038085938
2006-06-01,1216.00390625,93.22984313964844
2006-06-02,1225.9222412109375,95.07550811767578
2006-06-05,1190.215576171875,93.82847595214844
2006-06-06,1160.460205078125,90.88540649414062
2006-06-07,1140.6234130859375,92.19173431396484
2006-06-08,1089.0472412109375,90.19625854492188
2006-06-09,1101.9415283203125,90.89468383789062
2006-06-12,1105.9085693359375,89.048828125
2006-06-13,1088.055419921875,86.20526885986328
2006-06-14,1097.97412109375,86.65425109863281
2006-06-15,1132.6885986328125,91.54319763183594
2006-06-16,1122.7701416015625,90.99444580078125
2006-06-19,1133.68017578125,91.14411163330078
2006-06-20,1133.68017578125,91.04432678222656
2006-06-21,1136.656005859375,91.79266357421875
2006-06-22,1183.2725830078125,92.69061279296875
2006-06-23,1199.14208984375,92.44119262695312
2006-06-26,1190.215576171875,92.24161529541016
2006-06-27,1190.215576171875,90.79491424560547
2006-06-28,1195.175048828125,91.89241027832031
2006-06-29,1218.97900390625,93.3890380859375
2006-06-30,1223.938720703125,95.28474426269531
2006-07-03,1238.8160400390625,95.48430633544922
2006-07-04,1256.6693115234375,95.28474426269531
2006-07-05,1232.864990234375,94.98543548583984
2006-07-06,1246.7508544921875,96.28252410888672
2006-07-07,1258.65283203125,96.28252410888672
2006-07-10,1269.5635986328125,95.18498229980469
2006-07-11,1238.8160400390625,94.98543548583984
2006-07-12,1243.775634765625,96.23260498046875
2006-07-13,1215.011962890625,94.93553161621094
2006-07-14,1178.3134765625,92.19173431396484
2006-07-17,1203.1092529296875,91.59308624267578
2006-07-18,1200.1337890625,91.39352416992188
2006-07-19,1234.8489990234375,94.08746337890625
2006-07-20,1245.75927734375,93.13959503173828
2006-07-21,1214.0201416015625,92.14186096191406
2006-07-24,1237.824462890625,93.03984832763672
2006-07-25,1241.791748046875,92.29150390625
2006-07-26,1246.7508544921875,93.18948364257812
2006-07-27,1267.580078125,93.3890380859375
2006-07-28,1260.63671875,94.58634185791016
2006-07-31,1269.5635986328125,94.38679504394531
2006-08-01,1273.530517578125,93.23936462402344
2006-08-02,1283.448974609375,93.23936462402344
2006-08-03,1231.873046875,92.14186096191406
2006-08-04,1241.791748046875,94.38679504394531
2006-08-07,1231.873046875,92.24161529541016
2006-08-08,1239.8082275390625,92.39128875732422
2006-08-09,1236.8321533203125,93.18948364257812
2006-08-10,1206.0850830078125,92.84028625488281
2006-08-11,1210.052490234375,92.39128875732422
2006-08-14,1220.962890625,93.98767852783203
2006-08-15,1239.8082275390625,94.08746337890625
2006-08-16,1259.6448974609375,94.53646850585938
2006-08-17,1265.5958251953125,93.83805084228516
2006-08-18,1248.7349853515625,95.78359985351562
2006-08-21,1265.5958251953125,94.68610382080078
2006-08-22,1249.726318359375,95.63394927978516
2006-08-23,1242.7833251953125,95.28474426269531
2006-08-24,1231.873046875,95.5841064453125
2006-08-25,1230.8814697265625,95.18498229980469
2006-08-29,1228.8974609375,95.53421020507812
2006-08-30,1236.969970703125,96.38229370117188
2006-08-31,1234.9864501953125,95.38451385498047
2006-09-01,1233.99462890625,97.52967834472656
2006-09-04,1264.745361328125,97.42990112304688
2006-09-05,1258.7930908203125,97.67933654785156
2006-09-06,1251.849853515625,96.78136444091797
2006-09-07,1220.10693359375,96.18272399902344
2006-09-08,1227.0506591796875,96.53189849853516
2006-09-11,1232.0103759765625,96.38229370117188
2006-09-12,1247.8817138671875,95.78359985351562
2006-09-13,1260.777099609375,95.88341522216797
2006-09-14,1274.664306640625,97.08070373535156
2006-09-15,1301.447509765625,97.38001251220703
2006-09-18,1307.399169921875,97.97865295410156
2006-09-19,1301.447509765625,97.18050384521484
2006-09-20,1297.4796142578125,97.77911376953125
2006-09-21,1304.42333984375,97.97865295410156
2006-09-22,1282.60009765625,95.5841064453125
2006-09-25,1288.5518798828125,95.38451385498047
2006-09-26,1298.4715576171875,96.38229370117188
2006-09-27,1330.2142333984375,96.48206329345703
2006-09-28,1326.246337890625,96.78136444091797
2006-09-29,1327.2381591796875,98.17823028564453
2006-10-02,1326.246337890625,97.5795669555664
2006-10-03,1314.3426513671875,97.18050384521484
2006-10-04,1307.399169921875,96.98091888427734
2006-10-05,1315.3350830078125,98.37776184082031
2006-10-06,1313.3504638671875,98.47753143310547
2006-10-09,1311.366943359375,98.77684783935547
2006-10-10,1309.383056640625,100.57279968261719
2006-10-11,1311.366943359375,99.77460479736328
2006-10-12,1326.246337890625,101.72020721435547
2006-10-13,1327.2381591796875,102.76783752441406
2006-10-16,1328.2305908203125,103.5660400390625
2006-10-17,1300.455810546875,101.67031860351562
2006-10-18,1328.2305908203125,103.0671615600586
2006-10-19,1313.3504638671875,102.61817169189453
2006-10-20,1310.3748779296875,102.86763000488281
2006-10-23,1311.366943359375,103.16696166992188
2006-10-24,1319.3026123046875,103.16696166992188
2006-10-25,1315.3350830078125,103.5660400390625
2006-10-26,1325.254638671875,103.36648559570312
2006-10-27,1317.319091796875,102.76783752441406
2006-10-30,1320.294677734375,102.16922760009766
2006-10-31,1324.2623291015625,102.16922760009766
2006-11-01,1315.3350830078125,102.96739959716797
2006-11-02,1324.2623291015625,102.3687515258789
2006-11-03,1320.294677734375,102.66805267333984
2006-11-06,1337.15771484375,103.36648559570312
2006-11-07,1341.1258544921875,104.41411590576172
2006-11-08,1339.1419677734375,103.37538146972656
2006-11-09,1334.1815185546875,103.37538146972656
2006-11-10,1370.8843994140625,103.47515869140625
2006-11-13,1390.7232666015625,103.62483978271484
2006-11-14,1391.7156982421875,103.77455139160156
2006-11-15,1414.5303955078125,104.52290344238281
2006-11-16,1430.402099609375,105.2712631225586
2006-11-17,1406.5947265625,104.67259216308594
2006-11-20,1401.63525390625,104.5727767944336
2006-11-21,1403.6187744140625,104.27345275878906
2006-11-22,1385.7640380859375,103.77455139160156
2006-11-23,1372.8682861328125,103.97408294677734
2006-11-24,1369.8924560546875,103.57495880126953
2006-11-27,1375.84423828125,101.87864685058594
2006-11-28,1368.900634765625,101.18014526367188
2006-11-29,1408.578857421875,102.77667999267578
2006-11-30,1448.257080078125,102.67689514160156
2006-12-01,1449.2490234375,102.17798614501953
2006-12-04,1457.184814453125,102.97627258300781
2006-12-05,1468.09619140625,102.77667999267578
2006-12-06,1501.8228759765625,103.07603454589844
2006-12-07,1501.8228759765625,103.77455139160156
2006-12-08,1497.8548583984375,104.67259216308594
2006-12-11,1481.9833984375,104.17364501953125
2006-12-12,1458.176513671875,103.77455139160156
2006-12-13,1475.039794921875,103.77455139160156
2006-12-14,1484.959716796875,104.17364501953125
2006-12-15,1481.9833984375,105.52073669433594
2006-12-18,1477.0238037109375,105.57061004638672
2006-12-19,1491.9033203125,104.77236938476562
2006-12-20,1495.870849609375,104.5727767944336
2006-12-21,1488.92724609375,104.4729995727539
2006-12-22,1476.0316162109375,104.37322235107422
2006-12-27,1498.8468017578125,104.67259216308594
2006-12-28,1497.8548583984375,104.77236938476562
2006-12-29,1513.72607421875,104.77236938476562
2007-01-02,1530.5892333984375,106.06954956054688
2007-01-03,1520.669677734375,106.16935729980469
2007-01-04,1506.7825927734375,105.77019500732422
2007-01-05,1485.9515380859375,105.07170867919922
2007-01-08,1468.09619140625,104.97193908691406
2007-01-09,1470.080322265625,104.5727767944336
2007-01-10,1460.1602783203125,103.77455139160156
2007-01-11,1445.2811279296875,104.4729995727539
2007-01-12,1426.43408203125,103.97408294677734
2007-01-15,1431.393798828125,105.2712631225586
2007-01-16,1396.67529296875,105.2712631225586
2007-01-17,1388.7398681640625,103.77455139160156
2007-01-18,1417.5062255859375,103.87429809570312
2007-01-19,1418.4984130859375,104.17364501953125
2007-01-22,1406.5947265625,104.07388305664062
2007-01-23,1406.5947265625,104.37322235107422
2007-01-24,1440.3214111328125,106.16935729980469
2007-01-25,1416.51416015625,105.96975708007812
2007-01-26,1402.626953125,105.57061004638672
2007-01-29,1396.67529296875,105.67041015625
2007-01-30,1384.771728515625,105.67041015625
2007-01-31,1374.852294921875,105.4708480834961
2007-02-01,1403.6187744140625,106.5684585571289
2007-02-02,1420.4820556640625,106.76801300048828
2007-02-05,1411.5545654296875,107.36669158935547
2007-02-06,1423.4581298828125,107.36669158935547
2007-02-07,1425.442138671875,107.56629180908203
2007-02-08,1408.578857421875,107.56629180908203
2007-02-09,1394.691650390625,108.16499328613281
2007-02-12,1380.8040771484375,107.86563873291016
2007-02-13,1375.84423828125,107.96542358398438
2007-02-14,1384.771728515625,108.56412506103516
2007-02-15,1383.780029296875,109.1628189086914
2007-02-16,1368.900634765625,109.76152038574219
2007-02-19,1369.8924560546875,109.86129760742188
2007-02-20,1355.0130615234375,109.9610824584961
2007-02-21,1364.9326171875,109.462158203125
2007-02-22,1386.755859375,109.86129760742188
2007-02-23,1412.546630859375,109.86129760742188
2007-02-26,1461.152587890625,109.76152038574219
2007-02-27,1403.6187744140625,107.16716003417969
2007-02-28,1384.771728515625,104.77236938476562
2007-03-01,1388.7398681640625,102.67689514160156
2007-03-02,1377.8284912109375,103.57495880126953
2007-03-05,1341.1258544921875,102.57711791992188
2007-03-06,1361.956787109375,102.77667999267578
2007-03-07,1368.2342529296875,104.17364501953125
2007-03-08,1383.11767578125,105.8699722290039
2007-03-09,1411.8909912109375,106.16935729980469
2007-03-12,1392.0467529296875,106.5684585571289
2007-03-13,1353.3516845703125,105.77019500732422
2007-03-14,1309.6951904296875,101.37970733642578
2007-03-15,1355.3358154296875,103.57495880126953
2007-03-16,1354.34375,103.37538146972656
2007-03-19,1370.2186279296875,104.77236938476562
2007-03-20,1371.2110595703125,105.17150115966797
2007-03-21,1397.00830078125,105.96975708007812
2007-03-22,1395.0235595703125,107.46646118164062
2007-03-23,1389.0704345703125,107.56629180908203
2007-03-26,1425.781494140625,106.96758270263672
2007-03-27,1402.96142578125,107.36669158935547
2007-03-28,1391.0546875,107.36669158935547
2007-03-29,1409.906494140625,107.56629180908203
2007-03-30,1395.0235595703125,108.16499328613281
2007-04-02,1411.8909912109375,107.96542358398438
2007-04-03,1434.7115478515625,108.36454010009766
2007-04-04,1436.69580078125,108.96324920654297
2007-04-05,1453.5628662109375,109.1628189086914
2007-04-10,1454.555419921875,110.06087493896484
2007-04-11,1435.7032470703125,110.45999145507812
2007-04-12,1424.789306640625,110.5597915649414
2007-04-13,1417.8441162109375,110.5597915649414
2007-04-16,1433.7191162109375,112.15630340576172
2007-04-17,1427.7659912109375,111.8569564819336
2007-04-18,1418.836181640625,111.95671844482422
2007-04-19,1393.0391845703125,111.15848541259766
2007-04-20,1398.9925537109375,112.75497436523438
2007-04-23,1395.0235595703125,112.55542755126953
2007-04-24,1381.133056640625,112.15630340576172
2007-04-25,1363.273681640625,112.95457458496094
2007-04-26,1357.320556640625,114.15196990966797
2007-04-27,1344.422119140625,114.4513168334961
2007-04-30,1336.4844970703125,114.3515396118164
2007-05-01,1334.5,112.55542755126953
2007-05-02,1375.1796875,114.15196990966797
2007-05-03,1364.265869140625,114.65089416503906
2007-05-04,1394.031494140625,115.7485122680664
2007-05-08,1372.2034912109375,114.85047149658203
2007-05-09,1362.28125,115.54894256591797
2007-05-10,1365.257568359375,114.4513168334961
2007-05-11,1390.0626220703125,114.75064849853516
2007-05-14,1384.1094970703125,115.24960327148438
2007-05-15,1398.9925537109375,115.44918060302734
2007-05-16,1401.968994140625,115.64871978759766
2007-05-17,1406.93017578125,116.94586944580078
2007-05-18,1408.91455078125,117.74415588378906
2007-05-21,1416.85205078125,117.74415588378906
2007-05-22,1420.8206787109375,117.14546203613281
2007-05-23,1404.9454345703125,117.74415588378906
2007-05-24,1356.328369140625,116.94586944580078
2007-05-25,1335.491943359375,115.94806671142578
2007-05-29,1347.3985595703125,117.34506225585938
2007-05-30,1341.445068359375,116.5467758178711
2007-05-31,1355.3358154296875,117.34506225585938
2007-06-01,1361.2891845703125,118.94158935546875
2007-06-04,1343.4295654296875,119.73983001708984
2007-06-05,1308.703125,119.54025268554688
2007-06-06,1276.952392578125,117.45458984375
2007-06-07,1230.3194580078125,116.756103515625
2007-06-08,1235.2802734375,116.55651092529297
2007-06-11,1219.4056396484375,117.35486602783203
2007-06-12,1244.2103271484375,116.756103515625
2007-06-13,1222.3818359375,117.05545806884766
2007-06-14,1234.28857421875,118.55231475830078
2007-06-15,1266.038330078125,121.84546661376953
2007-06-18,1223.3741455078125,122.04505157470703
2007-06-19,1206.50732421875,121.94524383544922
2007-06-20,1212.4600830078125,121.34650421142578
2007-06-21,1197.5771484375,119.74982452392578
2007-06-22,1193.6083984375,119.45045471191406
2007-06-25,1180.710205078125,118.15316772460938
2007-06-26,1160.8660888671875,118.15316772460938
2007-06-27,1148.959716796875,117.95356750488281
2007-06-28,1146.9755859375,118.95149993896484
2007-06-29,1148.959716796875,119.25089263916016
2007-07-02,1163.8428955078125,119.65005493164062
2007-07-03,1189.6395263671875,120.14900970458984
2007-07-04,1200.5538330078125,120.74772644042969
2007-07-05,1192.6162109375,120.94732666015625
2007-07-06,1204.5225830078125,122.34440612792969
2007-07-09,1154.912841796875,122.64376068115234
2007-07-10,1141.0223388671875,122.44416809082031
2007-07-11,1134.07666015625,121.54607391357422
2007-07-12,1159.874267578125,122.74356842041016
2007-07-13,1157.8896484375,124.539794921875
2007-07-16,1144.99072265625,125.73731994628906
2007-07-17,1117.20947265625,124.14064025878906
2007-07-18,1115.2252197265625,122.54399108886719
2007-07-19,1165.826904296875,123.44210815429688
2007-07-20,1174.7568359375,123.34229278564453
2007-07-23,1154.912841796875,122.84335327148438
2007-07-24,1128.12353515625,121.54607391357422
2007-07-25,1108.27978515625,120.54816436767578
2007-07-26,1069.5843505859375,118.15316772460938
2007-07-27,1090.42041015625,116.756103515625
2007-07-30,1092.4046630859375,117.65418243408203
2007-07-31,1151.9361572265625,119.55023956298828
2007-08-01,1134.07666015625,116.25711822509766
2007-08-02,1157.8896484375,116.85587310791016
2007-08-03,1133.084716796875,117.25504302978516
2007-08-06,1154.912841796875,115.55858612060547
2007-08-07,1188.647216796875,117.55441284179688
2007-08-08,1228.335205078125,119.15106964111328
2007-08-09,1235.2802734375,118.35273742675781
2007-08-10,1182.6943359375,115.159423828125
2007-08-13,1222.3818359375,118.35273742675781
2007-08-14,1201.5462646484375,117.75399017333984
2007-08-15,1246.19482421875,114.9598388671875
2007-08-16,1210.4755859375,111.56694793701172
2007-08-17,1263.061767578125,113.96190643310547
2007-08-20,1240.2413330078125,111.96607208251953
2007-08-21,1213.45263671875,110.76856994628906
2007-08-22,1243.2181396484375,111.66670227050781
2007-08-23,1213.45263671875,113.7623291015625
2007-08-24,1197.5771484375,114.7602310180664
2007-08-28,1154.912841796875,113.06379699707031
2007-08-29,1146.1654052734375,113.86210632324219
2007-08-30,1154.104248046875,115.3590087890625
2007-08-31,1148.1500244140625,116.95562744140625
2007-09-03,1148.1500244140625,116.95562744140625
2007-09-04,1137.2340087890625,118.75189971923828
2007-09-05,1119.3719482421875,118.05335235595703
2007-09-06,1110.4407958984375,118.05335235595703
2007-09-07,1079.6778564453125,116.35692596435547
2007-09-10,1068.761962890625,114.361083984375
2007-09-11,1088.6090087890625,115.75817108154297
2007-09-12,1093.570556640625,117.05545806884766
2007-09-13,1079.6778564453125,118.75189971923828
2007-09-14,1008.2285766601562,119.15106964111328
2007-09-17,938.7637329101562,118.35273742675781
2007-09-18,933.8023681640625,120.54816436767578
2007-09-19,981.4348754882812,126.03668975830078
2007-09-20,931.8175659179688,125.9368896484375
2007-09-21,925.8633422851562,126.83503723144531
2007-09-24,899.566162109375,126.63545227050781
2007-09-25,886.16943359375,125.53772735595703
2007-09-26,903.0392456054688,126.33607482910156
2007-09-27,945.71044921875,128.53147888183594
2007-09-28,956.6265258789062,129.329833984375
2007-10-01,984.9083251953125,128.9306182861328
2007-10-02,1042.960693359375,129.329833984375
2007-10-03,1076.7008056640625,130.02833557128906
2007-10-04,1058.83837890625,130.22792053222656
2007-10-05,1041.968017578125,130.82675170898438
2007-10-08,1032.044921875,131.32565307617188
2007-10-09,1007.2362060546875,133.32150268554688
2007-10-10,1037.0064697265625,133.32150268554688
2007-10-11,995.3278198242188,135.51686096191406
2007-10-12,968.5345458984375,134.7185821533203
2007-10-15,959.107177734375,134.11976623535156
2007-10-16,960.5956420898438,133.1218719482422
2007-10-17,978.9541625976562,134.21963500976562
2007-10-18,952.656982421875,133.32150268554688
2007-10-19,963.5726928710938,132.22372436523438
2007-10-22,941.740966796875,128.8308868408203
2007-10-23,980.93896484375,128.8308868408203
2007-10-24,965.0611572265625,127.93267822265625
2007-10-25,974.9848022460938,129.4295654296875
2007-10-26,982.4274291992188,131.5252227783203
2007-10-29,973.0,132.9223175048828
2007-10-30,990.3661499023438,132.72265625
2007-10-31,1040.976318359375,132.822509765625
2007-11-01,1002.2744140625,132.12396240234375
2007-11-02,994.3355712890625,130.82675170898438
2007-11-05,969.0303955078125,128.53147888183594
2007-11-06,952.656982421875,128.23208618164062
2007-11-07,906.0164184570312,126.4456787109375
2007-11-08,878.7268676757812,125.3479232788086
2007-11-09,857.3910522460938,124.94872283935547
2007-11-12,868.3070678710938,126.94469451904297
2007-11-13,848.4600219726562,125.1483154296875
2007-11-14,863.3450927734375,126.14630126953125
2007-11-15,842.0098266601562,127.44369506835938
2007-11-16,821.6666870117188,126.54551696777344
2007-11-19,782.9650268554688,123.05253601074219
2007-11-20,792.8883056640625,124.0505142211914
2007-11-21,746.2477416992188,120.6573486328125
2007-11-22,748.232666015625,121.755126953125
2007-11-23,787.926513671875,122.25411987304688
2007-11-26,764.1103515625,121.15634155273438
2007-11-27,743.7670288085938,120.25812530517578
2007-11-28,773.0414428710938,124.34991455078125
2007-11-29,767.0872192382812,126.54551696777344
2007-11-30,792.8883056640625,128.94065856933594
2007-12-03,782.4686279296875,127.44369506835938
2007-12-04,753.6904907226562,126.4456787109375
2007-12-05,789.9113159179688,129.24009704589844
2007-12-06,744.7593383789062,130.93663024902344
2007-12-07,787.926513671875,132.73300170898438
2007-12-10,824.1474609375,132.83285522460938
2007-12-11,814.2238159179688,133.23207092285156
2007-12-12,817.2009887695312,133.1322479248047
2007-12-13,778.9955444335938,129.73907470703125
2007-12-14,774.03369140625,130.2380828857422
2007-12-17,778.0032958984375,127.74308013916016
2007-12-18,763.1177978515625,126.34589385986328
2007-12-19,781.9724731445312,126.14630126953125
2007-12-20,769.5680541992188,127.44369506835938
2007-12-21,759.1484985351562,132.03448486328125
2007-12-24,789.9113159179688,132.33384704589844
2007-12-27,784.453369140625,131.03640747070312
2007-12-28,794.8731079101562,132.73300170898438
2007-12-31,793.880859375,134.1302032470703
2008-01-02,777.0108642578125,132.73300170898438
2008-01-03,740.2937622070312,133.23207092285156
2008-01-04,719.4544677734375,129.9386444091797
2008-01-07,679.7603759765625,130.33787536621094
2008-01-08,646.5166015625,130.53741455078125
2008-01-09,640.06640625,128.1422882080078
2008-01-10,640.06640625,127.44369506835938
2008-01-11,686.2108154296875,126.84490203857422
2008-01-14,733.3473510742188,128.04251098632812
2008-01-15,710.5233764648438,125.04851531982422
2008-01-16,724.4161376953125,121.5555191040039
2008-01-17,746.2477416992188,120.1583480834961
2008-01-18,761.6292724609375,119.85894012451172
2008-01-21,753.1943969726562,112.07460021972656
2008-01-22,811.7428588867188,115.7671890258789
2008-01-23,818.1932983398438,113.1723861694336
2008-01-24,880.2153930664062,119.5595474243164
2008-01-25,819.6817626953125,116.86497497558594
2008-01-28,784.453369140625,116.66535949707031
2008-01-29,800.8272094726562,119.5595474243164
2008-01-30,796.3616333007812,118.76115417480469
2008-01-31,765.1025390625,119.35993194580078
2008-02-01,785.9418334960938,119.7591323852539
2008-02-04,783.9570922851562,120.55754089355469
2008-02-05,726.4009399414062,119.16035461425781
2008-02-06,725.4083862304688,120.75713348388672
2008-02-07,711.5155029296875,116.36595153808594
2008-02-08,702.58447265625,117.6633529663086
2008-02-11,709.0347290039062,117.2641830444336
2008-02-12,739.7977294921875,118.76115417480469
2008-02-13,720.4468383789062,119.65937805175781
2008-02-14,708.53857421875,121.85491943359375
2008-02-15,696.134033203125,119.95877075195312
2008-02-18,712.5078735351562,122.25411987304688
2008-02-19,734.3396606445312,122.95272064208984
2008-02-20,700.1034545898438,121.85491943359375
2008-02-21,718.9581909179688,123.05253601074219
2008-02-22,710.5233764648438,121.35594177246094
2008-02-25,757.6598510742188,124.0505142211914
2008-02-26,754.6830444335938,125.3479232788086
2008-02-27,764.1103515625,125.54749298095703
2008-02-28,736.3241577148438,123.25215148925781
2008-02-29,731.362548828125,121.35594177246094
2008-03-03,716.4774169921875,120.1583480834961
2008-03-04,703.5768432617188,117.96276092529297
2008-03-05,697.9447021484375,119.5595474243164
2008-03-06,693.4769897460938,118.46174621582031
2008-03-07,702.4122924804688,117.86296844482422
2008-03-10,672.1314697265625,114.96878814697266
2008-03-11,674.1171264648438,113.77118682861328
2008-03-12,702.9086303710938,115.7671890258789
2008-03-13,677.0956420898438,115.26820373535156
2008-03-14,685.0381469726562,114.07058715820312
2008-03-17,655.7501831054688,110.87702178955078
2008-03-18,698.9375,113.57158660888672
2008-03-19,675.1099243164062,115.56758117675781
2008-03-20,693.4769897460938,111.6753921508789
2008-03-25,764.462890625,115.56758117675781
2008-03-26,732.196533203125,112.97279357910156
2008-03-27,783.8225708007812,114.17039489746094
2008-03-28,744.1102294921875,116.56558227539062
2008-03-31,759.4988403320312,119.7591323852539
2008-04-01,787.793701171875,124.7491226196289
2008-04-02,772.4052124023438,123.5515365600586
2008-04-03,735.6714477539062,121.85491943359375
2008-04-04,713.82958984375,121.95474243164062
2008-04-07,700.9229125976562,123.45170593261719
2008-04-08,682.0596923828125,123.1523208618164
2008-04-09,685.0381469726562,124.15030670166016
2008-04-10,687.52001953125,122.75313568115234
2008-04-11,678.08837890625,122.55355072021484
2008-04-14,670.1459350585938,120.75713348388672
2008-04-15,654.260986328125,123.1523208618164
2008-04-16,677.0956420898438,124.84889221191406
2008-04-17,654.260986328125,124.94872283935547
2008-04-18,682.5562744140625,126.14630126953125
2008-04-21,693.9733276367188,124.84889221191406
2008-04-22,657.2393188476562,127.74308013916016
2008-04-23,645.32568359375,128.94065856933594
2008-04-24,604.1242065429688,128.34190368652344
2008-04-25,593.2032470703125,128.34190368652344
2008-04-28,598.1673583984375,130.1382598876953
2008-04-29,576.8220825195312,129.0404510498047
2008-04-30,575.3327026367188,130.33787536621094
2008-05-01,560.9368896484375,129.43963623046875
2008-05-02,577.814697265625,132.23403930664062
2008-05-06,584.2681274414062,132.63327026367188
2008-05-07,616.0377807617188,133.83087158203125
2008-05-08,635.397705078125,135.12823486328125
2008-05-09,600.1528930664062,133.23207092285156
2008-05-12,595.6851806640625,134.32984924316406
2008-05-13,576.3255004882812,132.83285522460938
2008-05-14,546.5413208007812,135.72705078125
2008-05-15,552.4982299804688,137.922607421875
2008-05-16,554.4837036132812,139.31982421875
2008-05-19,551.0089111328125,141.71499633789062
2008-05-20,550.5125732421875,136.92466735839844
2008-05-21,537.60595703125,137.32383728027344
2008-05-22,522.2174072265625,137.922607421875
2008-05-23,510.30377197265625,134.92864990234375
2008-05-27,505.33966064453125,135.12823486328125
2008-05-28,509.8074645996094,134.72903442382812
2008-05-29,483.99420166015625,136.2260284423828
2008-05-30,478.0375061035156,136.72503662109375
2008-06-02,463.8899841308594,134.52943420410156
2008-06-03,452.72088623046875,135.92662048339844
2008-06-04,451.47979736328125,134.44009399414062
2008-06-05,459.918701171875,135.43817138671875
2008-06-06,444.03375244140625,134.14065551757812
2008-06-09,425.666748046875,132.74334716796875
2008-06-10,384.71343994140625,132.14454650878906
2008-06-11,373.2960510253906,130.54759216308594
2008-06-12,370.06951904296875,130.54759216308594
2008-06-13,408.5408935546875,131.54571533203125
2008-06-16,418.220703125,130.34803771972656
2008-06-17,410.030029296875,133.94110107421875
2008-06-18,376.7709655761719,132.9429931640625
2008-06-19,376.7709655761719,132.04476928710938
2008-06-20,368.08392333984375,130.9468231201172
2008-06-23,352.4471435546875,129.94876098632812
2008-06-24,335.32122802734375,128.95069885253906
2008-06-25,336.5621643066406,129.34999084472656
2008-06-26,299.8282775878906,125.5572738647461
2008-06-27,311.74200439453125,124.75884246826172
2008-06-30,313.72760009765625,124.3595962524414
2008-07-01,289.40380859375,123.2617416381836
2008-07-02,238.27415466308594,120.76654052734375
2008-07-03,227.35324096679688,119.16960906982422
2008-07-04,234.3029022216797,116.97386169433594
2008-07-07,226.36044311523438,118.17155456542969
2008-07-08,234.0546875,116.3750228881836
2008-07-09,245.96841430664062,115.97579956054688
2008-07-10,255.15188598632812,113.78004455566406
2008-07-11,245.96841430664062,111.7839126586914
2008-07-14,245.72019958496094,113.97967529296875
2008-07-15,242.98995971679688,110.98542785644531
2008-07-16,256.39288330078125,110.3866195678711
2008-07-17,289.90020751953125,114.87792205810547
2008-07-18,334.08013916015625,115.376953125
2008-07-21,354.9291687011719,115.6763687133789
2008-07-22,323.9038391113281,115.376953125
2008-07-23,352.69537353515625,115.97579956054688
2008-07-24,346.2420349121094,114.97774505615234
2008-07-25,330.6053771972656,114.77809143066406
2008-07-28,310.7491760253906,113.38079833984375
2008-07-29,309.2598571777344,112.58236694335938
2008-07-30,308.0188903808594,114.77809143066406
2008-07-31,286.673583984375,116.3750228881836
2008-08-01,292.3822326660156,116.3750228881836
2008-08-04,309.2598571777344,114.67829132080078
2008-08-05,363.3680725097656,112.38276672363281
2008-08-06,337.0585632324219,114.17929077148438
2008-08-07,346.4903259277344,114.17929077148438
2008-08-08,367.091064453125,115.376953125
2008-08-11,407.5480041503906,117.1734848022461
2008-08-12,386.45086669921875,115.6763687133789
2008-08-13,356.170166015625,116.17544555664062
2008-08-14,341.27813720703125,117.1734848022461
2008-08-15,349.2205810546875,116.97386169433594
2008-08-18,329.6124572753906,116.67443084716797
2008-08-19,302.8066711425781,112.58236694335938
2008-08-20,296.3533935546875,114.17929077148438
2008-08-21,324.6484680175781,114.57850646972656
2008-08-22,357.4111328125,117.47289276123047
2008-08-26,351.95074462890625,116.07562255859375
2008-08-27,346.2420349121094,115.07754516601562
2008-08-28,373.2960510253906,119.36922454833984
2008-08-29,370.8140869140625,118.57078552246094
2008-09-01,382.4794921875,118.37117767333984
2008-09-02,421.1991882324219,120.86632537841797
2008-09-03,399.6527404785156,120.56693267822266
2008-09-04,385.0069885253906,115.77619934082031
2008-09-05,381.0353088378906,111.38465881347656
2008-09-08,417.0287780761719,115.77619934082031
2008-09-09,428.44744873046875,112.7819595336914
2008-09-10,419.5111999511719,109.18890380859375
2008-09-11,382.77294921875,109.28874969482422
2008-09-12,397.4186096191406,109.7877426147461
2008-09-15,357.45330810546875,104.99702453613281
2008-09-16,380.29058837890625,100.80514526367188
2008-09-17,358.6944274902344,97.51148986816406
2008-09-18,390.964599609375,96.56332397460938
2008-09-19,432.1709289550781,104.79742431640625
2008-09-22,422.9864196777344,103.59973907470703
2008-09-23,415.0429382324219,102.10260772705078
2008-09-24,438.6249694824219,103.40011596679688
2008-09-25,424.22760009765625,102.80128479003906
2008-09-26,403.87255859375,99.80706024169922
2008-09-29,369.6165771484375,89.87625885009766
2008-09-30,395.4327087402344,91.62286376953125
2008-10-01,382.5246887207031,90.0259780883789
2008-10-02,390.46795654296875,94.0681381225586
2008-10-03,396.6737976074219,96.014404296875
2008-10-06,366.38958740234375,90.92422485351562
2008-10-07,370.1131591796875,86.7822265625
2008-10-08,397.9150695800781,77.00114440917969
2008-10-09,403.87255859375,77.0510482788086
2008-10-10,364.90020751953125,70.26415252685547
2008-10-13,374.5812683105469,73.85721588134766
2008-10-14,338.5877380371094,74.65565490722656
2008-10-15,303.5870666503906,71.01272583007812
2008-10-16,275.28863525390625,68.86686706542969
2008-10-17,236.56455993652344,68.61732482910156
2008-10-20,199.32984924316406,69.06649780273438
2008-10-21,234.57872009277344,70.81311798095703
2008-10-22,240.53628540039062,65.4734115600586
2008-10-23,234.826904296875,63.67689514160156
2008-10-24,215.71315002441406,58.88616943359375
2008-10-27,225.64239501953125,56.640499114990234
2008-10-28,212.98260498046875,54.14534378051758
2008-10-29,249.22438049316406,59.88422775268555
2008-10-30,269.82763671875,63.77672576904297
2008-10-31,297.8777160644531,65.87265014648438
2008-11-03,318.48101806640625,69.76512908935547
2008-11-04,349.26165771484375,75.10480499267578
2008-11-05,320.4667663574219,77.25067901611328
2008-11-06,334.36773681640625,73.25836181640625
2008-11-07,340.57354736328125,72.26030731201172
2008-11-10,303.09063720703125,73.65763092041016
2008-11-11,273.5510559082031,69.11638641357422
2008-11-12,252.20315551757812,67.88211059570312
2008-11-13,241.52923583984375,66.08525085449219
2008-11-14,238.3022003173828,67.28317260742188
2008-11-17,245.252685546875,66.28489685058594
2008-11-18,245.99737548828125,64.83743286132812
2008-11-19,218.94015502929688,61.2935791015625
2008-11-20,223.9047393798828,57.45024871826172
2008-11-21,232.0963897705078,51.56047058105469
2008-11-24,239.7915496826172,56.30223846435547
2008-11-25,219.4365997314453,61.2935791015625
2008-11-26,223.4083251953125,60.99409484863281
2008-11-27,226.88352966308594,63.58958435058594
2008-11-28,214.22372436523438,63.68939971923828
2008-12-01,208.26620483398438,60.49496841430664
2008-12-02,201.06747436523438,61.7427978515625
2008-12-03,182.45010375976562,62.6412239074707
2008-12-04,187.4147491455078,60.89427185058594
2008-12-05,197.5922393798828,57.5999870300293
2008-12-08,219.68487548828125,62.09217834472656
2008-12-09,238.3022003173828,67.33306884765625
2008-12-10,239.54335021972656,68.08180236816406
2008-12-11,235.57167053222656,68.08180236816406
2008-12-12,236.8127899169922,65.73584747314453
2008-12-15,237.30929565429688,66.88387298583984
2008-12-16,237.80569458007812,66.93377685546875
2008-12-17,243.26683044433594,68.88037872314453
2008-12-18,251.9549102783203,71.17640686035156
2008-12-19,233.0893096923828,69.62910461425781
2008-12-22,238.3022003173828,68.88037872314453
2008-12-23,250.21731567382812,68.23152923583984
2008-12-24,240.28799438476562,68.28144073486328
2008-12-29,234.826904296875,68.5809097290039
2008-12-30,232.0963897705078,69.4793701171875
2008-12-31,228.1246795654297,72.07484436035156
2009-01-02,248.97616577148438,73.27275085449219
2009-01-05,262.1324768066406,74.37086486816406
2009-01-06,262.3807067871094,76.6668701171875
2009-01-07,277.7709045410156,74.96983337402344
2009-01-08,290.92718505859375,73.472412109375
2009-01-09,288.6932067871094,71.87520599365234
2009-01-12,297.38128662109375,72.27449798583984
2009-01-13,298.12603759765625,69.22978973388672
2009-01-14,291.1755065917969,68.23152923583984
2009-01-15,292.1683654785156,64.38821411132812
2009-01-16,295.3953857421875,65.38648986816406
2009-01-19,285.962646484375,66.08525085449219
2009-01-20,278.7639465332031,65.23670959472656
2009-01-21,287.9485168457031,63.38993453979492
2009-01-22,280.2532958984375,65.28662872314453
2009-01-23,268.3382263183594,65.58612060546875
2009-01-26,291.4237365722656,68.88037872314453
2009-01-27,291.4237365722656,66.28489685058594
2009-01-28,304.5799560546875,66.68421173095703
2009-01-29,285.71441650390625,67.48284149169922
2009-01-30,286.70733642578125,66.13516235351562
2009-02-02,282.7356262207031,64.937255859375
2009-02-03,292.91314697265625,66.28489685058594
2009-02-04,316.246826171875,66.13516235351562
2009-02-05,315.5021057128906,66.63429260253906
2009-02-06,338.3394775390625,67.78230285644531
2009-02-09,351.2475280761719,70.22807312011719
2009-02-10,322.94915771484375,68.9302978515625
2009-02-11,319.7221374511719,68.5809097290039
2009-02-12,327.1690368652344,68.18161010742188
2009-02-13,329.89959716796875,68.5809097290039
2009-02-16,316.246826171875,68.08180236816406
2009-02-17,299.11895751953125,66.48454284667969
2009-02-18,309.0482482910156,64.68770599365234
2009-02-19,295.3953857421875,63.48976516723633
2009-02-20,283.2321472167969,60.59477996826172
2009-02-23,294.154296875,59.846092224121094
2009-02-24,292.1683654785156,58.24885177612305
2009-02-25,314.7574768066406,59.097381591796875
2009-02-26,340.57354736328125,59.4966926574707
2009-02-27,341.814697265625,58.24885177612305
2009-03-02,344.79351806640625,58.09912109375
2009-03-03,372.8436279296875,58.29878234863281
2009-03-04,364.6519775390625,60.54487228393555
2009-03-05,332.3819580078125,59.59651565551758
2009-03-06,329.89959716796875,58.4984245300293
2009-03-09,329.6513671875,57.100852966308594
2009-03-10,344.2969970703125,60.89427185058594
2009-03-11,329.40313720703125,64.08870697021484
2009-03-12,315.9986572265625,64.73758697509766
2009-03-13,330.1478271484375,67.88211059570312
2009-03-16,337.8430480957031,68.68074798583984
2009-03-17,338.0912170410156,68.68074798583984
2009-03-18,333.37481689453125,66.98368835449219
2009-03-19,347.5240783691406,66.78402709960938
2009-03-20,352.4886169433594,67.88211059570312
2009-03-23,359.93560791015625,70.07832336425781
2009-03-24,358.6944274902344,70.3778076171875
2009-03-25,353.4815368652344,69.878662109375
2009-03-26,352.4886169433594,70.27796936035156
2009-03-27,336.6018371582031,71.87520599365234
2009-03-30,329.6513671875,67.68250274658203
2009-03-31,343.055908203125,70.47763061523438
2009-04-01,358.4461975097656,69.878662109375
2009-04-02,399.9008483886719,71.77537536621094
2009-04-03,395.4327087402344,72.47415161132812
2009-04-06,405.8584899902344,72.72373962402344
2009-04-07,394.4397888183594,71.67554473876953
2009-04-08,398.1632995605469,71.92512512207031
2009-04-09,407.099609375,72.92337799072266
2009-04-14,408.58905029296875,73.27275085449219
2009-04-15,385.0069885253906,75.26933288574219
2009-04-16,387.2410888671875,77.86480712890625
2009-04-17,386.9928894042969,78.51367950439453
2009-04-20,365.3966979980469,76.86653137207031
2009-04-21,376.8153381347656,76.2675552368164
2009-04-22,392.2056884765625,76.6668701171875
2009-04-23,389.2269287109375,77.41560363769531
2009-04-24,394.4397888183594,81.05925750732422
2009-04-27,388.2340087890625,80.8595962524414
2009-04-28,363.6590270996094,80.46029663085938
2009-04-29,367.6307678222656,80.36045837402344
2009-04-30,379.7940979003906,82.20726013183594
2009-05-01,376.0706481933594,82.55665588378906
2009-05-05,402.3831481933594,85.45162963867188
2009-05-06,388.9786682128906,87.19860076904297
2009-05-07,398.41143798828125,86.250244140625
2009-05-08,393.4468994140625,87.34834289550781
2009-05-11,372.3471984863281,85.55144500732422
2009-05-12,377.8081970214844,85.45162963867188
2009-05-13,344.5452575683594,83.45511627197266
2009-05-14,356.46044921875,81.85787963867188
2009-05-15,364.6519775390625,82.65650177001953
2009-05-18,368.3754577636719,83.95420837402344
2009-05-19,376.31890869140625,85.70120239257812
2009-05-20,375.32598876953125,87.0488510131836
2009-05-21,369.6165771484375,84.70292663574219
2009-05-22,369.1202392578125,84.3535385131836
2009-05-26,357.45330810546875,83.75456237792969
2009-05-27,356.956787109375,83.60482788085938
2009-05-28,343.055908203125,83.35525512695312
2009-05-29,361.42498779296875,83.8543930053711
2009-06-01,379.0494384765625,88.79582214355469
2009-06-02,387.9857177734375,88.04712677001953
2009-06-03,387.2410888671875,84.66356658935547
2009-06-04,387.4892883300781,84.06452178955078
2009-06-05,393.69512939453125,86.6603775024414
2009-06-08,390.46795654296875,86.6603775024414
2009-06-09,386.7445373535156,86.5605239868164
2009-06-10,403.3760986328125,85.76179504394531
2009-06-11,399.4043884277344,85.61204528808594
2009-06-12,387.2410888671875,85.46228790283203
2009-06-15,369.36846923828125,82.2674560546875
2009-06-16,361.6732482910156,82.0677490234375
2009-06-17,356.46044921875,80.27064514160156
2009-06-18,349.7582092285156,79.82137298583984
2009-06-19,361.9214172363281,79.87129211425781
2009-06-22,356.956787109375,77.27548217773438
2009-06-23,349.7582092285156,76.72637176513672
2009-06-24,347.2757568359375,78.47354125976562
2009-06-25,350.5028381347656,78.17403411865234
2009-06-26,345.5382080078125,78.1241226196289
2009-06-29,345.04168701171875,79.82137298583984
2009-06-30,347.5240783691406,78.5733642578125
2009-07-01,352.7368469238281,81.1192626953125
2009-07-02,350.9993896484375,79.87129211425781
2009-07-03,355.9638366699219,80.17080688476562
2009-07-06,360.68035888671875,78.47354125976562
2009-07-07,387.4892883300781,78.07416534423828
2009-07-08,383.02117919921875,75.27871704101562
2009-07-09,386.7445373535156,77.52507781982422
2009-07-10,377.0635681152344,75.57820129394531
2009-07-13,386.24810791015625,76.42684936523438
2009-07-14,398.1632995605469,77.1257095336914
2009-07-15,402.13494873046875,79.92119598388672
2009-07-16,398.1632995605469,81.56855010986328
2009-07-17,414.0500793457031,83.31575012207031
2009-07-20,420.5041198730469,83.41558074951172
2009-07-21,421.24871826171875,85.61204528808594
2009-07-22,424.4757995605469,86.01139831542969
2009-07-23,431.1780700683594,87.10963439941406
2009-07-24,435.14971923828125,86.76017761230469
2009-07-27,424.4757995605469,86.4606704711914
2009-07-28,412.064208984375,85.51219940185547
2009-07-29,411.0712890625,85.06292724609375
2009-07-30,443.589599609375,87.05970764160156
2009-07-31,447.0647277832031,88.15794372558594
2009-08-03,458.4338684082031,89.15633392333984
2009-08-04,454.85931396484375,90.25456237792969
2009-08-05,461.6112060546875,89.7553939819336
2009-08-06,485.5407409667969,90.6539077758789
2009-08-07,475.61138916015625,90.85359954833984
2009-08-10,473.6255798339844,91.0532455444336
2009-08-11,462.8027648925781,90.15473175048828
2009-08-12,460.71759033203125,90.35440063476562
2009-08-13,479.4839172363281,91.35279083251953
2009-08-14,499.9381408691406,90.4542465209961
2009-08-17,479.0867004394531,88.35762023925781
2009-08-18,477.5972900390625,88.25776672363281
2009-08-19,473.5263366699219,89.39594268798828
2009-08-20,495.96649169921875,90.97339630126953
2009-08-21,497.45587158203125,93.708984375
2009-08-24,514.8320922851562,96.28484344482422
2009-08-25,507.8815612792969,95.64588165283203
2009-08-26,488.32086181640625,95.04683685302734
2009-08-27,475.3135986328125,93.84878540039062
2009-08-28,488.7180480957031,95.24649810791016
2009-09-01,468.2638244628906,90.05489349365234
2009-09-02,462.10760498046875,88.7569808959961
2009-09-03,471.9376220703125,89.65550231933594
2009-09-04,486.63299560546875,91.0532455444336
2009-09-07,497.45587158203125,92.53089141845703
2009-09-08,506.888671875,93.24972534179688
2009-09-09,517.8107299804688,94.9469985961914
2009-09-10,505.8957214355469,94.34795379638672
2009-09-11,510.86029052734375,95.96536254882812
2009-09-14,507.3851623535156,94.62753295898438
2009-09-15,507.3851623535156,95.54605102539062
2009-09-16,504.40631103515625,98.2816390991211
2009-09-17,516.3214111328125,99.43975830078125
2009-09-18,502.4205017089844,99.59947967529297
2009-09-21,495.5692138671875,97.66263580322266
2009-09-22,485.6400146484375,99.83912658691406
2009-09-23,487.4272766113281,99.75927734375
2009-09-24,461.41259765625,99.2400894165039
2009-09-25,449.7953796386719,100.63782501220703
2009-09-28,465.5829162597656,100.63782501220703
2009-09-29,463.89495849609375,101.13704681396484
2009-09-30,453.1713562011719,100.23845672607422
2009-10-01,454.3627624511719,98.74088287353516
2009-10-02,437.7810363769531,97.12349700927734
2009-10-05,437.88031005859375,97.84231567382812
2009-10-06,451.7812805175781,99.6394271850586
2009-10-07,447.5116882324219,101.43655395507812
2009-10-08,457.24237060546875,102.43494415283203
2009-10-09,448.3060607910156,102.83428955078125
2009-10-12,459.0295715332031,104.23202514648438
2009-10-13,435.59649658203125,103.13380432128906
2009-10-14,446.61798095703125,104.83106994628906
2009-10-15,443.7385559082031,103.63300323486328
2009-10-16,446.61798095703125,103.43331909179688
2009-10-19,446.0223083496094,104.83106994628906
2009-10-20,442.14984130859375,103.53315734863281
2009-10-21,446.3201599121094,101.536376953125
2009-10-22,438.6746520996094,101.03718566894531
2009-10-23,439.9654541015625,102.83428955078125
2009-10-26,422.3905944824219,101.43655395507812
2009-10-27,419.9083251953125,101.73604583740234
2009-10-28,392.1064453125,98.74088287353516
2009-10-29,412.8586120605469,98.2416763305664
2009-10-30,400.5462341308594,97.4429702758789
2009-11-02,402.9293212890625,99.14022064208984
2009-11-03,380.5884704589844,95.84555053710938
2009-11-04,421.0005798339844,98.2416763305664
2009-11-05,410.97198486328125,99.53961181640625
2009-11-06,423.6815185546875,99.3998031616211
2009-11-09,421.4970397949219,101.03718566894531
2009-11-10,417.22735595703125,101.63621520996094
2009-11-11,432.0220642089844,102.34615325927734
2009-11-12,439.8660888671875,102.74554443359375
2009-11-13,456.84515380859375,102.34615325927734
2009-11-16,485.1435852050781,104.24329376220703
2009-11-17,484.84564208984375,102.44600677490234
2009-11-18,462.4056396484375,102.94525146484375
2009-11-19,446.3201599121094,101.04810333251953
2009-11-20,433.412109375,101.84690856933594
2009-11-23,441.5540771484375,103.04509735107422
2009-11-24,431.2276306152344,102.44600677490234
2009-11-25,414.84442138671875,103.24481201171875
2009-11-26,406.00732421875,100.54885864257812
2009-11-27,424.97222900390625,101.74703979492188
2009-11-30,410.67413330078125,100.14946746826172
2009-12-01,456.150146484375,102.74554443359375
2009-12-02,458.7317810058594,102.24629974365234
2009-12-03,470.4482116699219,103.14495086669922
2009-12-04,458.9302978515625,104.4430160522461
2009-12-07,441.8519287109375,103.24481201171875
2009-12-08,429.1425476074219,102.24629974365234
2009-12-09,419.9083251953125,101.04810333251953
2009-12-10,420.5041198730469,102.64569091796875
2009-12-11,422.2913818359375,102.24629974365234
2009-12-14,422.9864196777344,102.5458755493164
2009-12-15,413.05706787109375,102.64569091796875
2009-12-16,425.66729736328125,102.84540557861328
2009-12-17,436.8873596191406,102.44600677490234
2009-12-18,436.8873596191406,99.94976043701172
2009-12-21,442.6463317871094,101.84690856933594
2009-12-22,449.7953796386719,102.04660034179688
2009-12-23,446.91595458984375,104.64268493652344
2009-12-24,444.3342590332031,105.84088897705078
2009-12-29,456.44805908203125,107.43848419189453
2009-12-30,453.866455078125,107.63821411132812
2009-12-31,466.1786193847656,107.63821411132812
2010-01-04,458.4338684082031,109.03611755371094
2010-01-05,460.12188720703125,109.83489227294922
2010-01-06,465.6821594238281,109.83489227294922
2010-01-07,496.4628601074219,110.43400573730469
2010-01-08,487.82440185546875,110.23429870605469
2010-01-11,479.68243408203125,110.83338928222656
2010-01-12,475.3135986328125,110.13444519042969
2010-01-13,490.8033142089844,107.83790588378906
2010-01-14,487.52655029296875,107.538330078125
2010-01-15,478.5902404785156,106.34013366699219
2010-01-18,479.7817687988281,107.23881530761719
2010-01-19,468.16448974609375,106.53983306884766
2010-01-20,468.6609802246094,104.04360961914062
2010-01-21,458.7317810058594,102.44600677490234
2010-01-22,449.7953796386719,101.84690856933594
2010-01-25,447.8094787597656,99.84989929199219
2010-01-26,452.8734436035156,98.93128967285156
2010-01-27,436.8873596191406,97.2538070678711
2010-01-28,433.9085693359375,96.65470123291016
2010-01-29,429.8376159667969,99.65018463134766
2010-02-01,439.2703857421875,100.54885864257812
2010-02-02,454.7599792480469,101.44751739501953
2010-02-03,454.7599792480469,100.14946746826172
2010-02-04,437.2845764160156,97.47348022460938
2010-02-05,416.0359191894531,94.85740661621094
2010-02-08,406.3052673339844,96.11552429199219
2010-02-09,407.2981872558594,96.85441589355469
2010-02-10,410.4755554199219,96.79447937011719
2010-02-11,408.0924987792969,98.29226684570312
2010-02-12,405.8087463378906,97.97270965576172
2010-02-15,407.0002746582031,98.45198822021484
2010-02-16,414.447265625,99.05109405517578
2010-02-17,428.9439392089844,101.64720916748047
2010-02-18,422.5892639160156,103.04509735107422
2010-02-19,417.32672119140625,103.8438949584961
2010-02-22,422.0927734375,103.8438949584961
2010-02-23,406.6031188964844,103.44449615478516
2010-02-24,390.2198181152344,104.04360961914062
2010-02-25,388.5318603515625,102.74554443359375
2010-02-26,387.3404235839844,104.64268493652344
2010-03-01,397.7660827636719,107.83790588378906
2010-03-02,421.3977355957031,109.83489227294922
2010-03-03,421.9934387207031,110.83338928222656
2010-03-04,417.0287780761719,110.13444519042969
2010-03-05,418.1211242675781,112.1314468383789
2010-03-08,430.6319580078125,112.63069915771484
2010-03-09,417.426025390625,113.82889556884766
2010-03-10,422.0927734375,116.02558135986328
2010-03-11,433.6107177734375,115.52635192871094
2010-03-12,441.5540771484375,116.62471008300781
2010-03-15,437.88031005859375,117.32365417480469
2010-03-16,450.0932312011719,117.72301483154297
2010-03-17,447.0152282714844,118.42198944091797
2010-03-18,449.69610595703125,118.22227478027344
2010-03-19,454.2636413574219,119.32064056396484
2010-03-22,453.4692687988281,118.32215118408203
2010-03-23,442.8448791503906,119.42046356201172
2010-03-24,456.44805908203125,120.41900634765625
2010-03-25,466.37725830078125,121.81688690185547
2010-03-26,462.7034912109375,122.01659393310547
2010-03-29,457.7388610839844,121.7170181274414
2010-03-30,456.6466369628906,121.41748809814453
2010-03-31,462.20697021484375,121.61717224121094
2010-04-01,473.6255798339844,121.41748809814453
2010-04-06,470.6468200683594,122.91522979736328
2010-04-07,470.4482116699219,123.41446685791016
2010-04-08,462.7034912109375,122.21629333496094
2010-04-09,463.19989013671875,122.61569213867188
2010-04-12,460.419677734375,122.4159927368164
2010-04-13,456.6466369628906,122.01659393310547
2010-04-14,454.7599792480469,122.51582336425781
2010-04-15,444.8308410644531,123.81388092041016
2010-04-16,447.114501953125,123.21477508544922
2010-04-19,445.82366943359375,121.41748809814453
2010-04-20,458.1360168457031,122.61569213867188
2010-04-21,462.4056396484375,121.81688690185547
2010-04-22,476.6044006347656,121.41748809814453
2010-04-23,494.7749328613281,122.81537628173828
2010-04-26,503.9098205566406,123.21477508544922
2010-04-27,483.3562927246094,121.81688690185547
2010-04-28,478.88824462890625,120.41900634765625
2010-04-29,481.27117919921875,120.61869049072266
2010-04-30,472.9305725097656,122.61569213867188
2010-05-04,454.4621887207031,119.81988525390625
2010-05-05,450.7883605957031,117.42349243164062
2010-05-06,439.6675720214844,115.72602081298828
2010-05-07,415.5394592285156,112.0315933227539
2010-05-10,442.6463317871094,116.82440185546875
2010-05-11,434.00787353515625,116.52481079101562
2010-05-12,450.68902587890625,118.02257537841797
2010-05-13,461.71044921875,120.3191146850586
2010-05-14,445.426513671875,117.52333068847656
2010-05-17,436.9866638183594,117.32365417480469
2010-05-18,443.6393127441406,118.62169647216797
2010-05-19,426.8587341308594,114.12844848632812
2010-05-20,408.9861755371094,111.63224029541016
2010-05-21,411.0712890625,110.43400573730469
2010-05-24,408.58905029296875,111.73202514648438
2010-05-25,384.1629638671875,109.03611755371094
2010-05-26,390.41839599609375,109.93475341796875
2010-05-27,409.97906494140625,112.63069915771484
2010-05-28,405.11376953125,114.22827911376953
2010-06-01,404.0215759277344,114.02859497070312
2010-06-02,397.66680908203125,113.54087829589844
2010-06-03,403.7236328125,115.83765411376953
2010-06-04,386.5458984375,113.64073181152344
2010-06-07,376.12030029296875,111.74337768554688
2010-06-08,356.956787109375,110.44522857666016
2010-06-09,361.6236267089844,111.74337768554688
2010-06-10,358.5455627441406,111.94312286376953
2010-06-11,364.00665283203125,113.04155731201172
2010-06-14,361.82220458984375,115.43821716308594
2010-06-15,365.6946105957031,115.63790893554688
2010-06-16,361.7228698730469,116.83625793457031
2010-06-17,362.6165466308594,116.63655853271484
2010-06-18,373.1414794921875,118.2342758178711
2010-06-21,368.8719177246094,118.73358917236328
2010-06-22,378.9004821777344,118.13443756103516
2010-06-23,380.6878356933594,116.63655853271484
2010-06-24,384.7586975097656,114.04017639160156
2010-06-25,377.8081970214844,111.84325408935547
2010-06-28,384.06365966796875,114.14004516601562
2010-06-29,358.4461975097656,111.14424133300781
2010-06-30,347.5240783691406,111.14424133300781
2010-07-01,339.6799621582031,106.45079040527344
2010-07-02,340.7721252441406,108.34815216064453
2010-07-05,346.0346374511719,108.94730377197266
2010-07-06,367.5812072753906,111.04435729980469
2010-07-07,371.95001220703125,111.6435775756836
2010-07-08,385.2552185058594,113.74061584472656
2010-07-09,383.6665954589844,114.63934326171875
2010-07-12,385.6524353027344,115.93750762939453
2010-07-13,395.978759765625,117.73497772216797
2010-07-14,387.2410888671875,117.9347152709961
2010-07-15,382.97149658203125,116.73640441894531
2010-07-16,374.9288024902344,115.93750762939453
2010-07-19,357.7511901855469,116.13723754882812
2010-07-20,350.6021728515625,115.83765411376953
2010-07-21,353.2829895019531,118.53388214111328
2010-07-22,364.90020751953125,119.93191528320312
2010-07-23,366.6874694824219,120.83065795898438
2010-07-26,367.680419921875,121.82926177978516
2010-07-27,367.08465576171875,121.82926177978516
2010-07-28,353.6802062988281,120.23151397705078
2010-07-29,358.744140625,120.53107452392578
2010-07-30,350.6021728515625,118.13443756103516
2010-08-02,372.5457458496094,121.23009490966797
2010-08-03,377.013916015625,119.73219299316406
2010-08-04,380.78704833984375,119.1330337524414
2010-08-05,388.1347351074219,118.63375091552734
2010-08-06,382.375732421875,117.63514709472656
2010-08-09,390.021240234375,119.23289489746094
2010-08-10,370.75848388671875,118.93331909179688
2010-08-11,358.1483154296875,116.13723754882812
2010-08-12,345.14093017578125,116.43681335449219
2010-08-13,344.3466796875,115.73778533935547
2010-08-16,341.9636535644531,115.93750762939453
2010-08-17,343.8502502441406,117.23568725585938
2010-08-18,341.56646728515625,117.83484649658203
2010-08-19,339.6799621582031,116.43681335449219
2010-08-20,336.1054382324219,116.2370834350586
2010-08-23,344.1480712890625,116.53665161132812
2010-08-24,345.6374816894531,113.54087829589844
2010-08-25,344.8431396484375,114.04017639160156
2010-08-26,362.31866455078125,113.04155731201172
2010-08-27,364.4038391113281,113.44099426269531
2010-08-31,360.6305847167969,114.23988342285156
2010-09-01,375.42523193359375,116.2370834350586
2010-09-02,389.02838134765625,117.43541717529297
2010-09-03,389.82269287109375,119.93191528320312
2010-09-06,394.09222412109375,121.03038787841797
2010-09-07,393.89361572265625,120.13163757324219
2010-09-08,386.4468078613281,120.43124389648438
2010-09-09,396.8724670410156,120.63094329833984
2010-09-10,404.9151306152344,121.03038787841797
2010-09-13,408.58905029296875,122.52825927734375
2010-09-14,396.177490234375,122.42843627929688
2010-09-15,396.4752502441406,122.32856750488281
2010-09-16,394.4894104003906,121.72938537597656
2010-09-17,396.4752502441406,122.12883758544922
2010-09-20,400.94342041015625,124.82506561279297
2010-09-21,403.7236328125,125.72379302978516
2010-09-22,395.5816345214844,125.32433319091797
2010-09-23,396.0780334472656,125.12464904785156
2010-09-24,403.6243896484375,126.2231216430664
2010-09-27,401.6385192871094,125.92352294921875
2010-09-28,401.5391540527344,125.92352294921875
2010-09-29,399.6527404785156,126.72241973876953
2010-09-30,396.5745849609375,127.82084655761719
2010-10-01,390.41839599609375,128.22030639648438
2010-10-04,388.73040771484375,127.82084655761719
2010-10-05,391.2127380371094,129.11903381347656
2010-10-06,390.1205749511719,130.01776123046875
2010-10-07,373.8365173339844,129.81800842285156
2010-10-08,371.75152587890625,127.82084655761719
2010-10-11,375.5245666503906,129.7182159423828
2010-10-12,366.7868347167969,128.6197509765625
2010-10-13,378.9997863769531,131.6155548095703
2010-10-14,379.4963684082031,130.51705932617188
2010-10-15,375.8224182128906,129.81800842285156
2010-10-18,383.4679260253906,129.6183319091797
2010-10-19,367.38250732421875,130.417236328125
2010-10-20,357.45330810546875,130.71682739257812
2010-10-21,356.0632019042969,131.41583251953125
2010-10-22,354.0774230957031,132.3145751953125
2010-10-25,354.7723388671875,134.01214599609375
2010-10-26,355.3681640625,133.11346435546875
2010-10-27,350.9993896484375,131.11622619628906
2010-10-28,346.3325500488281,132.2146759033203
2010-10-29,338.5877380371094,131.81524658203125
2010-11-01,337.19757080078125,132.3145751953125
2010-11-02,340.57354736328125,133.91233825683594
2010-11-03,334.14874267578125,132.71395874023438
2010-11-04,359.669189453125,134.71119689941406
2010-11-05,358.3782653808594,134.61131286621094
2010-11-08,360.66217041015625,136.40882873535156
2010-11-09,369.4007263183594,136.40882873535156
2010-11-10,368.208984375,135.21051025390625
2010-11-11,357.6831359863281,134.61131286621094
2010-11-12,357.6831359863281,133.7125701904297
2010-11-15,354.80340576171875,134.01214599609375
2010-11-16,354.10833740234375,129.6183319091797
2010-11-17,347.9516296386719,127.83226013183594
2010-11-18,354.80340576171875,129.6299285888672
2010-11-19,350.5335388183594,129.13055419921875
2010-11-22,348.5474548339844,128.1318817138672
2010-11-23,336.0354919433594,126.43409729003906
2010-11-24,348.3488464355469,127.83226013183594
2010-11-25,356.193603515625,130.02938842773438
2010-11-26,357.08740234375,130.32901000976562
2010-11-29,342.68865966796875,129.82962036132812
2010-11-30,336.2341003417969,131.22784423828125
2010-12-01,342.8872375488281,133.2252197265625
2010-12-02,369.6985778808594,136.3211212158203
2010-12-03,375.6566162109375,137.51959228515625
2010-12-06,380.02593994140625,139.4170684814453
2010-12-07,413.4903869628906,139.61683654785156
2010-12-08,407.43310546875,138.31854248046875
2010-12-09,424.4135437011719,139.4170684814453
2010-12-10,414.8807678222656,139.31723022460938
2010-12-13,404.0568542480469,140.415771484375
2010-12-14,424.2149963378906,140.815185546875
2010-12-15,408.5254211425781,140.51565551757812
2010-12-16,411.10723876953125,139.91641235351562
2010-12-17,409.7170104980469,140.1161651611328
2010-12-20,406.0428771972656,140.2160186767578
2010-12-21,409.5184020996094,141.61419677734375
2010-12-22,413.4903869628906,141.41445922851562
2010-12-23,416.1716613769531,140.815185546875
2010-12-24,407.23443603515625,140.2160186767578
2010-12-29,423.3212890625,140.51565551757812
2010-12-30,422.0303955078125,140.01626586914062
2010-12-31,413.8876037597656,141.41445922851562
2011-01-04,426.79681396484375,142.31329345703125
2011-01-05,440.5003662109375,141.1148223876953
2011-01-06,447.3522033691406,140.7153778076172
2011-01-07,434.64166259765625,139.91641235351562
2011-01-10,434.4430847167969,139.21731567382812
2011-01-11,437.3227844238281,140.61550903320312
2011-01-12,429.0807189941406,142.71279907226562
2011-01-13,432.9534912109375,141.61419677734375
2011-01-14,434.64166259765625,141.81393432617188
2011-01-17,432.6556701660156,141.91380310058594
2011-01-18,455.89215087890625,143.3119354248047
2011-01-19,439.80523681640625,142.51303100585938
2011-01-20,422.0303955078125,140.91514587402344
2011-01-21,419.150634765625,140.61550903320312
2011-01-24,420.8387145996094,141.01499938964844
2011-01-25,416.3702392578125,140.61550903320312
2011-01-26,420.04437255859375,141.81393432617188
2011-01-27,415.9729919433594,143.01235961914062
2011-01-28,399.3896789550781,141.91380310058594
2011-01-31,405.7449645996094,140.815185546875
2011-02-01,401.6736145019531,142.11354064941406
2011-02-02,399.58831787109375,142.61294555664062
2011-02-03,396.2120361328125,141.81393432617188
2011-02-04,417.56170654296875,142.31329345703125
2011-02-07,427.3926696777344,144.21078491210938
2011-02-08,434.4430847167969,144.11090087890625
2011-02-09,430.0738220214844,143.8113555908203
2011-02-10,431.563232421875,142.61294555664062
2011-02-11,441.692138671875,145.50912475585938
2011-02-14,433.54925537109375,147.40664672851562
2011-02-15,430.4710693359375,146.50779724121094
2011-02-16,430.96746826171875,148.30538940429688
2011-02-17,436.0318603515625,148.10568237304688
2011-02-18,436.92559814453125,148.10568237304688
2011-02-21,435.2373962402344,147.00711059570312
2011-02-22,434.04583740234375,146.50779724121094
2011-02-23,439.5074157714844,141.81393432617188
2011-02-24,442.7843322753906,140.3158721923828
2011-02-25,459.9634704589844,145.10958862304688
2011-02-28,467.11309814453125,143.8113555908203
2011-03-01,448.74237060546875,140.7153778076172
2011-03-02,447.4515075683594,139.21731567382812
2011-03-03,447.6799011230469,141.91380310058594
2011-03-04,456.6865539550781,142.8126220703125
2011-03-07,454.10467529296875,142.8126220703125
2011-03-08,454.8990783691406,143.71144104003906
2011-03-09,461.5522766113281,141.01499938964844
2011-03-10,451.9200439453125,140.01626586914062
2011-03-11,437.5213623046875,139.21731567382812
2011-03-14,437.3227844238281,140.01626586914062
2011-03-15,432.1590881347656,138.21868896484375
2011-03-16,421.2359619140625,137.21995544433594
2011-03-17,444.07525634765625,137.71929931640625
2011-03-18,446.75640869140625,137.41970825195312
2011-03-21,453.31024169921875,139.8165283203125
2011-03-22,451.32421875,139.21731567382812
2011-03-23,458.87109375,139.8165283203125
2011-03-24,475.6529846191406,142.51303100585938
2011-03-25,464.4319763183594,145.80870056152344
2011-03-28,462.3467102050781,146.40792846679688
2011-03-29,458.1760559082031,145.80870056152344
2011-03-30,449.8346862792969,147.6063232421875
2011-03-31,441.89056396484375,148.20555114746094
2011-04-01,448.6430969238281,149.50381469726562
2011-04-04,460.1619873046875,149.4039306640625
2011-04-05,460.5592956542969,148.10568237304688
2011-04-06,458.9704895019531,148.8047637939453
2011-04-07,454.3033447265625,148.30538940429688
2011-04-08,454.5366516113281,148.8047637939453
2011-04-11,440.3017272949219,148.50521850585938
2011-04-12,437.124267578125,146.40792846679688
2011-04-13,440.2025146484375,146.80740356445312
2011-04-14,443.5787658691406,145.9085693359375
2011-04-15,445.7633361816406,146.80740356445312
2011-04-18,438.1171875,143.9111785888672
2011-04-19,453.9061279296875,144.51040649414062
2011-04-20,461.3536682128906,147.6063232421875
2011-04-21,466.6165771484375,147.8060760498047
2011-04-26,476.34814453125,150.6024627685547
2011-04-27,469.0991516113281,150.1031036376953
2011-04-28,479.72442626953125,151.20159912109375
2011-04-29,479.72442626953125,151.20159912109375
2011-05-03,486.8740539550781,152.59979248046875
2011-05-04,479.66912841796875,149.50381469726562
2011-05-05,478.6760559082031,147.6063232421875
2011-05-06,482.1518859863281,148.60504150390625
2011-05-09,481.9532470703125,147.8060760498047
2011-05-10,493.9698791503906,149.60374450683594
2011-05-11,499.03466796875,148.4052734375
2011-05-12,497.5450439453125,147.6063232421875
2011-05-13,493.8705139160156,149.0045166015625
2011-05-16,486.22369384765625,148.90464782714844
2011-05-17,472.9159851074219,146.00839233398438
2011-05-18,481.85400390625,147.30674743652344
2011-05-19,484.63470458984375,148.90464782714844
2011-05-20,481.9532470703125,148.8047637939453
2011-05-23,466.3615417480469,146.6076202392578
2011-05-24,466.9573974609375,146.80740356445312
2011-05-25,470.433349609375,146.00839233398438
2011-05-26,468.7450256347656,145.10958862304688
2011-05-27,476.0939636230469,145.80870056152344
2011-05-31,473.90911865234375,147.6063232421875
2011-06-01,470.33392333984375,146.8197021484375
2011-06-02,463.0843200683594,145.82095336914062
2011-06-03,461.8926086425781,146.52008056640625
2011-06-06,460.1050109863281,146.9196014404297
2011-06-07,455.8345642089844,146.9196014404297
2011-06-08,447.88983154296875,145.82095336914062
2011-06-09,451.6636047363281,146.42019653320312
2011-06-10,452.1601257324219,144.9220733642578
2011-06-13,457.3242492675781,144.9220733642578
2011-06-14,465.07049560546875,144.22288513183594
2011-06-15,464.7726135253906,141.62606811523438
2011-06-16,452.4581298828125,142.0255889892578
2011-06-17,452.7559814453125,142.3252410888672
2011-06-20,454.2456970214844,142.3252410888672
2011-06-21,460.3036193847656,143.5237579345703
2011-06-22,463.77947998046875,143.7235107421875
2011-06-23,448.88287353515625,141.5262451171875
2011-06-24,458.61529541015625,143.22415161132812
2011-06-27,466.6593933105469,144.4226837158203
2011-06-28,474.7037353515625,146.22047424316406
2011-06-29,471.6250305175781,148.8172607421875
2011-06-30,478.97406005859375,151.8135528564453
2011-07-01,479.172607421875,153.8111114501953
2011-07-04,488.3092346191406,153.7112274169922
2011-07-05,488.01123046875,153.7112274169922
2011-07-06,491.6856689453125,154.21063232421875
2011-07-07,493.67181396484375,156.00839233398438
2011-07-08,482.6484069824219,154.31051635742188
2011-07-11,470.53253173828125,153.7112274169922
2011-07-12,469.8374328613281,151.9134521484375
2011-07-13,474.9022521972656,152.3129425048828
2011-07-14,471.32708740234375,151.8135528564453
2011-07-15,476.4912414550781,151.61386108398438
2011-07-18,456.4305114746094,149.71612548828125
2011-07-19,454.841552734375,151.0145721435547
2011-07-20,460.6015930175781,152.91224670410156
2011-07-21,469.24151611328125,152.81234741210938
2011-07-22,463.4815979003906,153.41159057617188
2011-07-25,458.8139953613281,151.5139617919922
2011-07-26,454.7421875,151.31414794921875
2011-07-27,454.04705810546875,148.417724609375
2011-07-28,456.927001953125,148.3178253173828
2011-07-29,458.61529541015625,146.02066040039062
2011-08-01,442.7257080078125,145.82095336914062
2011-08-02,439.15057373046875,144.5225372314453
2011-08-03,428.3256530761719,140.92698669433594
2011-08-04,403.6967468261719,137.83070373535156
2011-08-05,401.71051025390625,134.13525390625
2011-08-08,382.9407958984375,130.53968811035156
2011-08-09,391.0843200683594,132.83685302734375
2011-08-10,392.0773620605469,129.04153442382812
2011-08-11,400.3201599121094,134.8344268798828
2011-08-12,417.699462890625,138.82952880859375
2011-08-15,415.6139221191406,140.52743530273438
2011-08-16,410.44976806640625,137.53114318847656
2011-08-17,406.37811279296875,135.5335693359375
2011-08-18,375.5918884277344,127.3436050415039
2011-08-19,371.42083740234375,125.94535064697266
2011-08-22,380.4580383300781,127.64325714111328
2011-08-23,393.26910400390625,127.04398345947266
2011-08-24,405.8814392089844,128.84182739257812
2011-08-25,427.5311584472656,128.74191284179688
2011-08-26,427.5311584472656,128.64205932617188
2011-08-30,437.5615234375,133.2364044189453
2011-08-31,451.16705322265625,139.32891845703125
2011-09-01,452.7559814453125,138.9293670654297
2011-09-02,442.3284912109375,134.2351531982422
2011-09-05,431.304931640625,129.34117126464844
2011-09-06,433.2911376953125,132.936767578125
2011-09-07,442.6263427734375,137.63101196289062
2011-09-08,446.5987548828125,137.83070373535156
2011-09-09,433.1918640136719,133.43614196777344
2011-09-12,429.1201477050781,129.6408233642578
2011-09-13,427.23321533203125,131.6383514404297
2011-09-14,434.1849365234375,132.73695373535156
2011-09-15,452.7559814453125,135.5335693359375
2011-09-16,451.2663879394531,136.73208618164062
2011-09-19,437.16436767578125,134.63461303710938
2011-09-20,458.8139953613281,135.4336700439453
2011-09-21,466.7587890625,132.43740844726562
2011-09-22,451.36566162109375,127.2437515258789
2011-09-23,457.125732421875,126.14508056640625
2011-09-26,453.0539855957031,127.04398345947266
2011-09-27,457.125732421875,129.7406768798828
2011-09-28,454.5436706542969,130.2400665283203
2011-09-29,457.0263671875,128.64205932617188
2011-09-30,452.3587646484375,124.44717407226562
2011-10-03,446.4002380371094,122.0501480102539
2011-10-04,436.9656982421875,117.15615844726562
2011-10-05,458.8139953613281,119.7529525756836
2011-10-06,480.5628967285156,123.44839477539062
2011-10-07,481.6553039550781,123.6481704711914
2011-10-10,490.3946533203125,126.64448547363281
2011-10-11,481.754638671875,128.042724609375
2011-10-12,485.2305603027344,130.33990478515625
2011-10-13,482.84710693359375,128.54209899902344
2011-10-14,481.9532470703125,130.63955688476562
2011-10-17,480.06634521484375,130.04031372070312
2011-10-18,486.22369384765625,128.44224548339844
2011-10-19,489.3023376464844,131.2388458251953
2011-10-20,483.542236328125,129.24130249023438
2011-10-21,483.0456848144531,130.33990478515625
2011-10-24,499.53118896484375,132.1377716064453
2011-10-25,503.5036926269531,132.6371307373047
2011-10-26,504.9932556152344,131.5384521484375
2011-10-27,514.9243774414062,134.13525390625
2011-10-28,506.9795227050781,136.2327423095703
2011-10-31,494.2677917480469,131.43858337402344
2011-11-01,484.43603515625,127.2437515258789
2011-11-02,495.798095703125,128.14263916015625
2011-11-03,513.4769287109375,130.43984985351562
2011-11-04,499.0755920410156,130.43984985351562
2011-11-07,492.9178466796875,128.3424072265625
2011-11-08,486.6607360839844,131.2388458251953
2011-11-09,482.787353515625,128.1547393798828
2011-11-10,475.6364440917969,125.45780181884766
2011-11-11,483.1846923828125,127.35563659667969
2011-11-14,488.2498779296875,127.95491027832031
2011-11-15,489.8390197753906,126.4566421508789
2011-11-16,494.10968017578125,126.35676574707031
2011-11-17,497.0892333984375,124.55879974365234
2011-11-18,491.6266784667969,121.26254272460938
2011-11-21,473.2527770996094,118.06616973876953
2011-11-22,464.21478271484375,117.2670669555664
2011-11-23,456.26934814453125,115.26936340332031
2011-11-24,458.5536193847656,114.57014465332031
2011-11-25,460.34136962890625,115.76876831054688
2011-11-28,474.0472717285156,119.56446838378906
2011-11-29,486.76019287109375,120.16378784179688
2011-11-30,489.8390197753906,124.85848999023438
2011-12-01,491.52740478515625,123.8595962524414
2011-12-02,506.52447509765625,126.35676574707031
2011-12-05,488.0512390136719,128.85397338867188
2011-12-06,484.87298583984375,128.45437622070312
2011-12-07,476.82830810546875,125.85734558105469
2011-12-08,467.7902526855469,122.66094207763672
2011-12-09,478.4173889160156,123.16038513183594
2011-12-12,465.8039245605469,119.66436767578125
2011-12-13,473.0541076660156,117.96627044677734
2011-12-14,458.5536193847656,114.76988983154297
2011-12-15,465.7045593261719,114.57014465332031
2011-12-16,456.96453857421875,115.3692398071289
2011-12-19,443.1593017578125,112.87205505371094
2011-12-20,454.2829284667969,113.87091827392578
2011-12-21,456.7658996582031,114.27047729492188
2011-12-22,461.13592529296875,115.56901550292969
2011-12-23,458.1563720703125,116.56786346435547
2011-12-28,458.3548889160156,116.76763153076172
2011-12-29,460.9372863769531,116.9674072265625
2011-12-30,466.7970886230469,117.86638641357422
2012-01-03,468.2868347167969,119.8641357421875
2012-01-04,468.9820556640625,118.96515655517578
2012-01-05,469.7765808105469,118.26594543457031
2012-01-06,477.7220458984375,119.4645767211914
2012-01-09,503.04833984375,118.86528015136719
2012-01-10,503.04833984375,120.26367950439453
2012-01-11,496.29473876953125,121.7619857788086
2012-01-12,512.9801025390625,122.76085662841797
2012-01-13,511.9869079589844,123.16038513183594
2012-01-16,515.9597778320312,124.3590316772461
2012-01-17,516.4562377929688,126.4566421508789
2012-01-18,518.9392700195312,127.45552062988281
2012-01-19,517.9461059570312,130.85171508789062
2012-01-20,517.4496459960938,129.85279846191406
2012-01-23,520.925537109375,129.75291442871094
2012-01-24,515.9597778320312,128.35450744628906
2012-01-25,511.4903869628906,128.85397338867188
2012-01-26,514.966552734375,132.74949645996094
2012-01-27,514.4700317382812,133.2489776611328
2012-01-30,511.4903869628906,131.85055541992188
2012-01-31,522.9120483398438,131.75067138671875
2012-02-01,529.367919921875,132.2500762939453
2012-02-02,526.3882446289062,133.1490936279297
2012-02-03,544.7620849609375,136.4453582763672
2012-02-06,546.251953125,135.64622497558594
2012-02-07,556.6803588867188,135.7461395263672
2012-02-08,542.2791748046875,134.84715270996094
2012-02-09,545.2586669921875,135.64622497558594
2012-02-10,547.2451171875,135.4464569091797
2012-02-13,555.1906127929688,137.24440002441406
2012-02-14,558.1699829101562,137.4442138671875
2012-02-15,563.6326293945312,139.64173889160156
2012-02-16,561.1497802734375,138.0435028076172
2012-02-17,583.9929809570312,138.1434326171875
2012-02-20,604.8497924804688,138.0435028076172
2012-02-21,599.884033203125,137.7438507080078
2012-02-22,608.325927734375,137.4442138671875
2012-02-23,617.2645874023438,138.0435028076172
2012-02-24,603.856689453125,138.74270629882812
2012-02-27,622.7272338867188,138.1434326171875
2012-02-28,701.6853637695312,139.24215698242188
2012-02-29,670.8966674804688,139.24215698242188
2012-03-01,669.903564453125,138.54295349121094
2012-03-02,650.039794921875,140.041259765625
2012-03-05,638.617919921875,138.0435028076172
2012-03-06,630.1760864257812,134.34771728515625
2012-03-07,650.536376953125,134.84715270996094
2012-03-08,657.4885864257812,137.044677734375
2012-03-09,665.9307861328125,139.4419403076172
2012-03-12,665.4342651367188,139.24215698242188
2012-03-13,675.365966796875,140.44082641601562
2012-03-14,668.9103393554688,141.7393341064453
2012-03-15,676.855712890625,141.7393341064453
2012-03-16,673.8761596679688,142.03900146484375
2012-03-19,666.9239501953125,141.53956604003906
2012-03-20,655.5022583007812,139.5418243408203
2012-03-21,670.8966674804688,140.3408966064453
2012-03-22,656.4954223632812,140.24102783203125
2012-03-23,637.12841796875,140.740478515625
2012-03-26,657.9852905273438,142.1388702392578
2012-03-27,656.9920043945312,143.63717651367188
2012-03-28,652.0260620117188,142.43850708007812
2012-03-29,635.1419677734375,140.3408966064453
2012-03-30,635.6384887695312,141.43966674804688
2012-04-02,640.10791015625,143.23768615722656
2012-04-03,630.6727294921875,142.1388702392578
2012-04-04,614.2850341796875,139.4419403076172
2012-04-05,623.7202758789062,140.44082641601562
2012-04-10,610.808837890625,137.94363403320312
2012-04-11,630.6727294921875,139.14230346679688
2012-04-12,632.6590576171875,140.740478515625
2012-04-13,635.1419677734375,139.84146118164062
2012-04-16,621.7340698242188,139.4419403076172
2012-04-17,636.1348876953125,140.5406951904297
2012-04-18,630.1760864257812,140.5406951904297
2012-04-19,645.5704956054688,139.24215698242188
2012-04-20,636.6317749023438,139.24215698242188
2012-04-23,613.7885131835938,135.8460235595703
2012-04-24,621.2374267578125,136.34539794921875
2012-04-25,620.7408447265625,136.0458221435547
2012-04-26,634.1487426757812,136.24557495117188
2012-04-27,635.6384887695312,137.7438507080078
2012-04-30,624.2169799804688,138.2433624267578
2012-05-01,623.7202758789062,139.34205627441406
2012-05-02,628.1898803710938,137.7438507080078
2012-05-03,621.7340698242188,137.8437042236328
2012-05-04,585.4825439453125,134.94705200195312
2012-05-08,559.6598510742188,130.75181579589844
2012-05-09,560.2161254882812,132.05032348632812
2012-05-10,586.0416870117188,132.1502227783203
2012-05-11,590.5115966796875,134.04803466796875
2012-05-14,570.6456909179688,131.85055541992188
2012-05-15,544.3235473632812,131.65077209472656
2012-05-16,566.1759643554688,132.3499755859375
2012-05-17,559.7194213867188,130.552001953125
2012-05-18,546.3099365234375,129.25347900390625
2012-05-21,544.820068359375,127.2557601928711
2012-05-22,568.1625366210938,127.65531158447266
2012-05-23,552.269775390625,124.65869140625
2012-05-24,554.7531127929688,128.65420532226562
2012-05-25,546.8067626953125,128.5542449951172
2012-05-29,571.6389770507812,131.65077209472656
2012-05-30,561.2095336914062,128.46763610839844
2012-05-31,564.1892700195312,127.96810913085938
2012-06-01,528.4307861328125,125.57062530517578
2012-06-06,549.289794921875,128.2678680419922
2012-06-07,582.5653076171875,131.2647705078125
2012-06-08,588.0283203125,131.6643524169922
2012-06-11,587.5316772460938,130.66539001464844
2012-06-12,572.6322021484375,128.3677520751953
2012-06-13,566.6725463867188,129.26681518554688
2012-06-14,563.6926879882812,128.2678680419922
2012-06-15,576.108642578125,128.2678680419922
2012-06-18,586.0416870117188,127.3687744140625
2012-06-19,589.5181274414062,130.3656768798828
2012-06-20,609.8807983398438,131.96401977539062
2012-06-21,604.4176635742188,132.36363220214844
2012-06-22,599.450927734375,129.8661651611328
2012-06-25,585.0485229492188,128.2678680419922
2012-06-26,583.5584106445312,128.86727905273438
2012-06-27,583.5584106445312,130.86520385742188
2012-06-28,566.1759643554688,129.16690063476562
2012-06-29,604.914306640625,132.46359252929688
2012-07-02,630.7398071289062,135.06085205078125
2012-07-03,617.3303833007812,137.658203125
2012-07-04,621.8001708984375,137.658203125
2012-07-05,634.21630859375,137.45838928222656
2012-07-06,634.21630859375,135.95993041992188
2012-07-09,626.7666015625,135.6602325439453
2012-07-10,626.2699584960938,136.45944213867188
2012-07-11,618.3236083984375,134.7611846923828
2012-07-12,620.8068237304688,132.1638641357422
2012-07-13,630.7398071289062,132.46359252929688
2012-07-16,643.6525268554688,131.86415100097656
2012-07-17,636.2028198242188,131.4645538330078
2012-07-18,640.1759033203125,131.2647705078125
2012-07-19,657.5586547851562,131.2647705078125
2012-07-20,647.1290283203125,130.3656768798828
2012-07-23,613.8539428710938,128.76731872558594
2012-07-24,612.8605346679688,128.2678680419922
2012-07-25,601.9342651367188,126.8692855834961
2012-07-26,627.7598266601562,129.06703186035156
2012-07-27,633.222900390625,131.6643524169922
2012-07-30,620.3101806640625,132.76319885253906
2012-07-31,611.37060546875,133.06289672851562
2012-08-01,620.3101806640625,133.16282653808594
2012-08-02,617.8270263671875,132.26373291015625
2012-08-03,635.2096557617188,135.1607666015625
2012-08-06,640.672607421875,136.75906372070312
2012-08-07,636.2028198242188,137.05882263183594
2012-08-08,639.6793823242188,137.3584747314453
2012-08-09,653.5853881835938,138.0577392578125
2012-08-10,654.5789184570312,137.15867614746094
2012-08-13,651.5989379882812,137.658203125
2012-08-14,663.518310546875,138.15769958496094
2012-08-15,677.9210815429688,137.658203125
2012-08-16,678.4177856445312,137.758056640625
2012-08-17,689.3439331054688,138.45736694335938
2012-08-20,700.2700805664062,138.5572509765625
2012-08-21,692.3237915039062,140.25550842285156
2012-08-22,685.3707885742188,139.65615844726562
2012-08-23,688.8473510742188,138.65713500976562
2012-08-24,690.3372802734375,137.85794067382812
2012-08-28,691.8271484375,136.95895385742188
2012-08-29,690.833740234375,136.95895385742188
2012-08-30,692.3237915039062,135.1607666015625
2012-08-31,693.3170776367188,135.26065063476562
2012-09-03,729.0755004882812,135.6602325439453
2012-09-04,729.0755004882812,135.06085205078125
2012-09-05,742.4849853515625,133.96200561523438
2012-09-06,755.8944702148438,137.15867614746094
2012-09-07,750.9279174804688,139.55621337890625
2012-09-10,754.9010620117188,139.85589599609375
2012-09-11,740.49853515625,140.35537719726562
2012-09-12,734.0421142578125,139.95582580566406
2012-09-13,769.3040161132812,140.45530700683594
2012-09-14,784.6998901367188,143.75189208984375
2012-09-17,775.2635498046875,143.75189208984375
2012-09-18,754.4044799804688,143.55210876464844
2012-09-19,753.4113159179688,143.95167541503906
2012-09-20,759.3709716796875,142.85281372070312
2012-09-21,766.3240356445312,142.85281372070312
2012-09-24,765.3306274414062,142.25341796875
2012-09-25,773.2770385742188,142.85281372070312
2012-09-26,750.4313354492188,140.0557098388672
2012-09-27,749.934814453125,140.15560913085938
2012-09-28,753.4113159179688,139.2565155029297
2012-10-01,755.8944702148438,141.8538360595703
2012-10-02,759.8676147460938,140.95481872558594
2012-10-03,749.934814453125,141.55416870117188
2012-10-04,748.4447021484375,142.45321655273438
2012-10-05,749.4380493164062,145.25033569335938
2012-10-08,746.458251953125,144.45120239257812
2012-10-09,734.0421142578125,143.55210876464844
2012-10-10,729.572265625,142.85281372070312
2012-10-11,747.9480590820312,142.45321655273438
2012-10-12,734.0421142578125,141.95375061035156
2012-10-15,741.4916381835938,141.8538360595703
2012-10-16,780.7266845703125,143.85183715820312
2012-10-17,786.1897583007812,143.75189208984375
2012-10-18,792.6463012695312,143.352294921875
2012-10-19,803.5723266601562,143.1525421142578
2012-10-22,788.673095703125,140.95481872558594
2012-10-23,785.693115234375,140.15560913085938
2012-10-24,775.2635498046875,138.5572509765625
2012-10-25,784.2033081054688,139.75604248046875
2012-10-26,779.7333984375,139.0067901611328
2012-10-29,792.6463012695312,140.35537719726562
2012-10-30,794.6326904296875,141.45425415039062
2012-10-31,789.666259765625,141.25453186035156
2012-11-01,810.0288696289062,141.65406799316406
2012-11-02,799.1026000976562,142.55316162109375
2012-11-05,795.6260375976562,141.35433959960938
2012-11-06,797.6126708984375,142.75296020507812
2012-11-07,776.7535400390625,138.77005004882812
2012-11-08,774.2703247070312,138.4703369140625
2012-11-09,761.8541870117188,137.67111206054688
2012-11-12,761.8541870117188,136.87184143066406
2012-11-13,761.3576049804688,137.17152404785156
2012-11-14,752.9144897460938,136.17251586914062
2012-11-15,747.9480590820312,134.8737030029297
2012-11-16,740.0018310546875,133.3751220703125
2012-11-19,748.4447021484375,137.2714385986328
2012-11-20,773.2770385742188,138.07069396972656
2012-11-21,773.2770385742188,139.16970825195312
2012-11-22,773.7738037109375,140.46847534179688
2012-11-23,765.3306274414062,141.2677459716797
2012-11-26,754.4044799804688,141.1678009033203
2012-11-27,752.4180297851562,142.66644287109375
2012-11-28,766.8206176757812,142.5665283203125
2012-11-29,791.1563720703125,145.0641326904297
2012-11-30,795.6260375976562,145.86343383789062
2012-12-03,788.1763305664062,145.16404724121094
2012-12-04,782.71337890625,146.16311645507812
2012-12-05,778.7401123046875,146.26303100585938
2012-12-06,781.7200927734375,144.86434936523438
2012-12-07,792.6463012695312,146.16311645507812
2012-12-10,783.7066650390625,146.3629913330078
2012-12-11,784.2033081054688,147.56182861328125
2012-12-12,788.673095703125,148.86058044433594
2012-12-13,786.1897583007812,148.2611541748047
2012-12-14,796.1228637695312,148.66078186035156
2012-12-17,791.6529541015625,148.1612548828125
2012-12-18,806.5523681640625,149.85968017578125
2012-12-19,806.5523681640625,151.25833129882812
2012-12-20,814.4987182617188,150.45912170410156
2012-12-21,795.12939453125,150.05950927734375
2012-12-24,803.0758056640625,149.85968017578125
2012-12-27,798.60595703125,149.85968017578125
2012-12-28,794.6326904296875,150.45912170410156
2012-12-31,794.6326904296875,150.25926208496094
2013-01-02,814.9951171875,153.25650024414062
2013-01-03,816.9819946289062,153.8558807373047
2013-01-04,823.438232421875,154.95492553710938
2013-01-07,831.384521484375,154.75509643554688
2013-01-08,830.3912963867188,154.05575561523438
2013-01-09,829.8946533203125,155.0548095703125
2013-01-10,841.3174438476562,155.0548095703125
2013-01-11,864.6599731445312,156.05386352539062
2013-01-14,857.2100830078125,157.05294799804688
2013-01-15,868.1362915039062,157.05294799804688
2013-01-16,867.14306640625,157.2527313232422
2013-01-17,865.1566162109375,158.2517852783203
2013-01-18,882.5390625,159.85032653808594
2013-01-21,879.5592041015625,160.84938049316406
2013-01-22,851.7470092773438,160.7494659423828
2013-01-23,834.8611450195312,161.8484344482422
2013-01-24,859.6934204101562,163.84657287597656
2013-01-25,868.633056640625,164.84564208984375
2013-01-28,858.6998901367188,166.24429321289062
2013-01-29,849.760498046875,165.84471130371094
2013-01-30,834.3643798828125,165.64488220214844
2013-01-31,836.84765625,163.04733276367188
2013-02-01,854.2302856445312,164.84564208984375
2013-02-04,835.8543090820312,162.44789123535156
2013-02-05,845.2905883789062,163.04733276367188
2013-02-06,856.7135009765625,163.04733276367188
2013-02-07,857.7069091796875,161.44879150390625
2013-02-08,857.7069091796875,161.8484344482422
2013-02-11,848.2705078125,163.04733276367188
2013-02-12,862.6731567382812,163.94650268554688
2013-02-13,867.6397094726562,165.34521484375
2013-02-14,863.6665649414062,164.34608459472656
2013-02-15,869.626220703125,165.54495239257812
2013-02-18,856.2166137695312,164.74574279785156
2013-02-19,863.6665649414062,167.04360961914062
2013-02-20,865.1566162109375,168.64207458496094
2013-02-21,856.7135009765625,165.0454559326172
2013-02-22,903.3981323242188,165.84471130371094
2013-02-25,892.4719848632812,167.9427490234375
2013-02-26,879.5592041015625,165.24525451660156
2013-02-27,883.03564453125,166.4441680908203
2013-02-28,907.371337890625,167.24339294433594
2013-03-01,928.2302856445312,167.84286499023438
2013-03-04,928.7271118164062,167.04360961914062
2013-03-05,950.082763671875,169.6411590576172
2013-03-06,943.6264038085938,170.040771484375
2013-03-07,941.639892578125,170.8400115966797
2013-03-08,943.6264038085938,172.2387237548828
2013-03-11,930.2169189453125,172.33865356445312
2013-03-12,939.6531982421875,172.2387237548828
2013-03-13,950.5794067382812,170.93995666503906
2013-03-14,959.0226440429688,171.3395538330078
2013-03-15,946.6063842773438,170.040771484375
2013-03-18,959.5192260742188,166.4441680908203
2013-03-19,964.9822387695312,165.84471130371094
2013-03-20,1003.2239379882812,165.24525451660156
2013-03-21,1026.0694580078125,164.14627075195312
2013-03-22,1022.0963745117188,163.64674377441406
2013-03-25,1020.1098022460938,163.34701538085938
2013-03-26,1025.076171875,162.64773559570312
2013-03-27,1032.029296875,162.74757385253906
2013-03-28,1061.828125,164.34608459472656
2013-04-02,1065.801025390625,164.54592895507812
2013-04-03,1060.83447265625,162.5478057861328
2013-04-04,1025.076171875,160.34982299804688
2013-04-05,1004.2172241210938,156.75318908691406
2013-04-08,997.2640991210938,157.552490234375
2013-04-09,1026.0694580078125,158.65142822265625
2013-04-10,1055.8682861328125,160.6495361328125
2013-04-11,1090.6336669921875,163.64674377441406
2013-04-12,1115.4658203125,162.14817810058594
2013-04-15,1124.4053955078125,161.34890747070312
2013-04-16,1100.5662841796875,161.1491241455078
2013-04-17,1098.57958984375,159.7504119873047
2013-04-18,1101.5596923828125,159.6505126953125
2013-04-19,1122.4190673828125,159.95022583007812
2013-04-22,1047.9219970703125,159.350830078125
2013-04-23,1060.83447265625,160.7494659423828
2013-04-24,1078.7137451171875,161.0491943359375
2013-04-25,1068.7813720703125,160.84938049316406
2013-04-26,1072.75439453125,160.4498291015625
2013-04-29,1089.64013671875,160.34982299804688
2013-04-30,1072.75439453125,159.85032653808594
2013-05-01,1082.6871337890625,160.9493408203125
2013-05-02,1073.74755859375,160.2499237060547
2013-05-03,1091.626953125,165.24525451660156
2013-05-07,1071.7608642578125,165.0454559326172
2013-05-08,1084.6737060546875,165.0454559326172
2013-05-09,1101.5596923828125,165.54495239257812
2013-05-10,1094.60693359375,167.6430206298828
2013-05-13,1072.75439453125,167.4431915283203
2013-05-14,1090.6336669921875,168.04266357421875
2013-05-15,1139.3046875,170.8400115966797
2013-05-16,1197.9090576171875,171.63926696777344
2013-05-17,1263.4664306640625,173.0379638671875
2013-05-20,1236.647216796875,174.33676147460938
2013-05-21,1226.71435546875,175.23593139648438
2013-05-22,1242.607177734375,175.73544311523438
2013-05-23,1224.72802734375,169.6411590576172
2013-05-24,1211.8148193359375,168.8419189453125
2013-05-28,1271.4124755859375,172.73825073242188
2013-05-29,1233.6673583984375,171.254150390625
2013-05-30,1216.7813720703125,172.8527374267578
2013-05-31,1211.8148193359375,173.6520538330078
2013-06-03,1166.123779296875,169.15589904785156
2013-06-04,1173.0765380859375,169.25582885742188
2013-06-05,1152.21728515625,163.6605682373047
2013-06-06,1166.123779296875,161.76219177246094
2013-06-07,1196.9156494140625,165.45909118652344
2013-06-10,1214.7950439453125,165.8587188720703
2013-06-11,1205.855224609375,164.8595733642578
2013-06-12,1196.9156494140625,163.1610107421875
2013-06-13,1175.0633544921875,161.56239318847656
2013-06-14,1195.92236328125,163.0611114501953
2013-06-17,1209.82861328125,163.1610107421875
2013-06-18,1207.842041015625,164.8595733642578
2013-06-19,1215.7879638671875,164.8595733642578
2013-06-20,1140.298095703125,159.66400146484375
2013-06-21,1099.5731201171875,161.76219177246094
2013-06-24,1080.7008056640625,157.36599731445312
2013-06-25,1128.3785400390625,156.06704711914062
2013-06-26,1153.2105712890625,160.06361389160156
2013-06-27,1150.2313232421875,164.45989990234375
2013-06-28,1173.0765380859375,165.1593017578125
2013-07-01,1231.6806640625,167.2575225830078
2013-07-02,1215.7879638671875,167.85704040527344
2013-07-03,1204.86181640625,167.6571807861328
2013-07-04,1257.50634765625,171.8536376953125
2013-07-05,1247.573486328125,170.9543914794922
2013-07-08,1258.4998779296875,172.25326538085938
2013-07-09,1264.45947265625,174.55130004882812
2013-07-10,1256.51318359375,172.8527374267578
2013-07-11,1267.4393310546875,172.45309448242188
2013-07-12,1284.3255615234375,172.15333557128906
2013-07-15,1296.2447509765625,172.25326538085938
2013-07-16,1232.67431640625,172.05343627929688
2013-07-17,1225.7210693359375,172.25326538085938
2013-07-18,1259.4930419921875,173.35235595703125
2013-07-19,1246.5802001953125,173.6520538330078
2013-07-22,1249.5599365234375,173.25241088867188
2013-07-23,1247.573486328125,173.6520538330078
2013-07-24,1251.546630859375,172.45309448242188
2013-07-25,1256.51318359375,173.45223999023438
2013-07-26,1210.8218994140625,173.8518829345703
2013-07-29,1216.7813720703125,174.45143127441406
2013-07-30,1235.654052734375,177.648681640625
2013-07-31,1227.7078857421875,179.44712829589844
2013-08-01,1233.6673583984375,181.1457061767578
2013-08-02,1251.546630859375,180.54620361328125
2013-08-05,1264.45947265625,180.64614868164062
2013-08-06,1271.4124755859375,179.34719848632812
2013-08-07,1238.63427734375,178.14825439453125
2013-08-08,1238.63427734375,178.64781188964844
2013-08-09,1223.7344970703125,180.54620361328125
2013-08-12,1221.7481689453125,181.04574584960938
2013-08-13,1218.76806640625,182.84422302246094
2013-08-14,1176.056640625,181.34552001953125
2013-08-15,1089.64013671875,177.24899291992188
2013-08-16,1180.029541015625,176.05003356933594
2013-08-19,1159.170654296875,176.05003356933594
2013-08-20,1142.2845458984375,176.24990844726562
2013-08-21,1134.3385009765625,173.6520538330078
2013-08-22,1132.3519287109375,176.9492645263672
2013-08-23,1125.3988037109375,179.34719848632812
2013-08-27,1105.5328369140625,176.7494354248047
2013-08-28,1088.6470947265625,174.75112915039062
2013-08-29,1094.60693359375,176.05003356933594
2013-08-30,1091.626953125,175.8502197265625
2013-09-02,1137.318359375,176.34979248046875
2013-09-03,1134.3385009765625,177.04917907714844
2013-09-04,1103.5460205078125,177.44883728027344
2013-09-05,1144.271484375,177.648681640625
2013-09-06,1152.21728515625,178.04833984375
2013-09-09,1165.130615234375,178.84767150878906
2013-09-10,1170.0970458984375,182.044921875
2013-09-11,1146.2578125,182.84422302246094
2013-09-12,1142.2845458984375,183.94329833984375
2013-09-13,1154.2041015625,183.1439971923828
2013-09-16,1145.264404296875,184.14317321777344
2013-09-17,1138.311279296875,182.2447052001953
2013-09-18,1104.53955078125,183.54367065429688
2013-09-19,1103.5460205078125,186.64100646972656
2013-09-20,1119.4388427734375,185.84170532226562
2013-09-23,1107.51953125,184.64273071289062
2013-09-24,1115.4658203125,187.24050903320312
2013-09-25,1107.51953125,186.64100646972656
2013-09-26,1101.5596923828125,187.64016723632812
2013-09-27,1053.881591796875,186.44119262695312
2013-09-30,1078.7137451171875,185.94158935546875
2013-10-01,1098.57958984375,185.7417449951172
2013-10-02,1094.60693359375,185.6418914794922
2013-10-03,1081.6939697265625,185.54193115234375
2013-10-04,1069.7744140625,185.94158935546875
2013-10-07,1059.84130859375,186.64100646972656
2013-10-08,1069.7744140625,185.14231872558594
2013-10-09,1123.412109375,183.04408264160156
2013-10-10,1186.98291015625,186.94076538085938
2013-10-11,1188.969482421875,189.03895568847656
2013-10-14,1186.98291015625,189.03895568847656
2013-10-15,1193.9356689453125,190.63763427734375
2013-10-16,1202.8753662109375,192.8357391357422
2013-10-17,1201.882080078125,192.8357391357422
2013-10-18,1221.7481689453125,194.4344024658203
2013-10-21,1241.6136474609375,198.63082885742188
2013-10-22,1218.76806640625,200.2294464111328
2013-10-23,1247.573486328125,198.83056640625
2013-10-24,1245.5870361328125,200.02963256835938
2013-10-25,1234.6607666015625,200.8289337158203
2013-10-28,1215.7879638671875,202.22772216796875
2013-10-29,1246.5802001953125,204.4258575439453
2013-10-30,1255.5196533203125,203.42672729492188
2013-10-31,1256.51318359375,200.8289337158203
2013-11-01,1264.45947265625,200.8289337158203
2013-11-04,1258.4998779296875,202.6273956298828
2013-11-05,1206.8486328125,203.22686767578125
2013-11-06,1178.0428466796875,203.6265411376953
2013-11-07,1164.13720703125,199.53005981445312
2013-11-08,1188.969482421875,198.63082885742188
2013-11-11,1193.9356689453125,199.43008422851562
2013-11-12,1191.9490966796875,197.43185424804688
2013-11-13,1146.2578125,192.74925231933594
2013-11-14,1155.1973876953125,194.64781188964844
2013-11-15,1151.2242431640625,195.24732971191406
2013-11-18,1157.18408203125,196.14666748046875
2013-11-19,1177.0498046875,195.94676208496094
2013-11-20,1155.1973876953125,192.84921264648438
2013-11-21,1188.969482421875,191.65008544921875
2013-11-22,1212.8082275390625,191.85000610351562
2013-11-25,1206.8486328125,193.84844970703125
2013-11-26,1219.7615966796875,194.84764099121094
2013-11-27,1237.640869140625,198.04513549804688
2013-11-28,1162.150634765625,200.84295654296875
2013-11-29,1152.21728515625,201.84219360351562
2013-12-02,1150.2313232421875,198.84445190429688
2013-12-03,1132.3519287109375,196.8460693359375
2013-12-04,1135.33154296875,197.2457733154297
2013-12-05,1146.2578125,195.8468475341797
2013-12-06,1175.0633544921875,198.44482421875
2013-12-09,1175.0633544921875,199.84368896484375
2013-12-10,1174.06982421875,200.64309692382812
2013-12-11,1165.130615234375,200.4432830810547
2013-12-12,1128.3785400390625,195.54713439941406
2013-12-13,1128.3785400390625,198.5447540283203
2013-12-16,1136.3250732421875,200.84295654296875
2013-12-17,1147.2508544921875,200.04359436035156
2013-12-18,1160.1639404296875,197.745361328125
2013-12-19,1174.06982421875,200.4432830810547
2013-12-20,1185.9896240234375,201.0427703857422
2013-12-23,1193.9356689453125,202.44171142578125
2013-12-24,1210.8218994140625,204.2403106689453
2013-12-27,1210.8218994140625,205.63919067382812
2013-12-30,1209.82861328125,206.03892517089844
2013-12-31,1230.6873779296875,206.83827209472656
2014-01-02,1247.573486328125,205.8390655517578
2014-01-03,1250.55322265625,206.2387237548828
2014-01-06,1281.34521484375,206.2387237548828
2014-01-07,1285.3187255859375,208.23712158203125
2014-01-08,1280.351806640625,206.63844299316406
2014-01-09,1265.452880859375,205.8390655517578
2014-01-10,1344.9158935546875,208.63687133789062
2014-01-13,1336.9697265625,212.83358764648438
2014-01-14,1327.03662109375,214.63221740722656
2014-01-15,1324.056884765625,219.828125
2014-01-16,1319.0904541015625,217.8296661376953
2014-01-17,1331.009765625,216.23094177246094
2014-01-20,1332.9964599609375,216.83050537109375
2014-01-21,1327.03662109375,215.23167419433594
2014-01-22,1317.10400390625,214.4323272705078
2014-01-23,1301.2113037109375,213.43316650390625
2014-01-24,1255.5196533203125,208.83670043945312
2014-01-27,1241.6136474609375,204.44012451171875
2014-01-28,1283.332275390625,207.6376495361328
2014-01-29,1276.37890625,206.63844299316406
2014-01-30,1281.34521484375,208.23712158203125
2014-01-31,1304.191162109375,206.43858337402344
2014-02-03,1291.2784423828125,205.63919067382812
2014-02-04,1278.3658447265625,204.44012451171875
2014-02-05,1292.2716064453125,205.43934631347656
2014-02-06,1331.009765625,209.83590698242188
2014-02-07,1375.7078857421875,210.6352996826172
2014-02-10,1383.654296875,213.6329345703125
2014-02-11,1424.37939453125,216.23094177246094
2014-02-12,1380.674560546875,217.6298370361328
2014-02-13,1376.701416015625,215.43154907226562
2014-02-14,1375.7078857421875,217.6298370361328
2014-02-17,1405.5068359375,218.22935485839844
2014-02-18,1434.31201171875,218.42921447753906
2014-02-19,1407.4930419921875,216.630615234375
2014-02-20,1427.3592529296875,216.43075561523438
2014-02-21,1454.1783447265625,217.42996215820312
2014-02-24,1461.131103515625,217.42996215820312
2014-02-25,1453.1845703125,216.83050537109375
2014-02-26,1425.37255859375,218.42921447753906
2014-02-27,1452.1915283203125,217.8296661376953
2014-02-28,1436.2989501953125,219.228515625
2014-03-03,1421.3994140625,210.83509826660156
2014-03-04,1459.14453125,213.2332763671875
2014-03-05,1423.3857421875,211.8343505859375
2014-03-06,1407.4930419921875,210.83509826660156
2014-03-07,1383.654296875,209.03656005859375
