,0,1,2,3,4,5,6,7,8,9,10,11,12,13,14,15,16,17,18,19,20,21,22,23,24,25,26,27,28,29,30,31,32,33,34,35,36,37,38,39,40,41,42,43,44,45,46,47,48,49,50,51,52,53,54,55,56,57,58,59,60,61,62,63,64,65,66,67,68,69,70,71,72,73,74,75,76,77,78,79,80,81,82,83,84,85,86,87,88,89,90,91,92,93,94,95,96,97,98,99,100,101,102,103,104,105,106,107,108,109,110,111,112,113,114,115,116,117,118,119,120,121,122,123,124,125,126,127,128,129,130,131,132,133,134,135,136,137,138,139,140,141,142,143,144,145,146,147,148,149,150,151,152,153,154,155,156,157,158,159,160,161,162,163,164,165,166,167,168,169,170,171,172,173,174,175,176,177,178,179,180,181,182,183,184,185,186,187,188,189,190,191,192,193,194,195,196,197,198,199,200,201,202,203,204,205,206,207,208,209,210,211,212,213,214,215,216,217,218,219,220,221,222,223,224,225,226,227,228,229,230,231,232,233,234,235,236,237,238,239,240,241,242,243,244,245,246,247,248,249,250
0,,,,,,,,,,,,,,,,,,,,,,,,,,,,,,,,,,,,,,,,,,,,,,,,,,,,,,,,,,,,,,,,,,,,,,,,,,,,,,,,,,,,,,,,,,,,,,,,,,,,,,,,,,,,,,,,,,,,,,,,,,,,,,,,,,,,,,,,,,,,,,,,,,,,,,,,,,,,,,,,,,,,,,,,,,,,,,,,,,,,,,,,,,,,,,,,,,,,,,,,,,,,,,,,,,,,,,,,,,,,,,,,,,,,,,,,,,,,,,,,,,,,,,,,,,,
1,,,,,,,,,,,,,,,,,,,,,,,,,,,,,,,,,,,,,,,,,,,,,,,,,,,,,,,,,,,,,,,,,,,,,,,,,,,,,,,,,,,,,,,,,,,,,,,,,,,,,,,,,,,,,,,,,,,,,,,,,,,,,,,,,,,,,,,,,,,,,,,,,,,,,,,,,,,,,,,,,,,,,,,,,,,,,,,,,,,,,,,,,,,,,,,,,,,,,,,,,,,,,,,,,,,,,,,,,,,,,,,,,,,,,,,,,,,,,,,,,,,,,,,,,,,
2,,,,,,,,,,,,,,,,,,,,,,,,,,,,,,,,,,,,,,,,,,,,,,,,,,,,,,,,,,,,,,,,,,,,,,,,,,,,,,,,,,,,,,,,,,,,,,,,,,,,,,,,,,,,,,,,,,,,,,,,,,,,,,,,,,,,,,,,,,,,,,,,,,,,,,,,,,,,,,,,,,,,,,,,,,,,,,,,,,,,,,,,,,,,,,,,,,,,,,,,,,,,,,,,,,,,,,,,,,,,,,,,,,,,,,,,,,,,,,,,,,,,,,,,,,,
3,,,,,,,,,,,,,,,,,,,,,,,,,,,,,,,,,,,,,,,,,,,,,,,,,,,,,,,,,,,,,,,,,,,,,,,,,,,,,,,,,,,,,,,,,,,,,,,,,,,,,,,,,,,,,,,,,,,,,,,,,,,,,,,,,,,,,,,,,,,,,,,,,,,,,,,,,,,,,,,,,,,,,,,,,,,,,,,,,,,,,,,,,,,,,,,,,,,,,,,,,,,,,,,,,,,,,,,,,,,,,,,,,,,,,,,,,,,,,,,,,,,,,,,,,,,
4,,,,,,,,,,,,,,,,,,,,,,,,,,,,,,,,,,,,,,,,,,,,,,,,,,,,,,,,,,,,,,,,,,,,,,,,,,,,,,,,,,,,,,,,,,,,,,,,,,,,,,,,,,,,,,,,,,,,,,,,,,,,,,,,,,,,,,,,,,,,,,,,,,,,,,,,,,,,,,,,,,,,,,,,,,,,,,,,,,,,,,,,,,,,,,,,,,,,,,,,,,,,,,,,,,,,,,,,,,,,,,,,,,,,,,,,,,,,,,,,,,,,,,,,,,,
5,,,,,,,,,,,,,,,,,,,,,,,,,,,,,,,,,,,,,,,,,,,,,,,,,,,,,,,,,,,,,,,,,,,,,,,,,,,,,,,,,,,,,,,,,,,,,,,,,,,,,,,,,,,,,,,,,,,,,,,,,,,,,,,,,,,,,,,,,,,,,,,,,,,,,,,,,,,,,,,,,,,,,,,,,,,,,,,,,,,,,,,,,,,,,,,,,,,,,,,,,,,,,,,,,,,,,,,,,,,,,,,,,,,,,,,,,,,,,,,,,,,,,,,,,,,
6,,,,,,,,,,,,,,,,,,,,,,,,,,,,,,,,,,,,,,,,,,,,,,,,,,,,,,,,,,,,,,,,,,,,,,,,,,,,,,,,,,,,,,,,,,,,,,,,,,,,,,,,,,,,,,,,,,,,,,,,,,,,,,,,,,,,,,,,,,,,,,,,,,,,,,,,,,,,,,,,,,,,,,,,,,,,,,,,,,,,,,,,,,,,,,,,,,,,,,,,,,,,,,,,,,,,,,,,,,,,,,,,,,,,,,,,,,,,,,,,,,,,,,,,,,,
7,,,,,,,,,,,,,,,,,,,,,,,,,,,,,,,,,,,,,,,,,,,,,,,,,,,,,,,,,,,,,,,,,,,,,,,,,,,,,,,,,,,,,,,,,,,,,,,,,,,,,,,,,,,,,,,,,,,,,,,,,,,,,,,,,,,,,,,,,,,,,,,,,,,,,,,,,,,,,,,,,,,,,,,,,,,,,,,,,,,,,,,,,,,,,,,,,,,,,,,,,,,,,,,,,,,,,,,,,,,,,,,,,,,,,,,,,,,,,,,,,,,,,,,,,,,
8,,,,,,,,,,,,,,,,,,,,,,,,,,,,,,,,,,,,,,,,,,,,,,,,,,,,,,,,,,,,,,,,,,,,,,,,,,,,,,,,,,,,,,,,,,,,,,,,,,,,,,,,,,,,,,,,,,,,,,,,,,,,,,,,,,,,,,,,,,,,,,,,,,,,,,,,,,,,,,,,,,,,,,,,,,,,,,,,,,,,,,,,,,,,,,,,,,,,,,,,,,,,,,,,,,,,,,,,,,,,,,,,,,,,,,,,,,,,,,,,,,,,,,,,,,,
9,,,,,,,,,,,,,,,,,,,,,,,,,,,,,,,,,,,,,,,,,,,,,,,,,,,,,,,,,,,,,,,,,,,,,,,,,,,,,,,,,,,,,,,,,,,,,,,,,,,,,,,,,,,,,,,,,,,,,,,,,,,,,,,,,,,,,,,,,,,,,,,,,,,,,,,,,,,,,,,,,,,,,,,,,,,,,,,,,,,,,,,,,,,,,,,,,,,,,,,,,,,,,,,,,,,,,,,,,,,,,,,,,,,,,,,,,,,,,,,,,,,,,,,,,,,
10,,,,,,,,,,,,,,,,,,,,,,,,,,,,,,,,,,,,,,,,,,,,,,,,,,,,,,,,,,,,,,,,,,,,,,,,,,,,,,,,,,,,,,,,,,,,,,,,,,,,,,,,,,,,,,,,,,,,,,,,,,,,,,,,,,,,,,,,,,,,,,,,,,,,,,,,,,,,,,,,,,,,,,,,,,,,,,,,,,,,,,,,,,,,,,,,,,,,,,,,,,,,,,,,,,,,,,,,,,,,,,,,,,,,,,,,,,,,,,,,,,,,,,,,,,,
11,,,,,,,,,,,,,,,,,,,,,,,,,,,,,,,,,,,,,,,,,,,,,,,,,,,,,,,,,,,,,,,,,,,,,,,,,,,,,,,,,,,,,,,,,,,,,,,,,,,,,,,,,,,,,,,,,,,,,,,,,,,,,,,,,,,,,,,,,,,,,,,,,,,,,,,,,,,,,,,,,,,,,,,,,,,,,,,,,,,,,,,,,,,,,,,,,,,,,,,,,,,,,,,,,,,,,,,,,,,,,,,,,,,,,,,,,,,,,,,,,,,,,,,,,,,
12,,,,,,,,,,,,,,,,,,,,,,,,,,,,,,,,,,,,,,,,,,,,,,,,,,,,,,,,,,,,,,,,,,,,,,,,,,,,,,,,,,,,,,,,,,,,,,,,,,,,,,,,,,,,,,,,,,,,,,,,,,,,,,,,,,,,,,,,,,,,,,,,,,,,,,,,,,,,,,,,,,,,,,,,,,,,,,,,,,,,,,,,,,,,,,,,,,,,,,,,,,,,,,,,,,,,,,,,,,,,,,,,,,,,,,,,,,,,,,,,,,,,,,,,,,,
13,,,,,,,,,,,,,,,,,,,,,,,,,,,,,,,,,,,,,,,,,,,,,,,,,,,,,,,,,,,,,,,,,,,,,,,,,,,,,,,,,,,,,,,,,,,,,,,,,,,,,,,,,,,,,,,,,,,,,,,,,,,,,,,,,,,,,,,,,,,,,,,,,,,,,,,,,,,,,,,,,,,,,,,,,,,,,,,,,,,,,,,,,,,,,,,,,,,,,,,,,,,,,,,,,,,,,,,,,,,,,,,,,,,,,,,,,,,,,,,,,,,,,,,,,,,
14,,,,,,,,,,,,,,,,,,,,,,,,,,,,,,,,,,,,,,,,,,,,,,,,,,,,,,,,,,,,,,,,,,,,,,,,,,,,,,,,,,,,,,,,,,,,,,,,,,,,,,,,,,,,,,,,,,,,,,,,,,,,,,,,,,,,,,,,,,,,,,,,,,,,,,,,,,,,,,,,,,,,,,,,,,,,,,,,,,,,,,,,,,,,,,,,,,,,,,,,,,,,,,,,,,,,,,,,,,,,,,,,,,,,,,,,,,,,,,,,,,,,,,,,,,,
15,,,,,,,,,,,,,,,,,,,,,,,,,,,,,,,,,,,,,,,,,,,,,,,,,,,,,,,,,,,,,,,,,,,,,,,,,,,,,,,,,,,,,,,,,,,,,,,,,,,,,,,,,,,,,,,,,,,,,,,,,,,,,,,,,,,,,,,,,,,,,,,,,,,,,,,,,,,,,,,,,,,,,,,,,,,,,,,,,,,,,,,,,,,,,,,,,,,,,,,,,,,,,,,,,,,,,,,,,,,,,,,,,,,,,,,,,,,,,,,,,,,,,,,,,,,
16,,,,,,,,,,,,,,,,,,,,,,,,,,,,,,,,,,,,,,,,,,,,,,,,,,,,,,,,,,,,,,,,,,,,,,,,,,,,,,,,,,,,,,,,,,,,,,,,,,,,,,,,,,,,,,,,,,,,,,,,,,,,,,,,,,,,,,,,,,,,,,,,,,,,,,,,,,,,,,,,,,,,,,,,,,,,,,,,,,,,,,,,,,,,,,,,,,,,,,,,,,,,,,,,,,,,,,,,,,,,,,,,,,,,,,,,,,,,,,,,,,,,,,,,,,,
17,,,,,,,,,,,,,,,,,,,,,,,,,,,,,,,,,,,,,,,,,,,,,,,,,,,,,,,,,,,,,,,,,,,,,,,,,,,,,,,,,,,,,,,,,,,,,,,,,,,,,,,,,,,,,,,,,,,,,,,,,,,,,,,,,,,,,,,,,,,,,,,,,,,,,,,,,,,,,,,,,,,,,,,,,,,,,,,,,,,,,,,,,,,,,,,,,,,,,,,,,,,,,,,,,,,,,,,,,,,,,,,,,,,,,,,,,,,,,,,,,,,,,,,,,,,
18,,,,,,,,,,,,,,,,,,,0.0,0.16740781527691545,0.23284109495272295,0.24540854529547027,0.2446358359503007,,0.24962465658193028,0.25393428227444426,0.2643906559194611,0.27015616114633934,0.25583192830170237,0.25918946609101384,0.26306020956545373,,,0.24436860689865683,,0.32554607034707095,,,,,,,0.2549054955304704,0.2566668701647463,,,0.25523495931100204,0.2592893014439266,0.2589024907313385,,,0.2623648264001765,0.2555377029749439,0.2545530350657155,0.25502480865991495,0.24581732198924106,0.23792025857437374,,0.2411580043861649,0.24938256652241947,0.2465188187408237,0.24988533870256338,0.24937477403172828,0.24664946149024508,0.2520311360809504,0.30014385152401735,0.29788376711290243,0.27703336005940044,0.27441682504703147,0.2998871388709898,0.2898891364687527,0.2766896488846686,0.27152205685875497,0.2472110268236178,0.26391658872576573,0.26758733772142596,0.2603500491923273,0.24993606627568987,0.24843594671174693,0.25021385560242215,0.24473196637983533,0.23815766717342474,0.24216469355894124,0.2539637697778034,0.2529553749099984,,0.26066513860583584,0.2526208850271546,0.24976007562032135,0.24091003290531213,0.25124853196188895,0.2612155805290454,0.26914680585696016,0.25682655634185614,0.2565908887138223,0.2614872164331904,0.2700419749288679,0.26131136798840116,0.26095452535496566,0.26767371462508793,0.2844214219726337,,0.26318867218637365,,,,,,,,,0.2613529067663657,0.2604298735532454,,,,,,,,,,,0.25607245284383484,0.24506580114463855,,,,,,,,,,,,0.2566074715955769,0.25205452192414946,,,0.25615991552047485,0.25621429222719944,0.2525755152611747,0.26856182349669433,0.260671540298803,0.24753312717505435,0.2658551525057571,0.2625864746978786,0.25326711694804166,0.2720460987021116,,,,,,,0.2740935736178946,0.2633206864688455,0.25399188172194137,0.24711924372614258,0.2642595700449882,0.2704777988405807,0.2747187345912702,0.26087830501486087,0.2618263969210151,0.26525054898338624,0.25489332264973297,0.25628465222152325,0.3796643740217881,0.35724315700718584,0.2569781492279313,0.24841591377053798,0.27224850371415255,0.26287815992956926,0.26718190714781215,0.2554673503356347,0.2584566400879605,0.26233487505009256,0.2853806310741442,0.2913754452886412,0.27709532897244443,0.25154586404795415,0.2518145816323197,0.25939748527657597,0.26252302513717884,0.2595244733339148,0.25290868699489366,0.26811128995099826,0.293137742057486,0.3772195186643788,0.38003635617958775,0.25991336348276,0.26397638810262986,0.2673627893156968,0.2679561546742505,0.2606257635870029,0.28217291138619455,0.27217648930626703,0.25590803487119473,0.2648351757042058,0.266112480896141,0.2805682911227719,0.30213822493653175,0.2903005228572993,0.2813351260528642,0.2802761387231687,0.2736238331092977,0.27516174437025753,0.2824795958565108,0.2747611800400808,0.26777812146843816,0.2663498307188551,0.26891312901038583,0.2723037235061998,0.26998885731224503,0.27894270944467575,,0.2625991357615443,0.25862465208671886,0.2567161239303786,0.2660793903163504,0.2694510775192499,0.27835863801193156,0.27685348234039603,0.2634014100503978,0.2646054526183343,0.2695968882351997,0.282091710359443,0.290000384073324,0.26974134451102144,0.2968465867458002,0.28582965529732945,0.2546826433687416,0.25536781164080746,0.2657775945092563,0.2622126050631683,0.26659749502610636,0.2686199729599886,0.2613237804600054,0.25419358494440947,0.2588623193473777,0.2641574018580224,0.2670189991217505,0.26565097952359257,0.27080406889728703,0.27948936449921524,0.26863545659079646,0.2774894681968735,0.2706246093740387,0.2615455664694178,0.2768036354528151
19,,,,,,,,,,,,,,,,,,,0.16740781527691545,0.0,0.1667168695262174,0.25037743078986285,0.25218605068560673,,0.2522918318368812,0.251945921758458,0.25796894237835455,0.26741401389581143,0.26248879817539733,0.26213351626227405,0.2586629125398153,,,0.24240038743928302,,0.33798399747383273,,,,,,,0.2541531261132436,0.25654670878011315,,,0.25865184611122655,0.25861289911193114,0.25751158822692705,,,0.2618460961673141,0.2544992799070589,0.254214749948428,0.25416543584682677,0.24566189376774247,0.24305127279307973,,0.2502222000157012,0.24876847536605173,0.2439014852391092,0.2481861116372871,0.24965702200513684,0.24894067689627694,0.24899672473817397,0.3043519585326393,0.3044798435958849,0.28517091001102096,0.27799021735253954,0.29749607227074654,0.284736081971555,0.27194061763021,0.270018814705487,0.25672315521694006,0.27340319051875106,0.27686620444788373,0.2648639719849619,0.251282598585065,0.24790027516720392,0.2518468224080673,0.2438325631769773,0.2401142837694031,0.2482082134383873,0.2599941615151963,0.25896059675371386,,0.27086705985958226,0.25957923939994126,0.2522736810226725,0.25111734281440207,0.25915793592310565,0.2555755374738406,0.261560570458936,0.25128632034154685,0.25224454096472465,0.26280803645612133,0.2678810893164697,0.26338372082647404,0.26210171111117286,0.26695791006421915,0.27941087542590015,,0.25972423934289784,,,,,,,,,0.2542553042311934,0.25638821117349153,,,,,,,,,,,0.2580403767773747,0.25143299276047204,,,,,,,,,,,,0.2619306080912938,0.26258870601465545,,,0.2576779319691907,0.257229999202997,0.2577370865165987,0.270166333918116,0.25990809527492564,0.2438898079566944,0.2707365544083825,0.26785627523879735,0.2538059768834467,0.2759935249064378,,,,,,,0.2752856967332796,0.2619208427535553,0.254165682445605,0.2461965099272141,0.26820754092324983,0.27724430988935783,0.27717063671319897,0.2619043817373566,0.2597599915808066,0.26181802975403323,0.25512915241774364,0.2609686629791913,0.3883317926399168,0.36164661107871,0.25780508418564585,0.25426697479607274,0.2745864681494673,0.2607908414037464,0.26732597003633046,0.2589544127928649,0.26219036162636744,0.26614205088898496,0.28709461298721095,0.29415835962727255,0.2796829467847409,0.2523947826369742,0.251328394984577,0.2611572693825064,0.25784099306029323,0.259042294203108,0.2573213331330842,0.26589990719134526,0.3050548361384568,0.39168862851367636,0.39375188603005,0.26550353641486935,0.2659154072192125,0.2711869650042454,0.2723699003547535,0.2636049337994292,0.2834733823776017,0.27535152940050733,0.25867930941604717,0.26540440071790405,0.26790565347038453,0.28106132624466895,0.301800728978111,0.2838118613029542,0.27942536896956405,0.2817368206681094,0.2744610158699572,0.27447363278836084,0.2802060593127049,0.274415413151529,0.264620285385741,0.2558174166208405,0.26680030311470493,0.27400779839947936,0.26908712650035005,0.277333085400036,,0.2670651841272605,0.26323766819596506,0.26068898633978643,0.26535260496404955,0.2672829262550402,0.2759200859204381,0.2762666258099317,0.26412053006465785,0.2627722958712259,0.26632076707840674,0.2800858141522712,0.2897090845709619,0.26623661774801766,0.2971411548961652,0.29073723529004425,0.2575308243769874,0.2560664707988464,0.2669386668546868,0.25771394961862276,0.2692917187937006,0.2662814258461577,0.2557250376922049,0.2573682057052719,0.26146374014188084,0.2564065599380599,0.26210903771250427,0.262604744129154,0.2650650879687783,0.27349709617778045,0.26334930722671646,0.27088698607791034,0.2687221486557791,0.2601853675293011,0.27107741197352203
20,,,,,,,,,,,,,,,,,,,0.23284109495272295,0.1667168695262174,0.0,0.18934988324080318,0.2347960152157291,,0.24035335987907816,0.24635092555026827,0.25723541023997915,0.25908371273249675,0.2529233504971953,0.25520985290765563,0.25714305790872494,,,0.2372841314872843,,0.32557472231625095,,,,,,,0.25035602224911524,0.25072820028546305,,,0.2525539702629768,0.2501714485712254,0.24946316070813332,,,0.2592246419724185,0.2528236656431304,0.24914063820703872,0.25035205412740974,0.2435642324478374,0.2468054920429163,,0.24424004374425898,0.24684417810074757,0.24493928168583232,0.24228940535104423,0.24700216519988172,0.24649024548698736,0.24757328101667592,0.2971521960506126,0.29511013631585237,0.27629502747515106,0.26892007290566583,0.2959069594057497,0.28309587259782276,0.2622321026207086,0.25497093400889925,0.2503278914692937,0.26169038561993563,0.26775996311096323,0.26408157205931104,0.25111304072592594,0.24923145031361257,0.25036302845554487,0.24200066570711315,0.2403927043897985,0.24359847630520326,0.25464404534019025,0.254373463205499,,0.26859422401933286,0.26331639631995013,0.25447340651794864,0.24766599429063724,0.2538268621324562,0.25120095697366873,0.25973876295225384,0.24945931774657606,0.25276896415835526,0.261290362379033,0.2614133611465568,0.2581718079707037,0.26018231709553147,0.2700976227437784,0.28564890668013687,,0.26120755514156496,,,,,,,,,0.254157151329553,0.25041795366438097,,,,,,,,,,,0.25465553481778846,0.24425394291563315,,,,,,,,,,,,0.262203853443287,0.26133998809813586,,,0.2578003194137638,0.2593905539804947,0.26010778743347474,0.2669381062437695,0.2627117611135044,0.24736784605201562,0.2703918910531612,0.2640462507677598,0.2511527370640558,0.2724885851377153,,,,,,,0.27730613764284145,0.25982475184515375,0.25250938102208526,0.24430172656549445,0.2628638482116301,0.2741295120849432,0.27855754346054706,0.26161293202465985,0.25923691507320973,0.2607735800965037,0.24907343978715607,0.2573433441451878,0.38302727324700975,0.3535124018516035,0.2508897927172024,0.2531662541502985,0.2764090731380511,0.26065667788922153,0.2683976687414906,0.2598424513515622,0.26298653387356136,0.2658595329153009,0.28444626654477817,0.28675643230886694,0.27710423429143216,0.25412521322512316,0.2521590581308415,0.2591514712391893,0.25999555761540794,0.2590459655484132,0.25860045326183345,0.26991815272845643,0.30121965854444227,0.3857327903603859,0.38867273267557406,0.26512549989450335,0.2675380265293949,0.27189992842225275,0.2758372786933153,0.2672934835076731,0.2822004093135443,0.2719090778043255,0.2565449327144858,0.2592277453098252,0.26445703785627434,0.2836711381142653,0.30305103210973033,0.2875582516442372,0.2826822345805692,0.2851417165324506,0.27708932293895944,0.2783251914114569,0.2811270601632668,0.27525616466381536,0.268506091485709,0.26100218096298494,0.26899352652826,0.2707312540864882,0.26509207623589814,0.2731352787528223,,0.26737035999489545,0.2666859690064391,0.2616690237413542,0.2646133792513503,0.2681159956763159,0.2780084683838412,0.2829381942899255,0.26786093189976995,0.26274513543602024,0.26454327468433764,0.27791981966935086,0.28913600549096996,0.26641328164282935,0.29097680869910697,0.28052504730790745,0.2546636538464368,0.2549464133962987,0.264332633292823,0.2581736321329376,0.26871715829475884,0.2650659163027032,0.2558966085557443,0.2547990461980449,0.2614844622356695,0.2554468487834419,0.26326692585696115,0.2624696569466037,0.26467271342429205,0.2738729779000814,0.26638026053044045,0.2720718235774941,0.26172590927788125,0.2561614295543384,0.27178365308259295
21,,,,,,,,,,,,,,,,,,,0.24540854529547027,0.25037743078986285,0.18934988324080318,0.0,0.14907831068706134,,0.2477462415424467,0.2574616259951919,0.27494706196463803,0.27762465621462057,0.26259557511790066,0.2636877780282087,0.27786760463863597,,,0.25423336499562826,,0.3322765384618648,,,,,,,0.2548185500800189,0.262114911232797,,,0.2659145335252488,0.26726752028041006,0.2607006153738785,,,0.27043810116288314,0.2640096227248429,0.25945288687520746,0.2553481594653868,0.2521147437073507,0.2566641563208839,,0.2564806286289723,0.2693072049716982,0.26941514227320396,0.2576915808686105,0.2473312230696479,0.2453842241621899,0.2566254838051199,0.3058987850594524,0.30563371700948516,0.28567142495502607,0.28012973904186883,0.317784044794159,0.3012686184051386,0.27546924129941924,0.2666051929241117,0.25765730535968895,0.2645927601854967,0.25833905381012234,0.2672158091218689,0.26793594560828954,0.2632682548420069,0.26319226558371056,0.2534339349655512,0.25063923769737173,0.25031504849871233,0.2588423418287353,0.26106487526807515,,0.27864458375999446,0.26946216671719253,0.2602476861210604,0.2473334245893488,0.26347468295320264,0.27037999452398875,0.27773989516469416,0.26826136209451873,0.26855443620948183,0.2694785853292416,0.27370046057654346,0.26903745456946315,0.2672499163552411,0.27275870442124883,0.2981214243949909,,0.2801885844415569,,,,,,,,,0.2723106765602691,0.2697068768253703,,,,,,,,,,,0.27003342426549076,0.2549549210222459,,,,,,,,,,,,0.270618932298443,0.26579435168310167,,,0.26770268472960357,0.2709135225519618,0.2721610637971118,0.27619310776831324,0.2732561091784793,0.2703628969726153,0.29621347144481036,0.289263062676516,0.2700248905101413,0.28607660353194025,,,,,,,0.2886327331225389,0.27456374535499073,0.26566530393120175,0.25911787767372996,0.2758899685183339,0.2848536747012062,0.28305667848890526,0.26465216254729446,0.2715641048597342,0.27427207930168607,0.26315790273274076,0.2770356952843138,0.3955695596967566,0.36988758128206756,0.258694768250202,0.2581303013898836,0.29068608020658215,0.28095353763710507,0.2805823546656659,0.26815147521373506,0.2650364087647466,0.2756051741665453,0.29923597121988277,0.30080466224707375,0.285040351736856,0.26518175805623334,0.26880428963649794,0.27120065423829753,0.2707534513596538,0.27828861265372323,0.27493636352163536,0.27911125719743535,0.30693982563044425,0.38589085601451123,0.38592794018601134,0.2768630372681851,0.2770284470876201,0.2814065441085961,0.27832693520669466,0.27493106622038305,0.29977608065005157,0.28617501806213763,0.2637264335398379,0.26883042545462027,0.27757425412298004,0.2930571555090619,0.3131798672696419,0.3043034690191936,0.2961417742789826,0.2968271728205554,0.2917209156531275,0.29152059716990586,0.2974600313821757,0.28860965954395057,0.28389627831062014,0.28467648375327276,0.28890476883890737,0.2788534340839957,0.27788869699101115,0.288008845431646,,0.2773159552221495,0.27382825542904216,0.2732117061133778,0.28409374525022346,0.28886884383820743,0.29464804483875207,0.29331354579978014,0.2807583706927013,0.2789733885909138,0.28305085449535405,0.2921370223346945,0.3038559716631621,0.2844901305189364,0.30491917367723326,0.29382593137162866,0.2710222096313538,0.27481747305770376,0.28372094726212466,0.2755721156147396,0.2821160653788475,0.27583469116667186,0.26723815195906697,0.26821598633481225,0.2766984732657613,0.27558519219490807,0.28235767978516335,0.28331045012551,0.28392250334980096,0.2948873609616781,0.28814852635427857,0.3022795794243165,0.2899981866366341,0.2752976868595581,0.2900280192719685
22,,,,,,,,,,,,,,,,,,,0.2446358359503007,0.25218605068560673,0.2347960152157291,0.14907831068706134,0.0,,0.23985223165392502,0.2586350640287478,0.2755718885233492,0.275902776231368,0.257808245141587,0.2614732635822909,0.2831555193860631,,,0.24770239889303255,,0.30487979397281684,,,,,,,0.24699364005600966,0.260447533447752,,,0.2678404296575353,0.2598496713986754,0.24979552533148383,,,0.27883215563791225,0.2692954997553342,0.26212486932981427,0.25528767112354744,0.24376834352100188,0.25130199164079153,,0.25381190902342426,0.2646122957522534,0.26351155709265917,0.25676460475464513,0.2544399253682991,0.24405669081789247,0.2542739971425583,0.28366427889289747,0.28302062725361693,0.26692221728290955,0.2631044105165988,0.29187257957354285,0.2735983751296527,0.2583922082788376,0.25254925253501204,0.24221094144805932,0.2533408247547283,0.26181134315825405,0.26973405312304194,0.26669938859467224,0.25911761445081866,0.2589654232284805,0.24595360831529064,0.23974318789135796,0.23684854140454842,0.2483054950518013,0.25439525799890267,,0.2635801770109444,0.26399936551358166,0.262793470760522,0.24695972659840398,0.25292431097484774,0.2691464420516909,0.2808309951683878,0.26152388306446994,0.26535026807188333,0.2754273896606229,0.2744074005794302,0.26615009097577563,0.27217493948742866,0.2850152109898187,0.3069652850557688,,0.28100472932455706,,,,,,,,,0.2501578158554682,0.2443656646620634,,,,,,,,,,,0.26920851068736446,0.2497732962523978,,,,,,,,,,,,0.26924970565584616,0.2612010507241594,,,0.26829808127196336,0.2711749547284664,0.27044117536497275,0.28204222793643297,0.27678562711450977,0.2611094345069707,0.27519279226398075,0.2721237960887228,0.2699874597068606,0.2836985330860552,,,,,,,0.2934239660287618,0.27325544557594494,0.2636267459586982,0.2584743958508633,0.2677843510741514,0.27965184687359695,0.2868323682146385,0.26366981876377266,0.2593951954035806,0.26544841078256,0.26203473162662494,0.25545783954787954,0.35907813224112256,0.3354867471072628,0.246533570938975,0.2534260239097596,0.2917769816527328,0.28001417707093706,0.28291659403189057,0.268453194500237,0.2637851769770139,0.2653995867539342,0.27664207657742956,0.27505991926592344,0.26500039421200833,0.2558688379903596,0.2652940878171491,0.2702077288936379,0.26740870470784434,0.27493696151211927,0.27440564785351407,0.2838373837564194,0.28916014786973193,0.372528878031918,0.3752418611918617,0.26867122812162747,0.2806415392288404,0.28613283705593834,0.2823403552317969,0.27524427403995744,0.3016322713722149,0.29080913358167687,0.26478132526605563,0.26677646526277476,0.2752207713246423,0.29698101067480753,0.32141665777300277,0.3132096980489828,0.3029520610461604,0.30519621882692854,0.2973744813600477,0.2922230865392583,0.29703360093297676,0.29199012029550697,0.28820868374864633,0.28579913260254547,0.29319042891649716,0.2764946720097899,0.2747618484770499,0.29571614983627315,,0.28283347252779195,0.2723002359527637,0.2702441003849659,0.28504708811084145,0.2905089350224732,0.2995053920376855,0.29464040311374035,0.2820476145680305,0.2849350641567516,0.2900036172122222,0.2994127007013918,0.3138456788457147,0.2889375513386155,0.2845058168984756,0.2790782922398831,0.27102743105810956,0.26957688923355855,0.2779271838354684,0.2742470796203873,0.28720772195911326,0.27776246019029055,0.2670021924033035,0.2623335853964307,0.2701223558450208,0.2776601696703685,0.2876314921336982,0.2810447663722735,0.28379476435339873,0.298817067041175,0.2875684539395645,0.28904149096203063,0.2759362430268289,0.26964955280591707,0.2891329449110087
23,,,,,,,,,,,,,,,,,,,,,,,,,,,,,,,,,,,,,,,,,,,,,,,,,,,,,,,,,,,,,,,,,,,,,,,,,,,,,,,,,,,,,,,,,,,,,,,,,,,,,,,,,,,,,,,,,,,,,,,,,,,,,,,,,,,,,,,,,,,,,,,,,,,,,,,,,,,,,,,,,,,,,,,,,,,,,,,,,,,,,,,,,,,,,,,,,,,,,,,,,,,,,,,,,,,,,,,,,,,,,,,,,,,,,,,,,,,,,,,,,,,,,,,,,,,
24,,,,,,,,,,,,,,,,,,,0.24962465658193028,0.2522918318368812,0.24035335987907816,0.2477462415424467,0.23985223165392502,,0.0,0.20133166019906792,0.2819652394707095,0.27773758376875823,0.2568933851915503,0.2606036891878257,0.2809538363559454,,,0.24851541190076903,,0.2976026973087178,,,,,,,0.261536841622425,0.27055538696652826,,,0.26656829028565626,0.25871795698507555,0.24693827025763374,,,0.2810976129063281,0.2716228713755581,0.2692756791475467,0.2725376776021682,0.2527148801137773,0.2470146210276733,,0.252021390431703,0.2587687703824976,0.2591199140374226,0.2529109553088964,0.2564756519297333,0.25519600885918514,0.26080677715956135,0.2824493209108942,0.27148616603830933,0.2573303682649344,0.2462207034582027,0.26765313482720204,0.26416794696440227,0.2571137348853313,0.2458966021445233,0.23745553399753425,0.25403179174801577,0.25998523594511647,0.2666792644173201,0.26771634405844286,0.26267509519849036,0.2625570674725467,0.2608081599434521,0.2561351991173592,0.24036727709554365,0.24522639778470584,0.2516991593730763,,0.2571390900270389,0.265960211648003,0.2735556818849208,0.25265759909736973,0.2560721550856101,0.2676195710281107,0.2707770175994056,0.255253293593256,0.2627947504057762,0.28033270575916164,0.27891132028393595,0.2718957331242578,0.27449641318286055,0.2866764420761128,0.3082091906364254,,0.28190737554408085,,,,,,,,,0.26524212815356885,0.25320594098650595,,,,,,,,,,,0.2763466150246063,0.2679879258159235,,,,,,,,,,,,0.26399521773584894,0.2577836047936615,,,0.26733729243695287,0.2766768290558811,0.2805071558946315,0.28764903874088094,0.27869727882700535,0.25196911411126216,0.25998241885531836,0.25893137992165605,0.27143428599199704,0.2874547902476057,,,,,,,0.2924269810806199,0.26982593004762634,0.26187521093005506,0.2539034468388512,0.2484278788752045,0.26544050178518896,0.28782765163408014,0.2716232252687105,0.2571081203867369,0.25985363911236475,0.267797998986681,0.25149183880949116,0.3328060662864017,0.3145101197961069,0.25254014807869374,0.2502735840700517,0.2891358101388957,0.2781555382206003,0.28215597084974764,0.2672629841574041,0.2689605911625854,0.26076062182685195,0.2778355280653356,0.27865389827012843,0.2588629772202051,0.25274341164773717,0.2682377234200593,0.2759623795979841,0.27603793376223784,0.27436937002655837,0.26440790955999266,0.2833462639749881,0.27600319885196256,0.3397937074554705,0.34448721980334646,0.26138751999411786,0.28056914600622945,0.2855506116613675,0.2886961578111999,0.28182346576767153,0.2936532884645372,0.27998847423954243,0.2615512297525725,0.2722245769014403,0.2882787233606795,0.3073449229303181,0.33297162948717474,0.3204761259675276,0.30655781887503075,0.30594804348172505,0.2974174589902783,0.29810877334326463,0.3017350192704424,0.29183312604761424,0.2854850426653496,0.28679819506815185,0.2892292530395793,0.2654839959908478,0.26470860821829945,0.295331910048896,,0.27627328234900767,0.2689532068881827,0.27313695026418855,0.2845919562877174,0.2880409056712631,0.3015926824790661,0.30501144307237504,0.28248244594758204,0.27476786103328743,0.2811584438864499,0.2982139267388441,0.3113044824535341,0.28995193294368354,0.27847474208342693,0.2699790510003538,0.27440008637921004,0.2713743792140867,0.2787585182895949,0.27998690497649614,0.29447353256454545,0.28190186014625024,0.2699993556592996,0.2616506756424937,0.2795024459563401,0.28843136757872245,0.2935373379104333,0.28707694401548245,0.2889020111319539,0.3016257393268398,0.29524620441032323,0.28600677932187396,0.26704374038766215,0.2593253735221779,0.28671325906614026
25,,,,,,,,,,,,,,,,,,,0.25393428227444426,0.251945921758458,0.24635092555026827,0.2574616259951919,0.2586350640287478,,0.20133166019906792,0.0,0.1898272759652187,0.2685937038799642,0.2615692193155596,0.26619016043965343,0.271354849372363,,,0.26023228607501686,,0.36244446197896835,,,,,,,0.2666935783094658,0.260733327049975,,,0.25811431781049093,0.2647967192649138,0.28153515455781913,,,0.2611422546980315,0.25217831994696643,0.25325694021864265,0.2582607925594777,0.2567373848621169,0.25895220240340594,,0.26018136557299865,0.2605951545667744,0.25716580038924763,0.25195561579061493,0.2558301108369871,0.2586458862993322,0.25828032031207054,0.3207464688226266,0.32893211335767675,0.3129396792195817,0.3008720579161199,0.3238920766192768,0.3096856321459574,0.29090671812683105,0.2803738518889861,0.26008347755407346,0.2876905980681995,0.28449712744509437,0.26501169416249265,0.256881942158528,0.2605883924406851,0.26340529017207004,0.2588313502893192,0.25664613844618733,0.25907517739473457,0.27678497212084047,0.27464830967870424,,0.28217715360848217,0.27570703208905023,0.27046086875354414,0.2702463503609928,0.27098074459518195,0.2521705172934826,0.25278644028874714,0.26954334872742186,0.26827948827874565,0.2574447770808453,0.2530814022843815,0.2582576152462986,0.2651323046669435,0.26522609004929654,0.27087702564141014,,0.2632936775078388,,,,,,,,,0.2722605988491453,0.278613361734552,,,,,,,,,,,0.2568311536068228,0.25551930153988656,,,,,,,,,,,,0.257973385247309,0.26453759331638715,,,0.26249651371556004,0.26375097895978816,0.2644137371020654,0.2698414898547904,0.27016369878720786,0.2706923215440545,0.2953311951692775,0.28297588057315815,0.2591171273302321,0.2626096284253007,,,,,,,0.26061583901183244,0.2507156276990504,0.25165461956411656,0.25671221841589636,0.2815381462877683,0.2825492162724121,0.26726384362097194,0.25479515302236355,0.2656430968877673,0.26293885787250054,0.2491638479615042,0.27725345358630804,0.41696337295252306,0.38665419764999587,0.27276477143258954,0.2631524561094811,0.2655766371452396,0.2559596092237731,0.26587233511532554,0.2644272858591621,0.26464862279333506,0.2769833674966705,0.3137687164664247,0.3197780572242746,0.29264901203692034,0.25134883484548604,0.2567463745348828,0.26252068966143666,0.2653359051928241,0.2606813272628801,0.256627974912898,0.261346403191799,0.32221089842949485,0.40680006265213,0.40701903817160917,0.2665254018217749,0.2604002177365093,0.2662878326675646,0.2679984135690914,0.2595341592376262,0.27736132451395523,0.26764794433054884,0.25728028687850585,0.2683606417719254,0.2650726083389438,0.27511201555714215,0.28909906701669136,0.27454060233010813,0.26787242585669724,0.27207726249511666,0.2606131562717956,0.2627901276741221,0.2667860046585881,0.26058814273990216,0.25682408878262786,0.26453305684973333,0.2641039514312238,0.26604500355966587,0.2651057131140812,0.2683872055717474,,0.25668713317670966,0.263404678770042,0.2581303306582052,0.2603832094962373,0.26428541506407,0.27430450824379177,0.27318024630856647,0.26440267589511857,0.25964229048469967,0.2567848652923353,0.2685734630377458,0.27882384496001267,0.2636992698462986,0.3108425739704886,0.30219390203547913,0.25810818713429473,0.2532755873565579,0.2633411613504961,0.25995485018508546,0.26605955630275196,0.26028938870520485,0.25438124021641806,0.26437150885516203,0.27567264345073866,0.26306384928954396,0.25625402174512996,0.25502857358682407,0.2603549050500547,0.26804892175511436,0.2624597148234226,0.280182782322556,0.28484028878320883,0.2690835177441928,0.27440764800509304
26,,,,,,,,,,,,,,,,,,,0.2643906559194611,0.25796894237835455,0.25723541023997915,0.27494706196463803,0.2755718885233492,,0.2819652394707095,0.1898272759652187,0.0,0.22414929842506875,0.275861207650381,0.2849643717743295,0.27231310664275143,,,0.2789758298040716,,0.3948531756428131,,,,,,,0.27863947820491386,0.27209886524926313,,,0.2598927309563736,0.2754761134235129,0.3051325933501857,,,0.2681690501548287,0.2628300871395635,0.2615848408124019,0.2625559640599762,0.27014592487790995,0.27872423171073724,,0.2727190725593713,0.2709741634388017,0.27471514003570047,0.2683679795657766,0.26761060970130757,0.27228702119426607,0.2736384085844044,0.3509264920164577,0.3619808934674277,0.34609093452143586,0.3339176681191957,0.35617142584412054,0.33751473762841844,0.3191661496296959,0.31086916956760025,0.28626430756488586,0.31303990068813525,0.3054841524427899,0.2747639593718092,0.26384662859520164,0.27088044130177724,0.27313957302870373,0.26924599070016025,0.2676996564588677,0.285231653400833,0.3031571816721296,0.2961580864438742,,0.31103857378799493,0.2964965355691151,0.28023605274243185,0.28803296347067026,0.29408406847207547,0.2660425894253321,0.26622596165472134,0.28446100385316786,0.2804680748946685,0.263988450245507,0.26576690482185167,0.26255440879769865,0.26984604196894413,0.2713533496450496,0.2751998393933289,,0.26480487969255045,,,,,,,,,0.29000456704821886,0.29842671290133777,,,,,,,,,,,0.25381708758774163,0.2566903007189019,,,,,,,,,,,,0.27461921375680926,0.28466282683529087,,,0.2747090468374966,0.2734902699278646,0.27366044463233263,0.2762039599247681,0.27672612018623577,0.28820170722297805,0.3237309567818273,0.30681408098035795,0.26189412939985846,0.26458545475366396,,,,,,,0.263487575046232,0.2621577016121063,0.26180170922910145,0.26645773314086757,0.3031892039179533,0.299428567331774,0.278861331266601,0.27301918932086494,0.28500575561569025,0.28502989257668987,0.2587405429538034,0.2935880129516849,0.45291433269975895,0.41814993049528787,0.2964849731210833,0.28293686736616414,0.26530212915075907,0.25450450979073075,0.27444278472005884,0.2750293574420855,0.2706766051795766,0.29304773506479553,0.328245912904709,0.3441548900775224,0.3259847565273508,0.2728600161580232,0.2672894103925174,0.27521186094157113,0.2722812579460482,0.2641754214428461,0.26253316750385886,0.2646180673370754,0.35104320778321013,0.4456530067633039,0.4456438476787058,0.28896187875500684,0.27101590355571226,0.26750074152959263,0.27481452395096,0.27110122750568366,0.28644117055547264,0.28003382867920334,0.2680425648244009,0.27317475109068123,0.26654304001954715,0.27845248529269684,0.2833741943081444,0.2658096625694629,0.26732334750603937,0.26886499116381846,0.2612651792010673,0.2633233546318316,0.26864341528561875,0.2673401743292903,0.2667937462449591,0.27465807097514594,0.26730656563822136,0.28151178026642537,0.2788434952613811,0.26603404248752854,,0.26437470290271586,0.2756714189996951,0.26929149640531275,0.26510256659159215,0.2657739624711633,0.27150370326293344,0.26213573503208765,0.2598954928272432,0.2597546474453322,0.2611718176312754,0.27143646151302836,0.2751461083183703,0.26085349968546584,0.33524228765256103,0.32323254808789353,0.26139903005177323,0.2614727334261066,0.26990911129855644,0.26723649211681744,0.26509372540671355,0.2697538634960467,0.2696619883019303,0.27831141831267436,0.2780549433426193,0.25875686841176654,0.2537051930398526,0.2606055837891105,0.2582902272526441,0.26116121707081796,0.25895627068376903,0.29161307974697076,0.3029551402028874,0.2796652489393229,0.2744646600450594
27,,,,,,,,,,,,,,,,,,,0.27015616114633934,0.26741401389581143,0.25908371273249675,0.27762465621462057,0.275902776231368,,0.27773758376875823,0.2685937038799642,0.22414929842506875,0.0,0.18118211830290376,0.2851371947954265,0.2769178833962315,,,0.2711347773664714,,0.37334102480566805,,,,,,,0.27794800196635466,0.27570021168477726,,,0.27677115359475846,0.2803675228361676,0.29611576456364735,,,0.27730097213771043,0.27500672891982425,0.2731689820083059,0.2753194677724449,0.2771618085964456,0.28321436749879525,,0.27584315369241724,0.2790840437922631,0.28350911570415294,0.2751995057170527,0.2763690191744803,0.28333357303459344,0.2835984023705009,0.3447743140835256,0.34393823466183865,0.33092927488222934,0.3270074833766321,0.3478015437652283,0.3305353836355611,0.31526922207321434,0.3054694202028273,0.28597489192884606,0.30601584319152864,0.2966347560324171,0.28270990267246304,0.27306305973449874,0.2806642981065551,0.28364858064097725,0.28201347480711303,0.28065095117312217,0.2903305263670716,0.3067131715879876,0.29706227161566345,,0.3114244298207016,0.30027272206756783,0.28712215276687236,0.28761255367630884,0.29385120520457153,0.2768214871802532,0.27944166531185677,0.28844522457204064,0.29159950268871415,0.2840398349761559,0.2759097421265771,0.27142942724282587,0.27957263666465626,0.2847039473537469,0.2874196280265621,,0.2766780880588524,,,,,,,,,0.29392364529353304,0.2956019652402454,,,,,,,,,,,0.2632293760215797,0.26337256742486975,,,,,,,,,,,,0.27936165721077666,0.2850202779303949,,,0.2780662535434175,0.28373955475609425,0.2848575015921392,0.2878998852876306,0.2871383601648508,0.28902611293829555,0.3078279481550545,0.29173024513948304,0.27368325632818097,0.27281800549821644,,,,,,,0.28398206530647113,0.2767898741156372,0.26786021433739304,0.2712534294026502,0.2981928846751325,0.2985232447295647,0.2958379534638914,0.2863033376518082,0.2920513855726254,0.2940081996359821,0.2759721346956394,0.2900422615065647,0.42945791195267824,0.39795693246519565,0.3010315564011485,0.29126435045571314,0.2831028403670283,0.27560666528828454,0.28869699879765637,0.2866881387746123,0.2848589723299219,0.2960477894543055,0.32166736007595953,0.3338275227529164,0.32287993786260705,0.2856709982017743,0.28316295611946124,0.2868145768330712,0.2844159048675055,0.2747972533462749,0.27099993575203557,0.27916212381027505,0.3404428784160847,0.4203733533031093,0.42372054417516775,0.29453853264312635,0.28749734914113523,0.2795829443818784,0.2911520506299953,0.28682985078046896,0.2975270991498021,0.28852065309763103,0.2752609025783677,0.28037519303489383,0.2810157702596684,0.2909902128571377,0.3002421979679874,0.2889526020154806,0.28841370074119516,0.28861339623140997,0.282765389793325,0.2823355630418859,0.2872453365599003,0.2838903982404301,0.27836718042381814,0.28070280890895966,0.27390621573464774,0.2869929039379078,0.2853234350974354,0.27825314187266675,,0.2803102972350348,0.2838429228652906,0.27622313799442166,0.2763272582901204,0.2708308764008835,0.27739934265331123,0.28017128045957757,0.27798106831036107,0.2769587778386809,0.27829081154332874,0.2875020943605823,0.2907350475010231,0.27843302361492617,0.32544333329574127,0.3135548110201394,0.2704036436180401,0.27300943738527944,0.28513238295813775,0.2788686520994696,0.2787460616244036,0.2808283476822513,0.27725912567733324,0.28301417506634524,0.28507024230774675,0.27688018132293746,0.27519931214917953,0.27508211654880316,0.2784168312324211,0.2822173673767295,0.2779989301343255,0.2928305485345962,0.3000549226549449,0.2881575198043326,0.2865486503723072
28,,,,,,,,,,,,,,,,,,,0.25583192830170237,0.26248879817539733,0.2529233504971953,0.26259557511790066,0.257808245141587,,0.2568933851915503,0.2615692193155596,0.275861207650381,0.18118211830290376,0.0,0.19352047223195332,0.2680971593783385,,,0.2510099139390666,,0.32827723047035384,,,,,,,0.2604777065357995,0.2612091989624944,,,0.26641135677266564,0.26027206609396575,0.2644649447789617,,,0.2766451307012556,0.2704735728377372,0.2656491272000913,0.26453551283257704,0.25678297451586213,0.26176385633575117,,0.26073073530035246,0.2687191536073633,0.2662233398972732,0.26400171479620604,0.2643789505762522,0.25636739345715465,0.2600886044744575,0.31421895919211057,0.30446177174471867,0.28636931060223103,0.2841737797450771,0.30542961424562765,0.29853625314375687,0.28446646302748047,0.26949997829182226,0.254826428855675,0.27110309116455467,0.2718682663222717,0.2724144422646157,0.2654841152634078,0.2601766474353653,0.2625602033530024,0.26114945928923117,0.25330852597763404,0.25413665016084713,0.2672020048839162,0.2632614771819218,,0.27585128998194,0.2752820614072854,0.27419571202488374,0.26256953171355596,0.26127990903250575,0.25799172404523685,0.26602690459429457,0.2627377076323189,0.2699861474594075,0.27525300411565506,0.26920086374572055,0.26363847921311245,0.27041130979367695,0.2799279733584848,0.2940229161485192,,0.27965598900527533,,,,,,,,,0.269304057978379,0.2614548926386451,,,,,,,,,,,0.2637653518386408,0.25576977353850633,,,,,,,,,,,,0.26386691865728135,0.2576534948708996,,,0.26260099117866104,0.2665366042173579,0.2679090660780058,0.2797906121632912,0.27438094320133666,0.26210674428341574,0.27437793590698983,0.2653865217359849,0.26462630946707194,0.27230813352261224,,,,,,,0.28314433320865373,0.26615330711519186,0.25895468743525824,0.2605832156024389,0.27412549091453214,0.2798454662637748,0.2844291629267739,0.2693952662928525,0.26374045367366494,0.26866788177779644,0.26343435247930236,0.25667752661615784,0.378733482291628,0.35232288027537495,0.2638234731759402,0.26572424075983686,0.2817112376328535,0.27143980140745727,0.2822148489721955,0.2719041116438107,0.26618348574089834,0.26933286338642765,0.2926175891777344,0.29980422051384004,0.2874237250652463,0.2613176400738956,0.2648312173569776,0.2669157009266984,0.27134576797488574,0.2686942171995028,0.2652271426593488,0.27621965672790944,0.3059835597751449,0.3763274410205562,0.37947215846556365,0.26539391189627687,0.2773674951455376,0.27933513683156486,0.2790807901405309,0.27476217876752385,0.28566966431843255,0.27467395696162583,0.26375532661268297,0.2699715426604649,0.275797649524139,0.2896998655502071,0.3072742077937041,0.3033272554046503,0.29680596909787393,0.2943492002470618,0.28300179526644836,0.27976941604683464,0.2830264156693444,0.28059221402138756,0.2762660692948155,0.2743415431461873,0.2784801232590327,0.2740585985427274,0.27133218349774113,0.28125081313063366,,0.27413625606363023,0.27091759298435747,0.2656231019614338,0.27511612856086154,0.27366980930907214,0.2835737107192661,0.2900997913938833,0.2765617105534357,0.2730691672487629,0.27648632857596084,0.287969276935054,0.29932965929228017,0.2785528415635214,0.2940724130148518,0.2836624892759433,0.2634599748681977,0.2661522312320537,0.27885300210899333,0.27527866230218084,0.2783532186404136,0.27023370601896807,0.26388777229234467,0.26383366326689345,0.27260390990060157,0.2773957668375549,0.2775464365468669,0.2684376621127425,0.27894519639619547,0.2916072341324894,0.279972099739075,0.2779545750566149,0.27546794873186486,0.2750426990741132,0.2813162813542138
29,,,,,,,,,,,,,,,,,,,0.25918946609101384,0.26213351626227405,0.25520985290765563,0.2636877780282087,0.2614732635822909,,0.2606036891878257,0.26619016043965343,0.2849643717743295,0.2851371947954265,0.19352047223195332,0.0,0.19756628179517813,,,0.25587277447050966,,0.3226548118683346,,,,,,,0.26411069899949324,0.262225243895395,,,0.26182554413370634,0.26084072123195085,0.26407944318271287,,,0.27386027291350684,0.26704364226636146,0.2670594721444649,0.26369421255728787,0.25027569564817165,0.2571866486115552,,0.26568077499767434,0.265508337104346,0.2579353284725604,0.26156341562747387,0.2576953090486489,0.2486993516383507,0.252217334307381,0.31218564622310824,0.3124575684720342,0.28916727358404926,0.2740806372433216,0.2987793072541237,0.29109598878928195,0.27432237779510177,0.26272232791319633,0.25491458015719637,0.269094488103387,0.2688667297394864,0.27230763526989427,0.26489455545781904,0.2590121126654687,0.2598095193002371,0.25279783200454176,0.24740767825660276,0.24601344807146808,0.2538909034099014,0.25672385989387825,,0.25905828997141556,0.26205609947960046,0.27292616770403794,0.2588955893836364,0.2538033708788488,0.2566525668781767,0.2614170188569023,0.2542681465021351,0.2608623506770079,0.2699326761842877,0.26734410197570563,0.26193338394855936,0.27108256309174183,0.2840135952193356,0.2966113294361404,,0.28228064409419723,,,,,,,,,0.25814612696629785,0.2551764210750061,,,,,,,,,,,0.27384510546358826,0.25933289300378437,,,,,,,,,,,,0.2627280494603774,0.25581165210871576,,,0.2608113906982893,0.2606768272992404,0.2640674188830245,0.28256012157169835,0.27614226464464026,0.2570256385672345,0.2787370992997081,0.27184367233614576,0.2619056367027717,0.2746094803419388,,,,,,,0.2810694552603167,0.26376172512660856,0.26667193004397544,0.2661229696474834,0.27484379255590186,0.27494249429533796,0.27754763918281655,0.2612124922540314,0.2595265321746118,0.26777557179335676,0.26344768319916284,0.2555422266021811,0.3774359883227389,0.3509819436840823,0.25235765005005645,0.25716008090314735,0.2813225697346665,0.26909076381698405,0.2808614693227455,0.2699688610701537,0.2645460153099904,0.26111466072513634,0.29117820433131214,0.2950311175745308,0.2809830803628309,0.2572862013854626,0.2543556396887254,0.2549067660871499,0.2624846718767256,0.2659228700134693,0.262734106099825,0.27182396187561503,0.3068376250401968,0.3854867875687592,0.38649330439491064,0.2614467329591147,0.27447078121575696,0.28428176804676125,0.28044561976273263,0.270838039945792,0.2880299209997636,0.27788852691238436,0.2649767333948323,0.26848150864512993,0.27333783054670163,0.29142790353367143,0.30916869346999215,0.3071015714975047,0.2999542588616688,0.2969269970209741,0.28484181091819977,0.28440539825856226,0.2865108683692936,0.2791724504452098,0.26970472651043,0.2721351598843939,0.2804675846024249,0.27669604432311273,0.27860161548574197,0.2888267689620567,,0.2721795498231024,0.2646917626909858,0.264559429381502,0.27419534773468,0.27721106735467593,0.2862225848356502,0.29002915410074925,0.27161208946245524,0.27222505697081584,0.2752255249134683,0.28790372291921684,0.3017871411230444,0.2735681177359629,0.2906731754574851,0.28382407546340704,0.2658520542413363,0.2677453844044367,0.2736723324540797,0.27414047636204986,0.2809782513991926,0.26452624255612295,0.2611427330401016,0.2700888845788008,0.27469402906969725,0.27611724523666525,0.27836154922015716,0.26918705257772146,0.28081416498381667,0.2963520442232306,0.28300024953163117,0.27772171917573074,0.272366851211091,0.2713362953628778,0.2824037767688532
30,,,,,,,,,,,,,,,,,,,0.26306020956545373,0.2586629125398153,0.25714305790872494,0.27786760463863597,0.2831555193860631,,0.2809538363559454,0.271354849372363,0.27231310664275143,0.2769178833962315,0.2680971593783385,0.19756628179517813,0.0,,,0.26643193164750567,,0.37333688099132384,,,,,,,0.2812025278158724,0.27495354980437525,,,0.262910419441636,0.2796970554477586,0.29371971976192995,,,0.26979746826113,0.26892987899548265,0.2679104021307169,0.2661438592535275,0.2695079609684651,0.27523978854034536,,0.2753214937580296,0.27256491796011334,0.26510640656382933,0.26318695748685345,0.2670388029353081,0.2686312639384793,0.2679265573839871,0.33961539559048964,0.34793419139245935,0.3265276639495163,0.3153946247407507,0.34649749017966885,0.3263462547558542,0.3016669209791203,0.29761611862348875,0.28421192111891597,0.2977379040894361,0.2850251635853542,0.2729791642937069,0.26309297818751426,0.2654502491669793,0.26850012569025455,0.2659085364929863,0.26194135385144224,0.2738877952227665,0.2925240003499394,0.2908079893994243,,0.293614891698309,0.2821063589775557,0.27357046921229644,0.2765093294484202,0.2885895032132552,0.26963567879670003,0.26638887754731905,0.2784685511298276,0.27501425118948086,0.2739189639179114,0.2710261459543456,0.2616047158712608,0.2694201757158462,0.27212176996459375,0.2754046949555509,,0.27472515404285563,,,,,,,,,0.27954228655167607,0.28837514143559345,,,,,,,,,,,0.2643789939119757,0.2614439186543986,,,,,,,,,,,,0.2635404648801381,0.27274491675725365,,,0.26712922768453273,0.2646919580867314,0.2651207178262019,0.27346941894765786,0.2762927004370389,0.274203945128581,0.30749145971024844,0.2952444470553887,0.26009297231359185,0.26529683692629885,,,,,,,0.26895075591540196,0.26406264490485315,0.26823431823472244,0.2660828696757125,0.28987448612110783,0.2811766624032964,0.27796409241240944,0.27222431874413383,0.2772959521100142,0.2801377732784623,0.2614422279586786,0.2838104588236955,0.43341170611643137,0.40415194121311004,0.28987155013663896,0.27855519670703405,0.27457184160951303,0.26538164036748124,0.2684968562796683,0.26588454708529263,0.2667845920571647,0.27397761342420196,0.32052087025608494,0.3313312693382414,0.3085158448285587,0.27248460661486856,0.26168940454847583,0.26441942642266597,0.2636424701590824,0.2624004370461081,0.26179439568161506,0.2636556058846848,0.33472063876478003,0.423043643839559,0.4247095944807209,0.2871660742204408,0.27219182880932374,0.2709957698142055,0.27676019392144724,0.271496464760073,0.28625800319123995,0.27630649534895463,0.2621994940118781,0.2676608603544553,0.26673011445224176,0.2776306339456821,0.291481714212939,0.28246994564015865,0.28064214206347005,0.2793613731201522,0.2749579313101946,0.27462808323986176,0.2776629247698347,0.27542607313013295,0.2650748307612219,0.2654213138246814,0.2658478258356922,0.28409720569209396,0.285535026114126,0.27740931716738293,,0.2640091446214334,0.26682650754585135,0.26690544461845117,0.2714536462821898,0.2674933371434515,0.2710215153561135,0.27630654767134266,0.26026564452188033,0.26031278657865387,0.26737274217915047,0.2762248957973998,0.2790999899186306,0.26380665195526865,0.3225102180136674,0.31060841749845314,0.2615051787183816,0.2676583024922409,0.27396627354167713,0.26894551109945725,0.26544985831768086,0.26143998621467324,0.2655322331245998,0.27632497381282284,0.27469501062044616,0.2618443657276395,0.2655572986901449,0.26638092799992885,0.27464512733291235,0.2794618250180941,0.2699983912566425,0.2799563588777978,0.2866636518853931,0.2759987534166922,0.2795676508024708
31,,,,,,,,,,,,,,,,,,,,,,,,,,,,,,,,,,,,,,,,,,,,,,,,,,,,,,,,,,,,,,,,,,,,,,,,,,,,,,,,,,,,,,,,,,,,,,,,,,,,,,,,,,,,,,,,,,,,,,,,,,,,,,,,,,,,,,,,,,,,,,,,,,,,,,,,,,,,,,,,,,,,,,,,,,,,,,,,,,,,,,,,,,,,,,,,,,,,,,,,,,,,,,,,,,,,,,,,,,,,,,,,,,,,,,,,,,,,,,,,,,,,,,,,,,,
32,,,,,,,,,,,,,,,,,,,,,,,,,,,,,,,,,,,,,,,,,,,,,,,,,,,,,,,,,,,,,,,,,,,,,,,,,,,,,,,,,,,,,,,,,,,,,,,,,,,,,,,,,,,,,,,,,,,,,,,,,,,,,,,,,,,,,,,,,,,,,,,,,,,,,,,,,,,,,,,,,,,,,,,,,,,,,,,,,,,,,,,,,,,,,,,,,,,,,,,,,,,,,,,,,,,,,,,,,,,,,,,,,,,,,,,,,,,,,,,,,,,,,,,,,,,
33,,,,,,,,,,,,,,,,,,,0.24436860689865683,0.24240038743928302,0.2372841314872843,0.25423336499562826,0.24770239889303255,,0.24851541190076903,0.26023228607501686,0.2789758298040716,0.2711347773664714,0.2510099139390666,0.25587277447050966,0.26643193164750567,,,0.0,,0.30492972759861453,,,,,,,0.2559137627118728,0.25127621243225584,,,0.2614956458271112,0.25384908940366824,0.2465827321276755,,,0.27326035196210535,0.262516864742259,0.2585772160744578,0.2572640711193242,0.24997029943787458,0.255029625168028,,0.2516583922366701,0.25660717994055515,0.2520759911181676,0.24868772582655407,0.25161844555186075,0.2475033969586301,0.24621840481083576,0.29119264869113937,0.28181202225525664,0.27080710498116295,0.2636228527011659,0.28206118336688263,0.27265703922692514,0.2661921856366915,0.25874907821421,0.2532118891753144,0.26706775787994375,0.26962119958130676,0.26488294106575355,0.2621719414905762,0.2584744134601721,0.25620158489048867,0.24962252012702654,0.24634351553024422,0.24433878706739523,0.2554965930804053,0.25688629917349337,,0.2625146779408699,0.26180662957617773,0.2646419615598833,0.2565934669732117,0.25031018629140134,0.259368712603796,0.2674665101562228,0.2616145657244068,0.26323591698443644,0.26751837042822374,0.2703725150329188,0.26381632065851607,0.26949872139105646,0.28090409154671886,0.29978222295087786,,0.2738783827325066,,,,,,,,,0.2490856471415398,0.24804979976468733,,,,,,,,,,,0.2608316231393164,0.24821139009807808,,,,,,,,,,,,0.2642123240649774,0.25222833734448047,,,0.26232845165565283,0.2623082567080277,0.2623124930855534,0.2826818682109881,0.2697096844862011,0.24768487013742693,0.260446955053996,0.25353462163705437,0.25930378103507856,0.27755716656523816,,,,,,,0.2886412631110499,0.264832453621238,0.2602531187440347,0.2586866273834443,0.2609039415692639,0.2737130592550673,0.2829761374366932,0.26543849450782475,0.25484161233857533,0.2594109829915394,0.2583068814088921,0.24524176998669261,0.3604771744474201,0.3330763809302426,0.2540622453403378,0.2598664178258452,0.28429452551177875,0.2727812811453874,0.28282367908356115,0.26521811005117374,0.25592831712337005,0.2502929237616567,0.27682741560533486,0.2807497696759738,0.2711944185363546,0.2598567950722084,0.25687857725996166,0.263773469775757,0.26800360943646867,0.2638550109773549,0.25888460676562797,0.2722968479879477,0.29565757452076324,0.37196886161410236,0.37092868497900167,0.26123198778273876,0.27279395613990987,0.28104534054125624,0.28742744939001624,0.2754556604057458,0.2920192376634761,0.28298028074672854,0.2722764272001899,0.2738319610668646,0.2686677450898601,0.2904523154499639,0.32006774428420876,0.3055254420827725,0.29829236864236514,0.3002516907167439,0.28681442847048483,0.2831756411337334,0.2901051353445986,0.2865799215835211,0.2765567839248524,0.27179010372242846,0.2840897787374688,0.2767405775955613,0.27151143832308366,0.2895192916787139,,0.26965949302186415,0.2573913981853146,0.25656457847109543,0.2716735257514429,0.2751205879106216,0.28370937524239986,0.29347824772384773,0.28081607371365824,0.2745081868304762,0.27928980854386176,0.2963239937773743,0.30583756287747554,0.27439937848290047,0.2774988069974286,0.27246317688236515,0.26112851532301906,0.26403811146633227,0.27217101405704897,0.26672953209768924,0.2727775992403878,0.2630362291523178,0.2591753913648615,0.2622495091745499,0.269042938266829,0.26758902877328916,0.2741230396869409,0.26898288312160024,0.2783689483134062,0.2899270073978657,0.28253243340803036,0.2793926335389279,0.2611004339265569,0.2583787571471106,0.2793681832294994
34,,,,,,,,,,,,,,,,,,,,,,,,,,,,,,,,,,,,,,,,,,,,,,,,,,,,,,,,,,,,,,,,,,,,,,,,,,,,,,,,,,,,,,,,,,,,,,,,,,,,,,,,,,,,,,,,,,,,,,,,,,,,,,,,,,,,,,,,,,,,,,,,,,,,,,,,,,,,,,,,,,,,,,,,,,,,,,,,,,,,,,,,,,,,,,,,,,,,,,,,,,,,,,,,,,,,,,,,,,,,,,,,,,,,,,,,,,,,,,,,,,,,,,,,,,,
35,,,,,,,,,,,,,,,,,,,0.32554607034707095,0.33798399747383273,0.32557472231625095,0.3322765384618648,0.30487979397281684,,0.2976026973087178,0.36244446197896835,0.3948531756428131,0.37334102480566805,0.32827723047035384,0.3226548118683346,0.37333688099132384,,,0.30492972759861453,,0.0,,,,,,,0.3281715086104458,0.34496557116066634,,,0.3634967032935281,0.3254392898400239,0.273139629178356,,,0.39372269018591777,0.36862594466414556,0.3601580383809394,0.3588599277436945,0.30859041052215436,0.2910929908698683,,0.30924653246657835,0.3131188154449097,0.313850380777458,0.33220672548707925,0.33338751475917644,0.3055359641570165,0.3254112510382653,0.2515320207924468,0.22657109871055767,0.23973617764484723,0.22572540046410156,0.2190304843440352,0.2294471878807086,0.24499466319957264,0.25233664102402437,0.2859833429334874,0.2636353602335913,0.31803556384208653,0.3688507392499483,0.35620906668930025,0.33952549024789697,0.34180031932055244,0.3247777459062906,0.3116687034793392,0.2874866318031871,0.27612588580950354,0.28230192207802457,,0.2690188889863521,0.31802040218191924,0.35116124185918196,0.3035152463094924,0.2908888652444522,0.35393284672183195,0.37234205021782263,0.3032045002286094,0.3165602401301957,0.3691271920158998,0.3765012544195133,0.3706876074127768,0.3702331033653503,0.3996164993858561,0.4348147902149482,,0.3827808900202271,,,,,,,,,0.3065895256709325,0.2720978185605051,,,,,,,,,,,0.3714439723432471,0.3350627354272081,,,,,,,,,,,,0.35621772089082193,0.32477823972817865,,,0.36710169257464864,0.3683942841828289,0.35497049246118434,0.3896203594145214,0.36656878872788695,0.3004081427492856,0.2469985729540346,0.2660716830034694,0.3686960289969472,0.40005660459177217,,,,,,,0.40295354405150563,0.35881066505005865,0.35529843186294424,0.34261780909980044,0.2883643209880913,0.31967125453382045,0.39338957315414863,0.36224932042323893,0.3022926654406868,0.31194395653958557,0.3646307361095275,0.27769927622367296,0.2090532615577078,0.21094442729694454,0.2666278994164723,0.296328069310405,0.39609469598405916,0.38082858533481656,0.39259632032094344,0.36371506547588656,0.354443528285662,0.2878650446188966,0.2641219648509175,0.2383142447087833,0.25631686764584616,0.3329118116037715,0.35545256652970425,0.35395586778935795,0.3766177486201108,0.37062020879511626,0.3589215325702524,0.3959334485447878,0.2523281398762884,0.2766149531406184,0.2854446675787596,0.30982452737826,0.3841476966072502,0.4004570725139123,0.3958715786710451,0.38012459294873446,0.3959073747714391,0.37531625475861063,0.35382543204444095,0.36594440393036604,0.3932417720275656,0.42165501629249924,0.4594592728560706,0.4431286801298703,0.42651068743621934,0.4268980911249915,0.4103716166148443,0.40698810189619483,0.41599891378230275,0.4028950773435662,0.38963448640851017,0.38040366484654714,0.3999556998622147,0.3586873067483774,0.3547191308874238,0.4177713439607148,,0.38699110062511155,0.3447874069138349,0.35491673651763517,0.3819537068863666,0.39548323924138507,0.41690182351754446,0.4208356524320672,0.3889946489315927,0.39141191405898196,0.40138800351759085,0.4227777219070122,0.43811643790860094,0.40169088917668616,0.2444467786393851,0.2472579578961466,0.3641231906643943,0.3512686073570402,0.3551345904970181,0.3771772814283789,0.4043086191239514,0.37989625727274023,0.3664510932285505,0.3294064610155049,0.3306139037399176,0.3806699663127353,0.40448056182742753,0.3798381937419184,0.3930443263045492,0.42312062453117294,0.3976692142943898,0.32891293055202436,0.27911660786386205,0.3180468283020142,0.3825468031873195
36,,,,,,,,,,,,,,,,,,,,,,,,,,,,,,,,,,,,,,,,,,,,,,,,,,,,,,,,,,,,,,,,,,,,,,,,,,,,,,,,,,,,,,,,,,,,,,,,,,,,,,,,,,,,,,,,,,,,,,,,,,,,,,,,,,,,,,,,,,,,,,,,,,,,,,,,,,,,,,,,,,,,,,,,,,,,,,,,,,,,,,,,,,,,,,,,,,,,,,,,,,,,,,,,,,,,,,,,,,,,,,,,,,,,,,,,,,,,,,,,,,,,,,,,,,,
37,,,,,,,,,,,,,,,,,,,,,,,,,,,,,,,,,,,,,,,,,,,,,,,,,,,,,,,,,,,,,,,,,,,,,,,,,,,,,,,,,,,,,,,,,,,,,,,,,,,,,,,,,,,,,,,,,,,,,,,,,,,,,,,,,,,,,,,,,,,,,,,,,,,,,,,,,,,,,,,,,,,,,,,,,,,,,,,,,,,,,,,,,,,,,,,,,,,,,,,,,,,,,,,,,,,,,,,,,,,,,,,,,,,,,,,,,,,,,,,,,,,,,,,,,,,
38,,,,,,,,,,,,,,,,,,,,,,,,,,,,,,,,,,,,,,,,,,,,,,,,,,,,,,,,,,,,,,,,,,,,,,,,,,,,,,,,,,,,,,,,,,,,,,,,,,,,,,,,,,,,,,,,,,,,,,,,,,,,,,,,,,,,,,,,,,,,,,,,,,,,,,,,,,,,,,,,,,,,,,,,,,,,,,,,,,,,,,,,,,,,,,,,,,,,,,,,,,,,,,,,,,,,,,,,,,,,,,,,,,,,,,,,,,,,,,,,,,,,,,,,,,,
39,,,,,,,,,,,,,,,,,,,,,,,,,,,,,,,,,,,,,,,,,,,,,,,,,,,,,,,,,,,,,,,,,,,,,,,,,,,,,,,,,,,,,,,,,,,,,,,,,,,,,,,,,,,,,,,,,,,,,,,,,,,,,,,,,,,,,,,,,,,,,,,,,,,,,,,,,,,,,,,,,,,,,,,,,,,,,,,,,,,,,,,,,,,,,,,,,,,,,,,,,,,,,,,,,,,,,,,,,,,,,,,,,,,,,,,,,,,,,,,,,,,,,,,,,,,
40,,,,,,,,,,,,,,,,,,,,,,,,,,,,,,,,,,,,,,,,,,,,,,,,,,,,,,,,,,,,,,,,,,,,,,,,,,,,,,,,,,,,,,,,,,,,,,,,,,,,,,,,,,,,,,,,,,,,,,,,,,,,,,,,,,,,,,,,,,,,,,,,,,,,,,,,,,,,,,,,,,,,,,,,,,,,,,,,,,,,,,,,,,,,,,,,,,,,,,,,,,,,,,,,,,,,,,,,,,,,,,,,,,,,,,,,,,,,,,,,,,,,,,,,,,,
41,,,,,,,,,,,,,,,,,,,,,,,,,,,,,,,,,,,,,,,,,,,,,,,,,,,,,,,,,,,,,,,,,,,,,,,,,,,,,,,,,,,,,,,,,,,,,,,,,,,,,,,,,,,,,,,,,,,,,,,,,,,,,,,,,,,,,,,,,,,,,,,,,,,,,,,,,,,,,,,,,,,,,,,,,,,,,,,,,,,,,,,,,,,,,,,,,,,,,,,,,,,,,,,,,,,,,,,,,,,,,,,,,,,,,,,,,,,,,,,,,,,,,,,,,,,
42,,,,,,,,,,,,,,,,,,,0.2549054955304704,0.2541531261132436,0.25035602224911524,0.2548185500800189,0.24699364005600966,,0.261536841622425,0.2666935783094658,0.27863947820491386,0.27794800196635466,0.2604777065357995,0.26411069899949324,0.2812025278158724,,,0.2559137627118728,,0.3281715086104458,,,,,,,0.0,0.17563872404677577,,,0.26317111858586095,0.2567528885832129,0.24990671003968523,,,0.2683113915602844,0.25592477446357936,0.2510613487337656,0.2456259216227124,0.24500628547210862,0.25304795439389466,,0.25121672850301624,0.250393886374328,0.25524726915969803,0.2560921932500645,0.25602723256017046,0.25697431281051164,0.25618178409109527,0.3132368735437803,0.3077577758195703,0.28227015158049085,0.2706322746900311,0.2958144027802298,0.28903143363577366,0.2782693932792185,0.27276964241678725,0.24250178621148344,0.25738813523998316,0.2683912677649202,0.26502778071536554,0.2646122101992782,0.2559077919410885,0.2527110867990427,0.24619042668456056,0.24310544499324788,0.25036636005655616,0.2550468757098446,0.2557317894241922,,0.27572098740617323,0.26709058398124874,0.26312357666976305,0.25402600355879845,0.2535569304872433,0.2540020126807215,0.2735899644171949,0.25565651812685847,0.24875925607668267,0.26357345129747695,0.2704202493429265,0.26196251141739146,0.26251731568855907,0.26997915667456324,0.2957657117918763,,0.26830413733569175,,,,,,,,,0.2674875641836211,0.25440140484465923,,,,,,,,,,,0.26281546070780654,0.25040227927910236,,,,,,,,,,,,0.2676028462535895,0.2574276780911379,,,0.2640641834008555,0.26904976737443126,0.2687095312708402,0.27873910426410325,0.2699007139900959,0.25510567020953684,0.2736373369094444,0.26856987532770404,0.2614302716680617,0.2827300382412782,,,,,,,0.2852989692632013,0.2687696827726114,0.2611857294938004,0.2512670668673554,0.27036319059491354,0.28544210025785544,0.28493586456082226,0.26267889345515405,0.26287439326421036,0.27070092856643424,0.26536092714136833,0.262530175862752,0.38838671185337453,0.3597890318036802,0.2581747427390892,0.25963505909840406,0.2847268540228129,0.2767414281207165,0.28363234785427066,0.26514499658812063,0.2584084084544597,0.26241102725706006,0.2834820506828645,0.2920115663724202,0.2761782483115544,0.2591612211738029,0.26542981353163586,0.2692077298148519,0.26801030244889024,0.26825433131287785,0.27301303704676144,0.2772202248864934,0.30335363829445394,0.3844784753187894,0.3832034598494215,0.26988227780392327,0.28185925710773546,0.2816425499283352,0.27865383984295633,0.2713168677082646,0.3007643807676827,0.29040757809877865,0.26550400746964786,0.26481400479769746,0.2731959807352396,0.29476026218949225,0.31537938343970184,0.30472709262736386,0.2926456772153468,0.29513795918312824,0.2870408304261398,0.2872364526868852,0.2852865837523308,0.27544807434038915,0.27389500649941995,0.268605223964211,0.2790379814118253,0.2825854637701264,0.2798765872107483,0.2881211552987302,,0.2721457796584827,0.25618251789539453,0.264806431015426,0.283799163334469,0.28064196320914425,0.29064186604253234,0.2910697744874151,0.27958213716594477,0.2770592493028997,0.27420020133290773,0.2891456245620157,0.30110470271177264,0.279162057543733,0.2995627012982313,0.2937593717491386,0.26811861893812017,0.2654029150315865,0.2762560174676889,0.27518080903879616,0.27835307550768484,0.27543965402648,0.26788453642823734,0.26569059231378794,0.2695406867205347,0.27389692326644577,0.27796912945984587,0.27522057137624484,0.2810643653201322,0.2915060319016518,0.28371386061651993,0.2922387273255344,0.28438221328962626,0.27225980808040007,0.27992123057196366
43,,,,,,,,,,,,,,,,,,,0.2566668701647463,0.25654670878011315,0.25072820028546305,0.262114911232797,0.260447533447752,,0.27055538696652826,0.260733327049975,0.27209886524926313,0.27570021168477726,0.2612091989624944,0.262225243895395,0.27495354980437525,,,0.25127621243225584,,0.34496557116066634,,,,,,,0.17563872404677577,0.0,,,0.25383734695051646,0.251389539580851,0.259065763101066,,,0.26589604947350226,0.25238194585207935,0.2543577421253336,0.2513571345417128,0.2549709439300369,0.2655324464943107,,0.2582512399218226,0.2543073506524884,0.25486293151144773,0.25357127473201785,0.2541112718023959,0.2610485944747197,0.2595005259826642,0.33071169411547946,0.3248394734084138,0.3027764576183796,0.29490059265388374,0.31950918148296314,0.30738014763018057,0.29003982029030356,0.28579587837382076,0.25753176037130737,0.2770598913313659,0.2768613614948937,0.2699769581794737,0.2630624554924704,0.2594806693988275,0.25801297293614484,0.25220132548689983,0.24956865720989171,0.2545257760409806,0.27191501142701163,0.2664085561558583,,0.2797237291376507,0.2674685409835255,0.26459294350443846,0.2562339397279083,0.2553639360487852,0.25163385868708094,0.2693867918690604,0.26398423912794433,0.2624088172978334,0.26166170231981317,0.26387568353449903,0.2598181514860664,0.2619734282828833,0.267257956539328,0.2826739472856659,,0.2695957386403199,,,,,,,,,0.273996424423353,0.2661561520685239,,,,,,,,,,,0.25904101674305,0.25152759748945847,,,,,,,,,,,,0.26935340416558956,0.2568651580272521,,,0.26365651658533007,0.2674095134889678,0.26751880807440837,0.28051427268997636,0.2658675354001598,0.2582975338228519,0.29065771844463706,0.282135530429468,0.26209793896153327,0.2741422776413678,,,,,,,0.27947559401085253,0.26735160265650315,0.25523666470345613,0.255356888941616,0.2779372051880036,0.27977784080200324,0.2823032884632997,0.26532089581078444,0.25962772922203403,0.26501860595905563,0.26084479974359887,0.27072683316386753,0.404024890838519,0.37495719985635495,0.2687320997037193,0.26352654356660504,0.2770193484847022,0.27068735501008456,0.2808118207934687,0.26668039886753286,0.2585211073695524,0.26592285484986994,0.29599981018270477,0.3123089053597089,0.29521831743782495,0.2670122084105719,0.26627350671593664,0.2677090701018048,0.27339186721399444,0.2665574973804766,0.2610074856100143,0.2748354574565986,0.31396811723674234,0.39652736915503217,0.3950060876043433,0.2697326127009259,0.273754843547859,0.2741824984105922,0.2731144359987847,0.26957028628332347,0.2914986736889863,0.28023386530229866,0.2731529689801266,0.27848928086779706,0.27329861317507637,0.2852822116026235,0.3017687931503165,0.29444829807254286,0.2903387114121701,0.2904672184557939,0.280813420059633,0.2797785852433135,0.28452916795754085,0.2770936393233368,0.27279181160855187,0.2703438544959668,0.27273851899301277,0.2854005483554007,0.27958894279401003,0.2832537259516368,,0.264950263428842,0.25668102850665425,0.2573537124893749,0.2726008782728536,0.27518430916057274,0.2823433833488165,0.2850996684217281,0.273477023803753,0.2697635331253414,0.27419721624289856,0.2872819080732914,0.2932503071205938,0.27799812933763557,0.3087679930500339,0.29885911789549435,0.26400966418636396,0.2642897468679041,0.2765965993051126,0.2731268668024299,0.273747990774049,0.26974933117858474,0.2634002731400645,0.265032099746078,0.26673606156444923,0.27132857664558874,0.27468195702412096,0.26915026145487747,0.272110426817093,0.284042334423824,0.2769623518246928,0.2981632883941184,0.293083977615853,0.2751999203903532,0.28208421131002404
44,,,,,,,,,,,,,,,,,,,,,,,,,,,,,,,,,,,,,,,,,,,,,,,,,,,,,,,,,,,,,,,,,,,,,,,,,,,,,,,,,,,,,,,,,,,,,,,,,,,,,,,,,,,,,,,,,,,,,,,,,,,,,,,,,,,,,,,,,,,,,,,,,,,,,,,,,,,,,,,,,,,,,,,,,,,,,,,,,,,,,,,,,,,,,,,,,,,,,,,,,,,,,,,,,,,,,,,,,,,,,,,,,,,,,,,,,,,,,,,,,,,,,,,,,,,
45,,,,,,,,,,,,,,,,,,,,,,,,,,,,,,,,,,,,,,,,,,,,,,,,,,,,,,,,,,,,,,,,,,,,,,,,,,,,,,,,,,,,,,,,,,,,,,,,,,,,,,,,,,,,,,,,,,,,,,,,,,,,,,,,,,,,,,,,,,,,,,,,,,,,,,,,,,,,,,,,,,,,,,,,,,,,,,,,,,,,,,,,,,,,,,,,,,,,,,,,,,,,,,,,,,,,,,,,,,,,,,,,,,,,,,,,,,,,,,,,,,,,,,,,,,,
46,,,,,,,,,,,,,,,,,,,0.25523495931100204,0.25865184611122655,0.2525539702629768,0.2659145335252488,0.2678404296575353,,0.26656829028565626,0.25811431781049093,0.2598927309563736,0.27677115359475846,0.26641135677266564,0.26182554413370634,0.262910419441636,,,0.2614956458271112,,0.3634967032935281,,,,,,,0.26317111858586095,0.25383734695051646,,,0.0,0.1952361775993253,0.2722727601140343,,,0.25999516911236087,0.2541066026638291,0.24921931104905448,0.24513752870075822,0.2551798286140641,0.25672106616684887,,0.2626703621296692,0.25865156101781894,0.2579151284290898,0.25189002276816014,0.24528189797809968,0.25048411368820506,0.25212545201011627,0.3328233332188274,0.3333378438324517,0.3085388222014245,0.30281385091295693,0.3298659102467819,0.31653525266469,0.30203295093587046,0.2935456885097185,0.2673735626349082,0.29093063421813253,0.27821264399027273,0.25846794797627953,0.2520605246059907,0.25000946967396476,0.2508190446948317,0.24915341934854993,0.25275611746669163,0.26433506824303327,0.2755747461360272,0.2791500807521953,,0.2767824507694303,0.2718730257618677,0.2683204434012757,0.2638292521223345,0.26773535131204973,0.25593023350788124,0.254801070712993,0.2661995697485257,0.2626441067958861,0.2549404488417363,0.26107861783675884,0.256180756173561,0.26075124849536435,0.26552162148099007,0.27302613555366295,,0.2642498899049149,,,,,,,,,0.25989274307436105,0.2692705798690282,,,,,,,,,,,0.2504598429227283,0.2497740313981221,,,,,,,,,,,,0.2622752474624286,0.26427944301718115,,,0.25947309445205813,0.26218882140147354,0.2669125678928684,0.27134457228141334,0.2681392701481076,0.2718103807917217,0.30504333019988455,0.28719199799221734,0.2528648403329999,0.26187573421243265,,,,,,,0.25676516698352647,0.2534043268932574,0.2532055190279392,0.2552744401794574,0.2844243588855946,0.2779788507801035,0.25770042926383624,0.25885599422350936,0.2677637833340852,0.26899210292872006,0.2504161202568566,0.27445851025682066,0.41713552578071444,0.38469433293352245,0.2728699137661015,0.26187972226131556,0.2656595722790381,0.2546441441301259,0.2625048098680343,0.2554523484248576,0.25760777251423467,0.26998319633810036,0.3038144336677997,0.3225898816323103,0.30672507723805026,0.2613083251912323,0.25537903122294164,0.2586949314198835,0.2618978708441004,0.26085506327715063,0.2518107719235586,0.2647601264626454,0.33289659323836907,0.42412288694706796,0.42639262454626004,0.2863736112839581,0.27172045723638916,0.27021810206028263,0.2741145704678617,0.2638600252878389,0.28043515199186303,0.27423306563168326,0.2641905019178024,0.2657430516838726,0.26110064779681535,0.27339515915374757,0.2897677673391559,0.2770216728563425,0.27294679788379733,0.27349051198482976,0.26925342192226714,0.2714962042671137,0.27381020432436576,0.26555890184246284,0.25629857437461406,0.2587866856352824,0.25975340136715624,0.2733344283678564,0.26942028768487924,0.2664279080400504,,0.2560387393520843,0.26029958477380677,0.2554810927342909,0.2532507085352736,0.2543176946824959,0.26626023790722053,0.2704841715119477,0.25968051059480785,0.25893124398597944,0.26872247658715004,0.2758922692982147,0.2817221835835321,0.2595470904993327,0.3190307563606378,0.30654262124962217,0.25888583468384,0.258989603768492,0.26159514642006937,0.2572465514954952,0.26170289957341947,0.2614576731353633,0.26170785339662617,0.2661082971184182,0.26391827537736096,0.25424658110917925,0.2575829476193981,0.26721533853266527,0.26532614839189406,0.27002133149434304,0.26353067222754156,0.2867111282478953,0.29331226633148605,0.2707282345632113,0.2728226974268318
47,,,,,,,,,,,,,,,,,,,0.2592893014439266,0.25861289911193114,0.2501714485712254,0.26726752028041006,0.2598496713986754,,0.25871795698507555,0.2647967192649138,0.2754761134235129,0.2803675228361676,0.26027206609396575,0.26084072123195085,0.2796970554477586,,,0.25384908940366824,,0.3254392898400239,,,,,,,0.2567528885832129,0.251389539580851,,,0.1952361775993253,0.0,0.16926567923267477,,,0.2759265722501344,0.26194788425827004,0.2585318182712128,0.24861280383125922,0.24264678068048404,0.24684809481366501,,0.2552316772899917,0.2520554341387311,0.2456472061933911,0.23793346756065778,0.24863712712686178,0.24231296739073405,0.2436137298423938,0.30871644830112505,0.2934871209667401,0.27074566222858026,0.27283910688178253,0.29660724938539074,0.2826601751854043,0.2715527200606214,0.26833058521605846,0.25760029781755833,0.27330412816227956,0.2759105164364439,0.26661543376424285,0.2517435723119021,0.25276453858984577,0.2551931094161973,0.24502011776323313,0.25082398817320883,0.2470165356165627,0.25135059388641473,0.2603627980144129,,0.2562551888797863,0.255010239452687,0.2731358709393664,0.25893069163541826,0.2492050524287116,0.2559306194718715,0.2634133058789544,0.25194942072300575,0.25329486977198923,0.2599800326789322,0.2632288442746057,0.2595251504459191,0.264687896227327,0.2741330887437726,0.2929308486155252,,0.2700265585433492,,,,,,,,,0.25073262245535133,0.2522034921844463,,,,,,,,,,,0.26035865664589813,0.25106204300295515,,,,,,,,,,,,0.2651474752299263,0.2683270436188307,,,0.2696959660610065,0.26591349727058783,0.27208286671506043,0.28563608177975724,0.27961667386360906,0.26560732590115166,0.2811400864570867,0.27035696503611023,0.258654167195963,0.27535331916689737,,,,,,,0.27248706883659946,0.26067691854385644,0.25632313620415315,0.2524573152279333,0.27160496940081735,0.27358804390831565,0.2692913011843093,0.26187560784418845,0.25937394722189516,0.26667668774654285,0.2583186489592304,0.25549277904807355,0.37279659480907007,0.3437964772137213,0.254874707228266,0.2505737858801815,0.2768766986401596,0.26457066653540884,0.27706250573265856,0.2572685964315598,0.25598994564960875,0.2589509827363645,0.28085424227767897,0.2936199000296588,0.28417784413534825,0.25900885360962184,0.2632680777540235,0.27010380280527957,0.2747213695958965,0.2717813009434899,0.2615161349077733,0.2724517269516347,0.3096947727261738,0.39358994580650386,0.3986958293369997,0.2718913709402622,0.2844253505379021,0.28727135621817773,0.28575665953804485,0.2721201325343337,0.2889559929032,0.2789453072081674,0.27143382253458914,0.27423185663537447,0.2763546376058416,0.28843597987890457,0.3076527592452012,0.2948463287011181,0.2910549779929103,0.2932748656081005,0.2776872812467741,0.2790550575550807,0.2844381349480974,0.274420619523705,0.26444431816964636,0.2690234622768281,0.2772790280304949,0.2774076740814622,0.27478446205206625,0.2820763666247095,,0.26757891894812513,0.2518281988318747,0.25398922458105366,0.2705759502050989,0.2699879098710263,0.2797660387130043,0.2850875349472486,0.27624785092330045,0.27747287137037613,0.2805114687661836,0.29293607397962884,0.30668377924982443,0.27055756315423657,0.29031565326542563,0.28270747256440004,0.2674159729991506,0.2636959079058066,0.2638649584029206,0.2635030171424388,0.27591415944349157,0.2689500672708898,0.26873335099335643,0.2656479107135132,0.26557400229005546,0.2651902958748637,0.2757062886002976,0.27189572288583713,0.27430351773381983,0.2858190786859177,0.2743974300006147,0.27783988129733456,0.27055958373403677,0.26107764382092824,0.2765364963752945
48,,,,,,,,,,,,,,,,,,,0.2589024907313385,0.25751158822692705,0.24946316070813332,0.2607006153738785,0.24979552533148383,,0.24693827025763374,0.28153515455781913,0.3051325933501857,0.29611576456364735,0.2644649447789617,0.26407944318271287,0.29371971976192995,,,0.2465827321276755,,0.273139629178356,,,,,,,0.24990671003968523,0.259065763101066,,,0.2722727601140343,0.16926567923267477,0.0,,,0.2907547127996699,0.27901759770308665,0.27300409903980954,0.2687464895365971,0.24597369751752732,0.24279860102923384,,0.24845502988342777,0.24879206251766617,0.24288800865069776,0.24626510059644519,0.2529700161582817,0.23843386695208457,0.24530258666313226,0.27748496138613243,0.25049464781232195,0.227570330914229,0.22874309867623988,0.2527622694067973,0.24664480409276937,0.23792691707848235,0.23447171664090402,0.2352633959032882,0.23838639515342538,0.2541487389733874,0.2747242885587485,0.26633069535002035,0.26036811736734594,0.26377040720305106,0.2495352755114756,0.2455267734728509,0.22922104418637307,0.22737914426531075,0.24287522240567738,,0.24233671563311274,0.2499969890015737,0.2703470966247032,0.23903358979831543,0.23610259881082898,0.2671176123679877,0.28074956641250215,0.24356855734020483,0.24276674156752925,0.26585198584640213,0.2778435550790374,0.2764270435023847,0.2748048232592782,0.2886668406628006,0.3218706239865683,,0.28907773493305955,,,,,,,,,0.24313198603386976,0.22852183654355593,,,,,,,,,,,0.28012259667739536,0.2576214205473584,,,,,,,,,,,,0.274389191254006,0.26469379240459895,,,0.27770713545513814,0.2751506168065829,0.27722718431855475,0.296867852833303,0.28413978816064256,0.2582425071475315,0.2551338167511183,0.2581053800230228,0.27962139092102034,0.30164788747527543,,,,,,,0.30190605577114826,0.277071262356827,0.26473608884002925,0.25033271412466984,0.258174555185468,0.27599632897049103,0.2902817618385501,0.27258611601245886,0.25711209386711903,0.26545192946171897,0.27352751485334403,0.24294153973230206,0.3220813513070739,0.30493566717393367,0.23533950873469459,0.2476720577102746,0.3023562935718185,0.28753600162300774,0.2957422982086784,0.26453448994972867,0.2597133759196077,0.2567610410484682,0.2660950881204847,0.2628708787298742,0.26018979665205233,0.263246613436968,0.2711209864962056,0.28187025251774883,0.28758510088905254,0.28571278959611096,0.27869562951063875,0.2942795294426145,0.28025258580794604,0.3462295405204329,0.348382916435909,0.26299004910603174,0.29563772213736333,0.3064134297876665,0.30149751707514516,0.2869032742502372,0.30964338091856913,0.29301743130486424,0.27961549300532856,0.2855999512938868,0.2983433097523866,0.3156593534558404,0.343398634484602,0.3252885544810457,0.31595835945119094,0.3222132803873844,0.3072509365728931,0.30751436367143997,0.3114852029555122,0.30059059362816376,0.29353581817879126,0.2873464289930227,0.29913716411890373,0.2873402268624989,0.28446478754054433,0.30791965965640367,,0.291431517006815,0.2630356689694087,0.2709659668010701,0.29610042175851775,0.2944055303149929,0.3033670721592637,0.31474612502380667,0.2961745646567491,0.2931078896654675,0.2991168704010889,0.3159355143698154,0.3345575539583715,0.29863664862912226,0.2685965739115681,0.2674650548732407,0.28166549990248463,0.2786103050933007,0.28734103245645704,0.28534717907644036,0.29707635221717166,0.2865064966250264,0.2809970321733179,0.2738593622022744,0.270424995201849,0.28463962294072126,0.2989351737062016,0.2869674563659314,0.2960625701509818,0.31584183712476976,0.30254829316574555,0.2838482966752273,0.2582091094158945,0.263265326665054,0.2976068851307773
49,,,,,,,,,,,,,,,,,,,,,,,,,,,,,,,,,,,,,,,,,,,,,,,,,,,,,,,,,,,,,,,,,,,,,,,,,,,,,,,,,,,,,,,,,,,,,,,,,,,,,,,,,,,,,,,,,,,,,,,,,,,,,,,,,,,,,,,,,,,,,,,,,,,,,,,,,,,,,,,,,,,,,,,,,,,,,,,,,,,,,,,,,,,,,,,,,,,,,,,,,,,,,,,,,,,,,,,,,,,,,,,,,,,,,,,,,,,,,,,,,,,,,,,,,,,
50,,,,,,,,,,,,,,,,,,,,,,,,,,,,,,,,,,,,,,,,,,,,,,,,,,,,,,,,,,,,,,,,,,,,,,,,,,,,,,,,,,,,,,,,,,,,,,,,,,,,,,,,,,,,,,,,,,,,,,,,,,,,,,,,,,,,,,,,,,,,,,,,,,,,,,,,,,,,,,,,,,,,,,,,,,,,,,,,,,,,,,,,,,,,,,,,,,,,,,,,,,,,,,,,,,,,,,,,,,,,,,,,,,,,,,,,,,,,,,,,,,,,,,,,,,,
51,,,,,,,,,,,,,,,,,,,0.2623648264001765,0.2618460961673141,0.2592246419724185,0.27043810116288314,0.27883215563791225,,0.2810976129063281,0.2611422546980315,0.2681690501548287,0.27730097213771043,0.2766451307012556,0.27386027291350684,0.26979746826113,,,0.27326035196210535,,0.39372269018591777,,,,,,,0.2683113915602844,0.26589604947350226,,,0.25999516911236087,0.2759265722501344,0.2907547127996699,,,0.0,0.1739583048795495,0.24862052396900755,0.2541412853040905,0.26817504529234837,0.2741294491904749,,0.2689048977458133,0.2712042752285032,0.26676686934454596,0.258213498986387,0.25661305208113433,0.2717817379556339,0.26917390080097425,0.3524244240273735,0.3584453037162814,0.33630655452001895,0.32747415168056676,0.35917286550594424,0.3441897760478797,0.3171031624235313,0.3079138108336016,0.27636678429984823,0.2935818902996644,0.2791026715850659,0.26788492382778933,0.2614218045390063,0.26512978101197276,0.2648784883983413,0.2667590539251188,0.2620442642487114,0.2733379868622291,0.2943184633921795,0.28758637469383974,,0.3015042544495667,0.28126291502356066,0.26865293199718726,0.27689853934589487,0.28806914012133017,0.2681475503717752,0.26182643944913536,0.27749104813585174,0.2745341775829216,0.2647834351020315,0.2609433072770304,0.2577195734531903,0.2648727622483477,0.26161651173866607,0.26591771156927974,,0.25981041636983454,,,,,,,,,0.28843758735242797,0.2927001418324069,,,,,,,,,,,0.26474908701199623,0.2598759914052107,,,,,,,,,,,,0.2623196575413385,0.2635011605636145,,,0.2555941671099112,0.25710229981057103,0.2611287233974515,0.26336043188022784,0.2670184299007294,0.28049228269372845,0.31754127212669,0.30314139750887203,0.2540240209335093,0.2580486498701235,,,,,,,0.26168157714217377,0.25981219619624957,0.2550976614243572,0.2598133807593243,0.29380697187130456,0.2905222408159553,0.27233586216203215,0.2620585252330109,0.28261485828406047,0.28376030242820083,0.2601632549463489,0.29741951866399124,0.4544827535646984,0.42315903865699334,0.2917569794957917,0.27939405164033604,0.268368766245977,0.25977187054848094,0.26828678642520426,0.261038442967122,0.2616503782476004,0.2878365004551269,0.3302144973074872,0.3448116843275258,0.3201443031839608,0.27106513480999406,0.262419698152705,0.26498222150806083,0.2663272805698556,0.2643733330518548,0.26229434435899274,0.26174499965528814,0.3427643298043602,0.43503543255163324,0.43440931114282516,0.286175202234959,0.26386189962722684,0.2619887827589561,0.26964788117474003,0.26421794436413776,0.2759764276276402,0.2684585566603752,0.2654165728059331,0.2662865642988357,0.2570009153010956,0.26741650710294596,0.2780853655239803,0.27124981144960064,0.2659612537381198,0.2633980610434559,0.2602649164256656,0.26855424082425217,0.27451884861255677,0.2657792910797269,0.2610972277529552,0.263963530417301,0.2609130127408487,0.279169312551082,0.27936483725875244,0.2666396746996439,,0.2606346166044638,0.2736808741428247,0.26425863834206764,0.2629316742023255,0.2560193373446504,0.26183271523970775,0.26675312140124324,0.2646726193792954,0.26155162168699697,0.2573049976121743,0.2656260672144265,0.2696676364842588,0.2609870799579773,0.34147615584524205,0.3281276108709644,0.25836278605133717,0.26999144973918066,0.27912969858747033,0.2636063479190967,0.25732082491282837,0.2613369843526112,0.2595052331782531,0.274341350168448,0.28113488654794766,0.2626517460207575,0.2581627429150805,0.2645653335365803,0.27281862494827164,0.27449828900118606,0.2693203715092709,0.2961367625275338,0.3044873987471472,0.27903916478021384,0.26750407429180434
52,,,,,,,,,,,,,,,,,,,0.2555377029749439,0.2544992799070589,0.2528236656431304,0.2640096227248429,0.2692954997553342,,0.2716228713755581,0.25217831994696643,0.2628300871395635,0.27500672891982425,0.2704735728377372,0.26704364226636146,0.26892987899548265,,,0.262516864742259,,0.36862594466414556,,,,,,,0.25592477446357936,0.25238194585207935,,,0.2541066026638291,0.26194788425827004,0.27901759770308665,,,0.1739583048795495,0.0,0.17108103807280725,0.2497205644540619,0.2586374020875377,0.2627001397509181,,0.2579673795994246,0.25954293650730503,0.2566628588560732,0.2494497939460772,0.24237233397831529,0.2548270628701484,0.2545189109138816,0.32963950447429013,0.33723967903413743,0.3164743202039895,0.30287503109035374,0.32943920362411605,0.3187373656826849,0.29747934983850216,0.2910722016482954,0.26150771613783547,0.2773793762072044,0.270363046953839,0.26348960865686905,0.25255051949729784,0.24650792844512534,0.25124965012644596,0.25638015162461336,0.25543761283296534,0.2618400089352763,0.27742647350454275,0.2742078203942391,,0.28629275328693615,0.26975189964448926,0.26170431153887413,0.2655810824010157,0.26702865524289016,0.2564894336690317,0.25529960932920537,0.25933864018341046,0.25754313640710536,0.25692335003452854,0.26065098021169847,0.2551773800524061,0.2596179273378856,0.261318099843215,0.26686253441394525,,0.25447730055090256,,,,,,,,,0.27314598518322164,0.2756466854110847,,,,,,,,,,,0.2615699462301902,0.2516809296900442,,,,,,,,,,,,0.2537332288083569,0.2545139885701767,,,0.25162832638297,0.25592742577647837,0.25912785954009276,0.2620344793602581,0.2589139297406887,0.26274857326233636,0.2958871647455484,0.2839861180260051,0.24780171119445704,0.25614087957000753,,,,,,,0.2604801484491271,0.25615962768090766,0.25002822202977504,0.2540729710403102,0.2759576328338112,0.27245334809006044,0.26714109517083445,0.2506090377506925,0.2651172306569828,0.26909821176259846,0.2460111878077989,0.2801181793307206,0.4254625459854494,0.395878544270864,0.27170909667015813,0.26156130468369226,0.2592596451656725,0.253704041730832,0.259646577016629,0.24902702533785864,0.2545738775154266,0.27696769214136263,0.3054963656831051,0.3177690964091621,0.29967369614269324,0.2595829589436408,0.2543994601851286,0.2574728600382551,0.2614571282365322,0.263957813006331,0.254210239107168,0.2555217794148558,0.3216240912027721,0.4125177523272999,0.41304937944764436,0.26988381451939847,0.26202959968747497,0.26167879842701897,0.2627688491491407,0.25507091732610115,0.2680411368467475,0.26364381377937324,0.26222064199504846,0.2601357955087046,0.25065417096265125,0.26638937927055534,0.2793825245110482,0.2719956867672341,0.26661157959633575,0.26670640962345277,0.262799202690428,0.2679998731096222,0.26176240567281606,0.2563300183076151,0.2540680814021146,0.2585431130160909,0.25618092808317067,0.2645774934278416,0.2653510172290821,0.26199461507716976,,0.248688345801501,0.25940258565135316,0.2583485932859429,0.2631486519912604,0.26060867476233934,0.2629629185895985,0.26675496091147205,0.2560232614522323,0.2537050138079772,0.2560361893013351,0.26836602501910034,0.27275451620987073,0.2543854745188038,0.31878653119504574,0.3072508718427763,0.2543249555471768,0.26430232212228943,0.27603445616570776,0.2595165313995449,0.25554467452861396,0.2559455021583211,0.2537819316919835,0.25824559091142363,0.26616951629463165,0.2534577119671213,0.25347530117542827,0.26373529964235026,0.26432536043400906,0.2680187726890533,0.2628598365272856,0.28485725972458487,0.28483286740164354,0.2640187496707354,0.26629176298841406
53,,,,,,,,,,,,,,,,,,,0.2545530350657155,0.254214749948428,0.24914063820703872,0.25945288687520746,0.26212486932981427,,0.2692756791475467,0.25325694021864265,0.2615848408124019,0.2731689820083059,0.2656491272000913,0.2670594721444649,0.2679104021307169,,,0.2585772160744578,,0.3601580383809394,,,,,,,0.2510613487337656,0.2543577421253336,,,0.24921931104905448,0.2585318182712128,0.27300409903980954,,,0.24862052396900755,0.17108103807280725,0.0,0.18448723115626212,0.24783556280956803,0.25779349170291366,,0.2603768442637154,0.260997575308647,0.25374103409130894,0.24624950360720563,0.23921684550061126,0.24699957327208838,0.24875249317165668,0.3228486935274598,0.3330911183052788,0.31163806927481985,0.2943726953510424,0.3270888100470109,0.3156610573847364,0.2967612787507533,0.2867107782397626,0.2593518852788927,0.27885541499989525,0.27065215832672423,0.25522547822597574,0.2536893882474145,0.24898285301322565,0.24855665218213643,0.2523583951244106,0.25609829818741603,0.2600512922665215,0.270382729749433,0.2712852590047766,,0.2840627862414561,0.26247605630565857,0.2588276097949919,0.26429867310451155,0.2615680733714894,0.25010650658575656,0.2559023249186759,0.2568895302920445,0.25325681353553486,0.255503042496531,0.2572803095959677,0.2496820263774387,0.254750098202675,0.25720132949480135,0.2670244829767038,,0.2516591322583495,,,,,,,,,0.270262465020094,0.27105027248962604,,,,,,,,,,,0.25691529937718693,0.24575280157654525,,,,,,,,,,,,0.25304982670903475,0.2562632718747623,,,0.25532004529827906,0.2599223952984893,0.25837024222858956,0.2586690518534325,0.2555170946407183,0.26276572349548616,0.2936383643916546,0.2781025660742103,0.2436947277254116,0.25783425696241136,,,,,,,0.2561817880147593,0.259295138352028,0.2552790126024807,0.24951925811379716,0.2752592453402283,0.2717158876554533,0.26307384798396677,0.2511514852068747,0.2643844261251921,0.26679992366073907,0.24495681058531218,0.27783779156529453,0.4219307920281034,0.3918140231852482,0.2691233574230251,0.263660315910167,0.2606047122489116,0.25365762397213976,0.26163897990609547,0.2541323377463067,0.2570802430800962,0.2752300280315013,0.3054182688771631,0.3125658827118253,0.29723644468331306,0.25573716376434824,0.24916917009619863,0.254643302784104,0.25958915241654773,0.2615826027612911,0.2538955189526907,0.25440292816634374,0.3186245201015177,0.4035018994537028,0.40578526865567816,0.27509763939884524,0.26275811622527495,0.2617976611529307,0.2615705989609663,0.25607541329533967,0.2703896578765859,0.2678579831116627,0.2548627649124424,0.2520020761124282,0.2517272621485756,0.26590401520454965,0.2790357072314432,0.27566335503913325,0.2724609881757317,0.2659340026936189,0.2634808976822498,0.26773335483171357,0.2606767410640476,0.2555040245928048,0.2520318997281608,0.2619503892023071,0.2609445014388224,0.26337333735387547,0.2644621691260684,0.26300701641357366,,0.2486295085596401,0.2571651482007642,0.25507411145094616,0.26208103614498923,0.2643271401922625,0.2646390105517082,0.2679708227577971,0.25774712966508545,0.25307546228847166,0.26051800564032085,0.2698998210235753,0.27448175049693446,0.2477231688346032,0.3108448933166289,0.30758277356993907,0.2588456640631783,0.26229028133156795,0.27434836164384924,0.26123530531122496,0.2573247883506534,0.25508682015943784,0.2496940911982077,0.254104780934954,0.26400873336872616,0.254058708070863,0.2510372005316884,0.26007302802437227,0.26258771105071455,0.26575386710972443,0.2591187771331268,0.28272017537289973,0.2817751563251909,0.2616262116781479,0.2658750241455658
54,,,,,,,,,,,,,,,,,,,0.25502480865991495,0.25416543584682677,0.25035205412740974,0.2553481594653868,0.25528767112354744,,0.2725376776021682,0.2582607925594777,0.2625559640599762,0.2753194677724449,0.26453551283257704,0.26369421255728787,0.2661438592535275,,,0.2572640711193242,,0.3588599277436945,,,,,,,0.2456259216227124,0.2513571345417128,,,0.24513752870075822,0.24861280383125922,0.2687464895365971,,,0.2541412853040905,0.2497205644540619,0.18448723115626212,0.0,0.18526593386017096,0.2565186937544354,,0.2607147716371659,0.26113512016673956,0.2524558486165018,0.2472720205714067,0.24728619020556875,0.2517722796300752,0.25083909127940934,0.32827289376920604,0.33137080185879314,0.3131781744411681,0.30268600837802134,0.3313263201685683,0.3123342810043213,0.29448454389835405,0.2890428654438249,0.26718580242044637,0.28604865828187476,0.281219410698188,0.2621848325144239,0.2579193571572828,0.2553137675025319,0.2521759205459196,0.24866346154954577,0.25204044166602824,0.2634436979635057,0.2744625485209928,0.27484060330189647,,0.290060882409548,0.2685039633158611,0.26302283439735324,0.2668531520787164,0.26782262511228566,0.25669276050899215,0.2629516611014666,0.2640974007832867,0.2595674966482837,0.2590901159929093,0.2623044158295602,0.25520315942413574,0.25862674503217037,0.258991121479526,0.2715757711185624,,0.25373924129702596,,,,,,,,,0.2703774461166347,0.273312657673062,,,,,,,,,,,0.25137058713576427,0.24601213494590402,,,,,,,,,,,,0.2536319876027435,0.26181564476334096,,,0.2614057422902235,0.2606259366816287,0.260008562825586,0.2678871308557528,0.26571281206364494,0.26763429875035066,0.2957351841181196,0.2784724794210944,0.24708200526153243,0.2573877326550498,,,,,,,0.25975002509794876,0.2563229467754997,0.2536783323487553,0.25083805909577384,0.28419564658911195,0.2832919218562672,0.26571127778774745,0.2576834656325944,0.2721122886597824,0.2758185702184741,0.2542581783135234,0.27538434422990693,0.4179609674415691,0.38797156756905593,0.27415798503665306,0.26673403644911947,0.2664104732482009,0.26194997820412436,0.2672239112984218,0.259495259322876,0.2597114408432531,0.2743592441589459,0.30559997016276075,0.31269654648095846,0.29489481947506196,0.25679728104534394,0.2535988100789784,0.2586428231450952,0.26322198909279976,0.26116888368309277,0.2544026575131361,0.26071430502898896,0.3226100523009481,0.4055371556783291,0.4073901182268132,0.27594536497935446,0.2674004252764745,0.2675045661782179,0.27134222059534346,0.2621936295679431,0.27655941350101404,0.27239265580391664,0.25552004640384174,0.25147142353287066,0.25254015218905085,0.26942473250902016,0.2848666481481607,0.27990643729999726,0.27470902843246986,0.2709932947611647,0.2649453708620068,0.26514204986491297,0.2671384889471409,0.2593371799240374,0.2519882010817626,0.25902602455890955,0.26622663693449505,0.27456371715531686,0.2734939228639514,0.2705512908713177,,0.2524127961563281,0.25814434187252505,0.2547191712110186,0.26088419925064094,0.2609468164492778,0.2685721189695451,0.26551581525638673,0.25662135800329544,0.260046119187628,0.267261521362611,0.27712646469754615,0.2808706275452739,0.25194927798428784,0.3022693504648308,0.2974479381349551,0.25608738224454014,0.25632216180129436,0.26584297203059276,0.2573776344966128,0.25710674659486776,0.2574296930003002,0.2527042137943793,0.26060273955498525,0.2732008926524987,0.26131456949227805,0.2586340831642772,0.26119742346323765,0.26689319609730094,0.27242430346510627,0.2641678196010134,0.27876321604200904,0.28055805984037446,0.2599834537900539,0.2646178480427512
55,,,,,,,,,,,,,,,,,,,0.24581732198924106,0.24566189376774247,0.2435642324478374,0.2521147437073507,0.24376834352100188,,0.2527148801137773,0.2567373848621169,0.27014592487790995,0.2771618085964456,0.25678297451586213,0.25027569564817165,0.2695079609684651,,,0.24997029943787458,,0.30859041052215436,,,,,,,0.24500628547210862,0.2549709439300369,,,0.2551798286140641,0.24264678068048404,0.24597369751752732,,,0.26817504529234837,0.2586374020875377,0.24783556280956803,0.18526593386017096,0.0,0.16887285229636928,,0.2431149637987686,0.24757733155327796,0.24642564269443648,0.2502926951091737,0.24940290137193266,0.23955436865313995,0.24219575882497382,0.27798768388246586,0.27621671468710784,0.2728318553759933,0.269085864942495,0.28085869459919266,0.26206144493985534,0.251671071093268,0.24663635743101736,0.2443638894529004,0.25932297034612334,0.27263969530712256,0.2658353706250543,0.2530121099535306,0.24911633831118865,0.24914626798259432,0.2366350829773731,0.2385202828768328,0.239738743278666,0.24508448118465792,0.2517731539460409,,0.263890783358105,0.2567461186140661,0.26250866798315176,0.25440859714528197,0.24999163115490547,0.25245501989503544,0.2607832731167718,0.24353702117189246,0.241955812476222,0.25505281550940884,0.259366832227111,0.2565018700111163,0.260123420439274,0.26796036719247324,0.2877156655972079,,0.25992721033318494,,,,,,,,,0.25127815594947983,0.24637526681126665,,,,,,,,,,,0.2524048255984691,0.23958421265985116,,,,,,,,,,,,0.2559254981803981,0.257735225093362,,,0.26745605953364154,0.2618723145440295,0.2588218792915223,0.2763261719101466,0.2643665485800013,0.25174361604936596,0.2633394327339873,0.257497853723107,0.2594701821843516,0.26633927038954713,,,,,,,0.27309718841565944,0.25547690773082027,0.24841605209063175,0.245079047160193,0.25930434605048003,0.2722155792936944,0.27847664360881963,0.2601754408786954,0.25260897492244094,0.25364361005630115,0.255852950908902,0.252501590991505,0.35349683401419274,0.32845751298287995,0.25242147540549087,0.25114873312512376,0.2748032068154034,0.26645217444188724,0.27785288690550913,0.26266290221206895,0.2561234337188886,0.25531905232943103,0.2783599511688063,0.27361307640127086,0.25991739834248434,0.24991264506054814,0.24951624516075546,0.25925938373113977,0.26569897821114896,0.2636767527001598,0.25779574385343385,0.26860443688296454,0.2905664808013328,0.3646784798356675,0.3679944179861671,0.2603709958577969,0.2740032745873897,0.27903401178092435,0.27922831335509907,0.2647371981206968,0.2853219612097649,0.2765876948473883,0.25503418115893917,0.25478965767010225,0.26209497286010597,0.2826800259515227,0.3088797972428366,0.2994112314291119,0.28766064722192936,0.2881603390223983,0.28180073287113777,0.27779580046916513,0.2796944208683975,0.27072832967034943,0.26088931601384124,0.2625480806295743,0.27554767346182435,0.2762281505549139,0.27519741160701827,0.2863978360959572,,0.2593511989719071,0.2486704181430059,0.2528911671763595,0.26198437052825896,0.26412806937587985,0.27623705419219274,0.27491526076410405,0.269556393374784,0.2730782846197513,0.2741788310242405,0.28657715309288756,0.29706246823832116,0.26651823100749455,0.2675653574383871,0.259503173941304,0.2550987294470984,0.25516770546818934,0.26278277841532,0.2607063615926443,0.27005888567228864,0.26607707647893647,0.2621858719817178,0.26070857714699364,0.2686040608339701,0.2636351916217951,0.268160037450418,0.26246504947696203,0.26813538202924597,0.2862004349723623,0.27734806949819124,0.25992827078587183,0.24983299097758713,0.24964996859799074,0.2740094769106278
56,,,,,,,,,,,,,,,,,,,0.23792025857437374,0.24305127279307973,0.2468054920429163,0.2566641563208839,0.25130199164079153,,0.2470146210276733,0.25895220240340594,0.27872423171073724,0.28321436749879525,0.26176385633575117,0.2571866486115552,0.27523978854034536,,,0.255029625168028,,0.2910929908698683,,,,,,,0.25304795439389466,0.2655324464943107,,,0.25672106616684887,0.24684809481366501,0.24279860102923384,,,0.2741294491904749,0.2627001397509181,0.25779349170291366,0.2565186937544354,0.16887285229636928,0.0,,0.23985573988669767,0.24393485801009554,0.24200187793721217,0.25041804980529647,0.24783615061108227,0.23319597368848655,0.23947652838832403,0.2617695862402359,0.2636780224771708,0.2573201378000929,0.25106447011621597,0.2561355627049928,0.24673296161079974,0.23698700971112235,0.23314574502087265,0.23532439656849677,0.2502076050563983,0.2586580401925566,0.25922627145277227,0.254156048767941,0.24946160028513426,0.2507175154902686,0.23358297336868913,0.22955413015298753,0.23022562136210625,0.2272651335483357,0.23975092847685855,,0.2509402385197366,0.25032231494119866,0.25713106130256047,0.24267394988001764,0.2465384111177859,0.25786899906239763,0.2582179892053498,0.24201668392944414,0.24552382746258805,0.2571311809142748,0.2602887504032349,0.2602413471111578,0.26828630285840455,0.27482524468500763,0.29747169778826216,,0.27071494938442886,,,,,,,,,0.25233022369812985,0.24276893040028147,,,,,,,,,,,0.2578358120901699,0.24106786898047253,,,,,,,,,,,,0.25834401960639697,0.25076107991097235,,,0.2652956662056601,0.26020776216217123,0.2566053617585925,0.27343873334587127,0.26254771216354517,0.24315067744202243,0.2530712204495815,0.24884984073970728,0.2638830107144551,0.27995077244474204,,,,,,,0.27719899799552755,0.2592652065768063,0.2507650102531862,0.2460511726482937,0.25478801366325465,0.2658885729535766,0.27470366105855404,0.25864101535852185,0.24494486899814613,0.24033721132447974,0.2550348524247586,0.24396847640507782,0.33833134279750504,0.3177134623309358,0.24330414746631224,0.24111730578144608,0.2829357971039686,0.2683103098566561,0.27150066997788586,0.25792463886524886,0.25654329963196654,0.2419208226909062,0.26412478782648746,0.26705058885601424,0.25498222653370317,0.2491362100607411,0.25348320941078445,0.26124183890079905,0.26397789833739543,0.26524613068367364,0.2587707452724832,0.2692693984892863,0.27273573230986536,0.3496006720531436,0.35562105166008373,0.258421954642338,0.2735372609966743,0.28097866376016506,0.28022591668343066,0.2695867443409597,0.28862931673057385,0.27428201841265215,0.25819149658421103,0.26574470609284273,0.2712756966861741,0.28834932712490496,0.3210623505146131,0.3044810874777646,0.2892080870169932,0.29512070495222387,0.28586845884730416,0.28108672552343067,0.28557197506967463,0.27955100286065815,0.2686659725415883,0.2671418600958999,0.2799778601166282,0.27473989848734104,0.27324123229260683,0.2886189408766947,,0.26598897787632053,0.2548908367522296,0.2598074121970206,0.26831318183482994,0.27116145025478416,0.2863863566154465,0.28809623180641036,0.2774909502136865,0.2785254221130662,0.2772753355661594,0.2899107905886517,0.30218663770252097,0.2795739488034239,0.2716834676616814,0.2653841988723113,0.262729655963087,0.2628186790034147,0.26981412467754506,0.2710655945477031,0.2807386246209012,0.26985852394422566,0.2666694765319171,0.2607128472438557,0.2630023839317247,0.266298851715618,0.2749149215471023,0.27024758596494525,0.2789096246435667,0.2952610173351335,0.28253067005962224,0.26340767269491044,0.25057450559989797,0.25376329496568584,0.28139435173437227
57,,,,,,,,,,,,,,,,,,,,,,,,,,,,,,,,,,,,,,,,,,,,,,,,,,,,,,,,,,,,,,,,,,,,,,,,,,,,,,,,,,,,,,,,,,,,,,,,,,,,,,,,,,,,,,,,,,,,,,,,,,,,,,,,,,,,,,,,,,,,,,,,,,,,,,,,,,,,,,,,,,,,,,,,,,,,,,,,,,,,,,,,,,,,,,,,,,,,,,,,,,,,,,,,,,,,,,,,,,,,,,,,,,,,,,,,,,,,,,,,,,,,,,,,,,,
58,,,,,,,,,,,,,,,,,,,0.2411580043861649,0.2502222000157012,0.24424004374425898,0.2564806286289723,0.25381190902342426,,0.252021390431703,0.26018136557299865,0.2727190725593713,0.27584315369241724,0.26073073530035246,0.26568077499767434,0.2753214937580296,,,0.2516583922366701,,0.30924653246657835,,,,,,,0.25121672850301624,0.2582512399218226,,,0.2626703621296692,0.2552316772899917,0.24845502988342777,,,0.2689048977458133,0.2579673795994246,0.2603768442637154,0.2607147716371659,0.2431149637987686,0.23985573988669767,,0.0,0.16756029279017348,0.23577999416853926,0.23859154477236025,0.2526261555163443,0.244197200569241,0.24688605559118085,0.2769650741760542,0.27681246218818656,0.2645975273485796,0.2551068598993909,0.27930979341942636,0.26736747055152604,0.2507973744824519,0.2571873286779445,0.24986075096051574,0.24721525777383382,0.25411624442045505,0.26679392773098215,0.25412055355190694,0.24552541475850734,0.2505914717970746,0.24118181103830025,0.24279012829408314,0.24486575216501213,0.24760665915274374,0.24903624994376938,,0.2597671462680381,0.26207650334817906,0.26645106429842885,0.24472601702308755,0.24609361702874322,0.25908480623126184,0.26373072309198947,0.245975804243212,0.24305317611442687,0.26152940139494635,0.26791173451223715,0.2641646511988605,0.26268196464297827,0.2700752038623367,0.29133492769027597,,0.2686698958246369,,,,,,,,,0.2554585950037714,0.24498350702677107,,,,,,,,,,,0.25577022043450126,0.24681147528133116,,,,,,,,,,,,0.2576504696219299,0.2529425789365186,,,0.2612827139917344,0.25756711204446964,0.2515874465198721,0.2737160827837991,0.26540966002435995,0.2501253577934561,0.2544927017160807,0.24409257714854116,0.25992626927131846,0.2767908456122885,,,,,,,0.2744292148153736,0.2554184677833362,0.24573070022735116,0.24677248613533098,0.2510521092989475,0.25998026268923585,0.2774499004280538,0.2597772249838955,0.25035168245328915,0.2546230402676979,0.25739182230707314,0.24578298392248538,0.355267530621808,0.3291281184805152,0.2430546696160854,0.24192417681383746,0.2757650140940769,0.2634293358871785,0.2719025924491627,0.25679965206171196,0.253631689446045,0.24903550532648094,0.2632781364337556,0.2661494994230799,0.25855251339619506,0.25661614128138027,0.25680904522922626,0.2572564535781502,0.26397115003938193,0.26164395653029393,0.256311545429278,0.27192907516147874,0.28120665112967813,0.3682338225193252,0.3731077442264673,0.25990564777465075,0.2706158007673082,0.27402523563318887,0.2771993339406181,0.26545669051781534,0.28305479267369493,0.2721233238536893,0.2607045298782993,0.26853212713953983,0.2713034388331495,0.2902235652670358,0.3163117088697749,0.30031445267162155,0.29465767103029894,0.292431958889236,0.27964381837929947,0.2836810535210993,0.2874865444094922,0.2798674837223761,0.26975576585976,0.26296897182394896,0.2700678691543275,0.2661661584166069,0.2673597744479888,0.2864787269855384,,0.2668602025337865,0.25881678301849725,0.26817844952863684,0.2790328830204343,0.2730752768181151,0.2839517231155215,0.28134615185201634,0.26561943747386135,0.26844114146317644,0.2765728068070705,0.290557883164078,0.302405181677444,0.2725275429109911,0.27579562167673316,0.2668492729307663,0.261501249380081,0.257856802211479,0.26758517422115585,0.26723172210532,0.2747756371484088,0.26693087199522897,0.26368951243264677,0.26142558963040324,0.26959738959882235,0.27435200834109114,0.28116629338079235,0.27447697832796736,0.275823914234052,0.2872242557700721,0.2788431818640202,0.27994659981529946,0.2641585395580898,0.25218334698467665,0.2791948097427228
59,,,,,,,,,,,,,,,,,,,0.24938256652241947,0.24876847536605173,0.24684417810074757,0.2693072049716982,0.2646122957522534,,0.2587687703824976,0.2605951545667744,0.2709741634388017,0.2790840437922631,0.2687191536073633,0.265508337104346,0.27256491796011334,,,0.25660717994055515,,0.3131188154449097,,,,,,,0.250393886374328,0.2543073506524884,,,0.25865156101781894,0.2520554341387311,0.24879206251766617,,,0.2712042752285032,0.25954293650730503,0.260997575308647,0.26113512016673956,0.24757733155327796,0.24393485801009554,,0.16756029279017348,0.0,0.17588099305296806,0.24112862364020135,0.2516468305745914,0.2445266410824819,0.2448863999918937,0.2893880995853611,0.28414359879706097,0.27194529601890693,0.26745432869990926,0.28403977186514645,0.2712980655492944,0.25244375094497834,0.25389819305423234,0.25001547635359994,0.25590039158572553,0.26443903206790004,0.2668218444182977,0.25221971672895604,0.2435231151639093,0.24362784562545337,0.23960925479843384,0.24299564828863116,0.2518656358372608,0.25719820864193466,0.2580766277317835,,0.2577552588648361,0.2616476992192887,0.26908573845278266,0.2515903110405125,0.25510141729391034,0.26064553051077316,0.26583130556726364,0.24303328343893743,0.23673757328150635,0.25498677069140124,0.2672189115748475,0.26548800440007153,0.264851989550384,0.27347413054724495,0.2903387252803419,,0.26805163332094956,,,,,,,,,0.2522721780513121,0.24832589904632893,,,,,,,,,,,0.2566947575169956,0.24937089749890193,,,,,,,,,,,,0.2669116742168742,0.25905645958366075,,,0.27128310218190593,0.2643787085560797,0.2578479039555674,0.2760080922271237,0.26764114146237966,0.25509876475372323,0.26802621408467836,0.25958886921398605,0.26285706584045676,0.2769402007361601,,,,,,,0.273734797258581,0.2549327648607363,0.2518458926747178,0.24584857863215942,0.2611339458956995,0.2694313675856603,0.27896013352723315,0.267482089359696,0.2593854664166542,0.2580407701075004,0.25899122728766744,0.2555018289490941,0.36418797444279527,0.3344216262381822,0.24908134149173772,0.2475249294698935,0.2746339180920195,0.26196380836742544,0.2783010081333292,0.2639964330586454,0.2576949302497657,0.25484190212848895,0.27057101238080233,0.280141596023189,0.2758218581500158,0.26530859259741757,0.2569737406790343,0.25921690206185366,0.2679260448848902,0.26760235616613764,0.2601352135844871,0.27452000685224753,0.2975145127112545,0.38030714443600144,0.38362911979474695,0.26395207249564395,0.27635048793750083,0.28011541546546154,0.2801169025428655,0.26654224838354074,0.29294835344820797,0.27877453448840767,0.2635007266877131,0.27576612611501516,0.2739568341929588,0.2905640104866749,0.31427437515663315,0.2985283845480204,0.29135402583496683,0.2912239634050608,0.2812058038826186,0.2829996787317875,0.28728973191728074,0.28157527101363405,0.27311807122659093,0.2626945348638257,0.26955331854042425,0.280158279184406,0.2771560758310306,0.2861830787703284,,0.2674087512959545,0.25262366266229813,0.2595471903188663,0.2719108523442779,0.27153151049293045,0.2864445728866936,0.2810729527789788,0.26302848795837425,0.2713404908645888,0.27834059337735345,0.290634387369804,0.2987302280215567,0.2688174926591775,0.27251951766979027,0.26217500790742965,0.2578887456331439,0.25879398332357056,0.2666629401662729,0.2656266452087637,0.273851953865206,0.2640782167470385,0.26180824334956054,0.26460029872058727,0.26868263576833123,0.2707047011192727,0.2778899927875395,0.2731272589570069,0.2745314532734542,0.2885125126798684,0.2797803358324895,0.2758306294563924,0.26020822245902686,0.2548714583156014,0.2788177504746292
60,,,,,,,,,,,,,,,,,,,0.2465188187408237,0.2439014852391092,0.24493928168583232,0.26941514227320396,0.26351155709265917,,0.2591199140374226,0.25716580038924763,0.27471514003570047,0.28350911570415294,0.2662233398972732,0.2579353284725604,0.26510640656382933,,,0.2520759911181676,,0.313850380777458,,,,,,,0.25524726915969803,0.25486293151144773,,,0.2579151284290898,0.2456472061933911,0.24288800865069776,,,0.26676686934454596,0.2566628588560732,0.25374103409130894,0.2524558486165018,0.24642564269443648,0.24200187793721217,,0.23577999416853926,0.17588099305296806,0.0,0.171043053841087,0.25014697469004205,0.23975575227930962,0.23775493366349673,0.2874900060030976,0.2859272929748025,0.27012135915209384,0.2623911723562162,0.2828397820344632,0.2718321721954885,0.2597395390234968,0.26170074019309847,0.24627307798017742,0.25210121704345106,0.26399988554966625,0.2596039960584129,0.24320181962093543,0.24196849527155354,0.24367291108078853,0.2415835448358396,0.24173860814595746,0.24601643392493883,0.25312600812649705,0.2521371338673054,,0.24553094305137926,0.2460851334697797,0.2583375848246514,0.2487895704877722,0.24761155540160515,0.2550343567232979,0.2614367227352252,0.2442262150529481,0.24418590163326326,0.2558648310072996,0.2563160774999329,0.25680470006411993,0.2629541456823727,0.27124089914483523,0.2863740807911931,,0.2667789085556673,,,,,,,,,0.24712339817696266,0.2465405453483444,,,,,,,,,,,0.2594607385634238,0.2466581249245226,,,,,,,,,,,,0.2614220526312834,0.25538238538256375,,,0.2682645588298206,0.26077968068869906,0.25796658075325496,0.2747605980252773,0.2679718064094668,0.25286456937149543,0.2606137656020344,0.2536630717925275,0.2574367255952481,0.2731930325491549,,,,,,,0.27191207051372795,0.2593654723773169,0.25742562739150127,0.25124082037557194,0.2684291768146822,0.2734075867735907,0.274778266975743,0.2670922056191249,0.2522294924253807,0.25343885999255455,0.25428150249662584,0.2534439847535381,0.36700449517738865,0.3416454794459002,0.2522884934157328,0.2499740797358635,0.2676564127804228,0.26236526750987843,0.27180093529172017,0.25558818104055914,0.2566060664138754,0.2541334425084238,0.27038149506586173,0.2828959297025642,0.2806019547701644,0.25715639663125334,0.2543034137480006,0.2570354090497005,0.2645680338841197,0.26622860380081026,0.258411743668019,0.27335380113977314,0.2951228400003644,0.37971356124969957,0.38339678245147174,0.25790721815303497,0.2688219749399816,0.27713857191008395,0.27866368127123226,0.26129202906374493,0.2869259977263089,0.2722126190512993,0.2578399080612251,0.2718176310467953,0.2738209693818834,0.2835177572831885,0.30678884193901684,0.29656568082578,0.28904548106535377,0.28619192189038983,0.27180600899429974,0.2768331658328015,0.28220467776761887,0.2756261395328088,0.26602203532463664,0.25932809851816657,0.26724912198294065,0.27250588682288845,0.27261520894337843,0.28223662951861983,,0.26680127182078855,0.2549229997511821,0.25654404781099704,0.2650520086661533,0.27005778732940755,0.28378414882451664,0.2824968575466373,0.26461285349792535,0.26475695651699516,0.26992761371784924,0.2858137842808762,0.29631887525597356,0.2625094784768494,0.27330432711155406,0.26904983937675114,0.2571521044638963,0.2560799839917011,0.26087304364641944,0.2618191070820515,0.27103818286068554,0.2591410400288705,0.25547018887178913,0.2583643609994616,0.26308883418671997,0.2642078968787104,0.27354265205980394,0.2677894015940536,0.2734795787409242,0.27976973148648854,0.26190960440308525,0.26358863333101173,0.2550718874233631,0.25048502751190826,0.2756536082249957
61,,,,,,,,,,,,,,,,,,,0.24988533870256338,0.2481861116372871,0.24228940535104423,0.2576915808686105,0.25676460475464513,,0.2529109553088964,0.25195561579061493,0.2683679795657766,0.2751995057170527,0.26400171479620604,0.26156341562747387,0.26318695748685345,,,0.24868772582655407,,0.33220672548707925,,,,,,,0.2560921932500645,0.25357127473201785,,,0.25189002276816014,0.23793346756065778,0.24626510059644519,,,0.258213498986387,0.2494497939460772,0.24624950360720563,0.2472720205714067,0.2502926951091737,0.25041804980529647,,0.23859154477236025,0.24112862364020135,0.171043053841087,0.0,0.18598217021246788,0.2392858840422672,0.2363687385387055,0.29886562049245513,0.29585828610461207,0.27598732909889956,0.2706739989496875,0.30066650995232597,0.28645702935925366,0.27119825345609044,0.26926735007721286,0.2554900018442467,0.2631133240591867,0.26363988898630475,0.25532934928686707,0.24724049834524392,0.24344478490259588,0.24268610570697938,0.2468149214407938,0.24551494870118046,0.24560095551287364,0.25612847139722333,0.26121190871221756,,0.2581557385500768,0.2540136422409162,0.2602680995421195,0.25300406771295403,0.24796376118581548,0.25316655538791905,0.2575636184667874,0.2501904914664856,0.2500108888393849,0.25739540353054885,0.25691820439174917,0.25459605924016093,0.25824175070566485,0.2635217908493178,0.27869532473247605,,0.263849299314236,,,,,,,,,0.26041376477746975,0.2562252386027259,,,,,,,,,,,0.25881763747711634,0.2505422745760775,,,,,,,,,,,,0.2564517379787983,0.25217570263328715,,,0.2522558082725742,0.2564101262546536,0.264201391587717,0.2707069651715781,0.26686239327161687,0.2562152139262836,0.2707469473156224,0.26034500726557136,0.2515408886378238,0.26480981982242546,,,,,,,0.2701941253360835,0.2591667450803631,0.2502501343703706,0.24492573672899087,0.27192009672336964,0.27822110347780343,0.2768751251517145,0.2627572448177537,0.24829305272952457,0.254973948021328,0.2550252419861611,0.2612136093093245,0.3824245151650066,0.3576874845789433,0.2551879792274333,0.24878671811506278,0.26888519561928503,0.2612767624263887,0.27112677505494637,0.2538745757235088,0.2519741176821695,0.2560365724824401,0.27540735747463896,0.29053408628807653,0.28452338540300265,0.25984534409916693,0.2567202201159913,0.25784799788121754,0.2674269103109999,0.26665007748816694,0.25680648678485785,0.26720204488968274,0.30074233120299304,0.38871658163490386,0.3942089748854743,0.2674160949477463,0.27002820691431556,0.2747288218147212,0.2761488984595335,0.26268917372077183,0.28418490348084374,0.2733656104725139,0.260967257307876,0.268800888053164,0.26992319323408315,0.279174446143164,0.29872939121702263,0.2899625905012724,0.28389211127060515,0.2785880937871509,0.2673061412501931,0.27620931019942346,0.28076576263973246,0.27290237012467755,0.26322955934627407,0.26479115877028314,0.268861548760408,0.2691769676514772,0.27071409089405796,0.2765825463283556,,0.26300438768122975,0.2579570500750558,0.25823220601835467,0.2686331380673319,0.26765849054489804,0.27533710623779656,0.2805257430517179,0.26899778304578115,0.2621849851558518,0.26430402916997453,0.28101439044147836,0.2964571657986766,0.2622787783377711,0.28868021261053906,0.2858472662825059,0.2649805605508206,0.2620220970132875,0.2660578147897515,0.2622544625726455,0.267876190482645,0.2619588187451813,0.2557324085193513,0.25364871333974004,0.2620475428202407,0.262350379515717,0.270103137700207,0.26851080059213317,0.26946434423695925,0.2709529486421557,0.2589138270999479,0.27628038509754377,0.27171672237148575,0.2607809356111722,0.2784463730394479
62,,,,,,,,,,,,,,,,,,,0.24937477403172828,0.24965702200513684,0.24700216519988172,0.2473312230696479,0.2544399253682991,,0.2564756519297333,0.2558301108369871,0.26761060970130757,0.2763690191744803,0.2643789505762522,0.2576953090486489,0.2670388029353081,,,0.25161844555186075,,0.33338751475917644,,,,,,,0.25602723256017046,0.2541112718023959,,,0.24528189797809968,0.24863712712686178,0.2529700161582817,,,0.25661305208113433,0.24237233397831529,0.23921684550061126,0.24728619020556875,0.24940290137193266,0.24783615061108227,,0.2526261555163443,0.2516468305745914,0.25014697469004205,0.18598217021246788,0.0,0.17481639810016314,0.23409048252684866,0.3103473615457601,0.3140767631729368,0.28925951237529574,0.280437155887516,0.3085497451712882,0.29201634840742574,0.2732628297795145,0.26593045866631215,0.25285744071766203,0.26877418387352187,0.26141524087868157,0.251381835671923,0.2510526008478042,0.24747447846564033,0.24464802189022933,0.24679175266726405,0.24680148237789637,0.25128088706848717,0.2563871037679704,0.2585669461958322,,0.2673192135509623,0.2619585717251529,0.26223622582472583,0.25165048173874777,0.25191358875163705,0.2521396307372074,0.25193874620958373,0.2498055349588002,0.25124025217411994,0.2535573638655101,0.2628750739759191,0.2566513116236331,0.2567376630404621,0.26039947142611214,0.2805300710665546,,0.2556389941949454,,,,,,,,,0.26564324927729954,0.26310402537240357,,,,,,,,,,,0.2626158646174788,0.25256828667439907,,,,,,,,,,,,0.2607200588099083,0.2574392312263869,,,0.2550755373611368,0.2605000352951896,0.2613067404087635,0.2626355286381092,0.26241597056240795,0.26525432370538504,0.2902452861727308,0.2785636241720172,0.253060897556556,0.2659285330106496,,,,,,,0.2692947265746885,0.26172340955394696,0.2526297201815008,0.2445030687661564,0.2720833105190078,0.27888049264313736,0.2753914614880874,0.2581487303928504,0.2571195674168297,0.2612429801487785,0.2583211016343147,0.27296872060557914,0.39338126558881936,0.36833229573451315,0.2572267098319077,0.24909715922883868,0.2745899542208017,0.26271660512512185,0.2701353910486307,0.25666184270318126,0.25638821626736263,0.266091078051482,0.29084823938275123,0.3021471196647529,0.28921089771446384,0.2586800142494304,0.2537685243166874,0.25851584152054025,0.26629621286156063,0.26968810867200654,0.25604801028052826,0.25874446158922076,0.30493702464809624,0.39376930570548213,0.39626589204768664,0.2740352989496329,0.27311790668663305,0.2790786389742761,0.26847656299058875,0.2620953967903971,0.29074736168852844,0.2786392533158302,0.2613310515944062,0.2680835146416377,0.2650957210237428,0.2773587399626397,0.298773508838446,0.28633322390616767,0.2832686286946129,0.28122032901642047,0.27277791444036403,0.27590709048356055,0.2825541275213,0.27170521551474414,0.26085122227291146,0.2686805491478736,0.27472436562299013,0.2721939977743599,0.26976613356630946,0.27492029343063357,,0.2652606802258163,0.2586555531410198,0.259122107664204,0.26704762672203536,0.26551035276469975,0.27515342962650596,0.2806759110685557,0.26642992950745864,0.26450578122341883,0.27353269958245485,0.2855097228511464,0.292066585789378,0.26952146603748345,0.2941205825496458,0.28548257799409604,0.26661011080082814,0.26513456010467135,0.2721657470827099,0.26815463358598424,0.2684678667196099,0.2656474599157807,0.26083309504812474,0.26025937184118353,0.2643375650376337,0.26014755632696207,0.26442230057641425,0.2709228762828794,0.27339552341580636,0.279797625743155,0.27200255262887696,0.2836762553109531,0.27831745305344585,0.2673602952385423,0.27866220514549717
63,,,,,,,,,,,,,,,,,,,0.24664946149024508,0.24894067689627694,0.24649024548698736,0.2453842241621899,0.24405669081789247,,0.25519600885918514,0.2586458862993322,0.27228702119426607,0.28333357303459344,0.25636739345715465,0.2486993516383507,0.2686312639384793,,,0.2475033969586301,,0.3055359641570165,,,,,,,0.25697431281051164,0.2610485944747197,,,0.25048411368820506,0.24231296739073405,0.23843386695208457,,,0.2717817379556339,0.2548270628701484,0.24699957327208838,0.2517722796300752,0.23955436865313995,0.23319597368848655,,0.244197200569241,0.2445266410824819,0.23975575227930962,0.2392858840422672,0.17481639810016314,0.0,0.1554065647819376,0.2726398590117925,0.276816092036323,0.2614905387006642,0.25788472581699984,0.27653060844911054,0.25705502199871477,0.24740309131417876,0.2431127315210774,0.2358589651108556,0.24853002992673326,0.25347302175980907,0.25152371317179156,0.2463286050385573,0.24089262336060563,0.24469462710834727,0.23645642083101537,0.23622739019989125,0.23970711815943072,0.23770956334333115,0.24995608909479003,,0.24469189216590737,0.2526225986939761,0.2580596837095087,0.2407127630475133,0.24362317776994408,0.2581999658439888,0.2578587893974317,0.2390771599309799,0.24132438585747196,0.2518128514194694,0.2606667460726626,0.25721079702407956,0.2591563882149516,0.2700942625232388,0.2943022894022559,,0.26946956205554723,,,,,,,,,0.2442766180358564,0.24226951109036496,,,,,,,,,,,0.267872784289469,0.24883992142691064,,,,,,,,,,,,0.26292862314003185,0.25556006828776795,,,0.25935362341094015,0.2611455022272944,0.25853827336891094,0.2694718464700326,0.26482963388524217,0.25438588299194614,0.2715019995754732,0.26420189112476083,0.26028192129481725,0.2735890417171726,,,,,,,0.27695755512239373,0.2608517218209466,0.25138636769581646,0.2463416982723279,0.2582560366261414,0.26381739870424314,0.27188366120959845,0.25314477839670296,0.24894707860794266,0.25313988645724217,0.2547598849392551,0.25667386961385064,0.3556854683940212,0.33180292972324116,0.24151412171571843,0.2408726888367488,0.2786986411824918,0.26545863935421943,0.27246429170044545,0.2573680678838113,0.2542799229086095,0.24863353876554847,0.2627372350471917,0.2672587161945128,0.2648910608093492,0.25296806765359575,0.2504397321992536,0.2496978841484592,0.25994123013404585,0.26415678010836613,0.25647455892782645,0.26475493040522324,0.2874361463326744,0.3676581526477281,0.36910218867666084,0.2592017659293838,0.2754090081689799,0.2815644729139752,0.2699143367580048,0.25643890463684765,0.28689767311763814,0.2760783836372654,0.2544495467851298,0.26289365985820534,0.2669911165967573,0.28588710413515844,0.31587377755897844,0.30199528280283383,0.294426227598796,0.29318135677373564,0.27949305231019117,0.2810635651643048,0.28505527103266587,0.2724700629073088,0.26265822300882374,0.27451705214129035,0.286097273636853,0.26734577923145475,0.26410714377752514,0.28273092000628997,,0.27134607183586784,0.25761276948095363,0.25900793385742477,0.2683973223606639,0.2710005407438714,0.2849628797793377,0.2915059141352164,0.2677499418439892,0.2682397848438437,0.28139110093564595,0.29175643617305447,0.3007907832799317,0.27449217694194966,0.2728888464720082,0.2654264427286194,0.26709585251642415,0.261769274405099,0.26121798634213833,0.2614926112860466,0.2738499805395913,0.25636226199912937,0.25353152065922724,0.2547988845729606,0.2569321086394011,0.2631791666178907,0.27108110693279597,0.2716530099684559,0.27805209438888023,0.2885162921394461,0.2765539732559094,0.27259016460257607,0.26133999128084273,0.2587378137841778,0.2781341692891017
64,,,,,,,,,,,,,,,,,,,0.2520311360809504,0.24899672473817397,0.24757328101667592,0.2566254838051199,0.2542739971425583,,0.26080677715956135,0.25828032031207054,0.2736384085844044,0.2835984023705009,0.2600886044744575,0.252217334307381,0.2679265573839871,,,0.24621840481083576,,0.3254112510382653,,,,,,,0.25618178409109527,0.2595005259826642,,,0.25212545201011627,0.2436137298423938,0.24530258666313226,,,0.26917390080097425,0.2545189109138816,0.24875249317165668,0.25083909127940934,0.24219575882497382,0.23947652838832403,,0.24688605559118085,0.2448863999918937,0.23775493366349673,0.2363687385387055,0.23409048252684866,0.1554065647819376,0.0,0.26492563823836773,0.28903491720332525,0.27445360024237725,0.26455648819594896,0.2834888978575148,0.2685813521354186,0.26185426329982237,0.2569061694900235,0.2489876998852409,0.2625172210868592,0.2648334844933675,0.2586828162227628,0.25341720691948216,0.24618227752279395,0.2492341238956547,0.2378143008184727,0.24270680954982363,0.24826685294341774,0.2491314979537226,0.25670042516985486,,0.2515658230213882,0.2571328507917907,0.26017399043792905,0.2473011123512968,0.24782100161923565,0.25463749012489867,0.25322995380781527,0.2449556989370092,0.2491246907877739,0.2534998087814897,0.25900423112196763,0.2591156806002653,0.2601635438984504,0.26651055566290377,0.28691400753329477,,0.269731057625654,,,,,,,,,0.24941149925836606,0.2507145807001654,,,,,,,,,,,0.25966630876327984,0.24975312961266957,,,,,,,,,,,,0.2622773595431956,0.2559649574803218,,,0.2586855085010902,0.2617794487246728,0.25728988720537554,0.2664356436953939,0.2631173026792032,0.2516788114969633,0.2705551433284732,0.26128472414890275,0.2573338575830103,0.2671919703169899,,,,,,,0.2754177981981979,0.26307664010019827,0.24953633623036864,0.24627078404296093,0.2698451477607771,0.2738766673813226,0.2693625078676385,0.2508972803757431,0.25131202876235176,0.25656653154634873,0.25358808123693977,0.25840183059313593,0.36408760259189293,0.33968274462598996,0.2537834826875569,0.24410724885964216,0.270100622021527,0.25814299360846255,0.2706731187593522,0.2584319464397195,0.253692186871227,0.25646005950131867,0.2663748605996079,0.27193194620730093,0.26785695666104764,0.2550528954168988,0.24915401322725556,0.2470505219243376,0.25882054305107194,0.26350576875501336,0.25656749293991876,0.2617433663383374,0.2941097418937852,0.37053111299798364,0.3726027705224065,0.26167378054932283,0.27310937354403914,0.2769632185645461,0.26970085535537486,0.25802740318497014,0.2785440931244464,0.2699256128917281,0.25662255024797975,0.2581142149375326,0.26451343293257373,0.2814839320679448,0.3054563624735843,0.29496720810597926,0.2852553530231316,0.2853305087758434,0.26953708834482865,0.2747894068330602,0.2783974648914844,0.2693914258848289,0.25950846246359377,0.2644086968247687,0.2739824480801258,0.26423930320181643,0.26616626835208934,0.2769441871148347,,0.266280781512478,0.25632945635274257,0.2557500422249484,0.26513218503809177,0.26457069537102207,0.27884471267118116,0.28583660277361206,0.26769471162803826,0.26575088771217975,0.27714795020080096,0.2862121063873371,0.2965629421933179,0.26519060269826816,0.28378130513520555,0.2748238627847601,0.26162907963331206,0.26139061648690937,0.2605765011814166,0.2590079815575602,0.2686518359769651,0.2585624842233603,0.254877773435232,0.25961139199504596,0.2656280216890625,0.25955925972260957,0.268186536183117,0.2663639602562032,0.27135191078979964,0.28034385124647404,0.268240699815496,0.2660547158085479,0.25793524539601126,0.2560599212326371,0.2725702932953768
65,,,,,,,,,,,,,,,,,,,0.30014385152401735,0.3043519585326393,0.2971521960506126,0.3058987850594524,0.28366427889289747,,0.2824493209108942,0.3207464688226266,0.3509264920164577,0.3447743140835256,0.31421895919211057,0.31218564622310824,0.33961539559048964,,,0.29119264869113937,,0.2515320207924468,,,,,,,0.3132368735437803,0.33071169411547946,,,0.3328233332188274,0.30871644830112505,0.27748496138613243,,,0.3524244240273735,0.32963950447429013,0.3228486935274598,0.32827289376920604,0.27798768388246586,0.2617695862402359,,0.2769650741760542,0.2893880995853611,0.2874900060030976,0.29886562049245513,0.3103473615457601,0.2726398590117925,0.26492563823836773,0.0,0.1617063972378454,0.2530484585877112,0.24505899621400526,0.23819611930309448,0.23075585865028722,0.2502269990017949,0.2577699969978441,0.2732162654616906,0.26270121879136,0.2993797597871233,0.3274981559964236,0.31748509688849513,0.3093840818371889,0.31573705057544177,0.2896794646215213,0.28476411797766044,0.27992457440179075,0.27708523107912064,0.288223573575641,,0.26760985182769836,0.29937440428480566,0.3252644777235316,0.28971565647098096,0.28410385875899435,0.33029442196528247,0.33891193194421615,0.28375009624165626,0.2905783591128458,0.3302469878493033,0.33853714997675294,0.3356102877432694,0.3404973057162284,0.35958401123788775,0.3864309021289891,,0.34727843720186685,,,,,,,,,0.28562270469677814,0.27024716726254394,,,,,,,,,,,0.33870353867098574,0.31270544068599926,,,,,,,,,,,,0.32593650625371673,0.3067542936641343,,,0.33086569209834954,0.3283347618717401,0.31879219297984074,0.3445485232815527,0.3258251816822378,0.28212226342780233,0.25148140004378444,0.26022679464691595,0.3324994651420911,0.35460866654460127,,,,,,,0.3627018398706069,0.32002286494363175,0.3130224115301988,0.3055693290223927,0.27746495639714974,0.29993725595911,0.3533879788169452,0.3271408166416157,0.28337249682363364,0.2851108540027419,0.3204423765344011,0.26630271149041623,0.27144909977995035,0.2577184192454322,0.26563268022786807,0.27815361514170367,0.35597680164188006,0.3432172551625097,0.352028215264333,0.32181476602325604,0.31209250246194487,0.2776314202528823,0.25539725177450395,0.23178632583095982,0.24954486631079448,0.3008530437193965,0.3198608813601225,0.3154239395752944,0.32448961327351483,0.33272021420355646,0.3298412238286385,0.3508284727408531,0.26394019139594377,0.3002183303100443,0.3090489287650525,0.29269931977144226,0.34526354559811884,0.35687069421918544,0.3486138169836941,0.3320203425186926,0.3560141755177142,0.3428541403091509,0.3202562013977631,0.32414672975669057,0.3486003312814439,0.37526846019917004,0.41392921761025336,0.39255815311333336,0.3774869421460006,0.38179363069262817,0.3623288244529549,0.3615449423379738,0.3655967448360281,0.3575313603794703,0.3451806126074502,0.3407310303300467,0.360249349284413,0.3264595760260285,0.3248929547507984,0.3740777114327848,,0.34248982585840726,0.314726666200569,0.3241247071925984,0.34467546047512154,0.3496543699285067,0.3677798091321287,0.3730285360668725,0.3496303596130513,0.3498178091114784,0.35701475287239026,0.3738740627794604,0.3890388731193817,0.3519872806463261,0.2430878077950011,0.24161100423284343,0.32572628291169814,0.3236011674379849,0.33143010780085014,0.3362702740854881,0.35883695729837506,0.3426308103144243,0.3338391936189047,0.3049995361513708,0.31472417123281665,0.34035410987659026,0.35655256733107715,0.3359314831519206,0.34709849267857346,0.37408948914542356,0.35670124620731625,0.2931860475785156,0.2614398147276327,0.2975169373988167,0.3492671702912995
66,,,,,,,,,,,,,,,,,,,0.29788376711290243,0.3044798435958849,0.29511013631585237,0.30563371700948516,0.28302062725361693,,0.27148616603830933,0.32893211335767675,0.3619808934674277,0.34393823466183865,0.30446177174471867,0.3124575684720342,0.34793419139245935,,,0.28181202225525664,,0.22657109871055767,,,,,,,0.3077577758195703,0.3248394734084138,,,0.3333378438324517,0.2934871209667401,0.25049464781232195,,,0.3584453037162814,0.33723967903413743,0.3330911183052788,0.33137080185879314,0.27621671468710784,0.2636780224771708,,0.27681246218818656,0.28414359879706097,0.2859272929748025,0.29585828610461207,0.3140767631729368,0.276816092036323,0.28903491720332525,0.1617063972378454,0.0,0.14940254740800035,0.23413770891978097,0.22775646145315098,0.21869559174809977,0.23206965520656425,0.2395919866964323,0.2622746681213159,0.2518787960037156,0.29390187330606354,0.33167105805576697,0.32073089718983844,0.30786215834048636,0.3123091336114706,0.29419930310944276,0.2843184050008829,0.2648212637886772,0.25594272990188244,0.2738364725115872,,0.25805228434955185,0.2927614880524936,0.3249223247390882,0.2830472420900914,0.2741783617710999,0.3311379889577107,0.3437442812576802,0.28299621603165176,0.2897858933913843,0.33036323698119785,0.34209755050908625,0.34295256303579075,0.34199650015535704,0.3658953550319134,0.39530226960711284,,0.3554955324453604,,,,,,,,,0.282031446917398,0.2612014251445436,,,,,,,,,,,0.3391769054282447,0.3134824004612878,,,,,,,,,,,,0.33089755254239184,0.3024502445527418,,,0.33480068658184975,0.3362905039699577,0.3314672614771138,0.35603666354455216,0.3335232462399046,0.2818193577374986,0.24745890185666247,0.26196328971017124,0.3424349276273066,0.36554728753396054,,,,,,,0.36941017651951874,0.3272335007431514,0.3166569714876969,0.30559966277782297,0.2772228651271465,0.30625998261211085,0.3617436319930973,0.33204139137286137,0.28291234444741403,0.2865342681093058,0.33000984700512437,0.2622931588876208,0.24488484031285854,0.24242374485006504,0.2672119014110305,0.28229527268368343,0.3629409832784076,0.35052038907973293,0.36543259249651205,0.3330420958642981,0.32240630772669837,0.2808011335312735,0.25137334525682103,0.23227395512124516,0.25179453895269055,0.3065371087223303,0.3255076046533834,0.32501990152577603,0.33555346234615696,0.3385345848028023,0.3331815495369053,0.360404230797621,0.25782768739844203,0.28462882889308183,0.29075238214209864,0.28814066394391413,0.3524601859278406,0.36591678727389526,0.35934790159223595,0.3441260156576455,0.3623114755640306,0.3491211552985038,0.3314519010648307,0.3375714687936429,0.36183360914209545,0.3886313140472979,0.4262980434875623,0.405811949059669,0.3898962157537147,0.3919702468905554,0.37331558058007575,0.37105460753567115,0.37556315536204166,0.36754520943842406,0.3560920999834534,0.3462556815521403,0.36680268747950157,0.33057646675859786,0.32571834762613183,0.38134023837561604,,0.35133476100021604,0.31858291465052485,0.32619817720457805,0.3542030203293141,0.36166662660719034,0.3763782231705083,0.3814598317724895,0.35948860467189514,0.3592304443908176,0.36554417564368735,0.38463948816454785,0.4025892822958269,0.36302113717196133,0.24267429737857626,0.2419053068167409,0.3348251267280627,0.32859229689684455,0.33510918430317527,0.34478382304972016,0.36505640074411366,0.3493130527568085,0.3424879885525098,0.3062448220776418,0.3138821604264234,0.3496300224926043,0.36721216757273295,0.3442391578537723,0.35316218999156296,0.38440682851842195,0.36815539448012347,0.30612440929402673,0.264690993792873,0.2942051421557463,0.35527652551409306
67,,,,,,,,,,,,,,,,,,,0.27703336005940044,0.28517091001102096,0.27629502747515106,0.28567142495502607,0.26692221728290955,,0.2573303682649344,0.3129396792195817,0.34609093452143586,0.33092927488222934,0.28636931060223103,0.28916727358404926,0.3265276639495163,,,0.27080710498116295,,0.23973617764484723,,,,,,,0.28227015158049085,0.3027764576183796,,,0.3085388222014245,0.27074566222858026,0.227570330914229,,,0.33630655452001895,0.3164743202039895,0.31163806927481985,0.3131781744411681,0.2728318553759933,0.2573201378000929,,0.2645975273485796,0.27194529601890693,0.27012135915209384,0.27598732909889956,0.28925951237529574,0.2614905387006642,0.27445360024237725,0.2530484585877112,0.14940254740800035,0.0,0.17993547026635068,0.22956620161222033,0.2249304000084347,0.2198979661517611,0.22343647462689387,0.2420399423035296,0.2312907202885347,0.2734466525089189,0.30953705462139197,0.3016662347023888,0.28427492394985726,0.28678740160669697,0.2741486331490926,0.26274733763219527,0.240886502330913,0.22285417253900994,0.24094131129193463,,0.23723939563678206,0.2687134547154251,0.30550207099896803,0.2594293813456494,0.24575900306230228,0.30371713653405524,0.31797960474830117,0.2625043762181845,0.27023521455497734,0.3092956373367261,0.3196188151066949,0.31998622989129105,0.31914210167266893,0.34059327034578324,0.37152419232340417,,0.32796363312451043,,,,,,,,,0.2645258494300069,0.24072354239760457,,,,,,,,,,,0.31948636318956,0.29119476905348823,,,,,,,,,,,,0.31231702639910647,0.28483170879711806,,,0.31121591180529473,0.31553589218377187,0.31339044975436403,0.33697457723136587,0.31746413729469697,0.2714446353240678,0.24623506910451542,0.26081905375036735,0.32259989407557355,0.34844865044399376,,,,,,,0.34215020912202077,0.30777143171981575,0.30168975956955313,0.28291627385467805,0.25779688443632104,0.2895808099345488,0.33507623045303464,0.312137871831745,0.2676220054391023,0.2716796689778317,0.31036167981109725,0.25124560443340177,0.26853386101479654,0.2665306906822286,0.24943282391870095,0.26536739998264547,0.3430763900311345,0.3303110091183161,0.3381748072649972,0.31277050454009786,0.30918075860599076,0.27093578088954606,0.2518995017846518,0.2430659363349204,0.249229936170292,0.28732915220306043,0.3052556107475379,0.31144217525330675,0.321264004600272,0.3207535424154605,0.3175165666349228,0.3426002624220227,0.25960428042919165,0.31054214374685374,0.3156028941663851,0.2783192249047456,0.3305524308007185,0.34460178675544684,0.33886025997192953,0.3253472033503253,0.3452362158240224,0.3275872980590987,0.3117825637089228,0.32324653223538946,0.3407916842755539,0.36640665957157753,0.40100408452769,0.3865833844254306,0.37154079053461697,0.36685102299130967,0.3509354361029184,0.3494840765090042,0.35326391537488344,0.3472876627134931,0.33638310912977,0.3234104960604766,0.3417692184103892,0.3143172501812167,0.30886808520727943,0.3559108855569695,,0.3322799742089708,0.30090420082704145,0.30790998306716133,0.33642443132948907,0.34131330920420383,0.3579005676045702,0.3633584767102677,0.3398846626317313,0.3369541501718135,0.34342060649287803,0.3642899748058761,0.3820036518622462,0.34605134125390435,0.2562944906313183,0.2542879101863291,0.32144263840788984,0.3127310398220592,0.3133702656294078,0.3208524211433482,0.3400812666350369,0.32282536432796116,0.3187088366192209,0.28825440235451505,0.287718710127241,0.32939291465083453,0.34752421834406544,0.33060430849408606,0.33719971464809645,0.3612405876378196,0.34626630649626416,0.3037443638453223,0.26706586429732976,0.29199067036703824,0.3433471587213874
68,,,,,,,,,,,,,,,,,,,0.27441682504703147,0.27799021735253954,0.26892007290566583,0.28012973904186883,0.2631044105165988,,0.2462207034582027,0.3008720579161199,0.3339176681191957,0.3270074833766321,0.2841737797450771,0.2740806372433216,0.3153946247407507,,,0.2636228527011659,,0.22572540046410156,,,,,,,0.2706322746900311,0.29490059265388374,,,0.30281385091295693,0.27283910688178253,0.22874309867623988,,,0.32747415168056676,0.30287503109035374,0.2943726953510424,0.30268600837802134,0.269085864942495,0.25106447011621597,,0.2551068598993909,0.26745432869990926,0.2623911723562162,0.2706739989496875,0.280437155887516,0.25788472581699984,0.26455648819594896,0.24505899621400526,0.23413770891978097,0.17993547026635068,0.0,0.15647159040982517,0.21112793185926662,0.21041658608963087,0.2141718208713302,0.2375745167574638,0.22176321598636572,0.2631027580844139,0.29583874825429374,0.295383698587542,0.2801663493870088,0.2857695213835001,0.2606773948119772,0.25477743706258926,0.237211026819314,0.22016877493834636,0.2306088931298044,,0.2308900301914909,0.261297834711901,0.2910272006515765,0.24415256097723909,0.2384395372150245,0.2918271762347505,0.3068526480631896,0.2453466409123371,0.2553002609226385,0.3034041342153897,0.3153439289589092,0.3088925377003319,0.30372299159099725,0.32380651556343515,0.3605628560180401,,0.3179271013840377,,,,,,,,,0.2533188436622553,0.22607417034095706,,,,,,,,,,,0.31835808443461744,0.2861591400963411,,,,,,,,,,,,0.2937680910332325,0.27591304180280685,,,0.2986493198724232,0.3016299570463515,0.2911462831052869,0.3210583245259999,0.3044736406043538,0.248831938163296,0.2261330546875798,0.24262219795393422,0.3065528900562471,0.3433307618577568,,,,,,,0.33341608996744254,0.29793659097417696,0.29415938029818794,0.2764147072190121,0.24843307466981734,0.2767308082145571,0.32354334075510055,0.3001005464706634,0.25244972717157504,0.26005444650322573,0.2956361411480708,0.2302536874332375,0.25112862696245003,0.24120786386343135,0.21844417975132474,0.2438761902757154,0.33258724035319803,0.31525372385456857,0.32166672844762306,0.2939314021955119,0.29267066834652267,0.25158225682389723,0.24044671012198804,0.22620033407328835,0.2257656413682628,0.26849398718097345,0.2938582917003734,0.2983866743093448,0.30850628903617633,0.3096603466569609,0.3029177104733089,0.3283390879822834,0.25442795171132654,0.3105490123133629,0.31342201747724646,0.263787283140773,0.319452816454582,0.33367342067025263,0.3288743411218809,0.3115673562822826,0.32966969864927553,0.3180030759416003,0.29886893602218473,0.3051038119273774,0.3263138077969012,0.3536410048672593,0.385415051970894,0.37482071110324744,0.3584671214568983,0.3563187525745166,0.34131856552597784,0.34147098036374224,0.34371782547751756,0.33669614267533937,0.3218345540352725,0.31337990749882216,0.33327113108535833,0.2993068393963778,0.29664955678783694,0.3443091676290716,,0.32308639251518984,0.2922310668751382,0.3027827908985037,0.3223174334302392,0.3281268842501922,0.3491391002626724,0.3563207700689466,0.32208699308489935,0.31606808082902893,0.33001850884576994,0.3547287040588043,0.37149741220680216,0.33017579586059315,0.24243803194341793,0.2520196570125696,0.3117386952513292,0.29958526215464276,0.29992271922011765,0.30628621075146156,0.33159579820829144,0.3180221200414809,0.3106544598876181,0.28443949194563956,0.28488649420424966,0.31699987814639474,0.3368728546750927,0.3166061182773157,0.32508395349544117,0.35034875460357867,0.3323522003359727,0.2923709623897432,0.25251038846605556,0.27749180165195925,0.32717472681794535
69,,,,,,,,,,,,,,,,,,,0.2998871388709898,0.29749607227074654,0.2959069594057497,0.317784044794159,0.29187257957354285,,0.26765313482720204,0.3238920766192768,0.35617142584412054,0.3478015437652283,0.30542961424562765,0.2987793072541237,0.34649749017966885,,,0.28206118336688263,,0.2190304843440352,,,,,,,0.2958144027802298,0.31950918148296314,,,0.3298659102467819,0.29660724938539074,0.2527622694067973,,,0.35917286550594424,0.32943920362411605,0.3270888100470109,0.3313263201685683,0.28085869459919266,0.2561355627049928,,0.27930979341942636,0.28403977186514645,0.2828397820344632,0.30066650995232597,0.3085497451712882,0.27653060844911054,0.2834888978575148,0.23819611930309448,0.22775646145315098,0.22956620161222033,0.15647159040982517,0.0,0.13979393549528063,0.21669226182558027,0.2250804413942727,0.26021206526212526,0.24889325351169336,0.3008611762636042,0.33191806399849755,0.3171845122494212,0.3018608896038195,0.30802951000821294,0.2792714273756108,0.2774782697559843,0.260061399488532,0.2407122624766517,0.25557692045980557,,0.24667452121461644,0.2835024851605885,0.31356834357041286,0.27227197640761147,0.26294101016083316,0.3165440297863807,0.33226385652200685,0.2664026721807597,0.27489339769119037,0.3264131138242856,0.33578051835404615,0.3330975580701314,0.3328609436521482,0.3549938986036911,0.38811913011455623,,0.34655502535553206,,,,,,,,,0.2740132551968936,0.24811363534704567,,,,,,,,,,,0.34126888887904433,0.3102257654111368,,,,,,,,,,,,0.317794948270185,0.2974246277456222,,,0.32449527836016234,0.3263290618957322,0.3205782189406396,0.3534844036841652,0.3304263975424409,0.26522070033819084,0.2264046545674599,0.24537836631570406,0.3324542716746963,0.3671173310795897,,,,,,,0.3659364731982812,0.32658080564755076,0.3186649544557764,0.30412798208134545,0.27113042275528815,0.29949718325114977,0.3548850693899597,0.32725565193238926,0.27434665646314654,0.2757934714598988,0.32334669134649924,0.24469573279386314,0.22420130619117515,0.2183610254949666,0.24110866447515664,0.26182277500561507,0.3570884710733842,0.3389127689126034,0.3517122638497229,0.32374815221160796,0.319828106068743,0.27111133279110006,0.2524150598453502,0.22811631774666957,0.23111649365836684,0.2916975246932139,0.318065342555035,0.3259242674968994,0.3340122803282524,0.33562488047352923,0.32476797308205024,0.3509163351762953,0.26134516144876774,0.2969017508551722,0.2989127399116994,0.27968074943010285,0.3476602463794094,0.36459595491212804,0.36036825702109637,0.3424525909806439,0.3592793052575314,0.34628218635396973,0.3278645299189846,0.33272796822522493,0.3515657281032747,0.3806120369509691,0.41562056961015426,0.39868781916270124,0.3830980254623993,0.3867731888829121,0.3696928925169753,0.3667410821124116,0.3673439158302149,0.35657316821849205,0.3436798381776714,0.33326570259452853,0.359315219196347,0.324203637412678,0.31984282004200615,0.37458758250531626,,0.34690193693072946,0.30593048170021003,0.32381202184010116,0.343501041633191,0.3474746242891809,0.37285193640006575,0.3822299903115543,0.3501058416493307,0.34430258334193337,0.3557314662452323,0.3796089653411239,0.39752298624675686,0.3554715451782831,0.23674422560953448,0.24834945567723485,0.3317057059332256,0.31528596727699554,0.3163032104936157,0.32946521114418625,0.3592815306393622,0.3408192546737851,0.3332809147470591,0.31032035983353384,0.31567147434890547,0.33899998200489173,0.3572231753327353,0.33427346026592203,0.34264499924881786,0.37765462980175735,0.36159116869889035,0.297135553285712,0.2522262886213655,0.2881140660275995,0.3458468783856569
70,,,,,,,,,,,,,,,,,,,0.2898891364687527,0.284736081971555,0.28309587259782276,0.3012686184051386,0.2735983751296527,,0.26416794696440227,0.3096856321459574,0.33751473762841844,0.3305353836355611,0.29853625314375687,0.29109598878928195,0.3263462547558542,,,0.27265703922692514,,0.2294471878807086,,,,,,,0.28903143363577366,0.30738014763018057,,,0.31653525266469,0.2826601751854043,0.24664480409276937,,,0.3441897760478797,0.3187373656826849,0.3156610573847364,0.3123342810043213,0.26206144493985534,0.24673296161079974,,0.26736747055152604,0.2712980655492944,0.2718321721954885,0.28645702935925366,0.29201634840742574,0.25705502199871477,0.2685813521354186,0.23075585865028722,0.21869559174809977,0.2249304000084347,0.21112793185926662,0.13979393549528063,0.0,0.15596796885318567,0.21452279290512455,0.2513276978691455,0.2407592757376376,0.289504062030482,0.3157609853030827,0.30248262709642465,0.2834480013563252,0.28559666421890645,0.25946773313421756,0.2606699931108203,0.2505516120994518,0.2353286221987576,0.25303671240691566,,0.24476553327800543,0.27136357540760675,0.29838823506522744,0.2608984341838075,0.25831109611490105,0.30440237323751773,0.3162249516687604,0.2541580374650766,0.26057530819618985,0.3107381298361585,0.31860362914626134,0.3153978498816232,0.3190474589013703,0.3420592786652628,0.3717546585046835,,0.32944537541130997,,,,,,,,,0.2684766583048862,0.24538494271236316,,,,,,,,,,,0.3255858466380403,0.2953559645186913,,,,,,,,,,,,0.30796735247062745,0.29335591613441503,,,0.3168325884581351,0.31575320442578586,0.3123340782021393,0.33990035435631405,0.3209197985212773,0.2626083441753901,0.23114871893204716,0.24841350276454,0.32329183138196144,0.3489174479848187,,,,,,,0.3485078297861392,0.3088663479401013,0.306064637275386,0.2945079336566843,0.2632457633914114,0.2913217683925254,0.3458780883933986,0.31998442656298043,0.271018967939021,0.2689951755597204,0.3125823610789415,0.25020659651069627,0.24444128545961474,0.2367558268004416,0.24180885705985455,0.2579623066075763,0.339633249823585,0.3230862963792111,0.3386629052984277,0.3143102068892049,0.30865876150696314,0.2645239715874234,0.24604415986612768,0.22682585011164372,0.2320669814165134,0.284205357891852,0.3043750069980178,0.30778568393163047,0.3145656444076409,0.31765395183174305,0.31793455062298837,0.3397644413790511,0.2612806861584118,0.3099390554896037,0.315167305813208,0.275019392995295,0.3328465237031194,0.34673235056299667,0.34418510933416524,0.32482889881630894,0.34668680273574004,0.3320121216563015,0.31616622338336353,0.3225062735267842,0.3383050995410664,0.36431730582883864,0.40182318180375864,0.38149410322771476,0.3683912934556085,0.3708905039093281,0.35174991924221705,0.3526772131957092,0.3494533030948539,0.3364973972733914,0.327071451448379,0.3223159949055241,0.3441008721470168,0.30944186181277006,0.30732002959303323,0.3571193775379839,,0.3314056742666861,0.296651827277234,0.31356205622474476,0.3303048933728184,0.33223636824109154,0.35641127614676216,0.3606229046029433,0.3334873934905444,0.33451957593711673,0.33996946632559893,0.3627857511840362,0.37928082519850737,0.3399222319622157,0.22275690398093737,0.22904318037901678,0.31791256990648553,0.3030544618175488,0.3011072732355079,0.3142760176951193,0.34134209127893056,0.3221133210339512,0.3137904970514754,0.29378829650315574,0.2996671740520544,0.32475075625705924,0.3402955755473699,0.3172882383450327,0.32539816304449715,0.36185513736905156,0.34540101618146457,0.2779967972647373,0.2368049286868563,0.2793148525085861,0.3357535045045422
71,,,,,,,,,,,,,,,,,,,0.2766896488846686,0.27194061763021,0.2622321026207086,0.27546924129941924,0.2583922082788376,,0.2571137348853313,0.29090671812683105,0.3191661496296959,0.31526922207321434,0.28446646302748047,0.27432237779510177,0.3016669209791203,,,0.2661921856366915,,0.24499466319957264,,,,,,,0.2782693932792185,0.29003982029030356,,,0.30203295093587046,0.2715527200606214,0.23792691707848235,,,0.3171031624235313,0.29747934983850216,0.2967612787507533,0.29448454389835405,0.251671071093268,0.23698700971112235,,0.2507973744824519,0.25244375094497834,0.2597395390234968,0.27119825345609044,0.2732628297795145,0.24740309131417876,0.26185426329982237,0.2502269990017949,0.23206965520656425,0.2198979661517611,0.21041658608963087,0.21669226182558027,0.15596796885318567,0.0,0.13904684516335283,0.23565386176375336,0.22974827126822545,0.2635700248002301,0.2938907966061904,0.2829846600617198,0.2657674028815597,0.2688970271574794,0.25517558677316127,0.24619197037970658,0.23010884153862127,0.22277748996423868,0.23890936927537848,,0.2437973573393653,0.2660749037211373,0.2839225453730159,0.24419198586507726,0.24171383334192081,0.2826758194271497,0.29678092399815903,0.24057035164686708,0.24885365978136934,0.2913597086533967,0.2991073938092,0.2983241330747292,0.29547598138378967,0.3202985839568752,0.3510108683197928,,0.3117666369834634,,,,,,,,,0.25601728955918474,0.23896152871811094,,,,,,,,,,,0.30639700483000665,0.27659773398888193,,,,,,,,,,,,0.28928896252524716,0.2784333910624146,,,0.3003126389441592,0.2971619617475787,0.2901107419859771,0.313418987537851,0.3065995441963418,0.26174768027948075,0.24860552423048465,0.2571477884748695,0.3053417948195713,0.3278850437063177,,,,,,,0.31918914090362843,0.2843868785596279,0.28430686739263783,0.27341050489163726,0.2553458435171832,0.27331161124511616,0.3228455196994914,0.30094422579788577,0.2595375075989751,0.26006198731031893,0.2906977104650898,0.24691158154108792,0.28021312468614135,0.2712914571889112,0.2290121270880312,0.24454647644165237,0.32444744980579265,0.3041888741225075,0.31846023618996694,0.29708869648477443,0.29074489799470565,0.2536864442918867,0.25029850920507307,0.2425560237870161,0.239575743595676,0.2726140939072256,0.2862076062305561,0.2890959885981466,0.29901444155756507,0.300678434008725,0.3005077165013214,0.3220034955894404,0.2682294643913429,0.3317454114511083,0.33895982067412705,0.27082155717380935,0.3155574876030377,0.32919394535686364,0.3249706944160224,0.3095133063404631,0.32869841409021494,0.31208588583074026,0.29652020448019245,0.30559382948570574,0.3164226398915189,0.34221970623722797,0.37847045074374025,0.35983246132877056,0.34670851698646993,0.3502731158501372,0.3343558172608494,0.33468983840822725,0.33173429086307293,0.3238682591465323,0.3129608044905063,0.3053373076134391,0.3270162650337477,0.3065750792313232,0.30276817365165665,0.3377777225735828,,0.3098862009166644,0.2919335898561687,0.30231055272121427,0.3175927285464856,0.3202242693277509,0.34216828313905817,0.33919176108214205,0.3144562325467198,0.317828212326964,0.32149080851635997,0.3446411673990757,0.3600344316267896,0.3259603751460441,0.2538554591708083,0.24835681697734852,0.30318074350139607,0.2938285862206341,0.2923718813149223,0.2998945502363245,0.32212820763675254,0.3010093998928404,0.29397774691409545,0.28327080468521204,0.28589022212345555,0.31136534455686604,0.32646952366673554,0.3089217348750851,0.3133331928796381,0.3426642285955104,0.32719405892630604,0.28570177962169274,0.24897495069663325,0.27869033750444894,0.32400021381472033
72,,,,,,,,,,,,,,,,,,,0.27152205685875497,0.270018814705487,0.25497093400889925,0.2666051929241117,0.25254925253501204,,0.2458966021445233,0.2803738518889861,0.31086916956760025,0.3054694202028273,0.26949997829182226,0.26272232791319633,0.29761611862348875,,,0.25874907821421,,0.25233664102402437,,,,,,,0.27276964241678725,0.28579587837382076,,,0.2935456885097185,0.26833058521605846,0.23447171664090402,,,0.3079138108336016,0.2910722016482954,0.2867107782397626,0.2890428654438249,0.24663635743101736,0.23314574502087265,,0.2571873286779445,0.25389819305423234,0.26170074019309847,0.26926735007721286,0.26593045866631215,0.2431127315210774,0.2569061694900235,0.2577699969978441,0.2395919866964323,0.22343647462689387,0.2141718208713302,0.2250804413942727,0.21452279290512455,0.13904684516335283,0.0,0.1814435240624227,0.22975707268332923,0.25700385593197117,0.28050518836671295,0.2747433268668714,0.2612444033385638,0.2635123967558593,0.2525404388712618,0.24098080739593725,0.22198328247277435,0.22111852785779626,0.2361667376159353,,0.23333078393807755,0.2575619666957925,0.2745090553004097,0.242627677817545,0.24315447277370025,0.27510558619191255,0.2852691488811969,0.2384811841219614,0.24620055879185135,0.27836248791327356,0.2880723813283036,0.2893830864233832,0.28654385122065973,0.31042234961506265,0.3416321069280371,,0.30619661496925743,,,,,,,,,0.2552374564956448,0.23828616092350158,,,,,,,,,,,0.2987545282853137,0.26876848031064265,,,,,,,,,,,,0.2811901260825004,0.2684120238647311,,,0.2883385940861276,0.28961111306454856,0.2815841268003699,0.3022214580985434,0.29737979573507267,0.2574416027945441,0.24887785605638124,0.2535919986158359,0.2952643998123695,0.31896874677856957,,,,,,,0.3125550377235247,0.27746006433668063,0.27419145742639367,0.2627506893876532,0.24998809310450404,0.2669230245911181,0.3089602036471941,0.2886887461244478,0.25350038283327014,0.2519855092387441,0.28272818367429414,0.24560840279280896,0.29397199386661554,0.28194717953952547,0.22218549582822736,0.2392980201651154,0.31331948232001683,0.2919169461010272,0.3090861600908867,0.2889734234900926,0.2805163149661944,0.2534591237043469,0.2614695792173165,0.25218652898335464,0.24248971746166184,0.2647003555520652,0.2812965494801269,0.288140223343327,0.2969773913951996,0.2970616056646158,0.2906346870439608,0.3108611448405634,0.26422601821517094,0.3219820131899995,0.3296033364693038,0.2664418320650441,0.31082150853753276,0.3207529387369183,0.3172626571331379,0.30001245690909367,0.31934828555489875,0.3024662082297736,0.2855847757286607,0.29604385015641327,0.3050646579525608,0.33339698138038365,0.36583328637283125,0.35066141234625153,0.3358109689154981,0.337752286458791,0.3232090867941364,0.3219371105505406,0.32171327306500386,0.31375110237032333,0.3020639829480378,0.29413278582495167,0.318198841897716,0.30132591988668916,0.2955762152557877,0.32522809562181304,,0.29945544308038646,0.28441827577204964,0.289208028038331,0.30579114737794366,0.3140265461409249,0.33060889296116475,0.33178762709276993,0.3117600869131346,0.30949281381740384,0.3119531021314984,0.3314445926066536,0.34686140780472324,0.3163332568356559,0.2623783391537246,0.2532838312389486,0.29520577509051565,0.28974827883783894,0.28838475162741395,0.29175984634525376,0.31357641821741367,0.29145869908017535,0.28375431423787195,0.27655626615879386,0.28388773455728167,0.3049369508382783,0.3159793734664981,0.29781788889013777,0.3054621377923531,0.3337749623665051,0.31985842809849374,0.2848176561739807,0.2506889956166411,0.27392319049399194,0.3161140534899301
73,,,,,,,,,,,,,,,,,,,0.2472110268236178,0.25672315521694006,0.2503278914692937,0.25765730535968895,0.24221094144805932,,0.23745553399753425,0.26008347755407346,0.28626430756488586,0.28597489192884606,0.254826428855675,0.25491458015719637,0.28421192111891597,,,0.2532118891753144,,0.2859833429334874,,,,,,,0.24250178621148344,0.25753176037130737,,,0.2673735626349082,0.25760029781755833,0.2352633959032882,,,0.27636678429984823,0.26150771613783547,0.2593518852788927,0.26718580242044637,0.2443638894529004,0.23532439656849677,,0.24986075096051574,0.25001547635359994,0.24627307798017742,0.2554900018442467,0.25285744071766203,0.2358589651108556,0.2489876998852409,0.2732162654616906,0.2622746681213159,0.2420399423035296,0.2375745167574638,0.26021206526212526,0.2513276978691455,0.23565386176375336,0.1814435240624227,0.0,0.16882493067333113,0.2422819911169128,0.25718286988876315,0.2566147300115934,0.23588320188600437,0.2419858036466973,0.24362161091531778,0.2308412918917919,0.2244372472949147,0.2254699933236159,0.22730199132210147,,0.23602309729175797,0.23885234940788408,0.24880493409276794,0.22872115875572813,0.23671108106407787,0.2597985025361643,0.2680389113161789,0.24349413061283398,0.24288639729497483,0.25604797939468654,0.2680775654549045,0.26040727123846136,0.26012965468768406,0.2816504161635186,0.3141377495650923,,0.28017730672411206,,,,,,,,,0.23787476500756613,0.22808972344795028,,,,,,,,,,,0.2777783267237769,0.25380947727136166,,,,,,,,,,,,0.2637118710450362,0.24791574345479112,,,0.26199592400427557,0.2671577546820988,0.26333669384280683,0.2792288518418386,0.2691744505056413,0.24620457629357678,0.24569771132620144,0.24836452815574495,0.2674815027544466,0.28966734217013385,,,,,,,0.2873516153610501,0.25956062264915525,0.25458490797939903,0.24743150280400542,0.24480647106216702,0.2582715575108065,0.2754947870512659,0.2605251366272932,0.24933148061777755,0.252564365523589,0.2573944176197526,0.24315799944356495,0.34036408728157796,0.32049813904999036,0.23620192415005087,0.24460873841947314,0.28398663724702194,0.27240008540050475,0.28287858502715424,0.2607264687550185,0.25674719390846606,0.24868116991304814,0.25235269766580387,0.2578523830345261,0.2529027653815307,0.2467153316533132,0.2598766149080455,0.26427134878951486,0.26180290847095133,0.26444530320444054,0.26829552974201276,0.2855470225625526,0.26690868026779463,0.33939772662829804,0.34309814339091205,0.2461579369107354,0.2782376008050285,0.28883734310633236,0.2846530254363741,0.2715888174231162,0.2944062143995623,0.2784208252634762,0.2622173331456831,0.2724545265210796,0.2804279799226058,0.3026526120985973,0.33070100417965015,0.3185636070751796,0.3046332723746971,0.30634793794638177,0.290898875564327,0.29316469569437176,0.29388940780594086,0.2841390425893772,0.2798779377347549,0.2775135377345556,0.2910194834164613,0.27554789178307193,0.27104011769564695,0.2972209125058526,,0.27686356050388716,0.2659856632379626,0.26470311847362754,0.280955582511762,0.28658950975664693,0.29736582203284767,0.3053761907494201,0.2838272427889937,0.2783592378460662,0.2820372764123425,0.29995969278193274,0.3120013993721034,0.28680620895129183,0.27212716398982884,0.27118362840974825,0.27463274080138445,0.2793767018287375,0.28965471929875886,0.27928171843620836,0.28752921858145997,0.27378307139916275,0.26161825475367556,0.2560811299580542,0.2670906309786745,0.28456940612443804,0.2866762708116012,0.27410914976604034,0.28421796044063075,0.3031723488121104,0.2878779194706207,0.2801772452686791,0.26316136811405594,0.2666255397589421,0.28994606167851145
74,,,,,,,,,,,,,,,,,,,0.26391658872576573,0.27340319051875106,0.26169038561993563,0.2645927601854967,0.2533408247547283,,0.25403179174801577,0.2876905980681995,0.31303990068813525,0.30601584319152864,0.27110309116455467,0.269094488103387,0.2977379040894361,,,0.26706775787994375,,0.2636353602335913,,,,,,,0.25738813523998316,0.2770598913313659,,,0.29093063421813253,0.27330412816227956,0.23838639515342538,,,0.2935818902996644,0.2773793762072044,0.27885541499989525,0.28604865828187476,0.25932297034612334,0.2502076050563983,,0.24721525777383382,0.25590039158572553,0.25210121704345106,0.2631133240591867,0.26877418387352187,0.24853002992673326,0.2625172210868592,0.26270121879136,0.2518787960037156,0.2312907202885347,0.22176321598636572,0.24889325351169336,0.2407592757376376,0.22974827126822545,0.22975707268332923,0.16882493067333113,0.0,0.17614602595058224,0.28324711571413586,0.2789867338528805,0.25522733042287615,0.2613310109058989,0.2554953099217579,0.2432498389153865,0.2314548636498174,0.22917614669489528,0.23242186617403462,,0.239632592302997,0.2554397079858667,0.2717934710489764,0.23504964147556742,0.2419512250935292,0.2809386085686045,0.29159365241764384,0.24976833760744285,0.249012419098678,0.27960744695070533,0.29398884570080597,0.28754641122244745,0.28190918100319906,0.30415300409223045,0.34080776136001073,,0.3011785023094093,,,,,,,,,0.2530693517921915,0.2311880683035037,,,,,,,,,,,0.30071318374654893,0.26806689058123573,,,,,,,,,,,,0.2794497361497352,0.2609747808336425,,,0.2821372220458369,0.27995738030149714,0.27585440486214863,0.29626766835012924,0.2842692439745289,0.25102377496572126,0.23997790754582554,0.2534713258392677,0.2890938502802266,0.31357707820331104,,,,,,,0.30876703967836605,0.2752938339719566,0.271105830818776,0.26527980174301063,0.2381153465725661,0.25772103100118515,0.29877201903555456,0.27782593426877755,0.25358130679291424,0.258961047344211,0.2739473953281811,0.24681000122304472,0.3167083961513515,0.2994885991342147,0.2356922617109315,0.24458789715859494,0.30547199467629316,0.2972794379283425,0.30377502456015487,0.27294102193538283,0.2695654613555623,0.24881258268181744,0.24482385298284828,0.24217353630276828,0.24156330079097368,0.25916505470759194,0.2735268842477258,0.2772820875621571,0.2852103045476134,0.2882612751249357,0.2904349766299644,0.31278815910207747,0.26133300609934346,0.3251790816356074,0.3303948425487199,0.2552689772354664,0.2973527856993956,0.30490067786066094,0.302202484006104,0.2894161935138097,0.31394465046265907,0.2913429161810588,0.2743187142335178,0.28580912758918464,0.3019244968653474,0.32257941120457434,0.35317548806392135,0.3433381440729631,0.32948529802014614,0.32879892480962186,0.3152619617742469,0.3173418462455522,0.32191084502448614,0.3111000867493867,0.3022777027266678,0.29911341982157913,0.30804583146684195,0.2835499571095635,0.28420170650139226,0.32357389202860637,,0.29754367484881283,0.2796987648061675,0.2813530062652162,0.30232520845360084,0.3041787265219872,0.31905268503821527,0.32873765855864656,0.30355724092012076,0.2978470164249229,0.30240074092326324,0.3223671850910752,0.33772761234922133,0.3113165375836611,0.25990775572189184,0.2591839132712036,0.287842427859455,0.290427629527343,0.3034402161361795,0.29820369232270577,0.3095509125838079,0.29455136607119453,0.2835667718652942,0.26613871170259484,0.26999205287208883,0.2995762625135763,0.31688621469290695,0.30218215554814176,0.30971284116949105,0.3290915439594441,0.30584708563404694,0.29745914748565266,0.265929746249141,0.27109394952945554,0.30281955266919763
75,,,,,,,,,,,,,,,,,,,0.26758733772142596,0.27686620444788373,0.26775996311096323,0.25833905381012234,0.26181134315825405,,0.25998523594511647,0.28449712744509437,0.3054841524427899,0.2966347560324171,0.2718682663222717,0.2688667297394864,0.2850251635853542,,,0.26962119958130676,,0.31803556384208653,,,,,,,0.2683912677649202,0.2768613614948937,,,0.27821264399027273,0.2759105164364439,0.2541487389733874,,,0.2791026715850659,0.270363046953839,0.27065215832672423,0.281219410698188,0.27263969530712256,0.2586580401925566,,0.25411624442045505,0.26443903206790004,0.26399988554966625,0.26363988898630475,0.26141524087868157,0.25347302175980907,0.2648334844933675,0.2993797597871233,0.29390187330606354,0.2734466525089189,0.2631027580844139,0.3008611762636042,0.289504062030482,0.2635700248002301,0.25700385593197117,0.2422819911169128,0.17614602595058224,0.0,0.196828721334797,0.2712574445366302,0.2574384354897829,0.25881837498261356,0.26116509533794746,0.2517752588396392,0.24652785840386468,0.24995678288718795,0.25477520897558836,,0.2655615302301646,0.26270011713871727,0.2628778459435452,0.23919339674420825,0.26209879877690856,0.2768268826672976,0.2779802988120504,0.2589993881752928,0.2572841722354309,0.2715898853303314,0.2856580350933387,0.2802199941369018,0.26970675200704414,0.2800195433858828,0.31274752193748134,,0.2901961714128626,,,,,,,,,0.27705451687683386,0.26550664570350774,,,,,,,,,,,0.2900684424487597,0.26764911727466345,,,,,,,,,,,,0.26855144572099265,0.25905805502961216,,,0.27473055526262696,0.27716723694686823,0.2720394308384483,0.27760616424799045,0.27748508892206464,0.2690184620019514,0.2825404296272836,0.28158528308048997,0.2860754932843222,0.30083595199388596,,,,,,,0.29111798535364314,0.275050527054962,0.2673696029275702,0.26294499000519345,0.25594494071671287,0.2607331531147325,0.28084766766898195,0.268249639448925,0.26611974965415947,0.2670025951882631,0.2599293849122506,0.2686800727612987,0.37639665024702873,0.35316574293001046,0.2563851463314182,0.25924701706250397,0.29538149325491164,0.2890004937392388,0.28450515228368256,0.2611126651016966,0.2628185031331086,0.2642831248557023,0.28623052694230344,0.2905637412299937,0.27687139420137663,0.26570230714270254,0.2705173671287081,0.27080179507006646,0.2794888731713253,0.28584408819777163,0.2798835849131907,0.29001020646999,0.2942607015706468,0.35950959485947803,0.3626340627580221,0.27283367132510444,0.28408237695585953,0.2842187221025076,0.28536864827362934,0.2777867487019077,0.3000993479856629,0.2786678304749204,0.2645134808236125,0.2809611816119926,0.28699179467611424,0.2973281280765987,0.3206315052503471,0.3159183733485921,0.30561536870080586,0.3088666808823111,0.3028021136027046,0.3040630928341057,0.3024643411992722,0.2942907758878137,0.28718290244544004,0.28645336920171705,0.2864808958682982,0.271329071910502,0.2767352624969811,0.29921321769866693,,0.28101041496011975,0.278364775985147,0.27935534827114705,0.2936384109556781,0.29614822780788386,0.29964348075079544,0.30620309605054524,0.28938290155203256,0.28375395268433123,0.2901197330137131,0.30704783960563886,0.3125359014501656,0.2941899393043651,0.3010938417464843,0.2940395554483798,0.2771247399875092,0.28611764138690987,0.300516070353722,0.28803585004992954,0.2909179189674384,0.27851094795018577,0.2679021768461465,0.2696244177663639,0.27455945182695934,0.28737353309919317,0.3006780857241218,0.293071755831846,0.302267458594889,0.31183838442820383,0.2945699087723092,0.3078457490101511,0.2892942138095153,0.2701720246353635,0.28677141625427
76,,,,,,,,,,,,,,,,,,,0.2603500491923273,0.2648639719849619,0.26408157205931104,0.2672158091218689,0.26973405312304194,,0.2666792644173201,0.26501169416249265,0.2747639593718092,0.28270990267246304,0.2724144422646157,0.27230763526989427,0.2729791642937069,,,0.26488294106575355,,0.3688507392499483,,,,,,,0.26502778071536554,0.2699769581794737,,,0.25846794797627953,0.26661543376424285,0.2747242885587485,,,0.26788492382778933,0.26348960865686905,0.25522547822597574,0.2621848325144239,0.2658353706250543,0.25922627145277227,,0.26679392773098215,0.2668218444182977,0.2596039960584129,0.25532934928686707,0.251381835671923,0.25152371317179156,0.2586828162227628,0.3274981559964236,0.33167105805576697,0.30953705462139197,0.29583874825429374,0.33191806399849755,0.3157609853030827,0.2938907966061904,0.28050518836671295,0.25718286988876315,0.28324711571413586,0.196828721334797,0.0,0.18385645991724214,0.25430637634537984,0.25322035282705796,0.25870599180246945,0.2577623913867738,0.26420847752591814,0.2703484815794107,0.27078902192568854,,0.28297762444916363,0.2655929869560493,0.25739838414640553,0.2574282884943398,0.2725187725850031,0.2616199053957793,0.257849511912554,0.2668750145760552,0.26375749726953834,0.2595148088339146,0.26954928066895006,0.2620913797115177,0.26264600155348805,0.2663568907248545,0.2807510416118083,,0.2684436337110874,,,,,,,,,0.2825833349753101,0.2831245446288515,,,,,,,,,,,0.26813102504981995,0.25828763191346865,,,,,,,,,,,,0.26359461458175104,0.2643052624846285,,,0.2619749318259172,0.27057910077028147,0.2683803250520252,0.26785168791986463,0.2693440380477002,0.27789426214895013,0.3060479934861485,0.29230479110468743,0.2601007338894063,0.2718973717140837,,,,,,,0.26907577775342745,0.26951379111052703,0.2616559399567918,0.2573624770720877,0.2794583061093584,0.27559554767447664,0.2705296277884551,0.26566912404751886,0.274945999225844,0.2797527706071831,0.25510559512306724,0.27927052273096475,0.42573100609041686,0.3975434555956827,0.27428687911072647,0.2684621683895843,0.27391539777971907,0.26543483909181786,0.2655020864811875,0.2572545681037643,0.25970293450889786,0.2714210164191181,0.30817575790394364,0.3216060545948658,0.30452010559964654,0.2647614706365759,0.2625555465534238,0.2662981878222556,0.2620740959338906,0.2654387784261659,0.262319547180308,0.25988370335417904,0.32113695793518854,0.4066559663304945,0.40686566842914645,0.27634835316450146,0.265042170537364,0.2700246201115618,0.27249158482293656,0.25941147892712924,0.27932891421363554,0.2714806372871392,0.25686218742811223,0.2669397805290909,0.2654537772563419,0.27334685091813127,0.2935637595234401,0.28347624673853195,0.27551583756415504,0.27855763975369535,0.27670976898380706,0.2802571062936484,0.27781934943886855,0.2665365648791924,0.261424957365503,0.2688025629904963,0.2725857039896467,0.2691040589195512,0.267046247158008,0.27174458296816745,,0.2611771836451115,0.2696655501232416,0.27404881553327265,0.277587666823836,0.27842885655556127,0.28155253820211884,0.28132428832188344,0.2696106446489826,0.266793148150563,0.2729070530197194,0.2834618716204969,0.27935147962600476,0.26380308953050796,0.31900459118895746,0.3124245834231583,0.26475743324267975,0.2690236016873193,0.2774080934964096,0.2666781204026916,0.2691876732404288,0.2664169035463435,0.25717017569501005,0.27365953288866934,0.281172494934862,0.26952364867349343,0.2706754844199412,0.26966383238359465,0.2758137213918946,0.2802682043308737,0.2721578765563132,0.2900654709422122,0.2918387891061416,0.26833717344352176,0.27367809871914694
77,,,,,,,,,,,,,,,,,,,0.24993606627568987,0.251282598585065,0.25111304072592594,0.26793594560828954,0.26669938859467224,,0.26771634405844286,0.256881942158528,0.26384662859520164,0.27306305973449874,0.2654841152634078,0.26489455545781904,0.26309297818751426,,,0.2621719414905762,,0.35620906668930025,,,,,,,0.2646122101992782,0.2630624554924704,,,0.2520605246059907,0.2517435723119021,0.26633069535002035,,,0.2614218045390063,0.25255051949729784,0.2536893882474145,0.2579193571572828,0.2530121099535306,0.254156048767941,,0.25412055355190694,0.25221971672895604,0.24320181962093543,0.24724049834524392,0.2510526008478042,0.2463286050385573,0.25341720691948216,0.31748509688849513,0.32073089718983844,0.3016662347023888,0.295383698587542,0.3171845122494212,0.30248262709642465,0.2829846600617198,0.2747433268668714,0.2566147300115934,0.2789867338528805,0.2712574445366302,0.18385645991724214,0.0,0.19071323583288466,0.24787308763720944,0.249631274520256,0.24884350585286197,0.26103509177698764,0.27088397687586985,0.263902632453582,,0.2697812856411609,0.2588865849809267,0.25961067527503184,0.26055689008369715,0.262342449791354,0.253332742622078,0.2486662106131796,0.2518639249356568,0.2529012417732563,0.2558664712240184,0.261776570855023,0.256725849709625,0.26363042368566725,0.269041599102251,0.27750338807216846,,0.2588250763105824,,,,,,,,,0.26977842022253173,0.27515109650092,,,,,,,,,,,0.25565351121300617,0.2456266860477132,,,,,,,,,,,,0.26350168354376213,0.2616852566714299,,,0.258342998076816,0.2610671778307876,0.2615693202071517,0.27154869083608585,0.2682299249566268,0.2723025403278682,0.2930619862117772,0.27648260563034405,0.25258266015549063,0.2626244222346958,,,,,,,0.2672040450479409,0.26291069088416413,0.2560728854921167,0.2544476296893527,0.2740137969710791,0.2760011894398851,0.27787456678016975,0.26747639412732915,0.27114323462761747,0.27498847189200704,0.25697342242552296,0.27570049924973156,0.41069663402926065,0.3827121359216779,0.26628659277070715,0.2591601533534821,0.2695311172126341,0.2602204958035768,0.2651050066684675,0.2579618718014498,0.26450952373533676,0.2694827112567499,0.3013810968276297,0.31123317961001556,0.3000067960530312,0.26731965586183815,0.25836900391542844,0.26181432687762796,0.2572605682978919,0.2595205949843882,0.2569047925034909,0.25888730439171853,0.31160253042442226,0.4036365662306036,0.406289214001705,0.27288761759965235,0.26922661313175905,0.27416890533377714,0.2764924935210468,0.2604409217770165,0.2798026135546999,0.27134825854769723,0.2561337121091524,0.2628293490303234,0.2591871434726807,0.2747173728509246,0.2902366837453337,0.27671128994445043,0.27421656594724214,0.2764065188290725,0.2661998158923037,0.2726761564545362,0.27580685134380717,0.26312261453989794,0.2526458558391653,0.2554447768188945,0.26612945521715703,0.2652516951885602,0.26236804606780756,0.27202427904465876,,0.25673313191503105,0.25950485451567223,0.26321981884056855,0.2715417878892001,0.26755792738246886,0.2753769828667907,0.27795187037118485,0.2644192607932818,0.26600549588156536,0.26969818356926706,0.2800223219293594,0.28056985831877274,0.25913147769975975,0.3066443806960082,0.29574502691074095,0.2567727652309966,0.25868576246731595,0.26234872312514873,0.25827550916216596,0.2638150431108972,0.26081626685241716,0.258459369664065,0.2711916173214814,0.2732792027735247,0.2589165832160002,0.2643891527161226,0.2622588105257271,0.26352070153962376,0.2715163635246929,0.26350379156038417,0.27945343070754003,0.27777559619816644,0.2641344723032124,0.2755375631876214
78,,,,,,,,,,,,,,,,,,,0.24843594671174693,0.24790027516720392,0.24923145031361257,0.2632682548420069,0.25911761445081866,,0.26267509519849036,0.2605883924406851,0.27088044130177724,0.2806642981065551,0.2601766474353653,0.2590121126654687,0.2654502491669793,,,0.2584744134601721,,0.33952549024789697,,,,,,,0.2559077919410885,0.2594806693988275,,,0.25000946967396476,0.25276453858984577,0.26036811736734594,,,0.26512978101197276,0.24650792844512534,0.24898285301322565,0.2553137675025319,0.24911633831118865,0.24946160028513426,,0.24552541475850734,0.2435231151639093,0.24196849527155354,0.24344478490259588,0.24747447846564033,0.24089262336060563,0.24618227752279395,0.3093840818371889,0.30786215834048636,0.28427492394985726,0.2801663493870088,0.3018608896038195,0.2834480013563252,0.2657674028815597,0.2612444033385638,0.23588320188600437,0.25522733042287615,0.2574384354897829,0.25430637634537984,0.19071323583288466,0.0,0.15806476808139616,0.23473427590198592,0.23065204128019398,0.24378979343055487,0.2534809773252973,0.25311417801232833,,0.2540243215667197,0.25029475969338916,0.2521866847314027,0.24547744560927576,0.2500049328816223,0.2509092799159607,0.24759139086061413,0.24180635624625077,0.24086998932768836,0.24815337002739304,0.25335811469714914,0.2516242833578353,0.25662079368583135,0.26430232050032937,0.2849429852163537,,0.26071401579066766,,,,,,,,,0.2596654168135717,0.2584389228353505,,,,,,,,,,,0.26010083708311704,0.25115828206503904,,,,,,,,,,,,0.25649134093113124,0.25071479818805326,,,0.25503545486384177,0.2560451438027354,0.2564006660319077,0.26292150480832316,0.25768964898929175,0.2528546478119984,0.27890807568548454,0.27237679955823413,0.2620073190182673,0.27227310215846545,,,,,,,0.26910695025952364,0.25561423273552986,0.24800911257186686,0.2454202863378371,0.26230759926886826,0.2639022268573493,0.26946676352432486,0.2538802804882918,0.2583030169783624,0.2599946242752225,0.250390731540166,0.26398190215412864,0.39177123656385665,0.36644840252795374,0.25628052992978034,0.2526667246733276,0.27271622951040003,0.25988722919779544,0.2666458160520203,0.2544367784020141,0.25854021281468575,0.2642972631623732,0.2825515107753685,0.29374876774973185,0.2828818653776089,0.2538755248725491,0.24826904633407681,0.2558593261043523,0.2589658395982774,0.25799214281469535,0.2609309457672593,0.2700357809053478,0.3017858134515174,0.3873414253562518,0.3903987544308101,0.26265250974997906,0.27365708717581955,0.2734982026853152,0.2717811569053214,0.2608961363773638,0.2787433276213329,0.2679493623965456,0.25450712874834885,0.25932376953935105,0.25933468142882293,0.27902077726673374,0.29834696982860726,0.287952044467456,0.283219037501121,0.2814566841960728,0.2757353089941706,0.2783548746725746,0.2765274401093588,0.2709085269844284,0.2647055012957967,0.26082448079354936,0.2697222311085478,0.261269027119199,0.2628190243861586,0.279369150324133,,0.2617093497941564,0.25634529845769466,0.25808660133252803,0.27118422618478283,0.2697572558038636,0.27609237333965597,0.28327427018935764,0.263060828076884,0.266942394039034,0.26798128795822623,0.27882105572256893,0.29073819133348294,0.26542393065441405,0.30073055679584965,0.2936174119042501,0.26184423803648327,0.2654893409802991,0.2725952143587533,0.2614262008460912,0.2649541749821058,0.2593611977957829,0.25376293191589433,0.2576715147689858,0.25977727587062144,0.26084655975498466,0.2667720887676373,0.2633208849200202,0.26624229245362546,0.2786503394248513,0.2703661531927321,0.2799963341011057,0.2696710554891197,0.2577022025652629,0.273343223346736
79,,,,,,,,,,,,,,,,,,,0.25021385560242215,0.2518468224080673,0.25036302845554487,0.26319226558371056,0.2589654232284805,,0.2625570674725467,0.26340529017207004,0.27313957302870373,0.28364858064097725,0.2625602033530024,0.2598095193002371,0.26850012569025455,,,0.25620158489048867,,0.34180031932055244,,,,,,,0.2527110867990427,0.25801297293614484,,,0.2508190446948317,0.2551931094161973,0.26377040720305106,,,0.2648784883983413,0.25124965012644596,0.24855665218213643,0.2521759205459196,0.24914626798259432,0.2507175154902686,,0.2505914717970746,0.24362784562545337,0.24367291108078853,0.24268610570697938,0.24464802189022933,0.24469462710834727,0.2492341238956547,0.31573705057544177,0.3123091336114706,0.28678740160669697,0.2857695213835001,0.30802951000821294,0.28559666421890645,0.2688970271574794,0.2635123967558593,0.2419858036466973,0.2613310109058989,0.25881837498261356,0.25322035282705796,0.24787308763720944,0.15806476808139616,0.0,0.1869839523557477,0.23073117927983716,0.24301454264476094,0.2571323677341817,0.2612577386221237,,0.25948326078506073,0.2535005730812697,0.25339933960402067,0.24507509289325258,0.25258266478787733,0.2522316804470041,0.2527625617393428,0.2505166202172303,0.2489971371011317,0.25295273359750264,0.25620029180441806,0.25502902643392433,0.2582438042531466,0.2656990617059952,0.2870576194066508,,0.2620200557716976,,,,,,,,,0.26834622844375217,0.26474626591194,,,,,,,,,,,0.2614558021211626,0.24933364728789004,,,,,,,,,,,,0.25122961899520674,0.25028898465248,,,0.25467874087363934,0.260991003009883,0.2613036783941704,0.2608112293808853,0.2609982085992815,0.25610500558493354,0.28091831643621035,0.2769882591406963,0.25952741734948787,0.26954793706343305,,,,,,,0.26475898102480555,0.2571023225285911,0.25052907856438866,0.24594596409752148,0.26331343344997926,0.2633979904823838,0.26948424340454025,0.255771381663284,0.2644458168765795,0.2642753452353744,0.2504431566044984,0.26920864648439563,0.3961050690705513,0.36937935888944373,0.2591815527308456,0.2526335028850239,0.27162997217341617,0.26013967138012756,0.26635950137320447,0.25545849716934965,0.25792317150195965,0.2637666469101948,0.2885350306813873,0.29820418333783627,0.2814506247851854,0.25063354405933436,0.24445599626836212,0.256217548212356,0.2593830892574059,0.2577081750271674,0.26084449790355596,0.26881938989107657,0.30405387841165255,0.3869341912749041,0.38859767053938316,0.2637681716973346,0.2713447793301788,0.2711700348274473,0.26728607657525993,0.2594512462419525,0.2788799124646154,0.2700464744744869,0.2562381303693935,0.2593289105519585,0.2569089417828666,0.2798385519668513,0.30278396759992715,0.2923171049470907,0.2830565340191238,0.2800926470120921,0.27679798409628414,0.27959306123726496,0.2751795341779268,0.26768552420420744,0.2673821144803498,0.2678750902470581,0.27071246676652805,0.26446306784327595,0.2651470917444484,0.2763168763993901,,0.2606481739006293,0.2577715154711774,0.25860559750629064,0.27046376861517707,0.27074949272848386,0.2779486122593753,0.2786000510830134,0.2630794496790799,0.2656614344461104,0.2660010238940291,0.27768733313630384,0.28912290161934284,0.2649634327244185,0.29900931755120536,0.2926077645934956,0.2602334826789928,0.25992704194319,0.2743561755881927,0.2678751603957756,0.265033996732291,0.26075512467603335,0.25448776694595193,0.2579989243235985,0.2615905372428824,0.262818671467689,0.2662078866335576,0.2670961922974197,0.2689379028034564,0.28087776300719175,0.2743873045164438,0.27975414321351705,0.2690676113904515,0.25847775818575003,0.27454220248158023
80,,,,,,,,,,,,,,,,,,,0.24473196637983533,0.2438325631769773,0.24200066570711315,0.2534339349655512,0.24595360831529064,,0.2608081599434521,0.2588313502893192,0.26924599070016025,0.28201347480711303,0.26114945928923117,0.25279783200454176,0.2659085364929863,,,0.24962252012702654,,0.3247777459062906,,,,,,,0.24619042668456056,0.25220132548689983,,,0.24915341934854993,0.24502011776323313,0.2495352755114756,,,0.2667590539251188,0.25638015162461336,0.2523583951244106,0.24866346154954577,0.2366350829773731,0.23358297336868913,,0.24118181103830025,0.23960925479843384,0.2415835448358396,0.2468149214407938,0.24679175266726405,0.23645642083101537,0.2378143008184727,0.2896794646215213,0.29419930310944276,0.2741486331490926,0.2606773948119772,0.2792714273756108,0.25946773313421756,0.25517558677316127,0.2525404388712618,0.24362161091531778,0.2554953099217579,0.26116509533794746,0.25870599180246945,0.249631274520256,0.23473427590198592,0.1869839523557477,0.0,0.1545778011075627,0.2366949944370851,0.24040904368157345,0.2484192377057178,,0.24439587379958128,0.24342602059710872,0.2478474964029439,0.23716973422736917,0.24488325828622176,0.24950360771873756,0.2526556638659462,0.2337542095297615,0.24053758482511242,0.25195400501510334,0.2545283665850101,0.2519175796106424,0.2556273630808899,0.26581849054577406,0.2881493687963791,,0.2603027053252243,,,,,,,,,0.25360285115163284,0.24820807948134163,,,,,,,,,,,0.25368736823871996,0.24267251624664823,,,,,,,,,,,,0.24780022873525295,0.2510578730546749,,,0.25129007474511006,0.25074438683153155,0.25005809868178736,0.26338006148520654,0.2667080693462883,0.2512337117453237,0.27003974746756276,0.26409371550093086,0.25765379486015433,0.27510180283881597,,,,,,,0.2677573596501356,0.2501688178872789,0.24324792086040878,0.24258654160964804,0.26002040302582585,0.266057217348245,0.27163773371676453,0.25370224695216664,0.2471753201414487,0.24679927783552152,0.24860218258700612,0.25186021465586567,0.3673456757596821,0.34189477039274396,0.24568596869346745,0.24710133139712998,0.2766556324335099,0.26172498058108706,0.2637978913802049,0.2486915886257231,0.24857087128927782,0.25447159722011825,0.27173318049072126,0.2748262808867591,0.2619401134705419,0.24667886588796845,0.2457298317890713,0.25505257364147005,0.25760623392984516,0.256120965388289,0.2595047671308153,0.2669091618455977,0.287053358608319,0.37129411469520057,0.3745040929949533,0.25620407969354364,0.26855182573687814,0.2697134692851189,0.26660799595235546,0.2559520037348894,0.28318190491976997,0.27194057903525126,0.2529494838059809,0.2584046098922932,0.26041341669133333,0.2821104471713394,0.3051285203996777,0.2909577210373381,0.2825018602509408,0.2819722201443493,0.27358814511295954,0.27247088204727704,0.2756942636381489,0.2663114097033042,0.2622147845208597,0.2674053033536475,0.2768808544144895,0.2645752193851543,0.26386209071121247,0.2775854091009609,,0.263423317296683,0.2513841015411617,0.25119875895335586,0.2645985786736262,0.26484204509272086,0.27220524855544626,0.2725790254689294,0.2627436374535751,0.266399574300819,0.26737010545280293,0.28062417838172926,0.29582421354590127,0.2645978941751314,0.27850503646941993,0.27141467158878746,0.2562458244071878,0.25333966465342067,0.26219560997798697,0.2582074311213488,0.25873627462045323,0.2561665137862627,0.25655163175877466,0.2567307466460279,0.25862309060756755,0.25496566072777505,0.26261621215693753,0.2556669761151161,0.2632171971345316,0.28338841186834085,0.2706367197226271,0.2659207749916318,0.25624229145138416,0.2508266310426217,0.269637866174958
81,,,,,,,,,,,,,,,,,,,0.23815766717342474,0.2401142837694031,0.2403927043897985,0.25063923769737173,0.23974318789135796,,0.2561351991173592,0.25664613844618733,0.2676996564588677,0.28065095117312217,0.25330852597763404,0.24740767825660276,0.26194135385144224,,,0.24634351553024422,,0.3116687034793392,,,,,,,0.24310544499324788,0.24956865720989171,,,0.25275611746669163,0.25082398817320883,0.2455267734728509,,,0.2620442642487114,0.25543761283296534,0.25609829818741603,0.25204044166602824,0.2385202828768328,0.22955413015298753,,0.24279012829408314,0.24299564828863116,0.24173860814595746,0.24551494870118046,0.24680148237789637,0.23622739019989125,0.24270680954982363,0.28476411797766044,0.2843184050008829,0.26274733763219527,0.25477743706258926,0.2774782697559843,0.2606699931108203,0.24619197037970658,0.24098080739593725,0.2308412918917919,0.2432498389153865,0.2517752588396392,0.2577623913867738,0.24884350585286197,0.23065204128019398,0.23073117927983716,0.1545778011075627,0.0,0.1715527963966066,0.2310791224816782,0.23315160618041128,,0.24362127496253053,0.24005733975211585,0.24409134588116657,0.23308833300669463,0.23973122344868533,0.24890850108694984,0.25338463668228606,0.23297089000970195,0.2365594474859038,0.24809719554726203,0.2553608845634721,0.2510867868402227,0.25347664052215063,0.2672610575967899,0.29302550367612346,,0.26847390716693276,,,,,,,,,0.24953198489366749,0.23856764012323015,,,,,,,,,,,0.2580003872081192,0.24309369454761612,,,,,,,,,,,,0.24358339741913612,0.23300551920152035,,,0.24513280874450324,0.2492020976382779,0.24407248090031455,0.2554015697025675,0.25837548176338365,0.2417202210123362,0.2591771966817021,0.25324343867577925,0.25904092673543094,0.2794530958447881,,,,,,,0.26745874043477674,0.2480010865989624,0.23811740822136535,0.23778795755952323,0.24973434013188406,0.25545333815379967,0.2695202668584616,0.2523569107508619,0.2422816885559435,0.2394187330621598,0.2412230287775592,0.2398860780067195,0.3562830471435638,0.33108807361848314,0.2353350161367289,0.24077460408132437,0.2779771390219514,0.2634358264782613,0.26367171231806774,0.24784172699654927,0.24721514704037154,0.2460221114430225,0.26785200859407593,0.27248702990846063,0.2538072760686008,0.23610088374505162,0.2424399317248437,0.25372575170952544,0.25472641193396084,0.2486127336106508,0.25315459303085586,0.2688952813306141,0.27393794778746056,0.35815299414040436,0.360644792409793,0.24554993385525492,0.2634796067081029,0.266370287912382,0.26124429505888824,0.2534170008845754,0.27623307879974257,0.2628322258649879,0.25245296338769413,0.26064170438075307,0.2629389525143936,0.2828375834099416,0.3070952955148634,0.29459898030816023,0.28447706226936986,0.2859722774874253,0.28127425401938244,0.27685605068333863,0.2778218654618039,0.2699400201988345,0.2704969994661887,0.2709775344794715,0.2775395092852557,0.2652071647826968,0.2608762966679174,0.2775446931499322,,0.26323839266492133,0.2526688146707539,0.2508954372831131,0.26873859721835697,0.27308655581891533,0.28014382819730443,0.27897942240945045,0.26673612078327247,0.26685923977923487,0.26603859657774337,0.2815086452724406,0.2933744870991123,0.2708658261319327,0.27811562702918835,0.2697910095566127,0.25534842327896995,0.25280932605502515,0.26590451368399076,0.2638775694188031,0.26328169235447374,0.2590069696377304,0.257455923393432,0.25322288888866495,0.2556589784786886,0.26331908886782296,0.26452066419967263,0.2552531590886376,0.2685081517634452,0.287960866367719,0.27410972032383885,0.27139570304076677,0.2579344559463383,0.2554889344892276,0.2757903069195614
82,,,,,,,,,,,,,,,,,,,0.24216469355894124,0.2482082134383873,0.24359847630520326,0.25031504849871233,0.23684854140454842,,0.24036727709554365,0.25907517739473457,0.285231653400833,0.2903305263670716,0.25413665016084713,0.24601344807146808,0.2738877952227665,,,0.24433878706739523,,0.2874866318031871,,,,,,,0.25036636005655616,0.2545257760409806,,,0.26433506824303327,0.2470165356165627,0.22922104418637307,,,0.2733379868622291,0.2618400089352763,0.2600512922665215,0.2634436979635057,0.239738743278666,0.23022562136210625,,0.24486575216501213,0.2518656358372608,0.24601643392493883,0.24560095551287364,0.25128088706848717,0.23970711815943072,0.24826685294341774,0.27992457440179075,0.2648212637886772,0.240886502330913,0.237211026819314,0.260061399488532,0.2505516120994518,0.23010884153862127,0.22198328247277435,0.2244372472949147,0.2314548636498174,0.24652785840386468,0.26420847752591814,0.26103509177698764,0.24378979343055487,0.24301454264476094,0.2366949944370851,0.1715527963966066,0.0,0.15966118914551508,0.2274100023558815,,0.23175176068328118,0.23850515315681822,0.2527741147396172,0.23292510005802905,0.23076169085784878,0.25591376975251784,0.2662291860037208,0.24168832793021353,0.24437094742607565,0.25960446446534724,0.2599245018662135,0.2627028758751145,0.2640734555407091,0.27879290911460836,0.30785422134541496,,0.2765405555996924,,,,,,,,,0.24396305196645016,0.2310805857656729,,,,,,,,,,,0.26665998255177253,0.2433097656365048,,,,,,,,,,,,0.2554403603211911,0.23890298313804423,,,0.25829641049185786,0.2651175875293427,0.2578347038361287,0.2725548666837259,0.2680736846527237,0.24250023615301516,0.24909981827127337,0.25078672682959907,0.2720295128741623,0.2853803360284145,,,,,,,0.28057765905036874,0.2586455020218746,0.24994464805706712,0.24169674632202323,0.2440384249319161,0.25680997828038477,0.27981053885604623,0.2583608992422291,0.24703487432981514,0.24881975892783836,0.2546244753091751,0.23945153721822918,0.3381650290060102,0.31792077595708607,0.2291842535809027,0.23845786090889778,0.2864202541103672,0.27243566291873383,0.2741040700680493,0.2562933422211861,0.25635711189315546,0.24620243332122013,0.2692448547208115,0.2677662726047436,0.24619146810711073,0.2385281210251058,0.25563181511613414,0.26653673905020286,0.26994307826139785,0.26351641713792345,0.2597176549309329,0.2799425919423245,0.2668294402282229,0.34634723061291073,0.3476083216779798,0.2536013162620531,0.2771704049153436,0.2837605125350043,0.28200318237846395,0.2698054515221625,0.28276252130587387,0.26821378429003523,0.26507865995484076,0.2737320884161934,0.27908536445852744,0.2964806328547133,0.32452897229602845,0.3184834785945009,0.30455133354653496,0.30791395492983675,0.2952293606421219,0.29189880931411455,0.29185893995013956,0.28183442023428534,0.280250053462413,0.2825818580369957,0.28867340087968324,0.27103405075847475,0.2672053590222028,0.28879735331076134,,0.27469618882905633,0.2552343637671894,0.25810974811717796,0.2794702182264696,0.2847185299018441,0.29674343542015047,0.29916302563670516,0.2827137542940776,0.27690007211862316,0.27947913632981625,0.2949059590694344,0.3091601225753928,0.28485215719267276,0.2716893753312964,0.2662077053665373,0.2701831455683359,0.26684331806767,0.27952483511010906,0.2773705666239748,0.2784331109003279,0.2659767798410523,0.2603073142036291,0.2553578260283312,0.26134675962012865,0.2838873785815185,0.2876525577493298,0.2727740524606851,0.2809014421859056,0.3026326676988098,0.292199453841877,0.2749357400614774,0.2533333066618839,0.2570408775489549,0.28615048651233904
83,,,,,,,,,,,,,,,,,,,0.2539637697778034,0.2599941615151963,0.25464404534019025,0.2588423418287353,0.2483054950518013,,0.24522639778470584,0.27678497212084047,0.3031571816721296,0.3067131715879876,0.2672020048839162,0.2538909034099014,0.2925240003499394,,,0.2554965930804053,,0.27612588580950354,,,,,,,0.2550468757098446,0.27191501142701163,,,0.2755747461360272,0.25135059388641473,0.22737914426531075,,,0.2943184633921795,0.27742647350454275,0.270382729749433,0.2744625485209928,0.24508448118465792,0.2272651335483357,,0.24760665915274374,0.25719820864193466,0.25312600812649705,0.25612847139722333,0.2563871037679704,0.23770956334333115,0.2491314979537226,0.27708523107912064,0.25594272990188244,0.22285417253900994,0.22016877493834636,0.2407122624766517,0.2353286221987576,0.22277748996423868,0.22111852785779626,0.2254699933236159,0.22917614669489528,0.24995678288718795,0.2703484815794107,0.27088397687586985,0.2534809773252973,0.2571323677341817,0.24040904368157345,0.2310791224816782,0.15966118914551508,0.0,0.16378089506539129,,0.22754904133724627,0.23975537483482853,0.2632173353667559,0.23330717607318877,0.22785643225874078,0.2652197315256806,0.27591970065848415,0.2404858717121317,0.2457814923347046,0.26894082556217047,0.2717623506191374,0.2732495868278341,0.27634165694841545,0.2909959637310886,0.3234594001497454,,0.2822217076760115,,,,,,,,,0.24444721958189336,0.22458127173568812,,,,,,,,,,,0.2840083501674761,0.2554128214869952,,,,,,,,,,,,0.2775787706658943,0.25734445611927437,,,0.2727252179643026,0.27208772505311435,0.26883534732653697,0.2913531610967739,0.28292455850522014,0.25211594478302507,0.247907643921821,0.25618008340636,0.28555667335591833,0.30575243018512144,,,,,,,0.2965042866690182,0.272152416848998,0.2639996601477693,0.2543802558531438,0.24948065207795556,0.2666498610405633,0.2885627845807326,0.26790317590707347,0.254050825965673,0.2581019563662483,0.273945559664109,0.24958532784848322,0.32251141447966436,0.30780306153018927,0.22917563481955036,0.24047033825120667,0.30509696269883607,0.2909558641442579,0.2893489675285549,0.2693333749790403,0.26743807281318605,0.25323189394787043,0.2666679068346337,0.25867803511632537,0.24577091721274993,0.2566669398759622,0.26706926547350013,0.2745670789751673,0.2834212806586341,0.28197370480343037,0.2770299831112389,0.29551162511361606,0.2702132817433935,0.34829558917391723,0.35075396233126016,0.26692562386193963,0.2905508683924431,0.30318640556832144,0.3020199890255213,0.2871894587583012,0.30354003343173624,0.2868487461361892,0.27441397227874176,0.28414605669832393,0.2932972150654201,0.31247775479913775,0.3461075769150406,0.3385469486684408,0.3235127035098027,0.32493822009007345,0.30976921571570876,0.30768331443784613,0.31136688173703686,0.2971643425213246,0.28791421153836894,0.29296742170329826,0.3062800847817403,0.2826343481001316,0.2803054413666133,0.30859209059596987,,0.28913708392157267,0.2641875843022833,0.27177182074888884,0.2960374464970837,0.3000702050768056,0.31474382896752173,0.3178701038885689,0.2979097792277623,0.2927365382747372,0.2954760001573561,0.311738577093103,0.3309679370461348,0.3013379648146246,0.26856736138583986,0.2694289097105708,0.2877322051141638,0.28321889553091345,0.2849639826397478,0.2857339839154823,0.30117106039666625,0.2838020706363001,0.2745880436107165,0.2673048154770239,0.267948370961128,0.2938583707003889,0.30170581631962434,0.2810332950221773,0.2896547159545056,0.3170646778120095,0.30664530475028545,0.2781545821279524,0.25435456895554975,0.26904324762565246,0.30356868555004085
84,,,,,,,,,,,,,,,,,,,0.2529553749099984,0.25896059675371386,0.254373463205499,0.26106487526807515,0.25439525799890267,,0.2516991593730763,0.27464830967870424,0.2961580864438742,0.29706227161566345,0.2632614771819218,0.25672385989387825,0.2908079893994243,,,0.25688629917349337,,0.28230192207802457,,,,,,,0.2557317894241922,0.2664085561558583,,,0.2791500807521953,0.2603627980144129,0.24287522240567738,,,0.28758637469383974,0.2742078203942391,0.2712852590047766,0.27484060330189647,0.2517731539460409,0.23975092847685855,,0.24903624994376938,0.2580766277317835,0.2521371338673054,0.26121190871221756,0.2585669461958322,0.24995608909479003,0.25670042516985486,0.288223573575641,0.2738364725115872,0.24094131129193463,0.2306088931298044,0.25557692045980557,0.25303671240691566,0.23890936927537848,0.2361667376159353,0.22730199132210147,0.23242186617403462,0.25477520897558836,0.27078902192568854,0.263902632453582,0.25311417801232833,0.2612577386221237,0.2484192377057178,0.23315160618041128,0.2274100023558815,0.16378089506539129,0.0,,0.229411222564408,0.23655808373906448,0.2634059557411294,0.2328933704954538,0.2231529677971155,0.25606678589096565,0.2756390141631523,0.24458593132675566,0.2513416301889926,0.2733349398489586,0.2777222403049348,0.26914981804251115,0.2736159562383345,0.29290728437801977,0.31931904934350425,,0.28070680837961126,,,,,,,,,0.24963246163792552,0.2241585601585255,,,,,,,,,,,0.2896040913138344,0.26170509714487683,,,,,,,,,,,,0.2710869826904416,0.25825883110545167,,,0.26308223134377484,0.26825600275430206,0.26441047734132206,0.2818687464274824,0.2768330431775626,0.24674024384733495,0.24084977513913672,0.24656508796177593,0.27596410528595705,0.30007344037859746,,,,,,,0.292077754859835,0.27085963281897163,0.26217128344901836,0.25481605719059,0.2480955605685924,0.2642065321142832,0.28513426282544996,0.2655789598582343,0.24843083723915396,0.2591551172749952,0.271676469681685,0.24903149545696335,0.32300612202782264,0.3122530475071622,0.22777351809117666,0.2369840983088449,0.2993294688848486,0.2854287139471104,0.28653821072514785,0.2698084392932578,0.27216520819815043,0.25289683314422623,0.2639638666823035,0.259010901588405,0.2496018385055114,0.2530994858832899,0.2648540927788561,0.2689135143150348,0.2774268986736849,0.2797057695572447,0.27583577554349453,0.2920857454961758,0.2606094759969993,0.3393373836012832,0.34425924496679455,0.26075421115604275,0.2851414324225616,0.29671762166686144,0.2923236622863933,0.28182502463038195,0.30084921200534787,0.2837514716529739,0.2706334428707335,0.28129567348443835,0.2915921233790276,0.3117159108460334,0.3392206669921286,0.33170075376875136,0.31650348001668116,0.31671549774736163,0.3031570573088442,0.2988701352767421,0.30631974486060787,0.2967151039521086,0.28452825682300587,0.28490779033953634,0.2993215987628888,0.2800128469765829,0.2791461906464075,0.3083000334215538,,0.2878848466261937,0.27415772803515015,0.2743542346388979,0.2973495320959752,0.299931500463288,0.3114877068399084,0.3138622861451509,0.291678472969197,0.2863455096591974,0.2904605805061274,0.3121192996929242,0.3255410693778094,0.2983917571234631,0.27844166081927685,0.27450933714654246,0.27844948685380794,0.278627428561608,0.2820177853801701,0.2848137907489276,0.3026408147062135,0.28789067589977807,0.2737908548140873,0.261414215936334,0.2666800095653723,0.2918248304819943,0.2967740939599917,0.27937238519340435,0.29367152027136073,0.31378227795449715,0.301908237110178,0.29075346468583646,0.26509671816151054,0.2715362957036234,0.3002861230089191
85,,,,,,,,,,,,,,,,,,,,,,,,,,,,,,,,,,,,,,,,,,,,,,,,,,,,,,,,,,,,,,,,,,,,,,,,,,,,,,,,,,,,,,,,,,,,,,,,,,,,,,,,,,,,,,,,,,,,,,,,,,,,,,,,,,,,,,,,,,,,,,,,,,,,,,,,,,,,,,,,,,,,,,,,,,,,,,,,,,,,,,,,,,,,,,,,,,,,,,,,,,,,,,,,,,,,,,,,,,,,,,,,,,,,,,,,,,,,,,,,,,,,,,,,,,,
86,,,,,,,,,,,,,,,,,,,0.26066513860583584,0.27086705985958226,0.26859422401933286,0.27864458375999446,0.2635801770109444,,0.2571390900270389,0.28217715360848217,0.31103857378799493,0.3114244298207016,0.27585128998194,0.25905828997141556,0.293614891698309,,,0.2625146779408699,,0.2690188889863521,,,,,,,0.27572098740617323,0.2797237291376507,,,0.2767824507694303,0.2562551888797863,0.24233671563311274,,,0.3015042544495667,0.28629275328693615,0.2840627862414561,0.290060882409548,0.263890783358105,0.2509402385197366,,0.2597671462680381,0.2577552588648361,0.24553094305137926,0.2581557385500768,0.2673192135509623,0.24469189216590737,0.2515658230213882,0.26760985182769836,0.25805228434955185,0.23723939563678206,0.2308900301914909,0.24667452121461644,0.24476553327800543,0.2437973573393653,0.23333078393807755,0.23602309729175797,0.239632592302997,0.2655615302301646,0.28297762444916363,0.2697812856411609,0.2540243215667197,0.25948326078506073,0.24439587379958128,0.24362127496253053,0.23175176068328118,0.22754904133724627,0.229411222564408,,0.0,0.1765411346467821,0.26638826990024855,0.236747613645289,0.2305291158249526,0.2743189354795508,0.28175513496648796,0.24735611701944907,0.24924192353718355,0.2710770454186192,0.2759723963536576,0.2820713563847184,0.28468427920852746,0.3005646760038983,0.3293354131282446,,0.29717901384210893,,,,,,,,,0.24536959728177757,0.23420935065810483,,,,,,,,,,,0.28892774698014695,0.2667026974107334,,,,,,,,,,,,0.2768716461140119,0.2661587949731645,,,0.2833199860724612,0.28292180824014773,0.278503842282586,0.296760088867562,0.2912208430798298,0.2619890237215703,0.2446190505711596,0.2492897258937174,0.2883998520732911,0.31011901559560623,,,,,,,0.2978099446330592,0.27032697387511856,0.269685593811151,0.2648297309842099,0.25838523679054026,0.27517211007694886,0.29716000829135514,0.276918310783519,0.258245443761081,0.26507348025062893,0.27913059573556753,0.2525530373844209,0.3203976325118975,0.30737560387039164,0.24223997339819187,0.24741998809367496,0.3051208121641659,0.29051714506363163,0.29421558027727035,0.2715942088888386,0.2735399305137323,0.2497428081137254,0.26074857127210194,0.25692518054779606,0.257831638447601,0.26674897911900064,0.2772894698757812,0.27668444357795186,0.28077058003395555,0.290862589654007,0.28579003917847284,0.29926243171526223,0.2651852855428797,0.33923102496836466,0.3458641783107975,0.27752501731888063,0.2991874784796489,0.30251154806870517,0.30659951731211227,0.2937246527678981,0.3127085337664582,0.29138199175164925,0.27623955810516776,0.290069881591205,0.29985709478300165,0.32245796714615815,0.35162929953855404,0.33601469067915585,0.326042568993314,0.3251023855068083,0.3060062020119873,0.30847574466134564,0.3191989428742959,0.30532926668937344,0.28415404039382636,0.28712735308903975,0.30940224887992274,0.2867109850588924,0.28834467752731385,0.3190735312835548,,0.29684334682862934,0.271065333023182,0.27658730880330146,0.2959547938872888,0.2998185204236829,0.3149917136322312,0.31651906338364166,0.29680494274184316,0.29940661978345257,0.305170953304558,0.32271489473554266,0.33569365246229455,0.3006460980348719,0.2689782881278995,0.26342779893012314,0.28731591611091684,0.2795772619238357,0.2770231836987881,0.2831440100809732,0.30270349747495173,0.28175279516972485,0.27802291507323257,0.2694968129963515,0.2716736039522656,0.29133969795150577,0.30697841874764054,0.2870527397822428,0.2945245931946026,0.32262469898160845,0.30875535350295386,0.2794175974927813,0.2540454614175624,0.2667758241367936,0.29929581140065764
87,,,,,,,,,,,,,,,,,,,0.2526208850271546,0.25957923939994126,0.26331639631995013,0.26946216671719253,0.26399936551358166,,0.265960211648003,0.27570703208905023,0.2964965355691151,0.30027272206756783,0.2752820614072854,0.26205609947960046,0.2821063589775557,,,0.26180662957617773,,0.31802040218191924,,,,,,,0.26709058398124874,0.2674685409835255,,,0.2718730257618677,0.255010239452687,0.2499969890015737,,,0.28126291502356066,0.26975189964448926,0.26247605630565857,0.2685039633158611,0.2567461186140661,0.25032231494119866,,0.26207650334817906,0.2616476992192887,0.2460851334697797,0.2540136422409162,0.2619585717251529,0.2526225986939761,0.2571328507917907,0.29937440428480566,0.2927614880524936,0.2687134547154251,0.261297834711901,0.2835024851605885,0.27136357540760675,0.2660749037211373,0.2575619666957925,0.23885234940788408,0.2554397079858667,0.26270011713871727,0.2655929869560493,0.2588865849809267,0.25029475969338916,0.2535005730812697,0.24342602059710872,0.24005733975211585,0.23850515315681822,0.23975537483482853,0.23655808373906448,,0.1765411346467821,0.0,0.1686829937836185,0.23810409782930808,0.24379472249870335,0.26268821471537357,0.2685380718022405,0.2480595019028595,0.2492504360319685,0.26305084840623394,0.2678997886679586,0.26551824943509394,0.2650693103225202,0.2775136754361785,0.30571874174524244,,0.28114530682956806,,,,,,,,,0.25747021910263657,0.2503483164931328,,,,,,,,,,,0.27469733566891974,0.2587858964481092,,,,,,,,,,,,0.26339257991351706,0.25779162746814177,,,0.26908639773376786,0.26877720201271293,0.26878692987349917,0.2825327994576456,0.27899053460056794,0.26051835868840123,0.2642032045322409,0.2645686055982203,0.2754158613267759,0.2937645128275089,,,,,,,0.28018375262278233,0.26544208718431245,0.26158714594371296,0.257164309203243,0.2658199053813505,0.27600179389317964,0.2846253088586547,0.27023403703582916,0.2589764060634983,0.2636520111354607,0.2646284445127921,0.26332540165632834,0.3713778444446245,0.3518395418582817,0.253381852565396,0.2552866385345406,0.2899498071954124,0.27844737053202623,0.27848499211662736,0.26112756140659704,0.26288431451962474,0.25608580665704267,0.27789371285589026,0.28362075254219365,0.2779396343625618,0.2627352560244967,0.2642817630222769,0.26420883862207195,0.2639812192503328,0.26956998896051015,0.27074167491487916,0.27774838400761676,0.2858013913366741,0.3670312105951827,0.3702401915037523,0.2697328222961695,0.27738492920272995,0.2806454603518356,0.2818566063262273,0.27711880306945486,0.2948193955541007,0.27825524095786447,0.26494241059145585,0.27302386617288216,0.2790672980545775,0.300276517051147,0.3216838737171082,0.31108378971372797,0.3001335400829438,0.2997446509499171,0.28665702897520395,0.28776439467423187,0.29529747133030276,0.2837868373131498,0.2721393077576864,0.27828375337879996,0.2892282090622896,0.2739413395277839,0.27868166742904865,0.2985194977055163,,0.2784232280941062,0.2635853646231854,0.2700290504591391,0.28781036291675827,0.286767112402093,0.2929761838725319,0.29714920266962547,0.2822083449797314,0.27986148174118863,0.2834694528284548,0.29689789996880833,0.30947317598851476,0.2796457804084889,0.29294137073773824,0.2874949690857181,0.2768127859657006,0.2754455078128762,0.27967933007074863,0.2769599011614831,0.2869304791024342,0.27380815421403776,0.2655327803961594,0.2617054710957472,0.26629103262197173,0.2785377374891925,0.2880316897858492,0.2754836099660027,0.2840475738451714,0.30222119777329026,0.29484910006801457,0.28668933498511184,0.2693996135878839,0.26776129049139413,0.2894913688314117
88,,,,,,,,,,,,,,,,,,,0.24976007562032135,0.2522736810226725,0.25447340651794864,0.2602476861210604,0.262793470760522,,0.2735556818849208,0.27046086875354414,0.28023605274243185,0.28712215276687236,0.27419571202488374,0.27292616770403794,0.27357046921229644,,,0.2646419615598833,,0.35116124185918196,,,,,,,0.26312357666976305,0.26459294350443846,,,0.2683204434012757,0.2731358709393664,0.2703470966247032,,,0.26865293199718726,0.26170431153887413,0.2588276097949919,0.26302283439735324,0.26250866798315176,0.25713106130256047,,0.26645106429842885,0.26908573845278266,0.2583375848246514,0.2602680995421195,0.26223622582472583,0.2580596837095087,0.26017399043792905,0.3252644777235316,0.3249223247390882,0.30550207099896803,0.2910272006515765,0.31356834357041286,0.29838823506522744,0.2839225453730159,0.2745090553004097,0.24880493409276794,0.2717934710489764,0.2628778459435452,0.25739838414640553,0.25961067527503184,0.2521866847314027,0.25339933960402067,0.2478474964029439,0.24409134588116657,0.2527741147396172,0.2632173353667559,0.2634059557411294,,0.26638826990024855,0.1686829937836185,0.0,0.1907113431301495,0.2655412951586096,0.26206886008465796,0.260962655955043,0.2543915304134491,0.2571107601632995,0.26259212901079804,0.26574159486638543,0.26166930664529897,0.2555125055089064,0.26359077994899877,0.28909615261684346,,0.2782516992992689,,,,,,,,,0.2737518382546559,0.27057508417265796,,,,,,,,,,,0.26933197654156177,0.2557946726508676,,,,,,,,,,,,0.2592561916828325,0.2568419146981532,,,0.2609296058466237,0.26382693767293397,0.2661522418861575,0.2736750157003301,0.2684209758152628,0.258743412452063,0.28474593342884263,0.27783810305825224,0.26479914070352734,0.28446057801664687,,,,,,,0.28020775174788487,0.2710661827306833,0.2609435368506179,0.25913409392736797,0.2819475199675878,0.28029578032727026,0.2755760252988957,0.266172160977457,0.2704784664214822,0.27065090186843627,0.25424653465289715,0.2736312298663071,0.4093936887026112,0.38328913353837796,0.2672635278354163,0.263583234561492,0.28022191163901383,0.2666588109472803,0.26546028801957416,0.2581163308557896,0.2590633651201375,0.27428241129769393,0.3052990374877591,0.31009913971088077,0.2885298819661109,0.2571412560185488,0.25874997921152104,0.26232174288237686,0.2635892790248529,0.2632720631487615,0.2647901059567117,0.2684315996148773,0.3086322177240737,0.3929677828259805,0.39385732533858087,0.27259649189378077,0.2683230630826807,0.27119764859235657,0.2722772733709799,0.26814171716377744,0.2876838036360015,0.27596371026118666,0.2611093744557824,0.2677153483279508,0.2692547815187166,0.28364510010046856,0.3019676836534638,0.29110560788722,0.283509305063723,0.2878552221242509,0.2828225703447503,0.28354073301306615,0.28588210511420237,0.2777070831679,0.2744246525804492,0.27665303395150304,0.28034419370132546,0.27346226378897226,0.27583887380782485,0.2835375614301931,,0.27015792542763856,0.2706272920197952,0.27674716327393406,0.2791369514978156,0.27628874169747814,0.2811132301747611,0.28706205770700416,0.27130839067296825,0.2665080387071256,0.271700816715414,0.28427672588790026,0.29328576758892966,0.2732788600463827,0.3181796584340179,0.31131206251319576,0.26981756445891536,0.26899054300834513,0.2820061476735078,0.2748570561162439,0.2780985086756936,0.27248628846246065,0.25996552503766923,0.26373765956927275,0.27008142820002734,0.2672021961668272,0.27519742916077705,0.27199212101483594,0.2753616740600044,0.28747091314345496,0.2856963291234403,0.29058696178425364,0.2842092868307162,0.27243825802706895,0.2792108498680184
89,,,,,,,,,,,,,,,,,,,0.24091003290531213,0.25111734281440207,0.24766599429063724,0.2473334245893488,0.24695972659840398,,0.25265759909736973,0.2702463503609928,0.28803296347067026,0.28761255367630884,0.26256953171355596,0.2588955893836364,0.2765093294484202,,,0.2565934669732117,,0.3035152463094924,,,,,,,0.25402600355879845,0.2562339397279083,,,0.2638292521223345,0.25893069163541826,0.23903358979831543,,,0.27689853934589487,0.2655810824010157,0.26429867310451155,0.2668531520787164,0.25440859714528197,0.24267394988001764,,0.24472601702308755,0.2515903110405125,0.2487895704877722,0.25300406771295403,0.25165048173874777,0.2407127630475133,0.2473011123512968,0.28971565647098096,0.2830472420900914,0.2594293813456494,0.24415256097723909,0.27227197640761147,0.2608984341838075,0.24419198586507726,0.242627677817545,0.22872115875572813,0.23504964147556742,0.23919339674420825,0.2574282884943398,0.26055689008369715,0.24547744560927576,0.24507509289325258,0.23716973422736917,0.23308833300669463,0.23292510005802905,0.23330717607318877,0.2328933704954538,,0.236747613645289,0.23810409782930808,0.1907113431301495,0.0,0.18814507836798466,0.2573778731076728,0.2701431732349884,0.24189540447691077,0.250103902827489,0.2647117601337968,0.26663755721895516,0.2682354515248143,0.26126727779803416,0.2733839412155353,0.30585614185900306,,0.27453416219237103,,,,,,,,,0.2526225468633401,0.24262109750797156,,,,,,,,,,,0.28165604237319314,0.2622156490056401,,,,,,,,,,,,0.2587269737432613,0.25098269417188196,,,0.2584198130654286,0.26605454433994835,0.26407117896408144,0.2749890008533685,0.267663686487492,0.2503650244485312,0.25859688043420054,0.256223153924163,0.26766705912143823,0.2935608254682942,,,,,,,0.2867817216873299,0.2686396040648434,0.2551110140256702,0.25314425957808295,0.25780726922234487,0.2637591234410257,0.28232843243031375,0.25972068285020067,0.25526757620067103,0.26204470935309476,0.25783585038965057,0.24946685242270084,0.3496386386294988,0.33090214562356646,0.23823700613599122,0.24230329237009793,0.289700476011695,0.2720532911874941,0.27298807459636026,0.25855142620136023,0.2582635804553791,0.2602304649765656,0.27202457071169367,0.2718763288058963,0.25545617202209997,0.2445513382760069,0.2603956378648952,0.26756941443093896,0.26896262019686346,0.2720557631660109,0.265218135514243,0.28003018398006824,0.27739148238617267,0.3560213687335104,0.3609366431305091,0.2588315985256036,0.2733395882664848,0.28116997933783483,0.2772103706643697,0.27160515790134077,0.29378772007576054,0.277299292729651,0.26302391805760295,0.2762368314171297,0.28448228453829316,0.2998490125516565,0.32613698646689365,0.31308350813144353,0.3028831577293218,0.30766278176076606,0.2977343924490851,0.2973382242931036,0.29792795299459063,0.28750000006545073,0.27986402109267317,0.28099899060518485,0.2913474049687133,0.267868675565176,0.2696549425060455,0.2983266569580262,,0.27725160792217785,0.26853579212746803,0.2756176002302146,0.28799622899966326,0.28635385716887524,0.2968314030389398,0.2999505699524822,0.278005260057938,0.27757317201834325,0.2848730313727359,0.303837224250896,0.3132945354089966,0.2892837819827462,0.2855458140716099,0.2817548374550037,0.27048218445964445,0.2687711789416606,0.27810309716481535,0.27726694178137523,0.2880121302284682,0.27710857778473685,0.2650761540927833,0.26186201924602276,0.2609144415551168,0.27280931790083524,0.29091618323278345,0.2812318177843931,0.2808291104819346,0.3001593323333725,0.295284538159681,0.29209247725654625,0.27101158370061795,0.26562191819919245,0.2889312839395247
90,,,,,,,,,,,,,,,,,,,0.25124853196188895,0.25915793592310565,0.2538268621324562,0.26347468295320264,0.25292431097484774,,0.2560721550856101,0.27098074459518195,0.29408406847207547,0.29385120520457153,0.26127990903250575,0.2538033708788488,0.2885895032132552,,,0.25031018629140134,,0.2908888652444522,,,,,,,0.2535569304872433,0.2553639360487852,,,0.26773535131204973,0.2492050524287116,0.23610259881082898,,,0.28806914012133017,0.26702865524289016,0.2615680733714894,0.26782262511228566,0.24999163115490547,0.2465384111177859,,0.24609361702874322,0.25510141729391034,0.24761155540160515,0.24796376118581548,0.25191358875163705,0.24362317776994408,0.24782100161923565,0.28410385875899435,0.2741783617710999,0.24575900306230228,0.2384395372150245,0.26294101016083316,0.25831109611490105,0.24171383334192081,0.24315447277370025,0.23671108106407787,0.2419512250935292,0.26209879877690856,0.2725187725850031,0.262342449791354,0.2500049328816223,0.25258266478787733,0.24488325828622176,0.23973122344868533,0.23076169085784878,0.22785643225874078,0.2231529677971155,,0.2305291158249526,0.24379472249870335,0.2655412951586096,0.18814507836798466,0.0,0.17821240633965568,0.27130438096750253,0.24610962436634065,0.2480815433132636,0.2631498554843574,0.26593698171234986,0.271807882246005,0.27671434127417427,0.2879239883746797,0.3115387333556002,,0.27386158009740713,,,,,,,,,0.2487098209134827,0.2341179358415656,,,,,,,,,,,0.2832342794009004,0.2610230808801579,,,,,,,,,,,,0.265757486402124,0.25443226363510935,,,0.2589455636164311,0.2631655963320876,0.26189618453307606,0.2811532420721598,0.27415086096937946,0.2536432990245934,0.2503835216146003,0.2524756225923525,0.26869769054255865,0.29251382931171616,,,,,,,0.29090306974780966,0.27304404438005864,0.2631699911701291,0.2555559214521867,0.2543491105932199,0.26682425336206933,0.29417416720375755,0.26552464871685716,0.25141164402077437,0.2633622283251302,0.26495167491883775,0.24721196331144157,0.3334070921945521,0.3184258883854598,0.23990735215407882,0.24164444241747218,0.29382237246685217,0.2797109331901674,0.2897351673969075,0.2691846298654572,0.2650431789180904,0.2536482412118972,0.26438209809104196,0.2605739935731666,0.25298438751249214,0.25277135847121185,0.2615366110837061,0.2687123847008267,0.27851491860851013,0.27969621910377657,0.2671714346956754,0.2848598781342167,0.2666097640401332,0.3517497350215501,0.35474048390502766,0.2543602087436266,0.2750494239611734,0.2910280421307452,0.28689131462492906,0.2748691197079483,0.2923764683893245,0.27892418071611647,0.2739062291023664,0.28004954184362296,0.2848927229273342,0.30230135113437806,0.3309634372039956,0.324575612520831,0.31392983382425416,0.31348075703144784,0.2993246377507257,0.2967695187094658,0.3000482982345834,0.29274837130747594,0.2805716213843547,0.28071519600511147,0.29766517746922116,0.27410462231642263,0.2707425695335239,0.3053008202631767,,0.2793107179071053,0.2604885282919258,0.26692698342743665,0.2902598765864781,0.2921806434285156,0.30133437128796936,0.30698414834049526,0.2857181556866381,0.28310957440665846,0.2881746267711485,0.30709256968417326,0.3209864777039112,0.2883148769622668,0.278120118202845,0.2768963507694396,0.27180164898362497,0.26790774010039325,0.2767142257910179,0.276389086544092,0.28946594696292843,0.2779360317373648,0.2712394850182969,0.2605739018564275,0.2605136851471648,0.28093563713866215,0.2960287720952733,0.2836309722726526,0.284586776746017,0.2967758951175186,0.28983961437598593,0.29117009514311176,0.26867615916708515,0.2659183598499563,0.2983852560340314
91,,,,,,,,,,,,,,,,,,,0.2612155805290454,0.2555755374738406,0.25120095697366873,0.27037999452398875,0.2691464420516909,,0.2676195710281107,0.2521705172934826,0.2660425894253321,0.2768214871802532,0.25799172404523685,0.2566525668781767,0.26963567879670003,,,0.259368712603796,,0.35393284672183195,,,,,,,0.2540020126807215,0.25163385868708094,,,0.25593023350788124,0.2559306194718715,0.2671176123679877,,,0.2681475503717752,0.2564894336690317,0.25010650658575656,0.25669276050899215,0.25245501989503544,0.25786899906239763,,0.25908480623126184,0.26064553051077316,0.2550343567232979,0.25316655538791905,0.2521396307372074,0.2581999658439888,0.25463749012489867,0.33029442196528247,0.3311379889577107,0.30371713653405524,0.2918271762347505,0.3165440297863807,0.30440237323751773,0.2826758194271497,0.27510558619191255,0.2597985025361643,0.2809386085686045,0.2768268826672976,0.2616199053957793,0.253332742622078,0.2509092799159607,0.2522316804470041,0.24950360771873756,0.24890850108694984,0.25591376975251784,0.2652197315256806,0.25606678589096565,,0.2743189354795508,0.26268821471537357,0.26206886008465796,0.2573778731076728,0.17821240633965568,0.0,0.19349842042383114,0.25631788333263206,0.2563043487336561,0.2497835126952358,0.24546411038306842,0.24728301024774724,0.25667706014161296,0.26061944046945784,0.2697668049261658,,0.2604227365764909,,,,,,,,,0.2703114338551649,0.2653135814091886,,,,,,,,,,,0.25961258982325214,0.2521442240450467,,,,,,,,,,,,0.25662176221414745,0.25745703627782973,,,0.2555026304062301,0.2583349411110859,0.2501741133902276,0.2587772235607816,0.2595258826228869,0.2594510678259463,0.28594838164890046,0.27365458888373456,0.25363473062263187,0.2670539965641962,,,,,,,0.2652812069520888,0.262352836735219,0.2550201599603372,0.24954028951852428,0.2732609480161595,0.279377994636956,0.2715465018305585,0.25357940609615853,0.25614344806344663,0.2640251737817142,0.25068555504583584,0.27484630741236,0.4084918191446284,0.38042895749334243,0.26709666773685503,0.2595617941108509,0.26540759209239784,0.2564880281931648,0.268976012855114,0.262068504545556,0.2578448044474709,0.263918084458243,0.30115637898660436,0.3066147382098276,0.29264033460833533,0.25835762916453753,0.25071314778952647,0.2562823820624607,0.2601289970243333,0.26010712373898653,0.2542657116548315,0.26067902120816305,0.30545724178315403,0.3976752644307848,0.3992375540903467,0.2683471237937652,0.2630880214024522,0.2665171466212747,0.2665034516943036,0.259503516232367,0.2735040868434316,0.26420129650615365,0.25840495627314464,0.2654096423346481,0.26321463504543896,0.27002623744578585,0.28754870022575457,0.27883449150306405,0.27606166052799325,0.2768213458454378,0.2655925217887454,0.2656578121287718,0.27084627479179324,0.26862241009986393,0.2605398652946174,0.2617130350529582,0.2707731702980767,0.2698502149448162,0.26737770875258543,0.2733490108669426,,0.2564210539022038,0.2553182449024188,0.2595179731643663,0.26741348857964564,0.26384960091783755,0.2664985346685859,0.27234216856083865,0.2612164661048451,0.25857887356414216,0.2608010619811,0.27015206750476123,0.2822874839929606,0.2596130888365087,0.3114056279096738,0.3045773378677999,0.25344202571922914,0.2555949050328965,0.2716733161581613,0.2639001994940428,0.2659807133774304,0.2593686642787282,0.25450031499201836,0.25802889777734606,0.2622662684670649,0.2590561939782907,0.25873366672450626,0.26138063924014804,0.26464052221944917,0.2641050152381077,0.2601335782213479,0.28093179919683603,0.279319854195399,0.26992572629767664,0.27955962760797465
92,,,,,,,,,,,,,,,,,,,0.26914680585696016,0.261560570458936,0.25973876295225384,0.27773989516469416,0.2808309951683878,,0.2707770175994056,0.25278644028874714,0.26622596165472134,0.27944166531185677,0.26602690459429457,0.2614170188569023,0.26638887754731905,,,0.2674665101562228,,0.37234205021782263,,,,,,,0.2735899644171949,0.2693867918690604,,,0.254801070712993,0.2634133058789544,0.28074956641250215,,,0.26182643944913536,0.25529960932920537,0.2559023249186759,0.2629516611014666,0.2607832731167718,0.2582179892053498,,0.26373072309198947,0.26583130556726364,0.2614367227352252,0.2575636184667874,0.25193874620958373,0.2578587893974317,0.25322995380781527,0.33891193194421615,0.3437442812576802,0.31797960474830117,0.3068526480631896,0.33226385652200685,0.3162249516687604,0.29678092399815903,0.2852691488811969,0.2680389113161789,0.29159365241764384,0.2779802988120504,0.257849511912554,0.2486662106131796,0.24759139086061413,0.2527625617393428,0.2526556638659462,0.25338463668228606,0.2662291860037208,0.27591970065848415,0.2756390141631523,,0.28175513496648796,0.2685380718022405,0.260962655955043,0.2701431732349884,0.27130438096750253,0.19349842042383114,0.0,0.21414036829258423,0.26270838335789753,0.2483861366399099,0.24529911915944355,0.24545132292867555,0.2532672084186419,0.2563187153181448,0.26503089063001206,,0.2639444579723348,,,,,,,,,0.27899547920650875,0.28191222686575884,,,,,,,,,,,0.2538299018073265,0.2551427968737745,,,,,,,,,,,,0.25836215029611614,0.25954142712035994,,,0.2567417305676376,0.260313509062432,0.25999208559953596,0.26357221449942747,0.2681552797927274,0.2723036395986826,0.3074118583267178,0.28983813192734054,0.25525252726415587,0.2665196028211775,,,,,,,0.2641584600486862,0.2607053437569706,0.25186122876407546,0.2541431705720997,0.2820578440271724,0.2818015303833548,0.2657946541897656,0.25497068206363965,0.26696265073825715,0.27033865856866074,0.25633992514491893,0.2826189234759446,0.42707172902919754,0.39748871646304007,0.27884522842992143,0.26894325094148575,0.2666172380860295,0.2540417081031161,0.26497853708017105,0.26227431616435093,0.2622897718216074,0.274402598826351,0.311788604300703,0.32415668608937187,0.3097748979010589,0.26578319157502645,0.24867015914390447,0.2524142521220383,0.2592489484397296,0.26267882497852535,0.26151211474328284,0.261800727862088,0.32370673989834753,0.410251568058712,0.41103628093318906,0.2769755463122134,0.2640557476901022,0.2647980326756826,0.2672435332653331,0.26303444891200334,0.2715632027955469,0.2608837512743121,0.254534996224048,0.2625093894871494,0.25783761561300705,0.26620625156835476,0.2790642632146036,0.2726382631844633,0.26885790002412785,0.2688572796218687,0.26420985036190653,0.26646483218872047,0.26640501783067533,0.2635971953803691,0.2608625809323041,0.2609985113447095,0.2621065940594278,0.26236935770021363,0.2658760812104406,0.27137931215102745,,0.2574120496452338,0.2639170365826081,0.2649031072991591,0.2685776994960171,0.26554015765918026,0.26534804488447766,0.27118544604683364,0.2621696111113097,0.2622238156546454,0.26257134996851783,0.26869589081792195,0.27410854481363556,0.25830982992874013,0.3225418437182936,0.31070945260093663,0.2591448039528446,0.2643626429931323,0.2708011664498919,0.2608298897681495,0.2638487238261082,0.25715917969790536,0.255788516829607,0.2721779176819514,0.2732905228571804,0.25785270685764217,0.2556796998271538,0.2587999365247815,0.26399994156987466,0.269557894354201,0.2658939996639041,0.28440974374269606,0.2865582185503312,0.27402595817393505,0.27554450439241185
93,,,,,,,,,,,,,,,,,,,0.25682655634185614,0.25128632034154685,0.24945931774657606,0.26826136209451873,0.26152388306446994,,0.255253293593256,0.26954334872742186,0.28446100385316786,0.28844522457204064,0.2627377076323189,0.2542681465021351,0.2784685511298276,,,0.2616145657244068,,0.3032045002286094,,,,,,,0.25565651812685847,0.26398423912794433,,,0.2661995697485257,0.25194942072300575,0.24356855734020483,,,0.27749104813585174,0.25933864018341046,0.2568895302920445,0.2640974007832867,0.24353702117189246,0.24201668392944414,,0.245975804243212,0.24303328343893743,0.2442262150529481,0.2501904914664856,0.2498055349588002,0.2390771599309799,0.2449556989370092,0.28375009624165626,0.28299621603165176,0.2625043762181845,0.2453466409123371,0.2664026721807597,0.2541580374650766,0.24057035164686708,0.2384811841219614,0.24349413061283398,0.24976833760744285,0.2589993881752928,0.2668750145760552,0.2518639249356568,0.24180635624625077,0.2505166202172303,0.2337542095297615,0.23297089000970195,0.24168832793021353,0.2404858717121317,0.24458593132675566,,0.24735611701944907,0.2480595019028595,0.2543915304134491,0.24189540447691077,0.24610962436634065,0.25631788333263206,0.21414036829258423,0.0,0.14612782892201462,0.2591655188086351,0.27159734515830825,0.26839396427633333,0.26146202416152964,0.27753909074586847,0.30150966299582543,,0.27563730870445713,,,,,,,,,0.2525657225389298,0.23735249647827278,,,,,,,,,,,0.2645112255543602,0.2496662277131532,,,,,,,,,,,,0.2584710599274299,0.25437447246771505,,,0.2655826127312941,0.2654795376682008,0.26328144722879304,0.2810966327082109,0.26790823424183086,0.2500588908060923,0.26464398014515916,0.2577571244540565,0.2637399662067781,0.2853243061403932,,,,,,,0.2839707801550007,0.260411215438538,0.256913477713422,0.25407717315845724,0.2633394849019657,0.2722502162440008,0.2868906291794119,0.2673821345159433,0.2492813762127882,0.2523934173742799,0.26112448709761604,0.24993303893632732,0.3440069852127927,0.32104182946302706,0.2302160395221524,0.23754231004929632,0.2851283736682141,0.2705105534586007,0.2780157168293003,0.2636874249642432,0.2659943382912343,0.2562943827408334,0.261685110069633,0.2579131564328575,0.2530256176580583,0.25652140216642316,0.2523678591695293,0.25452864692684846,0.2681423594503849,0.27164044908943136,0.2694129288389104,0.2803978767371519,0.2905846042771891,0.36212788575662747,0.3648077427756768,0.2614058711992396,0.2854149109613399,0.28745702165146064,0.2823705473446361,0.27500555991449144,0.29176758068578434,0.28342384767584594,0.26748781886026496,0.26962994707089866,0.27567502153649304,0.29781916948765447,0.31966207590933493,0.3080780439451994,0.30210125055541653,0.3026042817297829,0.28946292406573854,0.29321909220258696,0.28645347345522215,0.28099568692696275,0.27837130700766277,0.27400498087538366,0.28292722295406836,0.27671657557113455,0.27674027261164924,0.2988424088101296,,0.27521135616460807,0.26152550970141597,0.2705364616077436,0.2805375291128389,0.27978328774600675,0.2923852163431408,0.2982786935405002,0.2767709533934559,0.27708987816808317,0.2825669176368628,0.2960042867517643,0.31366314519959926,0.27825797896395443,0.26793202924865656,0.26323042969329863,0.2684644843825728,0.26185378732537085,0.2607010246736818,0.25805970408320905,0.2805431722294595,0.27351569333765835,0.2661864358009412,0.26559462065363304,0.2644391309898027,0.2675194615634406,0.2801663551846836,0.26914192710362134,0.2741948951148919,0.2973652696525627,0.2858406352189878,0.26864016735097174,0.25124935545034455,0.2549757513134174,0.2806301743560172
94,,,,,,,,,,,,,,,,,,,0.2565908887138223,0.25224454096472465,0.25276896415835526,0.26855443620948183,0.26535026807188333,,0.2627947504057762,0.26827948827874565,0.2804680748946685,0.29159950268871415,0.2699861474594075,0.2608623506770079,0.27501425118948086,,,0.26323591698443644,,0.3165602401301957,,,,,,,0.24875925607668267,0.2624088172978334,,,0.2626441067958861,0.25329486977198923,0.24276674156752925,,,0.2745341775829216,0.25754313640710536,0.25325681353553486,0.2595674966482837,0.241955812476222,0.24552382746258805,,0.24305317611442687,0.23673757328150635,0.24418590163326326,0.2500108888393849,0.25124025217411994,0.24132438585747196,0.2491246907877739,0.2905783591128458,0.2897858933913843,0.27023521455497734,0.2553002609226385,0.27489339769119037,0.26057530819618985,0.24885365978136934,0.24620055879185135,0.24288639729497483,0.249012419098678,0.2572841722354309,0.26375749726953834,0.2529012417732563,0.24086998932768836,0.2489971371011317,0.24053758482511242,0.2365594474859038,0.24437094742607565,0.2457814923347046,0.2513416301889926,,0.24924192353718355,0.2492504360319685,0.2571107601632995,0.250103902827489,0.2480815433132636,0.2563043487336561,0.26270838335789753,0.14612782892201462,0.0,0.1912629841524374,0.2678869315795709,0.26576258164667116,0.2609252725622465,0.2716231228146734,0.2957240850935523,,0.2673364716021818,,,,,,,,,0.2552856398024401,0.238548175291036,,,,,,,,,,,0.26168866827012693,0.24627996447635347,,,,,,,,,,,,0.2580415035544913,0.2551433116242576,,,0.2610937744032305,0.26238244880930117,0.2621220556203636,0.2767398890632536,0.2667291352155153,0.2528726912294844,0.26794973567070557,0.2659959750238067,0.266074299304448,0.28162123363691,,,,,,,0.27447142944598973,0.25758625863072815,0.2623095078902475,0.24903631800199652,0.262366536663694,0.27290808618001733,0.28318580868628285,0.2638664284906994,0.25346177414997256,0.25709564334059526,0.2587792766430179,0.2543241606803975,0.3655626286683916,0.33996328434199563,0.2350447951141291,0.2413058949082776,0.28329943102017047,0.27255590589244083,0.28041503073111956,0.25842247796137574,0.25583889487918315,0.2590224852875039,0.26639321130276583,0.26424174265386247,0.25962838747102984,0.25821132421143766,0.25262364344899324,0.25258615360021563,0.2587134359083173,0.26443721109636315,0.2664106778969042,0.27431732380536655,0.2963000586132637,0.37449478287795196,0.37464640295476803,0.26744288923731996,0.2829828051922228,0.28540109772592187,0.28080711944101955,0.26874559038663104,0.28851752075312675,0.2827635439990912,0.2703075394019951,0.27054553644859464,0.27383882085361405,0.29435504140513524,0.318447326184289,0.30260965723959665,0.2953409209089089,0.29613673655845946,0.2883890821888334,0.2910115790969147,0.2854751089826967,0.28168457408863334,0.277427074217731,0.27428746979818847,0.27912604590275464,0.2763772341159724,0.27842155102722393,0.29009307317245797,,0.27030787967036846,0.2523317820143346,0.2611271099194923,0.27561807513974307,0.27483084402605684,0.2869157483325994,0.2914243279148179,0.27228977831122847,0.27388535679435044,0.274246421844043,0.2892440320749416,0.30616391235976564,0.27362771778568323,0.27286989110241855,0.27037434859704923,0.2665930833865808,0.26144323756286114,0.26672592835292647,0.257600279280633,0.27124154429396086,0.26622200870559126,0.2629978901170439,0.26302178633841233,0.26175859701636506,0.26406301079390726,0.2734740156875355,0.266112344014081,0.272574271445595,0.2923488086743354,0.2784050143595143,0.27300339716838967,0.258499841082859,0.2570380772121517,0.27623287093347787
95,,,,,,,,,,,,,,,,,,,0.2614872164331904,0.26280803645612133,0.261290362379033,0.2694785853292416,0.2754273896606229,,0.28033270575916164,0.2574447770808453,0.263988450245507,0.2840398349761559,0.27525300411565506,0.2699326761842877,0.2739189639179114,,,0.26751837042822374,,0.3691271920158998,,,,,,,0.26357345129747695,0.26166170231981317,,,0.2549404488417363,0.2599800326789322,0.26585198584640213,,,0.2647834351020315,0.25692335003452854,0.255503042496531,0.2590901159929093,0.25505281550940884,0.2571311809142748,,0.26152940139494635,0.25498677069140124,0.2558648310072996,0.25739540353054885,0.2535573638655101,0.2518128514194694,0.2534998087814897,0.3302469878493033,0.33036323698119785,0.3092956373367261,0.3034041342153897,0.3264131138242856,0.3107381298361585,0.2913597086533967,0.27836248791327356,0.25604797939468654,0.27960744695070533,0.2715898853303314,0.2595148088339146,0.2558664712240184,0.24815337002739304,0.25295273359750264,0.25195400501510334,0.24809719554726203,0.25960446446534724,0.26894082556217047,0.2733349398489586,,0.2710770454186192,0.26305084840623394,0.26259212901079804,0.2647117601337968,0.2631498554843574,0.2497835126952358,0.2483861366399099,0.2591655188086351,0.1912629841524374,0.0,0.18232288893352094,0.2493565258496621,0.25184546292380783,0.2582007693879346,0.27692614653332265,,0.2609912649358501,,,,,,,,,0.2623416645865639,0.26342004541272274,,,,,,,,,,,0.25395362077726935,0.24873831164633453,,,,,,,,,,,,0.2578737670245186,0.25566482522541006,,,0.25769690276524027,0.2605420490029679,0.2575313724598911,0.2622709195428798,0.26424780494028294,0.2717840810327718,0.30254806936859296,0.2923826083021983,0.2612168955169185,0.26815068624488575,,,,,,,0.2588767190169906,0.2587408982738214,0.253776396925465,0.2469037239658996,0.2755920314178376,0.2763534779289369,0.26348294795502053,0.25616873532432294,0.2744881070672501,0.27115620524921663,0.2531167794410545,0.2779240924746283,0.4255644806830908,0.39401948050465296,0.26961993794586464,0.2624104857862089,0.27216778967396893,0.2625875780422436,0.26931408954488456,0.25429972723203065,0.24825641303293297,0.27101476778290445,0.30408832890664683,0.3160039907348306,0.3006868291324211,0.26235098083253283,0.25093623786733366,0.2552481923139347,0.2560027031665271,0.2578349713434487,0.25687606067849045,0.26085545665427073,0.32233692138955683,0.41097651484580644,0.40658679526959896,0.27222781411920066,0.26763514893990364,0.26886324155431307,0.26915462889756814,0.25765488243935536,0.27331309169804296,0.26913428373793935,0.26423549653715295,0.27068068705477616,0.2641111964011428,0.2741710253650912,0.2929581080971212,0.2804446815566542,0.27248436209740934,0.2730687530006484,0.27332414674453914,0.2748369027709479,0.275272498211713,0.2703001127416013,0.2635512376210411,0.2697189063856931,0.27323219094229084,0.2723868913492773,0.2739438046784086,0.27064934283085956,,0.2602981180798915,0.2566971978739529,0.2527367881005048,0.2638570154250219,0.26872769002022046,0.27126662470284313,0.27149499267370875,0.26321536835880804,0.26381784389048585,0.26202364935401196,0.26908075519326113,0.2823886259337674,0.2635420332654277,0.31454328684358,0.30501755455166235,0.26132138027667207,0.26786294328461824,0.2754571240608309,0.26253720349246495,0.25886942664793267,0.25710949377267756,0.25719320639936155,0.2705967946249123,0.27323354002331673,0.25905048659250135,0.25952334327112864,0.2621305058456777,0.2666848348857265,0.27271219516481127,0.26817375897204027,0.2881706081509289,0.2893966337691519,0.27282725847442335,0.27395382455249034
96,,,,,,,,,,,,,,,,,,,0.2700419749288679,0.2678810893164697,0.2614133611465568,0.27370046057654346,0.2744074005794302,,0.27891132028393595,0.2530814022843815,0.26576690482185167,0.2759097421265771,0.26920086374572055,0.26734410197570563,0.2710261459543456,,,0.2703725150329188,,0.3765012544195133,,,,,,,0.2704202493429265,0.26387568353449903,,,0.26107861783675884,0.2632288442746057,0.2778435550790374,,,0.2609433072770304,0.26065098021169847,0.2572803095959677,0.2623044158295602,0.259366832227111,0.2602887504032349,,0.26791173451223715,0.2672189115748475,0.2563160774999329,0.25691820439174917,0.2628750739759191,0.2606667460726626,0.25900423112196763,0.33853714997675294,0.34209755050908625,0.3196188151066949,0.3153439289589092,0.33578051835404615,0.31860362914626134,0.2991073938092,0.2880723813283036,0.2680775654549045,0.29398884570080597,0.2856580350933387,0.26954928066895006,0.261776570855023,0.25335811469714914,0.25620029180441806,0.2545283665850101,0.2553608845634721,0.2599245018662135,0.2717623506191374,0.2777222403049348,,0.2759723963536576,0.2678997886679586,0.26574159486638543,0.26663755721895516,0.26593698171234986,0.24546411038306842,0.24529911915944355,0.27159734515830825,0.2678869315795709,0.18232288893352094,0.0,0.18767101384900206,0.2550553073064015,0.25889371085892454,0.2686617169677937,,0.25743012008577565,,,,,,,,,0.2654219667516839,0.27288991142603475,,,,,,,,,,,0.2510256182851754,0.2502354877709034,,,,,,,,,,,,0.258968085457694,0.25826275912079505,,,0.25838075899697277,0.25811719423297613,0.25714330259982343,0.2637550453658295,0.2641643278917596,0.27315471125490115,0.30654914516140536,0.29224978407633684,0.26332711837103384,0.2633415656487676,,,,,,,0.26218302261460513,0.26493443839280056,0.2545846242289716,0.2508743565415804,0.28216386937191273,0.282715230509081,0.2648438394676113,0.25498109583589246,0.27286233711855973,0.2719534659155235,0.25343554182395667,0.28322683097196877,0.4335937523033411,0.4017934576108677,0.28260116005492897,0.2687124922120577,0.270662523016385,0.2642753415886817,0.26526270240313626,0.2559085428695397,0.25678605846063324,0.2716956648416679,0.31396065539419243,0.33004600875978407,0.30872483967902853,0.2583154595821376,0.2535961220974293,0.2589022476314752,0.25858881514162213,0.25939756842166917,0.2565270285090949,0.258356311161179,0.32609033709191015,0.4186469842071416,0.4174883834691606,0.2756355033627975,0.2637276582503787,0.2656525812886804,0.2738354696434313,0.26347777630443464,0.27439584931132865,0.2672618536723774,0.26368448376260967,0.27121477452053566,0.2652643973732387,0.2691590508698417,0.2859535833105867,0.2784740034223329,0.2705968574451692,0.26913070194976285,0.2652826208822314,0.26794590999046386,0.27224038802163697,0.2643654768405424,0.2581482270851578,0.2695637666550517,0.2726882206734473,0.2707694119913389,0.2719534024640773,0.26566385895166855,,0.25941837013057845,0.2626256450280178,0.2563112687747792,0.26037449063518997,0.2624674353996848,0.2652960321958612,0.26997828390002737,0.26599124537193786,0.2656646541059224,0.2625198101007246,0.2667572171786578,0.276594190454657,0.26536377064696487,0.32245516895012355,0.3127450350768091,0.26262674879853964,0.2658402328027081,0.2748167479055762,0.2638656584194408,0.2617740196833134,0.2550596337394531,0.25493277943430004,0.2717022851381542,0.2748035880273999,0.25851529532766504,0.25742960299761836,0.2595180815304561,0.26091655995713353,0.27177511910196944,0.2683075840851286,0.28804991537037145,0.2928521618757262,0.27765780370326026,0.27496377383999665
97,,,,,,,,,,,,,,,,,,,0.26131136798840116,0.26338372082647404,0.2581718079707037,0.26903745456946315,0.26615009097577563,,0.2718957331242578,0.2582576152462986,0.26255440879769865,0.27142942724282587,0.26363847921311245,0.26193338394855936,0.2616047158712608,,,0.26381632065851607,,0.3706876074127768,,,,,,,0.26196251141739146,0.2598181514860664,,,0.256180756173561,0.2595251504459191,0.2764270435023847,,,0.2577195734531903,0.2551773800524061,0.2496820263774387,0.25520315942413574,0.2565018700111163,0.2602413471111578,,0.2641646511988605,0.26548800440007153,0.25680470006411993,0.25459605924016093,0.2566513116236331,0.25721079702407956,0.2591156806002653,0.3356102877432694,0.34295256303579075,0.31998622989129105,0.3088925377003319,0.3330975580701314,0.3153978498816232,0.2983241330747292,0.2893830864233832,0.26040727123846136,0.28754641122244745,0.2802199941369018,0.2620913797115177,0.256725849709625,0.2516242833578353,0.25502902643392433,0.2519175796106424,0.2510867868402227,0.2627028758751145,0.2732495868278341,0.26914981804251115,,0.2820713563847184,0.26551824943509394,0.26166930664529897,0.2682354515248143,0.271807882246005,0.24728301024774724,0.24545132292867555,0.26839396427633333,0.26576258164667116,0.2493565258496621,0.18767101384900206,0.0,0.1792426208794614,0.25340703494678074,0.26611269621459677,,0.2555863199180277,,,,,,,,,0.2653122557815282,0.2696036230066739,,,,,,,,,,,0.2552215093813788,0.25072495872317097,,,,,,,,,,,,0.2540134188647366,0.24891778621391292,,,0.25184337481076996,0.24954034912046383,0.2504307579206283,0.2539262025729444,0.2503276627337975,0.26272258681554195,0.2987046747821681,0.2802650537648818,0.2500069673560834,0.2600059636367734,,,,,,,0.26060066742985194,0.2554262364997611,0.2502042178962116,0.24521017389791105,0.27243725263137725,0.2694728637712032,0.25676876018881467,0.2502138399558075,0.2628452975705162,0.2657859260245786,0.2512319311939148,0.2740482642736353,0.4265414854908932,0.3933699417448015,0.27292526328396605,0.2654476809495924,0.263918991249172,0.25462063114162947,0.2627070158933255,0.2505767725841506,0.24727788150209187,0.26741944856228117,0.3075968621102736,0.3208952434391754,0.302053548697293,0.25286532039702764,0.25021299052816137,0.25724257967896746,0.2604246393479128,0.2583471630850381,0.251706591913831,0.2528067533525118,0.3213674089202523,0.41408013895016216,0.41455771848999606,0.2711787185851801,0.25766082554705666,0.25941699925014916,0.26269268815540703,0.2550841593095931,0.2720351869584181,0.2657901908090952,0.2516500955924132,0.25621776037430505,0.2551399881581008,0.2580656709356016,0.2771976660179588,0.2742214944067865,0.2650419355744405,0.266740134881449,0.26443699502414586,0.2642295149537992,0.26485268910557425,0.26155396846921225,0.2554886795458659,0.26300752714333675,0.26592053421707007,0.2673292662152963,0.2656968938418376,0.2606923858141211,,0.2531196543627825,0.2567345885013534,0.24924756355221078,0.25930697062443403,0.2607591805196278,0.2633535514287058,0.26573909139198515,0.2572689728093631,0.2592340909931291,0.25727136451165,0.262324587960498,0.2682494710691437,0.2523461205941076,0.31501460712090806,0.3075567268946916,0.259041334056581,0.26476993349032624,0.27459219227148507,0.26116227637840433,0.2568390514458526,0.24696572926616733,0.2504484041875936,0.26318332382929377,0.26773809374887886,0.2562519065812437,0.25266453921934645,0.2566136864315287,0.2548786331744775,0.26386808708086973,0.25364260348864465,0.2794161833154688,0.28615375598958065,0.26897330242438205,0.26787470668547164
98,,,,,,,,,,,,,,,,,,,0.26095452535496566,0.26210171111117286,0.26018231709553147,0.2672499163552411,0.27217493948742866,,0.27449641318286055,0.2651323046669435,0.26984604196894413,0.27957263666465626,0.27041130979367695,0.27108256309174183,0.2694201757158462,,,0.26949872139105646,,0.3702331033653503,,,,,,,0.26251731568855907,0.2619734282828833,,,0.26075124849536435,0.264687896227327,0.2748048232592782,,,0.2648727622483477,0.2596179273378856,0.254750098202675,0.25862674503217037,0.260123420439274,0.26828630285840455,,0.26268196464297827,0.264851989550384,0.2629541456823727,0.25824175070566485,0.2567376630404621,0.2591563882149516,0.2601635438984504,0.3404973057162284,0.34199650015535704,0.31914210167266893,0.30372299159099725,0.3328609436521482,0.3190474589013703,0.29547598138378967,0.28654385122065973,0.26012965468768406,0.28190918100319906,0.26970675200704414,0.26264600155348805,0.26363042368566725,0.25662079368583135,0.2582438042531466,0.2556273630808899,0.25347664052215063,0.2640734555407091,0.27634165694841545,0.2736159562383345,,0.28468427920852746,0.2650693103225202,0.2555125055089064,0.26126727779803416,0.27671434127417427,0.25667706014161296,0.2532672084186419,0.26146202416152964,0.2609252725622465,0.25184546292380783,0.2550553073064015,0.1792426208794614,0.0,0.17411886818740316,0.27687883273308433,,0.2624782402613855,,,,,,,,,0.2749714329809242,0.26872331493336665,,,,,,,,,,,0.261076147857882,0.25590133388396735,,,,,,,,,,,,0.25360997663631674,0.25303848549213465,,,0.2609663303311945,0.26029176958521394,0.25928798745403986,0.2610905451472338,0.2576852462155234,0.26459647210329623,0.3055190909034013,0.2905973278986137,0.25644662647959854,0.26605427039957774,,,,,,,0.26718506548512627,0.2584788000635974,0.2501076677384625,0.25302210319488383,0.2796705482477898,0.2765355636322326,0.2634291033524344,0.2517181482416888,0.2619206721594656,0.2657536372649634,0.25074827314779535,0.27641040613773626,0.4258457023824662,0.39538571468861083,0.2733912402085556,0.2660874313819253,0.2708397997811046,0.2611836947005814,0.26814972195979075,0.25541310910341203,0.2513256451847394,0.27225036094915284,0.30953423936906466,0.3223409377872034,0.3063345490785489,0.260786066373427,0.25470914934676586,0.2619332965355473,0.2661827686725646,0.2653356428410619,0.2549538630266277,0.2572860514370978,0.3242439058355572,0.41113518926511056,0.40972338504831163,0.2722348034404433,0.2670633280934771,0.2608895373387924,0.2640585775492337,0.25897077154222625,0.2770556596365891,0.27014010236492847,0.2559569191432418,0.2567317476699748,0.2576214186146008,0.26574338112430584,0.2835604216879964,0.27986306238592734,0.2721643009465094,0.28015469936477366,0.2754502018499497,0.2752605771969565,0.2773310362888623,0.2707724692077989,0.2573909781311167,0.2651968368761944,0.27291112405143214,0.2735467100667876,0.2748083160166112,0.2726877400669475,,0.26256220469592917,0.2633081534252104,0.25644443915644016,0.2654113095490224,0.26758331217115255,0.27074386370864767,0.2726676708278666,0.25974887902871874,0.2593382232078126,0.26507372383686967,0.27270131156559557,0.27861451528144027,0.2601586029126404,0.3225605358742901,0.31443160611170123,0.26149796199971925,0.27179002504850364,0.27997281067018975,0.26466973028719526,0.2573338763325323,0.25296735660172187,0.25628413400223876,0.26615380511319536,0.2689078828076301,0.2636092160120339,0.2649248261425295,0.2671892757608297,0.26521601201043843,0.27293378607014224,0.26534586310928693,0.28903625154016344,0.29269815073807154,0.27086935095367437,0.2717593091071778
99,,,,,,,,,,,,,,,,,,,0.26767371462508793,0.26695791006421915,0.2700976227437784,0.27275870442124883,0.2850152109898187,,0.2866764420761128,0.26522609004929654,0.2713533496450496,0.2847039473537469,0.2799279733584848,0.2840135952193356,0.27212176996459375,,,0.28090409154671886,,0.3996164993858561,,,,,,,0.26997915667456324,0.267257956539328,,,0.26552162148099007,0.2741330887437726,0.2886668406628006,,,0.26161651173866607,0.261318099843215,0.25720132949480135,0.258991121479526,0.26796036719247324,0.27482524468500763,,0.2700752038623367,0.27347413054724495,0.27124089914483523,0.2635217908493178,0.26039947142611214,0.2700942625232388,0.26651055566290377,0.35958401123788775,0.3658953550319134,0.34059327034578324,0.32380651556343515,0.3549938986036911,0.3420592786652628,0.3202985839568752,0.31042234961506265,0.2816504161635186,0.30415300409223045,0.2800195433858828,0.2663568907248545,0.269041599102251,0.26430232050032937,0.2656990617059952,0.26581849054577406,0.2672610575967899,0.27879290911460836,0.2909959637310886,0.29290728437801977,,0.3005646760038983,0.2775136754361785,0.26359077994899877,0.2733839412155353,0.2879239883746797,0.26061944046945784,0.2563187153181448,0.27753909074586847,0.2716231228146734,0.2582007693879346,0.25889371085892454,0.25340703494678074,0.17411886818740316,0.0,0.21280657018505206,,0.2566009004883388,,,,,,,,,0.2948142432519779,0.2961454431333707,,,,,,,,,,,0.25898579783357284,0.2596941327639862,,,,,,,,,,,,0.2640399017102044,0.27395584632260583,,,0.2663661792579461,0.26442430587755283,0.2654297348868878,0.26856957544008614,0.2690940055520637,0.28230583140029025,0.3257039585525443,0.31138900628225846,0.2644139964915071,0.2633207078419923,,,,,,,0.26531717887367906,0.26843362151993433,0.2644307322057377,0.26341658678422736,0.29951510074772564,0.2943413510952666,0.2706369107679952,0.25873743797759147,0.276639419519863,0.28117458991722416,0.2562000945922321,0.2959856192015642,0.45734649159598884,0.4238536034316966,0.29590806809247705,0.28226755291386657,0.27332603474358486,0.2663892049077186,0.2667703510423022,0.2629271719415913,0.2618645461290236,0.2844620038321038,0.33164059299656623,0.3509808143751444,0.3274738467728726,0.27207654415907145,0.2608758321320585,0.26996372453491496,0.26897629577192417,0.2706138638912591,0.26144136699793097,0.2580876805230711,0.34945164343605734,0.4390990812366533,0.43733796634519384,0.2930249028538974,0.2713818790406148,0.26138137960757624,0.26700772099692033,0.26546821480729776,0.2809095830796293,0.27318841051919496,0.26156534893966954,0.2661976218781607,0.2618156293580923,0.2653953701982827,0.27709740882475337,0.27378098638465403,0.26670108937370446,0.27220336316293664,0.2692398267249164,0.27109533470536734,0.2733529327054161,0.26795833039502653,0.2564974649453625,0.26970424065261545,0.2726586448220965,0.27900310560541935,0.2828325656210339,0.271240289993751,,0.26464282575937165,0.26766312027319933,0.2656228223293285,0.26870376867112106,0.2643658560723875,0.2652672059077324,0.27255666973445414,0.26551639429867435,0.2600283234449583,0.26200142229155615,0.27154803518816506,0.2758858015253782,0.26021849362091737,0.34365357110469674,0.3345371021442455,0.26519490794130324,0.271679919868387,0.2806934196189747,0.26244638382292085,0.25540713276201454,0.259477168965478,0.2623405439374038,0.27395644238370587,0.27594101163763873,0.26113197089493984,0.2618338206143509,0.26335530612374763,0.2641973584989158,0.2714320834229418,0.26958698508213347,0.29695051803761136,0.3077848844488729,0.2809411822178457,0.273176796478334
100,,,,,,,,,,,,,,,,,,,0.2844214219726337,0.27941087542590015,0.28564890668013687,0.2981214243949909,0.3069652850557688,,0.3082091906364254,0.27087702564141014,0.2751998393933289,0.2874196280265621,0.2940229161485192,0.2966113294361404,0.2754046949555509,,,0.29978222295087786,,0.4348147902149482,,,,,,,0.2957657117918763,0.2826739472856659,,,0.27302613555366295,0.2929308486155252,0.3218706239865683,,,0.26591771156927974,0.26686253441394525,0.2670244829767038,0.2715757711185624,0.2877156655972079,0.29747169778826216,,0.29133492769027597,0.2903387252803419,0.2863740807911931,0.27869532473247605,0.2805300710665546,0.2943022894022559,0.28691400753329477,0.3864309021289891,0.39530226960711284,0.37152419232340417,0.3605628560180401,0.38811913011455623,0.3717546585046835,0.3510108683197928,0.3416321069280371,0.3141377495650923,0.34080776136001073,0.31274752193748134,0.2807510416118083,0.27750338807216846,0.2849429852163537,0.2870576194066508,0.2881493687963791,0.29302550367612346,0.30785422134541496,0.3234594001497454,0.31931904934350425,,0.3293354131282446,0.30571874174524244,0.28909615261684346,0.30585614185900306,0.3115387333556002,0.2697668049261658,0.26503089063001206,0.30150966299582543,0.2957240850935523,0.27692614653332265,0.2686617169677937,0.26611269621459677,0.27687883273308433,0.21280657018505206,0.0,,0.2687419439513141,,,,,,,,,0.310091611894956,0.322447315675684,,,,,,,,,,,0.26702432450434477,0.2746325161018026,,,,,,,,,,,,0.2760210069850544,0.28965398864454195,,,0.27455216299614216,0.2707326653342917,0.27481978650203226,0.2762680135778143,0.2770606148336625,0.30144851094282843,0.3473012263211268,0.3288307270425446,0.2658637181389184,0.2646785933502762,,,,,,,0.2663173079413172,0.27649695214056247,0.27606253503329287,0.2773760526412163,0.3206904411831633,0.30957364525493397,0.27783793273188756,0.27842232721815074,0.3009923117594435,0.30050284313415504,0.2664031964341972,0.32317849991196185,0.4916179359206167,0.4557277007925237,0.3205235915403068,0.2997081423803555,0.2701785582393239,0.2668210856588236,0.2686089978290636,0.27294369108024,0.28080919262781145,0.3079612301640732,0.3598518946064176,0.3764232933797958,0.3498195672574663,0.2907981913212561,0.2732846551458996,0.2758829133822018,0.2747424878890579,0.2776197344162062,0.27005947941741126,0.2611918149842521,0.37674201146664577,0.47315680300402857,0.4712168143351974,0.30992793592037166,0.2725819632577775,0.2654173816052959,0.2704045309302469,0.2688935264277388,0.28348697234071535,0.28353631744324814,0.27665155111229955,0.27760548722098854,0.2681908208617856,0.26428271121375024,0.2669412354777806,0.26344650553118787,0.2663610311125126,0.2623241992350236,0.2613350714381313,0.26748903442988314,0.2649873544636395,0.2653667678315819,0.26434332693310386,0.27518192465644903,0.270615998701347,0.295542407085356,0.29259330415641915,0.2664135304574027,,0.26673170050435824,0.2837274364518424,0.2775932760167694,0.27072375807610183,0.26661593868527345,0.26138343825464705,0.2647556123729986,0.2641677168984822,0.26243303140459373,0.2624682085717445,0.2656706165847,0.2656621223110481,0.2563315620460123,0.3659331970566848,0.3556108153405404,0.2720095013094438,0.2807738131391755,0.28610128921195016,0.26756206653580167,0.26612926297833417,0.27541966451626576,0.27605974775402103,0.2887328224943935,0.29167129338204245,0.2690928913505487,0.2566023026242273,0.26453625205924064,0.2687083826157146,0.2695095507896002,0.27011713558717737,0.30879401993029776,0.3283250804684397,0.29909856626160325,0.2810119377068248
101,,,,,,,,,,,,,,,,,,,,,,,,,,,,,,,,,,,,,,,,,,,,,,,,,,,,,,,,,,,,,,,,,,,,,,,,,,,,,,,,,,,,,,,,,,,,,,,,,,,,,,,,,,,,,,,,,,,,,,,,,,,,,,,,,,,,,,,,,,,,,,,,,,,,,,,,,,,,,,,,,,,,,,,,,,,,,,,,,,,,,,,,,,,,,,,,,,,,,,,,,,,,,,,,,,,,,,,,,,,,,,,,,,,,,,,,,,,,,,,,,,,,,,,,,,,
102,,,,,,,,,,,,,,,,,,,0.26318867218637365,0.25972423934289784,0.26120755514156496,0.2801885844415569,0.28100472932455706,,0.28190737554408085,0.2632936775078388,0.26480487969255045,0.2766780880588524,0.27965598900527533,0.28228064409419723,0.27472515404285563,,,0.2738783827325066,,0.3827808900202271,,,,,,,0.26830413733569175,0.2695957386403199,,,0.2642498899049149,0.2700265585433492,0.28907773493305955,,,0.25981041636983454,0.25447730055090256,0.2516591322583495,0.25373924129702596,0.25992721033318494,0.27071494938442886,,0.2686698958246369,0.26805163332094956,0.2667789085556673,0.263849299314236,0.2556389941949454,0.26946956205554723,0.269731057625654,0.34727843720186685,0.3554955324453604,0.32796363312451043,0.3179271013840377,0.34655502535553206,0.32944537541130997,0.3117666369834634,0.30619661496925743,0.28017730672411206,0.3011785023094093,0.2901961714128626,0.2684436337110874,0.2588250763105824,0.26071401579066766,0.2620200557716976,0.2603027053252243,0.26847390716693276,0.2765405555996924,0.2822217076760115,0.28070680837961126,,0.29717901384210893,0.28114530682956806,0.2782516992992689,0.27453416219237103,0.27386158009740713,0.2604227365764909,0.2639444579723348,0.27563730870445713,0.2673364716021818,0.2609912649358501,0.25743012008577565,0.2555863199180277,0.2624782402613855,0.2566009004883388,0.2687419439513141,,0.0,,,,,,,,,0.28170685830004655,0.2839441366044288,,,,,,,,,,,0.2620185599867605,0.2599084629553909,,,,,,,,,,,,0.2629283647481238,0.2697476827341354,,,0.2651052475896393,0.2666899720962928,0.2670194401776578,0.26769944123195144,0.2715638134169631,0.2845248015346114,0.3121065725167058,0.298695610724951,0.26244248488713956,0.2637490039486751,,,,,,,0.2681752970229979,0.2710980400494873,0.2648069245325739,0.26010544382933265,0.28623509667631647,0.2862514157766348,0.27263274568289453,0.26105536291455583,0.27685770719079933,0.28344631722609626,0.26522267525245447,0.2937473432644764,0.4409990239448345,0.41248281756027416,0.2906770143264914,0.27973742342368324,0.2756137165156758,0.265429605034404,0.26650908475745216,0.2594872848732573,0.26582051851456256,0.2875321814320478,0.3192108803714048,0.3305655474258833,0.31132019110622844,0.2671534688973565,0.26147206003754175,0.2734795950698781,0.27251555200457744,0.26787528613019534,0.2610217678928718,0.25880845685652504,0.32901661541320154,0.4215999519270038,0.42569952673974365,0.2930742567902296,0.2764538960895244,0.27012870153533924,0.2686559451195182,0.26562452918146917,0.2830344740053964,0.2755911331139458,0.2648766211361473,0.27290311245878884,0.26939413961775954,0.2753614794117753,0.2832799277479159,0.2745959337328061,0.273024341107091,0.2725556440166719,0.2726819233748774,0.2744393420556796,0.27352403882369847,0.2681885887143157,0.26470524304792026,0.2703017367128256,0.27074567126556714,0.27774039373815534,0.2750764796953634,0.26828984514725546,,0.2620336528609536,0.2612668113476682,0.2531295308707235,0.26142168157037204,0.2677805594653573,0.26980425209116093,0.27069029987843657,0.2650429889229494,0.2647181325271742,0.2682836340322374,0.2773197982415497,0.2786621131799994,0.26429011078859,0.32705684330975454,0.3177864104472793,0.26639020867646285,0.2736034706777748,0.28292304610318214,0.2705035632709601,0.2683736592767041,0.26487751247429736,0.2631398421630064,0.27406515034020046,0.2735948206905132,0.26247134339931866,0.26682407752587023,0.27331409942006185,0.26982551187472115,0.2713182543132344,0.2703048069622495,0.29041754309915374,0.2952650094468652,0.27421904464471547,0.2761695248146385
103,,,,,,,,,,,,,,,,,,,,,,,,,,,,,,,,,,,,,,,,,,,,,,,,,,,,,,,,,,,,,,,,,,,,,,,,,,,,,,,,,,,,,,,,,,,,,,,,,,,,,,,,,,,,,,,,,,,,,,,,,,,,,,,,,,,,,,,,,,,,,,,,,,,,,,,,,,,,,,,,,,,,,,,,,,,,,,,,,,,,,,,,,,,,,,,,,,,,,,,,,,,,,,,,,,,,,,,,,,,,,,,,,,,,,,,,,,,,,,,,,,,,,,,,,,,
104,,,,,,,,,,,,,,,,,,,,,,,,,,,,,,,,,,,,,,,,,,,,,,,,,,,,,,,,,,,,,,,,,,,,,,,,,,,,,,,,,,,,,,,,,,,,,,,,,,,,,,,,,,,,,,,,,,,,,,,,,,,,,,,,,,,,,,,,,,,,,,,,,,,,,,,,,,,,,,,,,,,,,,,,,,,,,,,,,,,,,,,,,,,,,,,,,,,,,,,,,,,,,,,,,,,,,,,,,,,,,,,,,,,,,,,,,,,,,,,,,,,,,,,,,,,
105,,,,,,,,,,,,,,,,,,,,,,,,,,,,,,,,,,,,,,,,,,,,,,,,,,,,,,,,,,,,,,,,,,,,,,,,,,,,,,,,,,,,,,,,,,,,,,,,,,,,,,,,,,,,,,,,,,,,,,,,,,,,,,,,,,,,,,,,,,,,,,,,,,,,,,,,,,,,,,,,,,,,,,,,,,,,,,,,,,,,,,,,,,,,,,,,,,,,,,,,,,,,,,,,,,,,,,,,,,,,,,,,,,,,,,,,,,,,,,,,,,,,,,,,,,,
106,,,,,,,,,,,,,,,,,,,,,,,,,,,,,,,,,,,,,,,,,,,,,,,,,,,,,,,,,,,,,,,,,,,,,,,,,,,,,,,,,,,,,,,,,,,,,,,,,,,,,,,,,,,,,,,,,,,,,,,,,,,,,,,,,,,,,,,,,,,,,,,,,,,,,,,,,,,,,,,,,,,,,,,,,,,,,,,,,,,,,,,,,,,,,,,,,,,,,,,,,,,,,,,,,,,,,,,,,,,,,,,,,,,,,,,,,,,,,,,,,,,,,,,,,,,
107,,,,,,,,,,,,,,,,,,,,,,,,,,,,,,,,,,,,,,,,,,,,,,,,,,,,,,,,,,,,,,,,,,,,,,,,,,,,,,,,,,,,,,,,,,,,,,,,,,,,,,,,,,,,,,,,,,,,,,,,,,,,,,,,,,,,,,,,,,,,,,,,,,,,,,,,,,,,,,,,,,,,,,,,,,,,,,,,,,,,,,,,,,,,,,,,,,,,,,,,,,,,,,,,,,,,,,,,,,,,,,,,,,,,,,,,,,,,,,,,,,,,,,,,,,,
108,,,,,,,,,,,,,,,,,,,,,,,,,,,,,,,,,,,,,,,,,,,,,,,,,,,,,,,,,,,,,,,,,,,,,,,,,,,,,,,,,,,,,,,,,,,,,,,,,,,,,,,,,,,,,,,,,,,,,,,,,,,,,,,,,,,,,,,,,,,,,,,,,,,,,,,,,,,,,,,,,,,,,,,,,,,,,,,,,,,,,,,,,,,,,,,,,,,,,,,,,,,,,,,,,,,,,,,,,,,,,,,,,,,,,,,,,,,,,,,,,,,,,,,,,,,
109,,,,,,,,,,,,,,,,,,,,,,,,,,,,,,,,,,,,,,,,,,,,,,,,,,,,,,,,,,,,,,,,,,,,,,,,,,,,,,,,,,,,,,,,,,,,,,,,,,,,,,,,,,,,,,,,,,,,,,,,,,,,,,,,,,,,,,,,,,,,,,,,,,,,,,,,,,,,,,,,,,,,,,,,,,,,,,,,,,,,,,,,,,,,,,,,,,,,,,,,,,,,,,,,,,,,,,,,,,,,,,,,,,,,,,,,,,,,,,,,,,,,,,,,,,,
110,,,,,,,,,,,,,,,,,,,,,,,,,,,,,,,,,,,,,,,,,,,,,,,,,,,,,,,,,,,,,,,,,,,,,,,,,,,,,,,,,,,,,,,,,,,,,,,,,,,,,,,,,,,,,,,,,,,,,,,,,,,,,,,,,,,,,,,,,,,,,,,,,,,,,,,,,,,,,,,,,,,,,,,,,,,,,,,,,,,,,,,,,,,,,,,,,,,,,,,,,,,,,,,,,,,,,,,,,,,,,,,,,,,,,,,,,,,,,,,,,,,,,,,,,,,
111,,,,,,,,,,,,,,,,,,,0.2613529067663657,0.2542553042311934,0.254157151329553,0.2723106765602691,0.2501578158554682,,0.26524212815356885,0.2722605988491453,0.29000456704821886,0.29392364529353304,0.269304057978379,0.25814612696629785,0.27954228655167607,,,0.2490856471415398,,0.3065895256709325,,,,,,,0.2674875641836211,0.273996424423353,,,0.25989274307436105,0.25073262245535133,0.24313198603386976,,,0.28843758735242797,0.27314598518322164,0.270262465020094,0.2703774461166347,0.25127815594947983,0.25233022369812985,,0.2554585950037714,0.2522721780513121,0.24712339817696266,0.26041376477746975,0.26564324927729954,0.2442766180358564,0.24941149925836606,0.28562270469677814,0.282031446917398,0.2645258494300069,0.2533188436622553,0.2740132551968936,0.2684766583048862,0.25601728955918474,0.2552374564956448,0.23787476500756613,0.2530693517921915,0.27705451687683386,0.2825833349753101,0.26977842022253173,0.2596654168135717,0.26834622844375217,0.25360285115163284,0.24953198489366749,0.24396305196645016,0.24444721958189336,0.24963246163792552,,0.24536959728177757,0.25747021910263657,0.2737518382546559,0.2526225468633401,0.2487098209134827,0.2703114338551649,0.27899547920650875,0.2525657225389298,0.2552856398024401,0.2623416645865639,0.2654219667516839,0.2653122557815282,0.2749714329809242,0.2948142432519779,0.310091611894956,,0.28170685830004655,,,,,,,,,0.0,0.16172340146699193,,,,,,,,,,,0.2762096140979955,0.2556450340106847,,,,,,,,,,,,0.2708638059407996,0.26158668385065953,,,0.27047797044574473,0.2662907890982703,0.2644713192301215,0.28906022827316397,0.277126888278594,0.24571068451711278,0.2528084284436286,0.24754140425688706,0.2647256774126007,0.28343137383903905,,,,,,,0.2895557389382101,0.2625755700664253,0.25789720505130775,0.2549042050120725,0.26258708640396644,0.27130372151100174,0.27436802342153427,0.25773738283449055,0.2525554283656865,0.26134446001356576,0.26550291592603775,0.24011780894032558,0.3386232046072131,0.3161225373677944,0.23578924899366707,0.24799487272081294,0.29354514070571114,0.27731838357522065,0.2781259100668992,0.2551014740847672,0.26185818810185574,0.2558607287137628,0.24849593232498116,0.25460898077274974,0.26143591627432855,0.2511149422014572,0.25778620157306753,0.2644431034336176,0.26860606547057586,0.27569679917257905,0.2698709262668654,0.2844805661821086,0.28948192174978166,0.3824529283531153,0.3823114742557283,0.26446577625467826,0.2890971732964565,0.2993306939660025,0.2944131536969339,0.2782414125679971,0.3020368167582988,0.2966267414388736,0.27818841018194407,0.2724710117340623,0.28159443918723714,0.3047386881776586,0.33205576070514337,0.3166270593341647,0.3078003032055666,0.3099529094443896,0.2999031325142609,0.29785493999002005,0.299113793529408,0.2931622943791693,0.27982319259263744,0.2763420768235784,0.29346735014922176,0.28583965624705787,0.2802363130851187,0.2986744715724003,,0.2843051419279693,0.2657828445952389,0.2618352286960685,0.2803996816638223,0.28716034319295364,0.30076815401821827,0.30075369513626204,0.28012540427369303,0.2795192784925779,0.2953165693512741,0.30547036930754046,0.3216888647397121,0.2838488606615235,0.2658110685210716,0.2712397409047085,0.28036082090489856,0.2762887177435943,0.27268330497183096,0.2696550528908117,0.28951712978866195,0.27358572146964666,0.26835217053134536,0.27152717494892603,0.27110216756666633,0.27940321700095283,0.28750211750375854,0.2832021274260853,0.28889455293900507,0.302793531240089,0.2838849614840506,0.27366751580519694,0.2666066676515553,0.2668743821211581,0.2914463382345461
112,,,,,,,,,,,,,,,,,,,0.2604298735532454,0.25638821117349153,0.25041795366438097,0.2697068768253703,0.2443656646620634,,0.25320594098650595,0.278613361734552,0.29842671290133777,0.2956019652402454,0.2614548926386451,0.2551764210750061,0.28837514143559345,,,0.24804979976468733,,0.2720978185605051,,,,,,,0.25440140484465923,0.2661561520685239,,,0.2692705798690282,0.2522034921844463,0.22852183654355593,,,0.2927001418324069,0.2756466854110847,0.27105027248962604,0.273312657673062,0.24637526681126665,0.24276893040028147,,0.24498350702677107,0.24832589904632893,0.2465405453483444,0.2562252386027259,0.26310402537240357,0.24226951109036496,0.2507145807001654,0.27024716726254394,0.2612014251445436,0.24072354239760457,0.22607417034095706,0.24811363534704567,0.24538494271236316,0.23896152871811094,0.23828616092350158,0.22808972344795028,0.2311880683035037,0.26550664570350774,0.2831245446288515,0.27515109650092,0.2584389228353505,0.26474626591194,0.24820807948134163,0.23856764012323015,0.2310805857656729,0.22458127173568812,0.2241585601585255,,0.23420935065810483,0.2503483164931328,0.27057508417265796,0.24262109750797156,0.2341179358415656,0.2653135814091886,0.28191222686575884,0.23735249647827278,0.238548175291036,0.26342004541272274,0.27288991142603475,0.2696036230066739,0.26872331493336665,0.2961454431333707,0.322447315675684,,0.2839441366044288,,,,,,,,,0.16172340146699193,0.0,,,,,,,,,,,0.28209416229742307,0.25547232686668003,,,,,,,,,,,,0.2695339669500155,0.24789364118215754,,,0.26627971179901616,0.27228551875228624,0.26688688056869186,0.28596406574022293,0.2723072041827287,0.2311148713151239,0.23136984719622464,0.240680231787571,0.27318073872288867,0.29457043866784977,,,,,,,0.2944443610674304,0.2630919717397028,0.2546574761520931,0.24600006760371074,0.24430967242999183,0.2631904213996945,0.28172203517394756,0.26106961400843526,0.24397107135650567,0.25314941774361505,0.26887526500964354,0.22557787341636082,0.299585012033084,0.2817916975593705,0.2214782989863223,0.23572693402706957,0.29887785174431775,0.2825422839728845,0.28488064349463627,0.2577069112110093,0.26112926640928824,0.23928157491959415,0.23109651580726126,0.22946014596444322,0.23447420506246014,0.2465038510881912,0.25786435963994764,0.2666722862051884,0.2743787161041604,0.27741530946363724,0.2726950370634229,0.29480914327782426,0.26621871156767235,0.347925241821629,0.3486500748193762,0.2502326870154552,0.2916237054506231,0.30295268478107784,0.2962782858776558,0.2826320467154326,0.30502054556123903,0.29798801296263777,0.27860357713063966,0.2765346422915581,0.29149114497419404,0.31646896591077384,0.3451727601515529,0.33070595964787547,0.31947257767731735,0.3198581476798392,0.30786236478535906,0.30504014840161187,0.30901542221170464,0.3050304740755141,0.29379015998619273,0.28865148089764153,0.2992919893511154,0.28414265051257115,0.2820311527043789,0.3085179011965055,,0.29443854360927263,0.27148278502236856,0.26915147762043407,0.2883693241477885,0.2934001817078556,0.30864865551722737,0.31228949354384455,0.2873323644826508,0.28590428506456456,0.2988135698654032,0.31487028876906087,0.3324478898866146,0.2959524605579182,0.25237317239688545,0.2555014091745626,0.28084974361308185,0.2754772290981861,0.2767421695360014,0.2802929622144209,0.29925731979577774,0.2858952706125329,0.2791515813233504,0.2645251215580598,0.26437715974723425,0.28738276081599773,0.29633905110655995,0.2887548675550359,0.29551074320865345,0.3117131492005025,0.294646686129311,0.278466141603405,0.2550087704711848,0.2625908413323821,0.29564526940347763
113,,,,,,,,,,,,,,,,,,,,,,,,,,,,,,,,,,,,,,,,,,,,,,,,,,,,,,,,,,,,,,,,,,,,,,,,,,,,,,,,,,,,,,,,,,,,,,,,,,,,,,,,,,,,,,,,,,,,,,,,,,,,,,,,,,,,,,,,,,,,,,,,,,,,,,,,,,,,,,,,,,,,,,,,,,,,,,,,,,,,,,,,,,,,,,,,,,,,,,,,,,,,,,,,,,,,,,,,,,,,,,,,,,,,,,,,,,,,,,,,,,,,,,,,,,,
114,,,,,,,,,,,,,,,,,,,,,,,,,,,,,,,,,,,,,,,,,,,,,,,,,,,,,,,,,,,,,,,,,,,,,,,,,,,,,,,,,,,,,,,,,,,,,,,,,,,,,,,,,,,,,,,,,,,,,,,,,,,,,,,,,,,,,,,,,,,,,,,,,,,,,,,,,,,,,,,,,,,,,,,,,,,,,,,,,,,,,,,,,,,,,,,,,,,,,,,,,,,,,,,,,,,,,,,,,,,,,,,,,,,,,,,,,,,,,,,,,,,,,,,,,,,
115,,,,,,,,,,,,,,,,,,,,,,,,,,,,,,,,,,,,,,,,,,,,,,,,,,,,,,,,,,,,,,,,,,,,,,,,,,,,,,,,,,,,,,,,,,,,,,,,,,,,,,,,,,,,,,,,,,,,,,,,,,,,,,,,,,,,,,,,,,,,,,,,,,,,,,,,,,,,,,,,,,,,,,,,,,,,,,,,,,,,,,,,,,,,,,,,,,,,,,,,,,,,,,,,,,,,,,,,,,,,,,,,,,,,,,,,,,,,,,,,,,,,,,,,,,,
116,,,,,,,,,,,,,,,,,,,,,,,,,,,,,,,,,,,,,,,,,,,,,,,,,,,,,,,,,,,,,,,,,,,,,,,,,,,,,,,,,,,,,,,,,,,,,,,,,,,,,,,,,,,,,,,,,,,,,,,,,,,,,,,,,,,,,,,,,,,,,,,,,,,,,,,,,,,,,,,,,,,,,,,,,,,,,,,,,,,,,,,,,,,,,,,,,,,,,,,,,,,,,,,,,,,,,,,,,,,,,,,,,,,,,,,,,,,,,,,,,,,,,,,,,,,
117,,,,,,,,,,,,,,,,,,,,,,,,,,,,,,,,,,,,,,,,,,,,,,,,,,,,,,,,,,,,,,,,,,,,,,,,,,,,,,,,,,,,,,,,,,,,,,,,,,,,,,,,,,,,,,,,,,,,,,,,,,,,,,,,,,,,,,,,,,,,,,,,,,,,,,,,,,,,,,,,,,,,,,,,,,,,,,,,,,,,,,,,,,,,,,,,,,,,,,,,,,,,,,,,,,,,,,,,,,,,,,,,,,,,,,,,,,,,,,,,,,,,,,,,,,,
118,,,,,,,,,,,,,,,,,,,,,,,,,,,,,,,,,,,,,,,,,,,,,,,,,,,,,,,,,,,,,,,,,,,,,,,,,,,,,,,,,,,,,,,,,,,,,,,,,,,,,,,,,,,,,,,,,,,,,,,,,,,,,,,,,,,,,,,,,,,,,,,,,,,,,,,,,,,,,,,,,,,,,,,,,,,,,,,,,,,,,,,,,,,,,,,,,,,,,,,,,,,,,,,,,,,,,,,,,,,,,,,,,,,,,,,,,,,,,,,,,,,,,,,,,,,
119,,,,,,,,,,,,,,,,,,,,,,,,,,,,,,,,,,,,,,,,,,,,,,,,,,,,,,,,,,,,,,,,,,,,,,,,,,,,,,,,,,,,,,,,,,,,,,,,,,,,,,,,,,,,,,,,,,,,,,,,,,,,,,,,,,,,,,,,,,,,,,,,,,,,,,,,,,,,,,,,,,,,,,,,,,,,,,,,,,,,,,,,,,,,,,,,,,,,,,,,,,,,,,,,,,,,,,,,,,,,,,,,,,,,,,,,,,,,,,,,,,,,,,,,,,,
120,,,,,,,,,,,,,,,,,,,,,,,,,,,,,,,,,,,,,,,,,,,,,,,,,,,,,,,,,,,,,,,,,,,,,,,,,,,,,,,,,,,,,,,,,,,,,,,,,,,,,,,,,,,,,,,,,,,,,,,,,,,,,,,,,,,,,,,,,,,,,,,,,,,,,,,,,,,,,,,,,,,,,,,,,,,,,,,,,,,,,,,,,,,,,,,,,,,,,,,,,,,,,,,,,,,,,,,,,,,,,,,,,,,,,,,,,,,,,,,,,,,,,,,,,,,
121,,,,,,,,,,,,,,,,,,,,,,,,,,,,,,,,,,,,,,,,,,,,,,,,,,,,,,,,,,,,,,,,,,,,,,,,,,,,,,,,,,,,,,,,,,,,,,,,,,,,,,,,,,,,,,,,,,,,,,,,,,,,,,,,,,,,,,,,,,,,,,,,,,,,,,,,,,,,,,,,,,,,,,,,,,,,,,,,,,,,,,,,,,,,,,,,,,,,,,,,,,,,,,,,,,,,,,,,,,,,,,,,,,,,,,,,,,,,,,,,,,,,,,,,,,,
122,,,,,,,,,,,,,,,,,,,,,,,,,,,,,,,,,,,,,,,,,,,,,,,,,,,,,,,,,,,,,,,,,,,,,,,,,,,,,,,,,,,,,,,,,,,,,,,,,,,,,,,,,,,,,,,,,,,,,,,,,,,,,,,,,,,,,,,,,,,,,,,,,,,,,,,,,,,,,,,,,,,,,,,,,,,,,,,,,,,,,,,,,,,,,,,,,,,,,,,,,,,,,,,,,,,,,,,,,,,,,,,,,,,,,,,,,,,,,,,,,,,,,,,,,,,
123,,,,,,,,,,,,,,,,,,,0.25607245284383484,0.2580403767773747,0.25465553481778846,0.27003342426549076,0.26920851068736446,,0.2763466150246063,0.2568311536068228,0.25381708758774163,0.2632293760215797,0.2637653518386408,0.27384510546358826,0.2643789939119757,,,0.2608316231393164,,0.3714439723432471,,,,,,,0.26281546070780654,0.25904101674305,,,0.2504598429227283,0.26035865664589813,0.28012259667739536,,,0.26474908701199623,0.2615699462301902,0.25691529937718693,0.25137058713576427,0.2524048255984691,0.2578358120901699,,0.25577022043450126,0.2566947575169956,0.2594607385634238,0.25881763747711634,0.2626158646174788,0.267872784289469,0.25966630876327984,0.33870353867098574,0.3391769054282447,0.31948636318956,0.31835808443461744,0.34126888887904433,0.3255858466380403,0.30639700483000665,0.2987545282853137,0.2777783267237769,0.30071318374654893,0.2900684424487597,0.26813102504981995,0.25565351121300617,0.26010083708311704,0.2614558021211626,0.25368736823871996,0.2580003872081192,0.26665998255177253,0.2840083501674761,0.2896040913138344,,0.28892774698014695,0.27469733566891974,0.26933197654156177,0.28165604237319314,0.2832342794009004,0.25961258982325214,0.2538299018073265,0.2645112255543602,0.26168866827012693,0.25395362077726935,0.2510256182851754,0.2552215093813788,0.261076147857882,0.25898579783357284,0.26702432450434477,,0.2620185599867605,,,,,,,,,0.2762096140979955,0.28209416229742307,,,,,,,,,,,0.0,0.1656866005332595,,,,,,,,,,,,0.2602591363348892,0.26153642625267504,,,0.2627325886315088,0.2563682973548555,0.256796311425519,0.2718615188913939,0.2684086099557559,0.2797715193190163,0.3106727671536207,0.2920665213664405,0.25410897388941855,0.25476553137379754,,,,,,,0.26163345341177136,0.2569727694514919,0.2535604146386441,0.25442460933310385,0.28864735970030064,0.29165246141269996,0.2719861704630554,0.26864223049489305,0.26988590888987124,0.2676119715073396,0.25424509363357095,0.27893559793521416,0.43608883450965064,0.4020438111250232,0.28631387322737006,0.2740731097794809,0.2646821487752572,0.2601419940332409,0.2655217825928432,0.26147718008356596,0.26275998833243586,0.2727417829709741,0.31514685609935983,0.33084430808071946,0.3113811004061735,0.27043789747540503,0.2589090758416446,0.26183062990941264,0.2613858718693926,0.25816190807689,0.2510683723910505,0.26000302025780386,0.339267560061195,0.4268183783835344,0.42696149790511406,0.28413293174999754,0.26738873486969195,0.26833426080082207,0.2763158458627051,0.26732856058855614,0.28069204611591875,0.27240133788422544,0.25995829132520315,0.26415315892619756,0.25564309648533207,0.26307410784139035,0.2810954802389235,0.2704891896394686,0.26735855852004187,0.27167976631980645,0.26118239408484994,0.2623850105455092,0.27070254414281425,0.2710481580225789,0.2656361491699928,0.2638647084685854,0.26176811266651345,0.28064998160793664,0.27650374874150546,0.2660280446289111,,0.2563015313291338,0.25700959026138614,0.2524573634315486,0.2574142442001989,0.2595601363500392,0.26277317547041923,0.2629596018448726,0.25947997564617875,0.2601555230152894,0.2646175031166508,0.27036608654884275,0.27645202026922827,0.25714284243806096,0.3225565639482062,0.3060660469353163,0.25078700851401614,0.255477659850481,0.26734638579892506,0.2602619970167474,0.25540877613189483,0.25868610091597716,0.26354853809549755,0.27567038710875685,0.27458508321874436,0.25245510195821047,0.252094713530574,0.2561321983779785,0.26022832886925706,0.26895482405573,0.26102107142712105,0.2817212026790772,0.28834090066654644,0.2731692007719452,0.2708874332002581
124,,,,,,,,,,,,,,,,,,,0.24506580114463855,0.25143299276047204,0.24425394291563315,0.2549549210222459,0.2497732962523978,,0.2679879258159235,0.25551930153988656,0.2566903007189019,0.26337256742486975,0.25576977353850633,0.25933289300378437,0.2614439186543986,,,0.24821139009807808,,0.3350627354272081,,,,,,,0.25040227927910236,0.25152759748945847,,,0.2497740313981221,0.25106204300295515,0.2576214205473584,,,0.2598759914052107,0.2516809296900442,0.24575280157654525,0.24601213494590402,0.23958421265985116,0.24106786898047253,,0.24681147528133116,0.24937089749890193,0.2466581249245226,0.2505422745760775,0.25256828667439907,0.24883992142691064,0.24975312961266957,0.31270544068599926,0.3134824004612878,0.29119476905348823,0.2861591400963411,0.3102257654111368,0.2953559645186913,0.27659773398888193,0.26876848031064265,0.25380947727136166,0.26806689058123573,0.26764911727466345,0.25828763191346865,0.2456266860477132,0.25115828206503904,0.24933364728789004,0.24267251624664823,0.24309369454761612,0.2433097656365048,0.2554128214869952,0.26170509714487683,,0.2667026974107334,0.2587858964481092,0.2557946726508676,0.2622156490056401,0.2610230808801579,0.2521442240450467,0.2551427968737745,0.2496662277131532,0.24627996447635347,0.24873831164633453,0.2502354877709034,0.25072495872317097,0.25590133388396735,0.2596941327639862,0.2746325161018026,,0.2599084629553909,,,,,,,,,0.2556450340106847,0.25547232686668003,,,,,,,,,,,0.1656866005332595,0.0,,,,,,,,,,,,0.2561485626660427,0.25407899364414605,,,0.2526961674297423,0.25131248426126096,0.25015585739183616,0.2695364475696527,0.25878550624345775,0.2556217708946547,0.27801679540662644,0.264307619463364,0.24863022080150532,0.2556259374609705,,,,,,,0.2645988414628899,0.2555299315438405,0.2513311278293251,0.24819910515784532,0.2694861106285107,0.27268916903818446,0.26792986522324735,0.25777348222435975,0.25399580065138316,0.2534750510679012,0.24837357348333658,0.2625063325331844,0.4002390854616039,0.36898856725169427,0.2545629095640405,0.247807749946197,0.2608918614362312,0.2537194967366263,0.26038273880161167,0.25224562788668486,0.2543479421804062,0.2564110517672466,0.29290244658977527,0.29791965821527105,0.2787177145400428,0.2529665687488671,0.24986856462591917,0.2524035061411229,0.259875234675381,0.2583445435932824,0.2556051238951597,0.2630025788442155,0.31284479603515775,0.40035124831137814,0.4013373163303994,0.26912815564007525,0.26328691346527183,0.26554950682081835,0.27201389944006865,0.2593138663966255,0.2774168129555514,0.27088778387490053,0.2574226008190187,0.25809498374304557,0.25259344873847844,0.2689420875827744,0.2920214922172364,0.27887565785254287,0.27322430691830135,0.278219112326919,0.26739372516890203,0.2700231828181517,0.27335748873686533,0.2715161503367618,0.2618890987403589,0.25878621748073566,0.26504965452018325,0.274311393319128,0.2686620833221476,0.2689148984491299,,0.2580550295069448,0.25291777291532785,0.2502133137546351,0.25650908931729793,0.2598106103007241,0.2687046174756175,0.26784338253474577,0.26119135944454647,0.26019906447084357,0.2630537106100094,0.27199047390648734,0.2800152510904953,0.25614365757019825,0.29670542242341025,0.2871982954383324,0.2526814367629858,0.2525827653749401,0.2593756714492443,0.2563964436229096,0.2594717694050681,0.25362208043779416,0.25554879054887897,0.2652219013763602,0.266870964869565,0.25628934079763455,0.2593567591710268,0.25570707463199366,0.2600935432939707,0.2720044528923332,0.2610016605519095,0.2736406844503932,0.2698816029087641,0.261322206037128,0.27375084407464306
125,,,,,,,,,,,,,,,,,,,,,,,,,,,,,,,,,,,,,,,,,,,,,,,,,,,,,,,,,,,,,,,,,,,,,,,,,,,,,,,,,,,,,,,,,,,,,,,,,,,,,,,,,,,,,,,,,,,,,,,,,,,,,,,,,,,,,,,,,,,,,,,,,,,,,,,,,,,,,,,,,,,,,,,,,,,,,,,,,,,,,,,,,,,,,,,,,,,,,,,,,,,,,,,,,,,,,,,,,,,,,,,,,,,,,,,,,,,,,,,,,,,,,,,,,,,
126,,,,,,,,,,,,,,,,,,,,,,,,,,,,,,,,,,,,,,,,,,,,,,,,,,,,,,,,,,,,,,,,,,,,,,,,,,,,,,,,,,,,,,,,,,,,,,,,,,,,,,,,,,,,,,,,,,,,,,,,,,,,,,,,,,,,,,,,,,,,,,,,,,,,,,,,,,,,,,,,,,,,,,,,,,,,,,,,,,,,,,,,,,,,,,,,,,,,,,,,,,,,,,,,,,,,,,,,,,,,,,,,,,,,,,,,,,,,,,,,,,,,,,,,,,,
127,,,,,,,,,,,,,,,,,,,,,,,,,,,,,,,,,,,,,,,,,,,,,,,,,,,,,,,,,,,,,,,,,,,,,,,,,,,,,,,,,,,,,,,,,,,,,,,,,,,,,,,,,,,,,,,,,,,,,,,,,,,,,,,,,,,,,,,,,,,,,,,,,,,,,,,,,,,,,,,,,,,,,,,,,,,,,,,,,,,,,,,,,,,,,,,,,,,,,,,,,,,,,,,,,,,,,,,,,,,,,,,,,,,,,,,,,,,,,,,,,,,,,,,,,,,
128,,,,,,,,,,,,,,,,,,,,,,,,,,,,,,,,,,,,,,,,,,,,,,,,,,,,,,,,,,,,,,,,,,,,,,,,,,,,,,,,,,,,,,,,,,,,,,,,,,,,,,,,,,,,,,,,,,,,,,,,,,,,,,,,,,,,,,,,,,,,,,,,,,,,,,,,,,,,,,,,,,,,,,,,,,,,,,,,,,,,,,,,,,,,,,,,,,,,,,,,,,,,,,,,,,,,,,,,,,,,,,,,,,,,,,,,,,,,,,,,,,,,,,,,,,,
129,,,,,,,,,,,,,,,,,,,,,,,,,,,,,,,,,,,,,,,,,,,,,,,,,,,,,,,,,,,,,,,,,,,,,,,,,,,,,,,,,,,,,,,,,,,,,,,,,,,,,,,,,,,,,,,,,,,,,,,,,,,,,,,,,,,,,,,,,,,,,,,,,,,,,,,,,,,,,,,,,,,,,,,,,,,,,,,,,,,,,,,,,,,,,,,,,,,,,,,,,,,,,,,,,,,,,,,,,,,,,,,,,,,,,,,,,,,,,,,,,,,,,,,,,,,
130,,,,,,,,,,,,,,,,,,,,,,,,,,,,,,,,,,,,,,,,,,,,,,,,,,,,,,,,,,,,,,,,,,,,,,,,,,,,,,,,,,,,,,,,,,,,,,,,,,,,,,,,,,,,,,,,,,,,,,,,,,,,,,,,,,,,,,,,,,,,,,,,,,,,,,,,,,,,,,,,,,,,,,,,,,,,,,,,,,,,,,,,,,,,,,,,,,,,,,,,,,,,,,,,,,,,,,,,,,,,,,,,,,,,,,,,,,,,,,,,,,,,,,,,,,,
131,,,,,,,,,,,,,,,,,,,,,,,,,,,,,,,,,,,,,,,,,,,,,,,,,,,,,,,,,,,,,,,,,,,,,,,,,,,,,,,,,,,,,,,,,,,,,,,,,,,,,,,,,,,,,,,,,,,,,,,,,,,,,,,,,,,,,,,,,,,,,,,,,,,,,,,,,,,,,,,,,,,,,,,,,,,,,,,,,,,,,,,,,,,,,,,,,,,,,,,,,,,,,,,,,,,,,,,,,,,,,,,,,,,,,,,,,,,,,,,,,,,,,,,,,,,
132,,,,,,,,,,,,,,,,,,,,,,,,,,,,,,,,,,,,,,,,,,,,,,,,,,,,,,,,,,,,,,,,,,,,,,,,,,,,,,,,,,,,,,,,,,,,,,,,,,,,,,,,,,,,,,,,,,,,,,,,,,,,,,,,,,,,,,,,,,,,,,,,,,,,,,,,,,,,,,,,,,,,,,,,,,,,,,,,,,,,,,,,,,,,,,,,,,,,,,,,,,,,,,,,,,,,,,,,,,,,,,,,,,,,,,,,,,,,,,,,,,,,,,,,,,,
133,,,,,,,,,,,,,,,,,,,,,,,,,,,,,,,,,,,,,,,,,,,,,,,,,,,,,,,,,,,,,,,,,,,,,,,,,,,,,,,,,,,,,,,,,,,,,,,,,,,,,,,,,,,,,,,,,,,,,,,,,,,,,,,,,,,,,,,,,,,,,,,,,,,,,,,,,,,,,,,,,,,,,,,,,,,,,,,,,,,,,,,,,,,,,,,,,,,,,,,,,,,,,,,,,,,,,,,,,,,,,,,,,,,,,,,,,,,,,,,,,,,,,,,,,,,
134,,,,,,,,,,,,,,,,,,,,,,,,,,,,,,,,,,,,,,,,,,,,,,,,,,,,,,,,,,,,,,,,,,,,,,,,,,,,,,,,,,,,,,,,,,,,,,,,,,,,,,,,,,,,,,,,,,,,,,,,,,,,,,,,,,,,,,,,,,,,,,,,,,,,,,,,,,,,,,,,,,,,,,,,,,,,,,,,,,,,,,,,,,,,,,,,,,,,,,,,,,,,,,,,,,,,,,,,,,,,,,,,,,,,,,,,,,,,,,,,,,,,,,,,,,,
135,,,,,,,,,,,,,,,,,,,,,,,,,,,,,,,,,,,,,,,,,,,,,,,,,,,,,,,,,,,,,,,,,,,,,,,,,,,,,,,,,,,,,,,,,,,,,,,,,,,,,,,,,,,,,,,,,,,,,,,,,,,,,,,,,,,,,,,,,,,,,,,,,,,,,,,,,,,,,,,,,,,,,,,,,,,,,,,,,,,,,,,,,,,,,,,,,,,,,,,,,,,,,,,,,,,,,,,,,,,,,,,,,,,,,,,,,,,,,,,,,,,,,,,,,,,
136,,,,,,,,,,,,,,,,,,,0.2566074715955769,0.2619306080912938,0.262203853443287,0.270618932298443,0.26924970565584616,,0.26399521773584894,0.257973385247309,0.27461921375680926,0.27936165721077666,0.26386691865728135,0.2627280494603774,0.2635404648801381,,,0.2642123240649774,,0.35621772089082193,,,,,,,0.2676028462535895,0.26935340416558956,,,0.2622752474624286,0.2651474752299263,0.274389191254006,,,0.2623196575413385,0.2537332288083569,0.25304982670903475,0.2536319876027435,0.2559254981803981,0.25834401960639697,,0.2576504696219299,0.2669116742168742,0.2614220526312834,0.2564517379787983,0.2607200588099083,0.26292862314003185,0.2622773595431956,0.32593650625371673,0.33089755254239184,0.31231702639910647,0.2937680910332325,0.317794948270185,0.30796735247062745,0.28928896252524716,0.2811901260825004,0.2637118710450362,0.2794497361497352,0.26855144572099265,0.26359461458175104,0.26350168354376213,0.25649134093113124,0.25122961899520674,0.24780022873525295,0.24358339741913612,0.2554403603211911,0.2775787706658943,0.2710869826904416,,0.2768716461140119,0.26339257991351706,0.2592561916828325,0.2587269737432613,0.265757486402124,0.25662176221414745,0.25836215029611614,0.2584710599274299,0.2580415035544913,0.2578737670245186,0.258968085457694,0.2540134188647366,0.25360997663631674,0.2640399017102044,0.2760210069850544,,0.2629283647481238,,,,,,,,,0.2708638059407996,0.2695339669500155,,,,,,,,,,,0.2602591363348892,0.2561485626660427,,,,,,,,,,,,0.0,0.18529501879067406,,,0.23954288341821123,0.24806791691224994,0.24948147062116455,0.2560155255507035,0.2531963424097049,0.2551070927319314,0.2818177184088078,0.2678675215444507,0.24856449335610606,0.2622942777550535,,,,,,,0.2621003510713855,0.24887329375806033,0.24005779615731512,0.24415378845292052,0.26054604217290483,0.2581941540570178,0.25639778985328804,0.24749340334054304,0.2574110680164893,0.2592835728212256,0.24328055496176104,0.2531317000510611,0.4039629804230819,0.37743496751156025,0.2650610216731821,0.2594853225005323,0.2659745219832574,0.2598291606728761,0.25625899477104547,0.24543331852514136,0.25269980622729976,0.2635085584394534,0.2984931233683977,0.3004762442985432,0.27402414168543127,0.24753092842187804,0.2538872797929945,0.2565716181862967,0.2609133691564666,0.26027810384289,0.2467078174545363,0.25211941164999613,0.2992307956937949,0.37139604621946326,0.37229761881143303,0.2602856846142076,0.2554978089398244,0.2579735966997467,0.2631659103213516,0.26265098757013994,0.26620356008796814,0.26405515340437696,0.2564936824369322,0.2561051820517284,0.2564352591346679,0.2690150160725037,0.2868706656059816,0.28088028559058553,0.2690530515105065,0.27067095115260065,0.2720744420235659,0.2706711491616745,0.2667044524207078,0.26427194056149,0.264284497294307,0.2633548085364043,0.26815855752899465,0.26424621524490277,0.2624199517748453,0.26976858106267665,,0.2561057683944023,0.2599187737833213,0.2541377018835619,0.2633292723621458,0.2664737259661524,0.2677938279208151,0.2731229831379563,0.26175657164441846,0.25646081991756525,0.26077306155903573,0.2722863338310735,0.27866339951451025,0.2583718321924123,0.3037291303371795,0.29779022293780233,0.25470172912897615,0.2592135043860799,0.2730217594613733,0.26356909469546513,0.25960628703810545,0.258395605334167,0.2558474451940771,0.26599708215148327,0.2761437870625422,0.26750058172486557,0.26254606036802874,0.26914101872259927,0.2764579864387745,0.27868272360879237,0.2684948522518048,0.28124916018301843,0.27937411742359675,0.26174668546764496,0.27005847031797015
137,,,,,,,,,,,,,,,,,,,0.25205452192414946,0.26258870601465545,0.26133998809813586,0.26579435168310167,0.2612010507241594,,0.2577836047936615,0.26453759331638715,0.28466282683529087,0.2850202779303949,0.2576534948708996,0.25581165210871576,0.27274491675725365,,,0.25222833734448047,,0.32477823972817865,,,,,,,0.2574276780911379,0.2568651580272521,,,0.26427944301718115,0.2683270436188307,0.26469379240459895,,,0.2635011605636145,0.2545139885701767,0.2562632718747623,0.26181564476334096,0.257735225093362,0.25076107991097235,,0.2529425789365186,0.25905645958366075,0.25538238538256375,0.25217570263328715,0.2574392312263869,0.25556006828776795,0.2559649574803218,0.3067542936641343,0.3024502445527418,0.28483170879711806,0.27591304180280685,0.2974246277456222,0.29335591613441503,0.2784333910624146,0.2684120238647311,0.24791574345479112,0.2609747808336425,0.25905805502961216,0.2643052624846285,0.2616852566714299,0.25071479818805326,0.25028898465248,0.2510578730546749,0.23300551920152035,0.23890298313804423,0.25734445611927437,0.25825883110545167,,0.2661587949731645,0.25779162746814177,0.2568419146981532,0.25098269417188196,0.25443226363510935,0.25745703627782973,0.25954142712035994,0.25437447246771505,0.2551433116242576,0.25566482522541006,0.25826275912079505,0.24891778621391292,0.25303848549213465,0.27395584632260583,0.28965398864454195,,0.2697476827341354,,,,,,,,,0.26158668385065953,0.24789364118215754,,,,,,,,,,,0.26153642625267504,0.25407899364414605,,,,,,,,,,,,0.18529501879067406,0.0,,,0.24562902279241194,0.25146828325979514,0.24749977566968587,0.25295704019097415,0.24957311546562566,0.24591972570900775,0.26862463472432935,0.25955562165872115,0.25626695290291285,0.2729003018056013,,,,,,,0.27460842378875455,0.2550472232325558,0.243695852972883,0.24330050232720352,0.2417404161713485,0.24522033477966082,0.25991210685859745,0.2523412575069358,0.2496068171971181,0.24780373873036812,0.2462458660594582,0.2464610555034796,0.3713541458951847,0.3469630383974711,0.25188428317249223,0.2517143075386978,0.278349824238283,0.26900786768679336,0.26043949087483265,0.24569503305754664,0.2507266298049529,0.24821334618618165,0.28178382916888023,0.2831223482520685,0.26414211561642337,0.249818576845914,0.25123413240823433,0.25022310020560534,0.25937827054411167,0.25844849503678397,0.24584218179606895,0.25920222015997757,0.27626921654498593,0.3505881265026436,0.35105648465300054,0.24288169881588195,0.25602099186878496,0.26627946043294004,0.2680132271464179,0.2630483956404859,0.2687611333742866,0.26280137802437276,0.25955813788299015,0.26245361177233323,0.262242714617169,0.27357154447577725,0.29756438992551903,0.29710344073080974,0.28549947654502894,0.2872017346386292,0.2830905437748564,0.2825080365988806,0.2806058710200842,0.2739549682882478,0.27331456555081485,0.26739396551916217,0.2706490209263833,0.25928442690854375,0.2589534502648647,0.2765285576802014,,0.2556301162109815,0.25199365452232947,0.2525079202045504,0.27426319625020495,0.28200424100155674,0.28344745312106323,0.2840928613873842,0.26510136123662564,0.2628688380984164,0.2672301860413477,0.2795586301675178,0.28570677322682964,0.269843589850861,0.2918680197743917,0.28405495164003414,0.26197063938786647,0.2661351469057388,0.27785054114693003,0.2724201620638459,0.27222310384868226,0.2635716317509768,0.25980085740480235,0.2642740175581522,0.27068830142379724,0.2742433547868192,0.2725162601149025,0.2750340437436943,0.28082788868737246,0.28887632075114117,0.2747222714406539,0.2851423787769517,0.27459764276115806,0.2611616402536904,0.2749735496358431
138,,,,,,,,,,,,,,,,,,,,,,,,,,,,,,,,,,,,,,,,,,,,,,,,,,,,,,,,,,,,,,,,,,,,,,,,,,,,,,,,,,,,,,,,,,,,,,,,,,,,,,,,,,,,,,,,,,,,,,,,,,,,,,,,,,,,,,,,,,,,,,,,,,,,,,,,,,,,,,,,,,,,,,,,,,,,,,,,,,,,,,,,,,,,,,,,,,,,,,,,,,,,,,,,,,,,,,,,,,,,,,,,,,,,,,,,,,,,,,,,,,,,,,,,,,,
139,,,,,,,,,,,,,,,,,,,,,,,,,,,,,,,,,,,,,,,,,,,,,,,,,,,,,,,,,,,,,,,,,,,,,,,,,,,,,,,,,,,,,,,,,,,,,,,,,,,,,,,,,,,,,,,,,,,,,,,,,,,,,,,,,,,,,,,,,,,,,,,,,,,,,,,,,,,,,,,,,,,,,,,,,,,,,,,,,,,,,,,,,,,,,,,,,,,,,,,,,,,,,,,,,,,,,,,,,,,,,,,,,,,,,,,,,,,,,,,,,,,,,,,,,,,
140,,,,,,,,,,,,,,,,,,,0.25615991552047485,0.2576779319691907,0.2578003194137638,0.26770268472960357,0.26829808127196336,,0.26733729243695287,0.26249651371556004,0.2747090468374966,0.2780662535434175,0.26260099117866104,0.2608113906982893,0.26712922768453273,,,0.26232845165565283,,0.36710169257464864,,,,,,,0.2640641834008555,0.26365651658533007,,,0.25947309445205813,0.2696959660610065,0.27770713545513814,,,0.2555941671099112,0.25162832638297,0.25532004529827906,0.2614057422902235,0.26745605953364154,0.2652956662056601,,0.2612827139917344,0.27128310218190593,0.2682645588298206,0.2522558082725742,0.2550755373611368,0.25935362341094015,0.2586855085010902,0.33086569209834954,0.33480068658184975,0.31121591180529473,0.2986493198724232,0.32449527836016234,0.3168325884581351,0.3003126389441592,0.2883385940861276,0.26199592400427557,0.2821372220458369,0.27473055526262696,0.2619749318259172,0.258342998076816,0.25503545486384177,0.25467874087363934,0.25129007474511006,0.24513280874450324,0.25829641049185786,0.2727252179643026,0.26308223134377484,,0.2833199860724612,0.26908639773376786,0.2609296058466237,0.2584198130654286,0.2589455636164311,0.2555026304062301,0.2567417305676376,0.2655826127312941,0.2610937744032305,0.25769690276524027,0.25838075899697277,0.25184337481076996,0.2609663303311945,0.2663661792579461,0.27455216299614216,,0.2651052475896393,,,,,,,,,0.27047797044574473,0.26627971179901616,,,,,,,,,,,0.2627325886315088,0.2526961674297423,,,,,,,,,,,,0.23954288341821123,0.24562902279241194,,,0.0,0.1842803478868764,0.24964664698687758,0.25607654162657617,0.2529366523034351,0.2508416791044845,0.28106746986016334,0.27072489463126076,0.24647647846006795,0.257938854840184,,,,,,,0.26870354915540784,0.25846636412553003,0.24659511172074933,0.24710325781441475,0.26899781501397224,0.268604582091949,0.26362822933346913,0.24613716272418473,0.25870609671083855,0.2630938214729417,0.25205487230411694,0.26250854925748673,0.41147594567432116,0.3831292168281579,0.26438834151218515,0.25409857830265015,0.26984087277903773,0.26106444254699673,0.26639656955354185,0.25459876522978414,0.25490772546636964,0.26944494758253135,0.30205188780896985,0.31044598362684556,0.2876777563816231,0.2520863542286132,0.253430102451472,0.25779586571387514,0.25782514903613674,0.2571040586797515,0.2500595753632807,0.2563853834510981,0.30419297799896466,0.3917608245439281,0.39027859862368497,0.2616711102949707,0.2568833676192782,0.26269677273236325,0.2632344817530121,0.2567515318029848,0.26734645633464116,0.2692536337419369,0.2604370067621594,0.2590492591912964,0.25830656360765836,0.27065851897475207,0.2873717057565912,0.28462100483026337,0.27231060954758274,0.27020752744095694,0.27293440118294715,0.27085996308621124,0.27021361980928915,0.27091771258836034,0.2722006672773787,0.2754288143782657,0.2722461816185954,0.2680043063311698,0.2622479518684282,0.2711768115422533,,0.26027042101908665,0.2719400973932652,0.2637765270001435,0.2696980375858335,0.26798318980092983,0.2681474942006157,0.2766513301811578,0.2647577025179124,0.2590594355468814,0.25916007878128455,0.2737635662337454,0.2814478125007325,0.2635181887145702,0.3134447088566907,0.31234228983449397,0.2616934251006207,0.26089576647895796,0.27248510145172816,0.2638521286281279,0.26558174560978937,0.25994979568495796,0.25719245202883745,0.263999214143909,0.2697727764045254,0.26507470406236994,0.2664292015323579,0.26877101119265256,0.27501311591328953,0.27815404469660826,0.2716858026887607,0.2995103221828411,0.2949838418804468,0.27104804894347295,0.277745484923778
141,,,,,,,,,,,,,,,,,,,0.25621429222719944,0.257229999202997,0.2593905539804947,0.2709135225519618,0.2711749547284664,,0.2766768290558811,0.26375097895978816,0.2734902699278646,0.28373955475609425,0.2665366042173579,0.2606768272992404,0.2646919580867314,,,0.2623082567080277,,0.3683942841828289,,,,,,,0.26904976737443126,0.2674095134889678,,,0.26218882140147354,0.26591349727058783,0.2751506168065829,,,0.25710229981057103,0.25592742577647837,0.2599223952984893,0.2606259366816287,0.2618723145440295,0.26020776216217123,,0.25756711204446964,0.2643787085560797,0.26077968068869906,0.2564101262546536,0.2605000352951896,0.2611455022272944,0.2617794487246728,0.3283347618717401,0.3362905039699577,0.31553589218377187,0.3016299570463515,0.3263290618957322,0.31575320442578586,0.2971619617475787,0.28961111306454856,0.2671577546820988,0.27995738030149714,0.27716723694686823,0.27057910077028147,0.2610671778307876,0.2560451438027354,0.260991003009883,0.25074438683153155,0.2492020976382779,0.2651175875293427,0.27208772505311435,0.26825600275430206,,0.28292180824014773,0.26877720201271293,0.26382693767293397,0.26605454433994835,0.2631655963320876,0.2583349411110859,0.260313509062432,0.2654795376682008,0.26238244880930117,0.2605420490029679,0.25811719423297613,0.24954034912046383,0.26029176958521394,0.26442430587755283,0.2707326653342917,,0.2666899720962928,,,,,,,,,0.2662907890982703,0.27228551875228624,,,,,,,,,,,0.2563682973548555,0.25131248426126096,,,,,,,,,,,,0.24806791691224994,0.25146828325979514,,,0.1842803478868764,0.0,0.16668964265208677,0.2590447798217124,0.2598349138902434,0.25877740952131806,0.2844275580868632,0.2712026623298262,0.24546846151441504,0.2602785015683519,,,,,,,0.2686021614754137,0.25759884688892964,0.2545615328957723,0.2527431868924822,0.2724739792495997,0.27140302160256735,0.2634954044415424,0.2578716857395634,0.261829614497536,0.2642689508077825,0.250422865120194,0.2650191932912911,0.4186347578667071,0.3898997316015845,0.26586408826741376,0.2549915419909718,0.26814130143851383,0.2615178408342692,0.266656389510196,0.25009299462927104,0.2480294026019725,0.26511858558655055,0.3032588536131805,0.3102991234591925,0.2897928894835952,0.25813254848129497,0.2550654565628841,0.25967748791349615,0.2595979999557576,0.26172320003347727,0.2515421202958958,0.25698563391244167,0.31549499443030954,0.412528569899598,0.41408703718557505,0.2694235305456983,0.25298574512210403,0.2616957318811089,0.2664590185631413,0.25683876363143243,0.2770289787246326,0.27033261166856193,0.25395580377275434,0.25898455670879095,0.25880830480799066,0.263241011326797,0.2831741726728891,0.2800420477007075,0.27262349360859695,0.26781758630648966,0.2636700687980159,0.2670360528087417,0.2735804278695999,0.2700662682759251,0.2630415770409752,0.2647297490164351,0.26929566775129776,0.27401016499776176,0.26868753778097587,0.27101738127030717,,0.25321953548711795,0.26195685230996796,0.2546297263906,0.2618711676827509,0.25957069591786325,0.26259321118535334,0.26856165866560133,0.2595854580080651,0.2592163841988653,0.2611392949308149,0.27037142579578016,0.2793082014215265,0.25735521398607425,0.3115991891994221,0.3078355409605256,0.2595060903647981,0.25976489633849303,0.26764222856348296,0.2581004764993935,0.2580091752230975,0.2521029996210102,0.25367691124747194,0.26671360347169437,0.26774398641626135,0.25516161421179306,0.26045182052949495,0.2660724575100873,0.27334925042740255,0.27531105911596354,0.26299020873336393,0.2830815428776642,0.2826058199756632,0.267855046132085,0.27379379857119013
142,,,,,,,,,,,,,,,,,,,0.2525755152611747,0.2577370865165987,0.26010778743347474,0.2721610637971118,0.27044117536497275,,0.2805071558946315,0.2644137371020654,0.27366044463233263,0.2848575015921392,0.2679090660780058,0.2640674188830245,0.2651207178262019,,,0.2623124930855534,,0.35497049246118434,,,,,,,0.2687095312708402,0.26751880807440837,,,0.2669125678928684,0.27208286671506043,0.27722718431855475,,,0.2611287233974515,0.25912785954009276,0.25837024222858956,0.260008562825586,0.2588218792915223,0.2566053617585925,,0.2515874465198721,0.2578479039555674,0.25796658075325496,0.264201391587717,0.2613067404087635,0.25853827336891094,0.25728988720537554,0.31879219297984074,0.3314672614771138,0.31339044975436403,0.2911462831052869,0.3205782189406396,0.3123340782021393,0.2901107419859771,0.2815841268003699,0.26333669384280683,0.27585440486214863,0.2720394308384483,0.2683803250520252,0.2615693202071517,0.2564006660319077,0.2613036783941704,0.25005809868178736,0.24407248090031455,0.2578347038361287,0.26883534732653697,0.26441047734132206,,0.278503842282586,0.26878692987349917,0.2661522418861575,0.26407117896408144,0.26189618453307606,0.2501741133902276,0.25999208559953596,0.26328144722879304,0.2621220556203636,0.2575313724598911,0.25714330259982343,0.2504307579206283,0.25928798745403986,0.2654297348868878,0.27481978650203226,,0.2670194401776578,,,,,,,,,0.2644713192301215,0.26688688056869186,,,,,,,,,,,0.256796311425519,0.25015585739183616,,,,,,,,,,,,0.24948147062116455,0.24749977566968587,,,0.24964664698687758,0.16668964265208677,0.0,0.19230593700056223,0.2515150243719442,0.2557414366510386,0.280652813754211,0.26657364919747556,0.24786732734223008,0.2639580423293647,,,,,,,0.2665732738640499,0.2585241698659262,0.2532082867361743,0.2477184447421183,0.26654355042043704,0.265328363132257,0.26012061871834197,0.25595001571165293,0.25960107374871383,0.2600742265390387,0.24559362532025716,0.2637398152755334,0.40724879071051395,0.3793843267610008,0.26231424505043627,0.2549361620615285,0.2711678956158886,0.25912562344266765,0.2581685662719326,0.2527164390492925,0.25568389311982764,0.25673036504351704,0.29493874617900717,0.3000759305980692,0.2794779934721195,0.25368448217014844,0.2559421371162377,0.25849650165002386,0.26040515074445575,0.2557174413714022,0.2481392325528006,0.2573806863849434,0.30061150906345063,0.39389144563175893,0.3953953372805398,0.2626716568081274,0.25223067238863706,0.26021748761131985,0.2625724744116736,0.2514745598846391,0.2662161442307429,0.25925647583306205,0.2459465582319893,0.2553837374829011,0.25797375254694227,0.2638414096229066,0.284845852190956,0.27718576365606284,0.27052879181251205,0.2703463077186735,0.2657547337558201,0.2681763949231197,0.2728825115261345,0.26689514593887004,0.2579544546512142,0.259346173525899,0.26748481330187746,0.26947956446883004,0.2660955131179423,0.26876286490448126,,0.2524010177701456,0.2571526537638996,0.2510201403636597,0.2634098189753055,0.2633006830264381,0.26436132215682945,0.26599480112200624,0.25665780144019784,0.25482503373692933,0.2646330251493003,0.27419065241655816,0.2797760821257359,0.2565709186951067,0.3015287703866815,0.2939270690189658,0.2545643631006065,0.25422765773513406,0.265815880469939,0.2595041509110638,0.25695388985459583,0.24841618043195837,0.24712851501522004,0.2619435615698323,0.26825308068385867,0.2611950412963702,0.2602439835257278,0.26312432598249264,0.27069497028256756,0.27483361413551133,0.2611786686013957,0.27111869698528784,0.2696230830486887,0.259046790820221,0.27173787982024067
143,,,,,,,,,,,,,,,,,,,0.26856182349669433,0.270166333918116,0.2669381062437695,0.27619310776831324,0.28204222793643297,,0.28764903874088094,0.2698414898547904,0.2762039599247681,0.2878998852876306,0.2797906121632912,0.28256012157169835,0.27346941894765786,,,0.2826818682109881,,0.3896203594145214,,,,,,,0.27873910426410325,0.28051427268997636,,,0.27134457228141334,0.28563608177975724,0.296867852833303,,,0.26336043188022784,0.2620344793602581,0.2586690518534325,0.2678871308557528,0.2763261719101466,0.27343873334587127,,0.2737160827837991,0.2760080922271237,0.2747605980252773,0.2707069651715781,0.2626355286381092,0.2694718464700326,0.2664356436953939,0.3445485232815527,0.35603666354455216,0.33697457723136587,0.3210583245259999,0.3534844036841652,0.33990035435631405,0.313418987537851,0.3022214580985434,0.2792288518418386,0.29626766835012924,0.27760616424799045,0.26785168791986463,0.27154869083608585,0.26292150480832316,0.2608112293808853,0.26338006148520654,0.2554015697025675,0.2725548666837259,0.2913531610967739,0.2818687464274824,,0.296760088867562,0.2825327994576456,0.2736750157003301,0.2749890008533685,0.2811532420721598,0.2587772235607816,0.26357221449942747,0.2810966327082109,0.2767398890632536,0.2622709195428798,0.2637550453658295,0.2539262025729444,0.2610905451472338,0.26856957544008614,0.2762680135778143,,0.26769944123195144,,,,,,,,,0.28906022827316397,0.28596406574022293,,,,,,,,,,,0.2718615188913939,0.2695364475696527,,,,,,,,,,,,0.2560155255507035,0.25295704019097415,,,0.25607654162657617,0.2590447798217124,0.19230593700056223,0.0,0.19691775516581933,0.2724056090954241,0.3116567956375159,0.29647493816834164,0.25922094545034186,0.2685736365553999,,,,,,,0.2584700826990512,0.26054442279059964,0.2507758683088053,0.24555566474152643,0.2778646381240194,0.27264808548744485,0.261307115057861,0.25800289197296583,0.2826719265802143,0.2795025051932108,0.24936509576339663,0.28621652254229435,0.44276247975024696,0.41366735100913793,0.28524455207780464,0.2731364112654655,0.2749880059435434,0.26278579545508096,0.25734681997703585,0.2570558862971875,0.26490143672249633,0.28093532653295333,0.32322152296482987,0.33084837047683535,0.3084162576742697,0.2637476093338647,0.2640684722966672,0.2687766323682659,0.26304143587587425,0.25655334416097,0.24946675833599605,0.25666437118556373,0.320306716717572,0.40112578132578725,0.4006812428201053,0.27173553408913,0.25582667187564256,0.2544200873226475,0.25373596708466395,0.2565882366138448,0.2625895468066498,0.2586110587336567,0.2531927747249176,0.2574635601403309,0.2567403652849752,0.2643457886662546,0.279211344098192,0.27390486233368855,0.26519155336229144,0.26602804426146803,0.26971957227366006,0.2680173472160329,0.27022112750778915,0.2691542037506849,0.2672393149830784,0.27310090375608265,0.2718631323113598,0.2674202362304593,0.2652223470488353,0.2623128458091954,,0.25754311592628426,0.2726153704343622,0.2655701171908416,0.2751384901041388,0.27118816508018617,0.2643705374247955,0.2658110293096822,0.2585361887459413,0.2585590316180908,0.26093371135418336,0.268629654558363,0.27132406201128484,0.26276458669955755,0.33009960887712103,0.3210922974248234,0.2626953032165299,0.27436982011728256,0.2904031920798966,0.27538735041343554,0.2619542357371778,0.2640423098180923,0.2624439083639838,0.2716774788611953,0.2776411422838311,0.26855302954912963,0.2648335436362385,0.27448878649138375,0.27359660666269797,0.2697727349097356,0.2650536688365651,0.29200343334278733,0.29530757599255736,0.2681167948688933,0.27195664491480953
144,,,,,,,,,,,,,,,,,,,0.260671540298803,0.25990809527492564,0.2627117611135044,0.2732561091784793,0.27678562711450977,,0.27869727882700535,0.27016369878720786,0.27672612018623577,0.2871383601648508,0.27438094320133666,0.27614226464464026,0.2762927004370389,,,0.2697096844862011,,0.36656878872788695,,,,,,,0.2699007139900959,0.2658675354001598,,,0.2681392701481076,0.27961667386360906,0.28413978816064256,,,0.2670184299007294,0.2589139297406887,0.2555170946407183,0.26571281206364494,0.2643665485800013,0.26254771216354517,,0.26540966002435995,0.26764114146237966,0.2679718064094668,0.26686239327161687,0.26241597056240795,0.26482963388524217,0.2631173026792032,0.3258251816822378,0.3335232462399046,0.31746413729469697,0.3044736406043538,0.3304263975424409,0.3209197985212773,0.3065995441963418,0.29737979573507267,0.2691744505056413,0.2842692439745289,0.27748508892206464,0.2693440380477002,0.2682299249566268,0.25768964898929175,0.2609982085992815,0.2667080693462883,0.25837548176338365,0.2680736846527237,0.28292455850522014,0.2768330431775626,,0.2912208430798298,0.27899053460056794,0.2684209758152628,0.267663686487492,0.27415086096937946,0.2595258826228869,0.2681552797927274,0.26790823424183086,0.2667291352155153,0.26424780494028294,0.2641643278917596,0.2503276627337975,0.2576852462155234,0.2690940055520637,0.2770606148336625,,0.2715638134169631,,,,,,,,,0.277126888278594,0.2723072041827287,,,,,,,,,,,0.2684086099557559,0.25878550624345775,,,,,,,,,,,,0.2531963424097049,0.24957311546562566,,,0.2529366523034351,0.2598349138902434,0.2515150243719442,0.19691775516581933,0.0,0.18811951638783905,0.29333642335671306,0.27698803214616197,0.25712383371898645,0.2720078847896921,,,,,,,0.268019456329682,0.2641944431058401,0.2537585526936988,0.2485218426504542,0.27344006412712607,0.27243687494816976,0.2663939342746254,0.2585799104326254,0.2752518115780488,0.27348751844697744,0.25309130698412863,0.27862789131321114,0.4169511028693096,0.38513991426557753,0.27321495894432596,0.2631095719675801,0.27192655037822944,0.2616127791752115,0.2627583559708964,0.25414382636751276,0.25897937602468796,0.27071819523002877,0.316635879483083,0.3190066459947122,0.292719316838115,0.2556976349265669,0.25302735402959375,0.2646573715018456,0.2674161581272979,0.26091511424808306,0.2496161631017148,0.2579807275471681,0.3169474239468629,0.39665266185668274,0.3963727942366601,0.2685563133984236,0.26386638139892554,0.2641915758567064,0.26092888298512695,0.25963512273441314,0.27658492129285234,0.27342057772164163,0.2562497288657333,0.26021727539470196,0.2640652355910978,0.2729597773939246,0.2893583902113087,0.2769123701989404,0.26851931182392397,0.27278042414516823,0.27322261487282135,0.27166331151223944,0.27181895902835107,0.26726197048933237,0.2659910886505061,0.27166167436600414,0.2704547689725758,0.27797271837064635,0.2722720373069186,0.2709717220426483,,0.25956826887178913,0.26449954873530135,0.2634815591865353,0.2666254747510282,0.26668820712189995,0.2689853294088661,0.27014921002140335,0.2568700672555079,0.25736555710632414,0.2632241941919561,0.2702931323411651,0.27585244178394336,0.25863489105404003,0.3091480852177682,0.3055902084491409,0.26658382321176194,0.27214287379781577,0.28206100042457044,0.269634647871189,0.26792569059435606,0.26684819223628375,0.2658656430934391,0.26912097144017294,0.27244531278644957,0.267819091594866,0.26701967822000494,0.27424356882060447,0.2715872535924577,0.2726960085339289,0.269950583236683,0.2856757297454933,0.28554804923510335,0.264628941762063,0.2730916405276033
145,,,,,,,,,,,,,,,,,,,0.24753312717505435,0.2438898079566944,0.24736784605201562,0.2703628969726153,0.2611094345069707,,0.25196911411126216,0.2706923215440545,0.28820170722297805,0.28902611293829555,0.26210674428341574,0.2570256385672345,0.274203945128581,,,0.24768487013742693,,0.3004081427492856,,,,,,,0.25510567020953684,0.2582975338228519,,,0.2718103807917217,0.26560732590115166,0.2582425071475315,,,0.28049228269372845,0.26274857326233636,0.26276572349548616,0.26763429875035066,0.25174361604936596,0.24315067744202243,,0.2501253577934561,0.25509876475372323,0.25286456937149543,0.2562152139262836,0.26525432370538504,0.25438588299194614,0.2516788114969633,0.28212226342780233,0.2818193577374986,0.2714446353240678,0.248831938163296,0.26522070033819084,0.2626083441753901,0.26174768027948075,0.2574416027945441,0.24620457629357678,0.25102377496572126,0.2690184620019514,0.27789426214895013,0.2723025403278682,0.2528546478119984,0.25610500558493354,0.2512337117453237,0.2417202210123362,0.24250023615301516,0.25211594478302507,0.24674024384733495,,0.2619890237215703,0.26051835868840123,0.258743412452063,0.2503650244485312,0.2536432990245934,0.2594510678259463,0.2723036395986826,0.2500588908060923,0.2528726912294844,0.2717840810327718,0.27315471125490115,0.26272258681554195,0.26459647210329623,0.28230583140029025,0.30144851094282843,,0.2845248015346114,,,,,,,,,0.24571068451711278,0.2311148713151239,,,,,,,,,,,0.2797715193190163,0.2556217708946547,,,,,,,,,,,,0.2551070927319314,0.24591972570900775,,,0.2508416791044845,0.25877740952131806,0.2557414366510386,0.2724056090954241,0.18811951638783905,0.0,0.1914937504450703,0.2315103570973437,0.2595587995951456,0.2881560637430667,,,,,,,0.28583690808301604,0.26095485249033507,0.25477197944837443,0.2506949493668019,0.2499529460147288,0.26023860068562754,0.2767526372765108,0.25826846416528176,0.24617288364059398,0.24761848734133016,0.25648701008824687,0.24646340447167592,0.3381471491393338,0.3116875327945777,0.23741173986178232,0.2352224126446506,0.28130973057007724,0.2715372374323838,0.2764688104756111,0.2614399097194988,0.26010688738988164,0.24314732090118563,0.260341844712776,0.25882583408105236,0.24558881705062302,0.24349342397508505,0.25466422906795827,0.26686016787808076,0.2754087222358452,0.2681939856022552,0.2599310906186886,0.276145062221369,0.27242932107404877,0.3497400365938456,0.35276858258439187,0.25025202062901225,0.27514063642547837,0.28221191140836416,0.28371388440222023,0.27359142384615287,0.29026222414639485,0.2866833022240836,0.2661027795136047,0.26404172913449986,0.27674491405641555,0.29787048527784343,0.3243779430185845,0.3090639210456148,0.29605119986263817,0.296829335921416,0.29134027121602657,0.2892441379695321,0.28705176279047145,0.2831183359898915,0.27857739979266954,0.2729649700896701,0.277506197886694,0.27261465641670773,0.27076615173309937,0.29110153415769024,,0.2697742832012596,0.2589907579680696,0.26301255316603356,0.2788142566269183,0.2791007131230563,0.28791814387055537,0.2922013145336654,0.2693784589332249,0.2674104323296564,0.2735583665784616,0.2862335209013962,0.3014642612521215,0.27514456325434733,0.2648600217684475,0.2630532998964757,0.26634234060258055,0.26039969070677066,0.27156151953594615,0.26940417372174896,0.28166422583653333,0.2713666877699094,0.26319555034069714,0.2509356290397245,0.2581685665521961,0.2702317930614383,0.2790072574309132,0.2734310404654704,0.27800736206951615,0.29492043298326676,0.2861157096224514,0.264517241525216,0.24559951040343622,0.25291122388762144,0.2837370248820363
146,,,,,,,,,,,,,,,,,,,0.2658551525057571,0.2707365544083825,0.2703918910531612,0.29621347144481036,0.27519279226398075,,0.25998241885531836,0.2953311951692775,0.3237309567818273,0.3078279481550545,0.27437793590698983,0.2787370992997081,0.30749145971024844,,,0.260446955053996,,0.2469985729540346,,,,,,,0.2736373369094444,0.29065771844463706,,,0.30504333019988455,0.2811400864570867,0.2551338167511183,,,0.31754127212669,0.2958871647455484,0.2936383643916546,0.2957351841181196,0.2633394327339873,0.2530712204495815,,0.2544927017160807,0.26802621408467836,0.2606137656020344,0.2707469473156224,0.2902452861727308,0.2715019995754732,0.2705551433284732,0.25148140004378444,0.24745890185666247,0.24623506910451542,0.2261330546875798,0.2264046545674599,0.23114871893204716,0.24860552423048465,0.24887785605638124,0.24569771132620144,0.23997790754582554,0.2825404296272836,0.3060479934861485,0.2930619862117772,0.27890807568548454,0.28091831643621035,0.27003974746756276,0.2591771966817021,0.24909981827127337,0.247907643921821,0.24084977513913672,,0.2446190505711596,0.2642032045322409,0.28474593342884263,0.25859688043420054,0.2503835216146003,0.28594838164890046,0.3074118583267178,0.26464398014515916,0.26794973567070557,0.30254806936859296,0.30654914516140536,0.2987046747821681,0.3055190909034013,0.3257039585525443,0.3473012263211268,,0.3121065725167058,,,,,,,,,0.2528084284436286,0.23136984719622464,,,,,,,,,,,0.3106727671536207,0.27801679540662644,,,,,,,,,,,,0.2818177184088078,0.26862463472432935,,,0.28106746986016334,0.2844275580868632,0.280652813754211,0.3116567956375159,0.29333642335671306,0.1914937504450703,0.0,0.12847750188927887,0.293160226761769,0.32486111733325584,,,,,,,0.32601797588086556,0.28884634809982934,0.28134450956172,0.27167501098930535,0.24982036168991714,0.27500994353740515,0.3146895435000772,0.288042555971372,0.2534615547670182,0.2598747511885394,0.2903775848373096,0.23587154323072826,0.2742048491687921,0.2636418570579198,0.23111515963296433,0.2344600923902977,0.3145569683311809,0.30855207659086764,0.31725753080282665,0.2906324434397816,0.28519587619051817,0.24712302608064451,0.23422365148939325,0.2167657603251976,0.22092711725181402,0.2604700497050781,0.2898571045199229,0.29372187026662866,0.3002330084409206,0.2986435641480254,0.2976132040943884,0.31599309398900677,0.23674804556951543,0.29812664901280117,0.30980836382911553,0.25662001724339445,0.3040469315620023,0.3173499024827547,0.31965551077102605,0.305117425195886,0.3192197631321869,0.3085860763759938,0.29342946078871623,0.2941561531309933,0.31143594710745004,0.34106591968429284,0.372971907823213,0.35454751996095185,0.3373560368237851,0.33987154239044226,0.3239677280644649,0.3214453699798621,0.3256874964017944,0.32319959210985355,0.3102826561298034,0.2976837760925693,0.3141391007760985,0.2948618352742805,0.28813170411598393,0.33006647694280006,,0.3064854624519897,0.2828461555858124,0.28788206247197484,0.3095569184722989,0.30940412509288256,0.3274578268037381,0.3368107148854451,0.3098553349174554,0.30581195628188823,0.31426425560612703,0.3310212445391447,0.3490431191152837,0.31422846532037174,0.23122872736912162,0.23814606809571898,0.290530512058615,0.2823683447738332,0.2945941118920947,0.3028638957801381,0.32184325476904446,0.30462311532477754,0.2932293755257043,0.27077612666100326,0.2811667878313796,0.30859804013554837,0.321669860921693,0.3041442184391837,0.31461802808179024,0.33714545482722597,0.32253396406198254,0.27158969486432943,0.23270391222912304,0.2639357962737011,0.3143573455411522
147,,,,,,,,,,,,,,,,,,,0.2625864746978786,0.26785627523879735,0.2640462507677598,0.289263062676516,0.2721237960887228,,0.25893137992165605,0.28297588057315815,0.30681408098035795,0.29173024513948304,0.2653865217359849,0.27184367233614576,0.2952444470553887,,,0.25353462163705437,,0.2660716830034694,,,,,,,0.26856987532770404,0.282135530429468,,,0.28719199799221734,0.27035696503611023,0.2581053800230228,,,0.30314139750887203,0.2839861180260051,0.2781025660742103,0.2784724794210944,0.257497853723107,0.24884984073970728,,0.24409257714854116,0.25958886921398605,0.2536630717925275,0.26034500726557136,0.2785636241720172,0.26420189112476083,0.26128472414890275,0.26022679464691595,0.26196328971017124,0.26081905375036735,0.24262219795393422,0.24537836631570406,0.24841350276454,0.2571477884748695,0.2535919986158359,0.24836452815574495,0.2534713258392677,0.28158528308048997,0.29230479110468743,0.27648260563034405,0.27237679955823413,0.2769882591406963,0.26409371550093086,0.25324343867577925,0.25078672682959907,0.25618008340636,0.24656508796177593,,0.2492897258937174,0.2645686055982203,0.27783810305825224,0.256223153924163,0.2524756225923525,0.27365458888373456,0.28983813192734054,0.2577571244540565,0.2659959750238067,0.2923826083021983,0.29224978407633684,0.2802650537648818,0.2905973278986137,0.31138900628225846,0.3288307270425446,,0.298695610724951,,,,,,,,,0.24754140425688706,0.240680231787571,,,,,,,,,,,0.2920665213664405,0.264307619463364,,,,,,,,,,,,0.2678675215444507,0.25955562165872115,,,0.27072489463126076,0.2712026623298262,0.26657364919747556,0.29647493816834164,0.27698803214616197,0.2315103570973437,0.12847750188927887,0.0,0.2347149296566791,0.3028088031117734,,,,,,,0.3125020681160119,0.2794806868202424,0.2687974750164099,0.2625376975311674,0.2531400679490486,0.27312291137828587,0.30036366690309985,0.27877603785092475,0.250058397312753,0.25398091365006736,0.2808232545111875,0.2327302895834421,0.29117411697067874,0.2763708588859846,0.2341139464481715,0.23773548443934292,0.2995488756557927,0.28845238291373393,0.2988894056777983,0.2775932201029743,0.2765742996652723,0.247517030657388,0.2506249447799836,0.2365222785060741,0.23001548711389136,0.2515774997041864,0.2779484042813947,0.28035461160473124,0.28732619674031956,0.28703447941349425,0.2839866112240079,0.2991075999079417,0.2516207422857704,0.31459490827233777,0.32628775207919264,0.25629220783090206,0.28944480531429373,0.302760553369581,0.3078097716754111,0.29572910877344005,0.307139856873265,0.29595427010431596,0.2806313317573839,0.2823884012196045,0.29688705176355085,0.3227201730352317,0.3510958589761277,0.3331501190994006,0.31780838601817385,0.3227501210034502,0.3046345256441048,0.3045830929029116,0.3109737175208819,0.3069469933258321,0.2947315347619472,0.28381578778854616,0.298753366574073,0.2866252944571499,0.2784491954795499,0.3115273796198875,,0.29351293864663935,0.27128853209125126,0.2775815186297766,0.2954342356502707,0.29191854626653174,0.31053784416138763,0.3213781540573577,0.29597312135455944,0.2897769857729759,0.29816921329134016,0.31688873183144417,0.33165993037303654,0.29189061561713686,0.23635077367370902,0.24332104081469416,0.2792686999039196,0.2738115325795434,0.2829705700265109,0.2897629497472152,0.30246731411074385,0.2875222276870487,0.2831852224796595,0.2724946495666426,0.2820807855562685,0.29754833345533,0.30576184366233056,0.2946330989106501,0.30276150198330654,0.31712117754555136,0.300578212694953,0.2689317588070139,0.2401257485688848,0.25947355737239597,0.2984625387014529
148,,,,,,,,,,,,,,,,,,,0.25326711694804166,0.2538059768834467,0.2511527370640558,0.2700248905101413,0.2699874597068606,,0.27143428599199704,0.2591171273302321,0.26189412939985846,0.27368325632818097,0.26462630946707194,0.2619056367027717,0.26009297231359185,,,0.25930378103507856,,0.3686960289969472,,,,,,,0.2614302716680617,0.26209793896153327,,,0.2528648403329999,0.258654167195963,0.27962139092102034,,,0.2540240209335093,0.24780171119445704,0.2436947277254116,0.24708200526153243,0.2594701821843516,0.2638830107144551,,0.25992626927131846,0.26285706584045676,0.2574367255952481,0.2515408886378238,0.253060897556556,0.26028192129481725,0.2573338575830103,0.3324994651420911,0.3424349276273066,0.32259989407557355,0.3065528900562471,0.3324542716746963,0.32329183138196144,0.3053417948195713,0.2952643998123695,0.2674815027544466,0.2890938502802266,0.2860754932843222,0.2601007338894063,0.25258266015549063,0.2620073190182673,0.25952741734948787,0.25765379486015433,0.25904092673543094,0.2720295128741623,0.28555667335591833,0.27596410528595705,,0.2883998520732911,0.2754158613267759,0.26479914070352734,0.26766705912143823,0.26869769054255865,0.25363473062263187,0.25525252726415587,0.2637399662067781,0.266074299304448,0.2612168955169185,0.26332711837103384,0.2500069673560834,0.25644662647959854,0.2644139964915071,0.2658637181389184,,0.26244248488713956,,,,,,,,,0.2647256774126007,0.27318073872288867,,,,,,,,,,,0.25410897388941855,0.24863022080150532,,,,,,,,,,,,0.24856449335610606,0.25626695290291285,,,0.24647647846006795,0.24546846151441504,0.24786732734223008,0.25922094545034186,0.25712383371898645,0.2595587995951456,0.293160226761769,0.2347149296566791,0.0,0.19482036592831042,,,,,,,0.25952901740943857,0.25082607059614825,0.24603946818696834,0.247196491477939,0.2724356093563575,0.2680336794591593,0.2589389520019937,0.25320366577429787,0.26049824685361445,0.2655186657533386,0.245539729072145,0.2716410453576359,0.4199430704497928,0.3882555608933422,0.2679718507333111,0.2587951988196145,0.25611798202960767,0.24657928204843402,0.2549509253952155,0.24557014328802038,0.2527687858175102,0.2674131040809381,0.30449805926574297,0.31304113339944123,0.29156195977785343,0.25549796472764275,0.24946523614436794,0.2505600756631269,0.2521289557344467,0.254378451331625,0.24582203193495178,0.24912495046933947,0.3169631186332713,0.41042483495813503,0.409970170327272,0.26466880373251833,0.2544402885811934,0.25882679177500256,0.26033836212700673,0.2535979730926314,0.26929750792613,0.26614114852752013,0.2575927727173223,0.2528348762871887,0.25032936845244136,0.2583163151597117,0.27623587242496367,0.2713058909054906,0.26205389485360003,0.2605682803339233,0.2604411331632836,0.26409284772198066,0.26169233278767134,0.2572265921960438,0.2538857956543296,0.2573529194551534,0.25968056614593554,0.27097111190471834,0.2642985701381534,0.26126107426974143,,0.2528158141348429,0.26083638543220156,0.25764297627230465,0.2633074519319139,0.2567493057752551,0.2594747297399629,0.2677544006996141,0.2534740390010625,0.2452169181047694,0.2511861942659204,0.26238549096080827,0.2709819402423518,0.24447865458089865,0.31009230119005976,0.3065800932429322,0.2530028458707073,0.25496372253151134,0.26852982912122886,0.2598374425688139,0.2559622708508172,0.25533874610317686,0.2536335167008456,0.2651541692947111,0.27246372931335544,0.25358226514111126,0.25113135461957115,0.26316100891786565,0.2669340896119667,0.26220827399170576,0.2496329949976989,0.28395229670493327,0.2889006468023782,0.2660262744713163,0.2680617746620053
149,,,,,,,,,,,,,,,,,,,0.2720460987021116,0.2759935249064378,0.2724885851377153,0.28607660353194025,0.2836985330860552,,0.2874547902476057,0.2626096284253007,0.26458545475366396,0.27281800549821644,0.27230813352261224,0.2746094803419388,0.26529683692629885,,,0.27755716656523816,,0.40005660459177217,,,,,,,0.2827300382412782,0.2741422776413678,,,0.26187573421243265,0.27535331916689737,0.30164788747527543,,,0.2580486498701235,0.25614087957000753,0.25783425696241136,0.2573877326550498,0.26633927038954713,0.27995077244474204,,0.2767908456122885,0.2769402007361601,0.2731930325491549,0.26480981982242546,0.2659285330106496,0.2735890417171726,0.2671919703169899,0.35460866654460127,0.36554728753396054,0.34844865044399376,0.3433307618577568,0.3671173310795897,0.3489174479848187,0.3278850437063177,0.31896874677856957,0.28966734217013385,0.31357707820331104,0.30083595199388596,0.2718973717140837,0.2626244222346958,0.27227310215846545,0.26954793706343305,0.27510180283881597,0.2794530958447881,0.2853803360284145,0.30575243018512144,0.30007344037859746,,0.31011901559560623,0.2937645128275089,0.28446057801664687,0.2935608254682942,0.29251382931171616,0.2670539965641962,0.2665196028211775,0.2853243061403932,0.28162123363691,0.26815068624488575,0.2633415656487676,0.2600059636367734,0.26605427039957774,0.2633207078419923,0.2646785933502762,,0.2637490039486751,,,,,,,,,0.28343137383903905,0.29457043866784977,,,,,,,,,,,0.25476553137379754,0.2556259374609705,,,,,,,,,,,,0.2622942777550535,0.2729003018056013,,,0.257938854840184,0.2602785015683519,0.2639580423293647,0.2685736365553999,0.2720078847896921,0.2881560637430667,0.32486111733325584,0.3028088031117734,0.19482036592831042,0.0,,,,,,,0.2602804206214664,0.26236480872340523,0.2548162029130162,0.2600818188342961,0.29809453441931727,0.292987155774738,0.2671518717990087,0.25750018845928524,0.279372210470498,0.28512131185151135,0.2585684663807806,0.2969397403334004,0.45567909559231823,0.42387804891566244,0.29502558429334996,0.2766945862156599,0.250800800243193,0.25013868690895785,0.2595936011790472,0.2611953216937527,0.2687985717649487,0.2896410939804752,0.3278709059325361,0.3391063156509646,0.32207024167194753,0.27155256751503826,0.2587978197879629,0.26121847865186304,0.2561812169107398,0.25729580578053646,0.25143828679821895,0.24836225388942873,0.33964230797438066,0.43461381616181927,0.43193982637973594,0.27876653995619516,0.26100627859383796,0.2626971737838988,0.2640528186603766,0.2599774028473918,0.26796377079507455,0.26722841953912174,0.2619548536725741,0.2539934238438342,0.2461465872152219,0.2586722036263929,0.2687243183811055,0.26297721857328343,0.25764211454510455,0.25622177386292305,0.25490726427829175,0.26274048799777555,0.26379680224617774,0.2602401428327818,0.25621616335552044,0.26606492329788806,0.25876856808757787,0.27560939333000933,0.2740373398827023,0.26299916493082837,,0.25528640432760175,0.2674874187976166,0.25868285524714213,0.25987256801300407,0.25823659387766545,0.25967245469363964,0.26038614328448423,0.2555404486663618,0.25211326874279577,0.25365735420993135,0.26237460612875346,0.2704264555196703,0.25282155202836015,0.33141317344184906,0.32129601144596165,0.25595760621152025,0.2626923716302192,0.27324851079364937,0.2620992196240642,0.2536558177444934,0.25689493696651927,0.25655697570823244,0.27365616975508095,0.28304873886600473,0.2655689717675485,0.2554692206889327,0.26580592216091475,0.26948704951157065,0.26593804019544526,0.25814261145371464,0.2914332184991699,0.303533458473723,0.2738604333323945,0.2659749686417132
150,,,,,,,,,,,,,,,,,,,,,,,,,,,,,,,,,,,,,,,,,,,,,,,,,,,,,,,,,,,,,,,,,,,,,,,,,,,,,,,,,,,,,,,,,,,,,,,,,,,,,,,,,,,,,,,,,,,,,,,,,,,,,,,,,,,,,,,,,,,,,,,,,,,,,,,,,,,,,,,,,,,,,,,,,,,,,,,,,,,,,,,,,,,,,,,,,,,,,,,,,,,,,,,,,,,,,,,,,,,,,,,,,,,,,,,,,,,,,,,,,,,,,,,,,,,
151,,,,,,,,,,,,,,,,,,,,,,,,,,,,,,,,,,,,,,,,,,,,,,,,,,,,,,,,,,,,,,,,,,,,,,,,,,,,,,,,,,,,,,,,,,,,,,,,,,,,,,,,,,,,,,,,,,,,,,,,,,,,,,,,,,,,,,,,,,,,,,,,,,,,,,,,,,,,,,,,,,,,,,,,,,,,,,,,,,,,,,,,,,,,,,,,,,,,,,,,,,,,,,,,,,,,,,,,,,,,,,,,,,,,,,,,,,,,,,,,,,,,,,,,,,,
152,,,,,,,,,,,,,,,,,,,,,,,,,,,,,,,,,,,,,,,,,,,,,,,,,,,,,,,,,,,,,,,,,,,,,,,,,,,,,,,,,,,,,,,,,,,,,,,,,,,,,,,,,,,,,,,,,,,,,,,,,,,,,,,,,,,,,,,,,,,,,,,,,,,,,,,,,,,,,,,,,,,,,,,,,,,,,,,,,,,,,,,,,,,,,,,,,,,,,,,,,,,,,,,,,,,,,,,,,,,,,,,,,,,,,,,,,,,,,,,,,,,,,,,,,,,
153,,,,,,,,,,,,,,,,,,,,,,,,,,,,,,,,,,,,,,,,,,,,,,,,,,,,,,,,,,,,,,,,,,,,,,,,,,,,,,,,,,,,,,,,,,,,,,,,,,,,,,,,,,,,,,,,,,,,,,,,,,,,,,,,,,,,,,,,,,,,,,,,,,,,,,,,,,,,,,,,,,,,,,,,,,,,,,,,,,,,,,,,,,,,,,,,,,,,,,,,,,,,,,,,,,,,,,,,,,,,,,,,,,,,,,,,,,,,,,,,,,,,,,,,,,,
154,,,,,,,,,,,,,,,,,,,,,,,,,,,,,,,,,,,,,,,,,,,,,,,,,,,,,,,,,,,,,,,,,,,,,,,,,,,,,,,,,,,,,,,,,,,,,,,,,,,,,,,,,,,,,,,,,,,,,,,,,,,,,,,,,,,,,,,,,,,,,,,,,,,,,,,,,,,,,,,,,,,,,,,,,,,,,,,,,,,,,,,,,,,,,,,,,,,,,,,,,,,,,,,,,,,,,,,,,,,,,,,,,,,,,,,,,,,,,,,,,,,,,,,,,,,
155,,,,,,,,,,,,,,,,,,,,,,,,,,,,,,,,,,,,,,,,,,,,,,,,,,,,,,,,,,,,,,,,,,,,,,,,,,,,,,,,,,,,,,,,,,,,,,,,,,,,,,,,,,,,,,,,,,,,,,,,,,,,,,,,,,,,,,,,,,,,,,,,,,,,,,,,,,,,,,,,,,,,,,,,,,,,,,,,,,,,,,,,,,,,,,,,,,,,,,,,,,,,,,,,,,,,,,,,,,,,,,,,,,,,,,,,,,,,,,,,,,,,,,,,,,,
156,,,,,,,,,,,,,,,,,,,0.2740935736178946,0.2752856967332796,0.27730613764284145,0.2886327331225389,0.2934239660287618,,0.2924269810806199,0.26061583901183244,0.263487575046232,0.28398206530647113,0.28314433320865373,0.2810694552603167,0.26895075591540196,,,0.2886412631110499,,0.40295354405150563,,,,,,,0.2852989692632013,0.27947559401085253,,,0.25676516698352647,0.27248706883659946,0.30190605577114826,,,0.26168157714217377,0.2604801484491271,0.2561817880147593,0.25975002509794876,0.27309718841565944,0.27719899799552755,,0.2744292148153736,0.273734797258581,0.27191207051372795,0.2701941253360835,0.2692947265746885,0.27695755512239373,0.2754177981981979,0.3627018398706069,0.36941017651951874,0.34215020912202077,0.33341608996744254,0.3659364731982812,0.3485078297861392,0.31918914090362843,0.3125550377235247,0.2873516153610501,0.30876703967836605,0.29111798535364314,0.26907577775342745,0.2672040450479409,0.26910695025952364,0.26475898102480555,0.2677573596501356,0.26745874043477674,0.28057765905036874,0.2965042866690182,0.292077754859835,,0.2978099446330592,0.28018375262278233,0.28020775174788487,0.2867817216873299,0.29090306974780966,0.2652812069520888,0.2641584600486862,0.2839707801550007,0.27447142944598973,0.2588767190169906,0.26218302261460513,0.26060066742985194,0.26718506548512627,0.26531717887367906,0.2663173079413172,,0.2681752970229979,,,,,,,,,0.2895557389382101,0.2944443610674304,,,,,,,,,,,0.26163345341177136,0.2645988414628899,,,,,,,,,,,,0.2621003510713855,0.27460842378875455,,,0.26870354915540784,0.2686021614754137,0.2665732738640499,0.2584700826990512,0.268019456329682,0.28583690808301604,0.32601797588086556,0.3125020681160119,0.25952901740943857,0.2602804206214664,,,,,,,0.0,0.17100090084358796,0.25320146775595725,0.25625435534773655,0.29009078898371243,0.27952463730785226,0.2547987960717224,0.2614961749188741,0.2869603909979585,0.28348212881846724,0.24589641023073636,0.2949247613818405,0.46221816722117576,0.4275951404850219,0.2947467355748414,0.2785382839390926,0.261994053999064,0.25891215449708643,0.26227877164058017,0.2607689551602366,0.2652627695742881,0.2850546079752708,0.33548281957858184,0.3501909539860664,0.32317546513728046,0.27274554199001844,0.2642930685759678,0.2647128230049476,0.2627735756996875,0.25688285969315944,0.24971560523810063,0.2541764810553895,0.34911479845396154,0.44306699975218644,0.44272841518409545,0.2882457679849833,0.26304280233291477,0.26144615086305784,0.26586321367089316,0.2625833918197138,0.2752095414555423,0.2734061611947721,0.2669794080944683,0.264011075296082,0.25752482790915865,0.26578236478828454,0.27670650521351703,0.2699869579171641,0.2672242722181512,0.2636222592121033,0.2569399015347371,0.25739500113831615,0.26090360620137676,0.26161121821761557,0.26226255289439815,0.26671306460428046,0.25926972985086366,0.27870094929909833,0.27828471879278954,0.2656424395643807,,0.25784404813449924,0.2723915650601583,0.2665335600897389,0.2688465859302316,0.26123088959664037,0.2597760587177621,0.2586068496809439,0.2601202858822357,0.26226510524032703,0.26000124465263424,0.2643887213640223,0.2717564169729369,0.25648372623669746,0.34219383314213103,0.33003154828845266,0.25913466547593916,0.26569322286340613,0.2761398829810856,0.2636713469193985,0.2574436984209615,0.25683308825443557,0.2597377618571352,0.27353229384827943,0.2803689105476249,0.2664446048486421,0.2598463573825509,0.2698499938078596,0.2689258878029391,0.27024728028175937,0.2687223026737632,0.29535401268114986,0.3052808724186461,0.28177353025443624,0.2724803077297068
157,,,,,,,,,,,,,,,,,,,0.2633206864688455,0.2619208427535553,0.25982475184515375,0.27456374535499073,0.27325544557594494,,0.26982593004762634,0.2507156276990504,0.2621577016121063,0.2767898741156372,0.26615330711519186,0.26376172512660856,0.26406264490485315,,,0.264832453621238,,0.35881066505005865,,,,,,,0.2687696827726114,0.26735160265650315,,,0.2534043268932574,0.26067691854385644,0.277071262356827,,,0.25981219619624957,0.25615962768090766,0.259295138352028,0.2563229467754997,0.25547690773082027,0.2592652065768063,,0.2554184677833362,0.2549327648607363,0.2593654723773169,0.2591667450803631,0.26172340955394696,0.2608517218209466,0.26307664010019827,0.32002286494363175,0.3272335007431514,0.30777143171981575,0.29793659097417696,0.32658080564755076,0.3088663479401013,0.2843868785596279,0.27746006433668063,0.25956062264915525,0.2752938339719566,0.275050527054962,0.26951379111052703,0.26291069088416413,0.25561423273552986,0.2571023225285911,0.2501688178872789,0.2480010865989624,0.2586455020218746,0.272152416848998,0.27085963281897163,,0.27032697387511856,0.26544208718431245,0.2710661827306833,0.2686396040648434,0.27304404438005864,0.262352836735219,0.2607053437569706,0.260411215438538,0.25758625863072815,0.2587408982738214,0.26493443839280056,0.2554262364997611,0.2584788000635974,0.26843362151993433,0.27649695214056247,,0.2710980400494873,,,,,,,,,0.2625755700664253,0.2630919717397028,,,,,,,,,,,0.2569727694514919,0.2555299315438405,,,,,,,,,,,,0.24887329375806033,0.2550472232325558,,,0.25846636412553003,0.25759884688892964,0.2585241698659262,0.26054442279059964,0.2641944431058401,0.26095485249033507,0.28884634809982934,0.2794806868202424,0.25082607059614825,0.26236480872340523,,,,,,,0.17100090084358796,0.0,0.17812311472285544,0.24420733808155176,0.26287140481104965,0.25958447643374394,0.25554023893734623,0.2517191632155698,0.26053690955395886,0.258662615913954,0.23719191986446966,0.259436640468309,0.4105939734519982,0.379430460841645,0.26239875957615527,0.25484591829866526,0.26894570083950325,0.2624422130543688,0.26437865642759917,0.2533006778117739,0.25152075672380303,0.25663804985614563,0.29850505107343567,0.30601325641814126,0.28505551465901763,0.2569244766587287,0.25462342443134334,0.2536156318666598,0.2563190070666334,0.2476272688189008,0.247269261342491,0.26146372494434467,0.3113796556943897,0.40191503174787035,0.4035668587155717,0.2641050114900959,0.26116323346233866,0.26633058362987133,0.26812255376138683,0.26285395067171524,0.2791823717021218,0.2721563424549741,0.2603009253726901,0.2570769940472301,0.25331952912413525,0.2727276467660364,0.29477629923571363,0.28016502336635435,0.27201469844442233,0.27579232605559406,0.2651753183820089,0.26085634477865327,0.26638730715852177,0.2693235094175906,0.26266607050627877,0.2605940610203971,0.26055326327327755,0.27651850862491995,0.2736701270525692,0.27331224593678227,,0.2555547552914324,0.2656918951355833,0.2606125747445232,0.2649164301331198,0.25945453355673137,0.26555503939234437,0.26515177201922036,0.26156576301653706,0.26242597048758476,0.2595597696925322,0.27059525168814846,0.2810974747013891,0.2600981570071212,0.3040057490897735,0.29424662166727716,0.25224536888273,0.25702220743589477,0.2699607614581015,0.26053012516164165,0.2615147531857641,0.25601464040429284,0.2535926642868076,0.25924098725441486,0.2721095310690714,0.2662329275227181,0.26235429623297885,0.262409899372339,0.2665097538832962,0.27879703419381513,0.26929545801253,0.28013436916503925,0.2810014460244541,0.2710709318039872,0.2719575730252014
158,,,,,,,,,,,,,,,,,,,0.25399188172194137,0.254165682445605,0.25250938102208526,0.26566530393120175,0.2636267459586982,,0.26187521093005506,0.25165461956411656,0.26180170922910145,0.26786021433739304,0.25895468743525824,0.26667193004397544,0.26823431823472244,,,0.2602531187440347,,0.35529843186294424,,,,,,,0.2611857294938004,0.25523666470345613,,,0.2532055190279392,0.25632313620415315,0.26473608884002925,,,0.2550976614243572,0.25002822202977504,0.2552790126024807,0.2536783323487553,0.24841605209063175,0.2507650102531862,,0.24573070022735116,0.2518458926747178,0.25742562739150127,0.2502501343703706,0.2526297201815008,0.25138636769581646,0.24953633623036864,0.3130224115301988,0.3166569714876969,0.30168975956955313,0.29415938029818794,0.3186649544557764,0.306064637275386,0.28430686739263783,0.27419145742639367,0.25458490797939903,0.271105830818776,0.2673696029275702,0.2616559399567918,0.2560728854921167,0.24800911257186686,0.25052907856438866,0.24324792086040878,0.23811740822136535,0.24994464805706712,0.2639996601477693,0.26217128344901836,,0.269685593811151,0.26158714594371296,0.2609435368506179,0.2551110140256702,0.2631699911701291,0.2550201599603372,0.25186122876407546,0.256913477713422,0.2623095078902475,0.253776396925465,0.2545846242289716,0.2502042178962116,0.2501076677384625,0.2644307322057377,0.27606253503329287,,0.2648069245325739,,,,,,,,,0.25789720505130775,0.2546574761520931,,,,,,,,,,,0.2535604146386441,0.2513311278293251,,,,,,,,,,,,0.24005779615731512,0.243695852972883,,,0.24659511172074933,0.2545615328957723,0.2532082867361743,0.2507758683088053,0.2537585526936988,0.25477197944837443,0.28134450956172,0.2687974750164099,0.24603946818696834,0.2548162029130162,,,,,,,0.25320146775595725,0.17812311472285544,0.0,0.17381722446676376,0.25675610303785584,0.2541998972355992,0.25444684934911893,0.24239963214131885,0.24880029036679607,0.2481794938070673,0.23612769601774408,0.25382143077105074,0.3981662097338255,0.36888410084065554,0.2569345484288783,0.24686705819578134,0.2652630859930484,0.25331328638729916,0.25358100575100456,0.2458775232377735,0.24460658365381396,0.2536158124922504,0.2890801437544504,0.2942817701962028,0.274203536977234,0.24426956610305445,0.24685458530998003,0.25336598410775113,0.2542719825070006,0.2467077777031741,0.24524681255096312,0.2576509303383696,0.2946011168408605,0.382886592044557,0.3857553593577517,0.2492946995944606,0.2581110769431999,0.2605126187236689,0.2576212415648664,0.25354987485257097,0.2675344149404572,0.25600827463300607,0.25256390413542307,0.2551738059983192,0.2542381767316443,0.2685765940264747,0.29178377098236696,0.27551757492488876,0.2640556839271213,0.2699759548974357,0.26216352210217003,0.2592417126624223,0.26765260717080397,0.26643924712284134,0.2591692586837255,0.26144258237910967,0.26307888924842265,0.26817615784622356,0.2642547858604316,0.2684825483642068,,0.2537078362891284,0.26062164723317904,0.25458347437967965,0.2624219091630159,0.25836353821598884,0.2591801819372238,0.2640876588645585,0.2588702228333377,0.257318551769064,0.2587511958146665,0.2700007502021347,0.27874698669121967,0.26140955825994666,0.30418863566271076,0.29265870472637134,0.24948746568278707,0.25846755318084985,0.2726287198275228,0.26190466052628353,0.2589863819905683,0.25967691960032724,0.25329335861186475,0.254946103668036,0.2680891405437922,0.2661089804898119,0.2612055981381092,0.2589035834111971,0.2632806217751654,0.276980670206321,0.27005784442336506,0.28541231579447746,0.2807804928336413,0.2638341589782987,0.269462964600516
159,,,,,,,,,,,,,,,,,,,0.24711924372614258,0.2461965099272141,0.24430172656549445,0.25911787767372996,0.2584743958508633,,0.2539034468388512,0.25671221841589636,0.26645773314086757,0.2712534294026502,0.2605832156024389,0.2661229696474834,0.2660828696757125,,,0.2586866273834443,,0.34261780909980044,,,,,,,0.2512670668673554,0.255356888941616,,,0.2552744401794574,0.2524573152279333,0.25033271412466984,,,0.2598133807593243,0.2540729710403102,0.24951925811379716,0.25083805909577384,0.245079047160193,0.2460511726482937,,0.24677248613533098,0.24584857863215942,0.25124082037557194,0.24492573672899087,0.2445030687661564,0.2463416982723279,0.24627078404296093,0.3055693290223927,0.30559966277782297,0.28291627385467805,0.2764147072190121,0.30412798208134545,0.2945079336566843,0.27341050489163726,0.2627506893876532,0.24743150280400542,0.26527980174301063,0.26294499000519345,0.2573624770720877,0.2544476296893527,0.2454202863378371,0.24594596409752148,0.24258654160964804,0.23778795755952323,0.24169674632202323,0.2543802558531438,0.25481605719059,,0.2648297309842099,0.257164309203243,0.25913409392736797,0.25314425957808295,0.2555559214521867,0.24954028951852428,0.2541431705720997,0.25407717315845724,0.24903631800199652,0.2469037239658996,0.2508743565415804,0.24521017389791105,0.25302210319488383,0.26341658678422736,0.2773760526412163,,0.26010544382933265,,,,,,,,,0.2549042050120725,0.24600006760371074,,,,,,,,,,,0.25442460933310385,0.24819910515784532,,,,,,,,,,,,0.24415378845292052,0.24330050232720352,,,0.24710325781441475,0.2527431868924822,0.2477184447421183,0.24555566474152643,0.2485218426504542,0.2506949493668019,0.27167501098930535,0.2625376975311674,0.247196491477939,0.2600818188342961,,,,,,,0.25625435534773655,0.24420733808155176,0.17381722446676376,0.0,0.19970934384249386,0.2457744584609661,0.2523731661124957,0.24798335010320086,0.25349624739491194,0.2539214549344015,0.2392981349829624,0.24916847686980778,0.38321784966830713,0.3538887883707817,0.24720035184116207,0.2397425598482882,0.2647612209769984,0.2531147806564006,0.25626653265083266,0.24094209313804776,0.24423203034031826,0.24538818650809563,0.28167035315264943,0.2841267113318004,0.2612871058015199,0.23958838665125612,0.24611101624152973,0.2555784214441119,0.2516131600755709,0.24901303639584282,0.2438943176904135,0.255393509632439,0.28752520150287536,0.37202389328907826,0.374046146225861,0.2514252662746589,0.2578141930213799,0.26239690463841625,0.25996651242713287,0.2555147285977945,0.27150683324444014,0.26053565066705653,0.2517735864876617,0.2572247520319769,0.2596259819668303,0.26994036173206415,0.2915214316058961,0.27652831630217495,0.267018288281671,0.26934588211389915,0.26348270678023017,0.2646826437965161,0.27088454618505264,0.2655203454796414,0.2628141379142472,0.2606208895044101,0.26346199899787104,0.26369159491083255,0.25930073271172766,0.26518553476590156,,0.24888414197854208,0.24644942123077243,0.24854941942352346,0.2639087574103966,0.26016041722089756,0.2604766209033765,0.267949894511177,0.2581703648009941,0.2520465650750091,0.26132132590520507,0.27352035171832684,0.28379750579130436,0.2571794890886752,0.29313526197898016,0.28360298568378983,0.2530160849380966,0.2591879413799966,0.2694345259000565,0.26033493251134376,0.2599941488517834,0.25870047586505307,0.25534663932211904,0.251519445753466,0.2603820158272569,0.2650082763043794,0.2617410627636131,0.2622763068696538,0.2679191522172104,0.27566379397135127,0.26433421904862653,0.27263455263442354,0.26323046585616505,0.25084930015548834,0.26380729355478694
160,,,,,,,,,,,,,,,,,,,0.2642595700449882,0.26820754092324983,0.2628638482116301,0.2758899685183339,0.2677843510741514,,0.2484278788752045,0.2815381462877683,0.3031892039179533,0.2981928846751325,0.27412549091453214,0.27484379255590186,0.28987448612110783,,,0.2609039415692639,,0.2883643209880913,,,,,,,0.27036319059491354,0.2779372051880036,,,0.2844243588855946,0.27160496940081735,0.258174555185468,,,0.29380697187130456,0.2759576328338112,0.2752592453402283,0.28419564658911195,0.25930434605048003,0.25478801366325465,,0.2510521092989475,0.2611339458956995,0.2684291768146822,0.27192009672336964,0.2720833105190078,0.2582560366261414,0.2698451477607771,0.27746495639714974,0.2772228651271465,0.25779688443632104,0.24843307466981734,0.27113042275528815,0.2632457633914114,0.2553458435171832,0.24998809310450404,0.24480647106216702,0.2381153465725661,0.25594494071671287,0.2794583061093584,0.2740137969710791,0.26230759926886826,0.26331343344997926,0.26002040302582585,0.24973434013188406,0.2440384249319161,0.24948065207795556,0.2480955605685924,,0.25838523679054026,0.2658199053813505,0.2819475199675878,0.25780726922234487,0.2543491105932199,0.2732609480161595,0.2820578440271724,0.2633394849019657,0.262366536663694,0.2755920314178376,0.28216386937191273,0.27243725263137725,0.2796705482477898,0.29951510074772564,0.3206904411831633,,0.28623509667631647,,,,,,,,,0.26258708640396644,0.24430967242999183,,,,,,,,,,,0.28864735970030064,0.2694861106285107,,,,,,,,,,,,0.26054604217290483,0.2417404161713485,,,0.26899781501397224,0.2724739792495997,0.26654355042043704,0.2778646381240194,0.27344006412712607,0.2499529460147288,0.24982036168991714,0.2531400679490486,0.2724356093563575,0.29809453441931727,,,,,,,0.29009078898371243,0.26287140481104965,0.25675610303785584,0.19970934384249386,0.0,0.1489626222686102,0.27429154285275426,0.26613302607585926,0.2565164991808661,0.2579810223469219,0.26231837325258384,0.24507836164539276,0.321651737472447,0.2944045371817038,0.23189386328937825,0.24108278392586904,0.29441982713595055,0.2852216465031558,0.2842269620705657,0.258494936129434,0.2634494163887138,0.2429234445161319,0.26149658068399634,0.24967780815135265,0.23514368787911397,0.2497700954192678,0.26977462326401463,0.27377629069274173,0.2738608024083746,0.27191165587168464,0.2611711239846908,0.2830587992418451,0.2461723736308887,0.31414717074248183,0.31791685079481713,0.23957695907014448,0.27644367322583685,0.28426163118974374,0.28540640991518845,0.27403794204937926,0.287375561169125,0.2778926876806564,0.27086646493586236,0.27803874631748415,0.2826662825219809,0.3007293702928375,0.3310624069754732,0.3221119670113055,0.3103243134149311,0.31158038041414327,0.30274406801692294,0.3010295797495131,0.3025618138809314,0.29230081862128104,0.289017529848487,0.28483355993815457,0.29064816094611573,0.2643117933826496,0.25531397376802667,0.2934786785278405,,0.27205913745894467,0.25905030625585146,0.2688492002121218,0.2904855410579479,0.29146750868473414,0.2999148393155987,0.3085057718040392,0.2904684970652729,0.2807141856502904,0.2875425288277425,0.30756840335105434,0.3203047478651449,0.297464238435773,0.2615199802490332,0.25454059808823604,0.27428276421480996,0.2780489109920963,0.2859744392477891,0.2848563293616708,0.2980725636524389,0.27807113616242085,0.2731573699527133,0.26044316093167036,0.2675053061083125,0.2914354461440475,0.2991277168874959,0.29336842641442296,0.30104957282076167,0.3135789860198977,0.29926527624606586,0.284230320752871,0.25715735256257627,0.25215061585404563,0.28598659018848577
161,,,,,,,,,,,,,,,,,,,0.2704777988405807,0.27724430988935783,0.2741295120849432,0.2848536747012062,0.27965184687359695,,0.26544050178518896,0.2825492162724121,0.299428567331774,0.2985232447295647,0.2798454662637748,0.27494249429533796,0.2811766624032964,,,0.2737130592550673,,0.31967125453382045,,,,,,,0.28544210025785544,0.27977784080200324,,,0.2779788507801035,0.27358804390831565,0.27599632897049103,,,0.2905222408159553,0.27245334809006044,0.2717158876554533,0.2832919218562672,0.2722155792936944,0.2658885729535766,,0.25998026268923585,0.2694313675856603,0.2734075867735907,0.27822110347780343,0.27888049264313736,0.26381739870424314,0.2738766673813226,0.29993725595911,0.30625998261211085,0.2895808099345488,0.2767308082145571,0.29949718325114977,0.2913217683925254,0.27331161124511616,0.2669230245911181,0.2582715575108065,0.25772103100118515,0.2607331531147325,0.27559554767447664,0.2760011894398851,0.2639022268573493,0.2633979904823838,0.266057217348245,0.25545333815379967,0.25680997828038477,0.2666498610405633,0.2642065321142832,,0.27517211007694886,0.27600179389317964,0.28029578032727026,0.2637591234410257,0.26682425336206933,0.279377994636956,0.2818015303833548,0.2722502162440008,0.27290808618001733,0.2763534779289369,0.282715230509081,0.2694728637712032,0.2765355636322326,0.2943413510952666,0.30957364525493397,,0.2862514157766348,,,,,,,,,0.27130372151100174,0.2631904213996945,,,,,,,,,,,0.29165246141269996,0.27268916903818446,,,,,,,,,,,,0.2581941540570178,0.24522033477966082,,,0.268604582091949,0.27140302160256735,0.265328363132257,0.27264808548744485,0.27243687494816976,0.26023860068562754,0.27500994353740515,0.27312291137828587,0.2680336794591593,0.292987155774738,,,,,,,0.27952463730785226,0.25958447643374394,0.2541998972355992,0.2457744584609661,0.1489626222686102,0.0,0.2087340328846206,0.26119957468467014,0.25921177647015453,0.25893062080951706,0.2540475130083632,0.25942030663447724,0.36054250375772284,0.32925158722395026,0.2458039936861941,0.2485909175424347,0.28929156932123845,0.27933609469845966,0.271889345233408,0.25130070204492283,0.26414004984496486,0.25498662381443293,0.2798690968531602,0.27180962974645606,0.25151088805065136,0.2506538349254092,0.2664289163607479,0.26919970911703217,0.2720556266851741,0.2666737568603134,0.2557779918103445,0.2769639294432515,0.264806135461944,0.3424165986560206,0.3475074316811273,0.2455555906453507,0.2705692090115593,0.27720409519993183,0.2773540923701063,0.2653127299276086,0.2810890130455926,0.27148853211497265,0.26867522577983227,0.2745899174581974,0.27059768558263414,0.2858134983945886,0.31739873627016085,0.312896208815084,0.3010813867405129,0.3019919401184838,0.29747114120668977,0.29571019739064563,0.2911314729181996,0.2807279913847045,0.28067840734351784,0.28478991897171096,0.28688876907984795,0.2688545860981675,0.26018680438919617,0.286798079610727,,0.26524082783518,0.2679153366540811,0.2700634698790551,0.28651967321276756,0.2881446237483607,0.2926721086602945,0.29879755739267905,0.28348313568825245,0.2749696688539819,0.2836718947808541,0.29882766993782317,0.30669641221968036,0.2880623492267123,0.2844814666700997,0.2770533756939945,0.2737256284881473,0.2770333056182708,0.2861171335563032,0.28123933201324647,0.29284570853639935,0.2740970439713913,0.2684364238584588,0.2612779385980236,0.2665084805441894,0.289155712881037,0.29557218369330074,0.29341146915365335,0.29805324974168207,0.30795196652542467,0.2943455132476007,0.2920532030775984,0.2777620279549022,0.26243139044870195,0.2862039591516356
162,,,,,,,,,,,,,,,,,,,0.2747187345912702,0.27717063671319897,0.27855754346054706,0.28305667848890526,0.2868323682146385,,0.28782765163408014,0.26726384362097194,0.278861331266601,0.2958379534638914,0.2844291629267739,0.27754763918281655,0.27796409241240944,,,0.2829761374366932,,0.39338957315414863,,,,,,,0.28493586456082226,0.2823032884632997,,,0.25770042926383624,0.2692913011843093,0.2902817618385501,,,0.27233586216203215,0.26714109517083445,0.26307384798396677,0.26571127778774745,0.27847664360881963,0.27470366105855404,,0.2774499004280538,0.27896013352723315,0.274778266975743,0.2768751251517145,0.2753914614880874,0.27188366120959845,0.2693625078676385,0.3533879788169452,0.3617436319930973,0.33507623045303464,0.32354334075510055,0.3548850693899597,0.3458780883933986,0.3228455196994914,0.3089602036471941,0.2754947870512659,0.29877201903555456,0.28084766766898195,0.2705296277884551,0.27787456678016975,0.26946676352432486,0.26948424340454025,0.27163773371676453,0.2695202668584616,0.27981053885604623,0.2885627845807326,0.28513426282544996,,0.29716000829135514,0.2846253088586547,0.2755760252988957,0.28232843243031375,0.29417416720375755,0.2715465018305585,0.2657946541897656,0.2868906291794119,0.28318580868628285,0.26348294795502053,0.2648438394676113,0.25676876018881467,0.2634291033524344,0.2706369107679952,0.27783793273188756,,0.27263274568289453,,,,,,,,,0.27436802342153427,0.28172203517394756,,,,,,,,,,,0.2719861704630554,0.26792986522324735,,,,,,,,,,,,0.25639778985328804,0.25991210685859745,,,0.26362822933346913,0.2634954044415424,0.26012061871834197,0.261307115057861,0.2663939342746254,0.2767526372765108,0.3146895435000772,0.30036366690309985,0.2589389520019937,0.2671518717990087,,,,,,,0.2547987960717224,0.25554023893734623,0.25444684934911893,0.2523731661124957,0.27429154285275426,0.2087340328846206,0.0,0.19206490855582958,0.27312030181862,0.27135532538909113,0.25193151199277475,0.28459078671068966,0.4453206889164648,0.41154304516905316,0.27881030154198844,0.26735705826942174,0.2660488885737645,0.255687536581263,0.24933807630110638,0.246850140407505,0.2617714252322954,0.2810636815187376,0.3229906705017779,0.33023778431744905,0.302882687346249,0.25599809171135807,0.25776805613554593,0.26017582041778403,0.26051410626657945,0.2587352780397355,0.2538249723991416,0.26217057816425515,0.33523289339967793,0.4226911398981025,0.42015158847102746,0.27472992346195185,0.2636086217589595,0.26127232043169574,0.2647137052429206,0.2620551907732071,0.2768716352841829,0.27140320893848174,0.26631256688946187,0.26585139730384816,0.25713585045181214,0.26022936217447845,0.2825344836210781,0.2775557707347544,0.269419499507429,0.2767630056202835,0.270038643218621,0.2646849010265542,0.2676913328536931,0.26838940986902154,0.26408231603176463,0.2643671118526323,0.266692718754754,0.27510958350926207,0.27175461900745074,0.2669848884034933,,0.25738067175807827,0.275914911904047,0.2707808842098853,0.27262772816147424,0.26914225657952273,0.26915506989011456,0.27201356310653657,0.2637079732000468,0.25710953219810173,0.2648003010367155,0.27258711655504636,0.27990795092123927,0.26182136457114746,0.3341548898223701,0.32918183958235353,0.26459548255826654,0.2755100150773929,0.28724047942726666,0.27114766579199445,0.2683146993851931,0.26161477283368406,0.26060519423027606,0.2748740679327624,0.27909688810419225,0.27112142448847887,0.26674784526573264,0.27696960319742975,0.2798360627321462,0.2784395898288855,0.2721774162282498,0.29753859318561854,0.3059925346656208,0.27807998363914094,0.2740739425181215
163,,,,,,,,,,,,,,,,,,,0.26087830501486087,0.2619043817373566,0.26161293202465985,0.26465216254729446,0.26366981876377266,,0.2716232252687105,0.25479515302236355,0.27301918932086494,0.2863033376518082,0.2693952662928525,0.2612124922540314,0.27222431874413383,,,0.26543849450782475,,0.36224932042323893,,,,,,,0.26267889345515405,0.26532089581078444,,,0.25885599422350936,0.26187560784418845,0.27258611601245886,,,0.2620585252330109,0.2506090377506925,0.2511514852068747,0.2576834656325944,0.2601754408786954,0.25864101535852185,,0.2597772249838955,0.267482089359696,0.2670922056191249,0.2627572448177537,0.2581487303928504,0.25314477839670296,0.2508972803757431,0.3271408166416157,0.33204139137286137,0.312137871831745,0.3001005464706634,0.32725565193238926,0.31998442656298043,0.30094422579788577,0.2886887461244478,0.2605251366272932,0.27782593426877755,0.268249639448925,0.26566912404751886,0.26747639412732915,0.2538802804882918,0.255771381663284,0.25370224695216664,0.2523569107508619,0.2583608992422291,0.26790317590707347,0.2655789598582343,,0.276918310783519,0.27023403703582916,0.266172160977457,0.25972068285020067,0.26552464871685716,0.25357940609615853,0.25497068206363965,0.2673821345159433,0.2638664284906994,0.25616873532432294,0.25498109583589246,0.2502138399558075,0.2517181482416888,0.25873743797759147,0.27842232721815074,,0.26105536291455583,,,,,,,,,0.25773738283449055,0.26106961400843526,,,,,,,,,,,0.26864223049489305,0.25777348222435975,,,,,,,,,,,,0.24749340334054304,0.2523412575069358,,,0.24613716272418473,0.2578716857395634,0.25595001571165293,0.25800289197296583,0.2585799104326254,0.25826846416528176,0.288042555971372,0.27877603785092475,0.25320366577429787,0.25750018845928524,,,,,,,0.2614961749188741,0.2517191632155698,0.24239963214131885,0.24798335010320086,0.26613302607585926,0.26119957468467014,0.19206490855582958,0.0,0.20539518546761512,0.2614429441420849,0.24437729263513588,0.26241515866450194,0.41262775275152663,0.38066116958683893,0.2593112636293934,0.2531764829014763,0.2631593762241747,0.2492675569018488,0.2520822127462815,0.2469129892840986,0.2508705140908414,0.2627350054596619,0.2968918360805993,0.3041721719491427,0.28321666428156894,0.2429236860751513,0.24834586537181802,0.2529416209284194,0.25419640910889807,0.25540949332287133,0.24995767082287437,0.2559214661931746,0.30636615524055205,0.3935483753886898,0.3929036792173278,0.2586499285609463,0.26167146345772696,0.258803044531248,0.26227470684533877,0.25725685610672305,0.26917854121390145,0.2649475504654856,0.25591805294969705,0.25225316986898705,0.25231061170561725,0.269739523367379,0.2866314322594297,0.2762554111912833,0.26808062618782785,0.2778375525745338,0.26720392971021023,0.2609524197652625,0.26812870746191286,0.2673336885376195,0.25741154319179954,0.26513847231871657,0.2664723846500641,0.2599498060584977,0.2600781706252008,0.2685302938537006,,0.2550305869309452,0.26219542434617904,0.2583428807323025,0.2695250648637295,0.2699774219063584,0.26810818657593155,0.27389459910315694,0.2647667802568037,0.26042504574861086,0.2621381634031327,0.2727252811799016,0.2786662591687274,0.2610799070917222,0.3141548656474891,0.3073991313657933,0.249266290866933,0.2607556834679719,0.2758315425218652,0.2632889746021773,0.26671643897503283,0.25427106208216954,0.25051590611442176,0.2619771687334067,0.2668130812684298,0.26165907785814146,0.2650710007811648,0.26404335804325724,0.2687289013357239,0.27727418431969164,0.26826236226579236,0.2887110222268895,0.28652859498922917,0.26261589789037704,0.26882394732122034
164,,,,,,,,,,,,,,,,,,,0.2618263969210151,0.2597599915808066,0.25923691507320973,0.2715641048597342,0.2593951954035806,,0.2571081203867369,0.2656430968877673,0.28500575561569025,0.2920513855726254,0.26374045367366494,0.2595265321746118,0.2772959521100142,,,0.25484161233857533,,0.3022926654406868,,,,,,,0.26287439326421036,0.25962772922203403,,,0.2677637833340852,0.25937394722189516,0.25711209386711903,,,0.28261485828406047,0.2651172306569828,0.2643844261251921,0.2721122886597824,0.25260897492244094,0.24494486899814613,,0.25035168245328915,0.2593854664166542,0.2522294924253807,0.24829305272952457,0.2571195674168297,0.24894707860794266,0.25131202876235176,0.28337249682363364,0.28291234444741403,0.2676220054391023,0.25244972717157504,0.27434665646314654,0.271018967939021,0.2595375075989751,0.25350038283327014,0.24933148061777755,0.25358130679291424,0.26611974965415947,0.274945999225844,0.27114323462761747,0.2583030169783624,0.2644458168765795,0.2471753201414487,0.2422816885559435,0.24703487432981514,0.254050825965673,0.24843083723915396,,0.258245443761081,0.2589764060634983,0.2704784664214822,0.25526757620067103,0.25141164402077437,0.25614344806344663,0.26696265073825715,0.2492813762127882,0.25346177414997256,0.2744881070672501,0.27286233711855973,0.2628452975705162,0.2619206721594656,0.276639419519863,0.3009923117594435,,0.27685770719079933,,,,,,,,,0.2525554283656865,0.24397107135650567,,,,,,,,,,,0.26988590888987124,0.25399580065138316,,,,,,,,,,,,0.2574110680164893,0.2496068171971181,,,0.25870609671083855,0.261829614497536,0.25960107374871383,0.2826719265802143,0.2752518115780488,0.24617288364059398,0.2534615547670182,0.250058397312753,0.26049824685361445,0.279372210470498,,,,,,,0.2869603909979585,0.26053690955395886,0.24880029036679607,0.25349624739491194,0.2565164991808661,0.25921177647015453,0.27312030181862,0.20539518546761512,0.0,0.1385884130543951,0.2520484455917529,0.23685712580353482,0.33748357503938997,0.3113937264150318,0.2333989559337175,0.24303356787140312,0.2878965766762651,0.2710958263352408,0.2741387815495667,0.2588930345041448,0.26025749894431216,0.24763572501031714,0.2552253785006728,0.25729381199469314,0.24857493940494996,0.24634937754141273,0.2614979338375505,0.25974256742371116,0.27084048301205255,0.274803194337597,0.26307139703263827,0.28002686390578513,0.26852461976563835,0.3501817946911724,0.3557468624996473,0.25667021238087734,0.27998693558664806,0.2853647475402902,0.28118057465947754,0.27298092847188943,0.291721214747505,0.2808703802146223,0.2662156007689967,0.26836173822392784,0.2736196964850634,0.29863623137418704,0.32421762986942465,0.3099068457999652,0.2983192064992985,0.3033652867978769,0.2887364185141152,0.28454469133269256,0.29035143727227425,0.2915384915862257,0.27364354342640945,0.26865712694666455,0.28728036184889194,0.2740629481902041,0.27219225316746015,0.2980570983355125,,0.2763086484622613,0.2650794024467385,0.26081233577965507,0.2782143485112411,0.2837747447588341,0.2892127751877931,0.2991203788940437,0.2822497142663728,0.27446124658950005,0.28204206833810785,0.29775860436134916,0.3088305022234506,0.2812593863723522,0.27459499303511475,0.2689856045584364,0.26158986629405007,0.26137021687376566,0.27066639920282787,0.2707759157839689,0.2853886027874818,0.26908930545998283,0.26733763243223346,0.26122445780902154,0.2649039827762583,0.2698764939411574,0.28360373347317924,0.27701645471033703,0.2828375053096514,0.29666048160271413,0.27580575419004744,0.2801618886988414,0.26605062373739585,0.26285263272131654,0.29045286827028427
165,,,,,,,,,,,,,,,,,,,0.26525054898338624,0.26181802975403323,0.2607735800965037,0.27427207930168607,0.26544841078256,,0.25985363911236475,0.26293885787250054,0.28502989257668987,0.2940081996359821,0.26866788177779644,0.26777557179335676,0.2801377732784623,,,0.2594109829915394,,0.31194395653958557,,,,,,,0.27070092856643424,0.26501860595905563,,,0.26899210292872006,0.26667668774654285,0.26545192946171897,,,0.28376030242820083,0.26909821176259846,0.26679992366073907,0.2758185702184741,0.25364361005630115,0.24033721132447974,,0.2546230402676979,0.2580407701075004,0.25343885999255455,0.254973948021328,0.2612429801487785,0.25313988645724217,0.25656653154634873,0.2851108540027419,0.2865342681093058,0.2716796689778317,0.26005444650322573,0.2757934714598988,0.2689951755597204,0.26006198731031893,0.2519855092387441,0.252564365523589,0.258961047344211,0.2670025951882631,0.2797527706071831,0.27498847189200704,0.2599946242752225,0.2642753452353744,0.24679927783552152,0.2394187330621598,0.24881975892783836,0.2581019563662483,0.2591551172749952,,0.26507348025062893,0.2636520111354607,0.27065090186843627,0.26204470935309476,0.2633622283251302,0.2640251737817142,0.27033865856866074,0.2523934173742799,0.25709564334059526,0.27115620524921663,0.2719534659155235,0.2657859260245786,0.2657536372649634,0.28117458991722416,0.30050284313415504,,0.28344631722609626,,,,,,,,,0.26134446001356576,0.25314941774361505,,,,,,,,,,,0.2676119715073396,0.2534750510679012,,,,,,,,,,,,0.2592835728212256,0.24780373873036812,,,0.2630938214729417,0.2642689508077825,0.2600742265390387,0.2795025051932108,0.27348751844697744,0.24761848734133016,0.2598747511885394,0.25398091365006736,0.2655186657533386,0.28512131185151135,,,,,,,0.28348212881846724,0.258662615913954,0.2481794938070673,0.2539214549344015,0.2579810223469219,0.25893062080951706,0.27135532538909113,0.2614429441420849,0.1385884130543951,0.0,0.20921874184033928,0.2445415023492982,0.34236983311551383,0.31563636223313085,0.2353124802434787,0.24224548232824888,0.2910041617765548,0.27448603862414356,0.2741654166327497,0.2630264635587694,0.2669325005389834,0.2496700782437878,0.26822845365218756,0.26891215087872555,0.2509523464034344,0.24696653628300688,0.26137421873585,0.2655723529104863,0.27716955359464407,0.2754624505207422,0.2676336115813185,0.2839998004537384,0.2765530370598509,0.34968877364756173,0.35250340701503025,0.2570214809619012,0.27576966919645013,0.2828224236446748,0.2831544789136271,0.2748162273485723,0.29295380366781254,0.2805341954508974,0.2664191437917788,0.2732464295054138,0.2767504375072938,0.2971708176736396,0.3237367287449735,0.30971729315105034,0.2983241119361006,0.3032954869421722,0.2884937238028902,0.2880291661465612,0.29163372000700855,0.2907202925407394,0.2747445068769287,0.2669049323665512,0.28692392456991805,0.27465130545689026,0.27154013077232936,0.2962719043842378,,0.2765468645983442,0.26446203972826043,0.2616678869341162,0.27471835869087147,0.28374095952702366,0.2940565462308299,0.30008931860271876,0.28177543648440906,0.2716350605019538,0.2795826090660312,0.2960776185624579,0.3086021520528814,0.28291881044873046,0.27706800440092605,0.27143597945846404,0.26603742724923446,0.26047683271654953,0.2699810276184662,0.27272842793257474,0.2824087146935753,0.26674048694642144,0.27013168385941255,0.2650503978342947,0.2705594997280223,0.27139418041234264,0.28087753211617994,0.2798840135924974,0.28080545557207776,0.29484619619222807,0.2783658762234984,0.2767084712101179,0.26269792145051235,0.2624654158390692,0.28417074024601485
166,,,,,,,,,,,,,,,,,,,0.25489332264973297,0.25512915241774364,0.24907343978715607,0.26315790273274076,0.26203473162662494,,0.267797998986681,0.2491638479615042,0.2587405429538034,0.2759721346956394,0.26343435247930236,0.26344768319916284,0.2614422279586786,,,0.2583068814088921,,0.3646307361095275,,,,,,,0.26536092714136833,0.26084479974359887,,,0.2504161202568566,0.2583186489592304,0.27352751485334403,,,0.2601632549463489,0.2460111878077989,0.24495681058531218,0.2542581783135234,0.255852950908902,0.2550348524247586,,0.25739182230707314,0.25899122728766744,0.25428150249662584,0.2550252419861611,0.2583211016343147,0.2547598849392551,0.25358808123693977,0.3204423765344011,0.33000984700512437,0.31036167981109725,0.2956361411480708,0.32334669134649924,0.3125823610789415,0.2906977104650898,0.28272818367429414,0.2573944176197526,0.2739473953281811,0.2599293849122506,0.25510559512306724,0.25697342242552296,0.250390731540166,0.2504431566044984,0.24860218258700612,0.2412230287775592,0.2546244753091751,0.273945559664109,0.271676469681685,,0.27913059573556753,0.2646284445127921,0.25424653465289715,0.25783585038965057,0.26495167491883775,0.25068555504583584,0.25633992514491893,0.26112448709761604,0.2587792766430179,0.2531167794410545,0.25343554182395667,0.2512319311939148,0.25074827314779535,0.2562000945922321,0.2664031964341972,,0.26522267525245447,,,,,,,,,0.26550291592603775,0.26887526500964354,,,,,,,,,,,0.25424509363357095,0.24837357348333658,,,,,,,,,,,,0.24328055496176104,0.2462458660594582,,,0.25205487230411694,0.250422865120194,0.24559362532025716,0.24936509576339663,0.25309130698412863,0.25648701008824687,0.2903775848373096,0.2808232545111875,0.245539729072145,0.2585684663807806,,,,,,,0.24589641023073636,0.23719191986446966,0.23612769601774408,0.2392981349829624,0.26231837325258384,0.2540475130083632,0.25193151199277475,0.24437729263513588,0.2520484455917529,0.20921874184033928,0.0,0.2115221118494292,0.415536379015781,0.3833861922795054,0.2602364319688569,0.24921639908813115,0.2620968902915828,0.25545122522741226,0.25298168685155537,0.24084142695430982,0.24529767860721916,0.2586588768897497,0.2956560747201139,0.3036468337051284,0.2812335575537468,0.24205141258751897,0.24617525850215988,0.252628688138974,0.24794825022236552,0.24710773114335197,0.23971010032029932,0.24648073618658178,0.30805293642404785,0.40135343390681355,0.40177642845506656,0.25212364759255723,0.2470673253884858,0.25219015328073835,0.25335912033074226,0.24959950216165117,0.26334701016956474,0.25771218900251663,0.24965364989901453,0.24892547226223508,0.2464354780576929,0.2594075943010217,0.27954760877039175,0.2695949472518699,0.2626695463703884,0.26569112730464234,0.2544635678139588,0.2575572462240088,0.2594320631674759,0.25576566943761064,0.25328489139467986,0.25546251150010424,0.25955885163160347,0.2589031614008145,0.2581415461701778,0.26102430192191506,,0.2431376842439243,0.2568538912768804,0.24886742153206026,0.25285478594226307,0.2586522440442564,0.25880965372482434,0.2626106904517937,0.2530142411493395,0.2455099834584344,0.25072235072050136,0.2645467361041488,0.2726238526565062,0.25216545962914144,0.3098371976740657,0.29997279744618066,0.24097609621672741,0.24388686280228983,0.2635669543703288,0.2548331594970953,0.25078990075170393,0.24796719640456902,0.2487075533935137,0.2509672559499926,0.25870180961490247,0.24899516384471831,0.2466149633034117,0.25564509821487413,0.25791033739175107,0.2638276649605636,0.25357800827873983,0.26938027747698184,0.2735098937258949,0.25578888859779086,0.2565415856370766
167,,,,,,,,,,,,,,,,,,,0.25628465222152325,0.2609686629791913,0.2573433441451878,0.2770356952843138,0.25545783954787954,,0.25149183880949116,0.27725345358630804,0.2935880129516849,0.2900422615065647,0.25667752661615784,0.2555422266021811,0.2838104588236955,,,0.24524176998669261,,0.27769927622367296,,,,,,,0.262530175862752,0.27072683316386753,,,0.27445851025682066,0.25549277904807355,0.24294153973230206,,,0.29741951866399124,0.2801181793307206,0.27783779156529453,0.27538434422990693,0.252501590991505,0.24396847640507782,,0.24578298392248538,0.2555018289490941,0.2534439847535381,0.2612136093093245,0.27296872060557914,0.25667386961385064,0.25840183059313593,0.26630271149041623,0.2622931588876208,0.25124560443340177,0.2302536874332375,0.24469573279386314,0.25020659651069627,0.24691158154108792,0.24560840279280896,0.24315799944356495,0.24681000122304472,0.2686800727612987,0.27927052273096475,0.27570049924973156,0.26398190215412864,0.26920864648439563,0.25186021465586567,0.2398860780067195,0.23945153721822918,0.24958532784848322,0.24903149545696335,,0.2525530373844209,0.26332540165632834,0.2736312298663071,0.24946685242270084,0.24721196331144157,0.27484630741236,0.2826189234759446,0.24993303893632732,0.2543241606803975,0.2779240924746283,0.28322683097196877,0.2740482642736353,0.27641040613773626,0.2959856192015642,0.32317849991196185,,0.2937473432644764,,,,,,,,,0.24011780894032558,0.22557787341636082,,,,,,,,,,,0.27893559793521416,0.2625063325331844,,,,,,,,,,,,0.2531317000510611,0.2464610555034796,,,0.26250854925748673,0.2650191932912911,0.2637398152755334,0.28621652254229435,0.27862789131321114,0.24646340447167592,0.23587154323072826,0.2327302895834421,0.2716410453576359,0.2969397403334004,,,,,,,0.2949247613818405,0.259436640468309,0.25382143077105074,0.24916847686980778,0.24507836164539276,0.25942030663447724,0.28459078671068966,0.26241515866450194,0.23685712580353482,0.2445415023492982,0.2115221118494292,0.0,0.2871151700905896,0.278216082439379,0.22538200868435254,0.23613609270554056,0.29661465581681223,0.28516606760660085,0.28715929938045676,0.2585021022869876,0.25631701600976187,0.23355155431883415,0.24194799761643784,0.23781723656418385,0.23074816535949763,0.2407007306260541,0.2626976536242745,0.27529335166789,0.274528611175269,0.26930098193605395,0.26249366521764395,0.2883169494104466,0.26808845989274294,0.3357774601058093,0.34063270664730766,0.2417798273856913,0.28113291725090134,0.29714031785712663,0.2974536056688019,0.2860059242871602,0.30118539615395074,0.2903528005928937,0.27853691973015987,0.2751642008915055,0.28539124108678476,0.3119540177332078,0.34401900289577153,0.32992981392093784,0.31638697927203807,0.3160739703441004,0.3012276931120085,0.29528286124959313,0.30083216412460206,0.304419572633962,0.2903515802781976,0.2777382097576722,0.2993667482455522,0.28195488032177385,0.2728510473174587,0.3050761583093182,,0.28294774786958876,0.2661893158872794,0.269650424200842,0.2888027746918515,0.2900980784988162,0.30122625767530764,0.3096517426209231,0.28722692136078865,0.2831592704240132,0.2960760280690543,0.31677130126288305,0.3288836249813118,0.29228493721371573,0.24560937932945792,0.24788353210469466,0.2699329848209028,0.269852619028703,0.2812956865748054,0.2785422916983555,0.29133459705949666,0.2805623440935642,0.27764111880274894,0.26146636154618225,0.26732140503020146,0.29062162112041995,0.2977970030131133,0.2854036631258447,0.29692260005515403,0.3140654225593002,0.29020340065863726,0.26471949272863576,0.2420487392527639,0.2563372335101982,0.2903084362332198
168,,,,,,,,,,,,,,,,,,,0.3796643740217881,0.3883317926399168,0.38302727324700975,0.3955695596967566,0.35907813224112256,,0.3328060662864017,0.41696337295252306,0.45291433269975895,0.42945791195267824,0.378733482291628,0.3774359883227389,0.43341170611643137,,,0.3604771744474201,,0.2090532615577078,,,,,,,0.38838671185337453,0.404024890838519,,,0.41713552578071444,0.37279659480907007,0.3220813513070739,,,0.4544827535646984,0.4254625459854494,0.4219307920281034,0.4179609674415691,0.35349683401419274,0.33833134279750504,,0.355267530621808,0.36418797444279527,0.36700449517738865,0.3824245151650066,0.39338126558881936,0.3556854683940212,0.36408760259189293,0.27144909977995035,0.24488484031285854,0.26853386101479654,0.25112862696245003,0.22420130619117515,0.24444128545961474,0.28021312468614135,0.29397199386661554,0.34036408728157796,0.3167083961513515,0.37639665024702873,0.42573100609041686,0.41069663402926065,0.39177123656385665,0.3961050690705513,0.3673456757596821,0.3562830471435638,0.3381650290060102,0.32251141447966436,0.32300612202782264,,0.3203976325118975,0.3713778444446245,0.4093936887026112,0.3496386386294988,0.3334070921945521,0.4084918191446284,0.42707172902919754,0.3440069852127927,0.3655626286683916,0.4255644806830908,0.4335937523033411,0.4265414854908932,0.4258457023824662,0.45734649159598884,0.4916179359206167,,0.4409990239448345,,,,,,,,,0.3386232046072131,0.299585012033084,,,,,,,,,,,0.43608883450965064,0.4002390854616039,,,,,,,,,,,,0.4039629804230819,0.3713541458951847,,,0.41147594567432116,0.4186347578667071,0.40724879071051395,0.44276247975024696,0.4169511028693096,0.3381471491393338,0.2742048491687921,0.29117411697067874,0.4199430704497928,0.45567909559231823,,,,,,,0.46221816722117576,0.4105939734519982,0.3981662097338255,0.38321784966830713,0.321651737472447,0.36054250375772284,0.4453206889164648,0.41262775275152663,0.33748357503938997,0.34236983311551383,0.415536379015781,0.2871151700905896,0.0,0.09439628139419497,0.2989892562008661,0.3320530135702227,0.4522421066964485,0.43189068551986404,0.44323149413229995,0.4120633286102456,0.40590842199873767,0.3298566683559454,0.2790441535203835,0.24729411198851622,0.2711775559286797,0.3700326066583006,0.4057707745261695,0.4108508608028876,0.4273459666955624,0.42295827153821003,0.4093246059951378,0.4489563466677852,0.2832367855650637,0.276593213430136,0.28388031501105593,0.3429039811307293,0.43428168307190657,0.4560517610199103,0.44717986638071344,0.42811087348827875,0.4403617932662331,0.43098089687977786,0.4153905889040194,0.42013095096948605,0.4498887254497768,0.4820066615887585,0.5183272973811817,0.5023395195458633,0.4843787192606038,0.4851001996470184,0.46727361229440334,0.46313897260332276,0.46394153706451274,0.4552958084232929,0.4417918355178012,0.4261164022219046,0.4535979228578935,0.3970794305660458,0.3912991949942533,0.47208342550399146,,0.43924477208659907,0.38783429292098853,0.4059276001410851,0.436225183906507,0.44538743947075754,0.46972097200467006,0.4785035630730317,0.44181757359523,0.4420590094753989,0.45821733060935804,0.4799525334047737,0.49729817690148576,0.4532626961496915,0.254343521394004,0.26653424625788313,0.41670224913308646,0.40071965395766695,0.3991167140239933,0.4218772842411636,0.4554344988029631,0.43605712113616385,0.4263543626624993,0.3834957412277674,0.39003836136542275,0.4401063780751001,0.4592468059963451,0.43395824018590773,0.44164886685412197,0.4777542815396755,0.4540022449735347,0.3678150488556073,0.31034348226045083,0.3569789357921465,0.43602384631513635
169,,,,,,,,,,,,,,,,,,,0.35724315700718584,0.36164661107871,0.3535124018516035,0.36988758128206756,0.3354867471072628,,0.3145101197961069,0.38665419764999587,0.41814993049528787,0.39795693246519565,0.35232288027537495,0.3509819436840823,0.40415194121311004,,,0.3330763809302426,,0.21094442729694454,,,,,,,0.3597890318036802,0.37495719985635495,,,0.38469433293352245,0.3437964772137213,0.30493566717393367,,,0.42315903865699334,0.395878544270864,0.3918140231852482,0.38797156756905593,0.32845751298287995,0.3177134623309358,,0.3291281184805152,0.3344216262381822,0.3416454794459002,0.3576874845789433,0.36833229573451315,0.33180292972324116,0.33968274462598996,0.2577184192454322,0.24242374485006504,0.2665306906822286,0.24120786386343135,0.2183610254949666,0.2367558268004416,0.2712914571889112,0.28194717953952547,0.32049813904999036,0.2994885991342147,0.35316574293001046,0.3975434555956827,0.3827121359216779,0.36644840252795374,0.36937935888944373,0.34189477039274396,0.33108807361848314,0.31792077595708607,0.30780306153018927,0.3122530475071622,,0.30737560387039164,0.3518395418582817,0.38328913353837796,0.33090214562356646,0.3184258883854598,0.38042895749334243,0.39748871646304007,0.32104182946302706,0.33996328434199563,0.39401948050465296,0.4017934576108677,0.3933699417448015,0.39538571468861083,0.4238536034316966,0.4557277007925237,,0.41248281756027416,,,,,,,,,0.3161225373677944,0.2817916975593705,,,,,,,,,,,0.4020438111250232,0.36898856725169427,,,,,,,,,,,,0.37743496751156025,0.3469630383974711,,,0.3831292168281579,0.3898997316015845,0.3793843267610008,0.41366735100913793,0.38513991426557753,0.3116875327945777,0.2636418570579198,0.2763708588859846,0.3882555608933422,0.42387804891566244,,,,,,,0.4275951404850219,0.379430460841645,0.36888410084065554,0.3538887883707817,0.2944045371817038,0.32925158722395026,0.41154304516905316,0.38066116958683893,0.3113937264150318,0.31563636223313085,0.3833861922795054,0.278216082439379,0.09439628139419497,0.0,0.2528533347494619,0.3064757425695926,0.4174391334133699,0.39794530977012965,0.4113528470909129,0.3816488424520571,0.37363934968269147,0.30497241606732367,0.2624239280472663,0.23490862730784257,0.25388688679772303,0.34082908704753384,0.3764080177344822,0.3797715183955262,0.39479631854041225,0.39001841625910894,0.37808159371347094,0.4155623322145826,0.2800855176079792,0.2906603735810667,0.29848715153683625,0.31828793049078924,0.4035967164272895,0.4236731068870997,0.4179737436695715,0.39503771077118927,0.41043247269409305,0.4032222185977952,0.38417597562249634,0.3886399691661232,0.4152061250329978,0.446436379504169,0.48098542293291136,0.46580929323537773,0.4481301913040118,0.4514001597489215,0.43339545346233155,0.4281046686139354,0.4279346618531354,0.4208405381350629,0.4089874180418988,0.3959574586719341,0.4201861853972304,0.3679660480384196,0.3615534525158001,0.4354720130223858,,0.40581844971094844,0.3575410386388845,0.3747923072216232,0.4018427765196837,0.41126280597237647,0.4352474506149991,0.4451044817695496,0.4114369912246437,0.4094532665578403,0.42302277668898774,0.4449858504342724,0.46106390465338654,0.417073027535799,0.23869961640283305,0.2502795875779391,0.38226814701651113,0.36844587392577594,0.3678023882663597,0.38669673848430963,0.42309896348483583,0.40207199965856905,0.39321607839264916,0.3567649930767086,0.3640045084495062,0.4056298572538481,0.4238137216111145,0.3999692413137306,0.4055510717121566,0.44035068486061174,0.42053498959216246,0.34798589108007244,0.2959746435604105,0.33399171715376536,0.40231289458431113
170,,,,,,,,,,,,,,,,,,,0.2569781492279313,0.25780508418564585,0.2508897927172024,0.258694768250202,0.246533570938975,,0.25254014807869374,0.27276477143258954,0.2964849731210833,0.3010315564011485,0.2638234731759402,0.25235765005005645,0.28987155013663896,,,0.2540622453403378,,0.2666278994164723,,,,,,,0.2581747427390892,0.2687320997037193,,,0.2728699137661015,0.254874707228266,0.23533950873469459,,,0.2917569794957917,0.27170909667015813,0.2691233574230251,0.27415798503665306,0.25242147540549087,0.24330414746631224,,0.2430546696160854,0.24908134149173772,0.2522884934157328,0.2551879792274333,0.2572267098319077,0.24151412171571843,0.2537834826875569,0.26563268022786807,0.2672119014110305,0.24943282391870095,0.21844417975132474,0.24110866447515664,0.24180885705985455,0.2290121270880312,0.22218549582822736,0.23620192415005087,0.2356922617109315,0.2563851463314182,0.27428687911072647,0.26628659277070715,0.25628052992978034,0.2591815527308456,0.24568596869346745,0.2353350161367289,0.2291842535809027,0.22917563481955036,0.22777351809117666,,0.24223997339819187,0.253381852565396,0.2672635278354163,0.23823700613599122,0.23990735215407882,0.26709666773685503,0.27884522842992143,0.2302160395221524,0.2350447951141291,0.26961993794586464,0.28260116005492897,0.27292526328396605,0.2733912402085556,0.29590806809247705,0.3205235915403068,,0.2906770143264914,,,,,,,,,0.23578924899366707,0.2214782989863223,,,,,,,,,,,0.28631387322737006,0.2545629095640405,,,,,,,,,,,,0.2650610216731821,0.25188428317249223,,,0.26438834151218515,0.26586408826741376,0.26231424505043627,0.28524455207780464,0.27321495894432596,0.23741173986178232,0.23111515963296433,0.2341139464481715,0.2679718507333111,0.29502558429334996,,,,,,,0.2947467355748414,0.26239875957615527,0.2569345484288783,0.24720035184116207,0.23189386328937825,0.2458039936861941,0.27881030154198844,0.2593112636293934,0.2333989559337175,0.2353124802434787,0.2602364319688569,0.22538200868435254,0.2989892562008661,0.2528533347494619,0.0,0.15588330033133946,0.29271693729147547,0.27509952148198835,0.2839812491450381,0.2625746113719925,0.25989195289772254,0.23521799979837663,0.24222740615113794,0.23156883715973337,0.21776559856873792,0.24019969973850178,0.26324357020871564,0.26590082365380374,0.2765437764188371,0.2754647996321959,0.26846308387964557,0.28733415305384136,0.2592360839441412,0.332579888006523,0.336109122139763,0.244275728460481,0.2839109998563382,0.29694819155396857,0.28665481091927886,0.2733268969130755,0.30509563034152465,0.29692473261679636,0.27644965138641664,0.2724386232465913,0.2788916000507203,0.3063021730513351,0.33925457075050675,0.3253770451918636,0.31147357923996616,0.31919814680458103,0.3087848870821727,0.30284411368757697,0.30281518986421274,0.30002422367459053,0.28740964564011684,0.27857599608514816,0.296648515388892,0.28157378349891,0.2713093878261316,0.30155950201538717,,0.28296103998705974,0.26126526286557245,0.2689701519876655,0.28724818483276254,0.2929609501095761,0.3081133000403431,0.3102320449964704,0.28614130148176986,0.2829167807390608,0.29091683044857586,0.3094478437748843,0.3272817723230149,0.2953814467383916,0.24943217360612044,0.25782729463619475,0.2757877603433214,0.26508379398756315,0.27336132724344164,0.2754948784610626,0.29902267597230603,0.27870335801581925,0.2694514612269611,0.2619779010594216,0.26547343789416794,0.287118665110745,0.2974158003736169,0.2866059829443269,0.28760763570159253,0.30789655216716866,0.29626649682391776,0.2814984878587153,0.25125746158163936,0.2562959311487755,0.2926061737846438
171,,,,,,,,,,,,,,,,,,,0.24841591377053798,0.25426697479607274,0.2531662541502985,0.2581303013898836,0.2534260239097596,,0.2502735840700517,0.2631524561094811,0.28293686736616414,0.29126435045571314,0.26572424075983686,0.25716008090314735,0.27855519670703405,,,0.2598664178258452,,0.296328069310405,,,,,,,0.25963505909840406,0.26352654356660504,,,0.26187972226131556,0.2505737858801815,0.2476720577102746,,,0.27939405164033604,0.26156130468369226,0.263660315910167,0.26673403644911947,0.25114873312512376,0.24111730578144608,,0.24192417681383746,0.2475249294698935,0.2499740797358635,0.24878671811506278,0.24909715922883868,0.2408726888367488,0.24410724885964216,0.27815361514170367,0.28229527268368343,0.26536739998264547,0.2438761902757154,0.26182277500561507,0.2579623066075763,0.24454647644165237,0.2392980201651154,0.24460873841947314,0.24458789715859494,0.25924701706250397,0.2684621683895843,0.2591601533534821,0.2526667246733276,0.2526335028850239,0.24710133139712998,0.24077460408132437,0.23845786090889778,0.24047033825120667,0.2369840983088449,,0.24741998809367496,0.2552866385345406,0.263583234561492,0.24230329237009793,0.24164444241747218,0.2595617941108509,0.26894325094148575,0.23754231004929632,0.2413058949082776,0.2624104857862089,0.2687124922120577,0.2654476809495924,0.2660874313819253,0.28226755291386657,0.2997081423803555,,0.27973742342368324,,,,,,,,,0.24799487272081294,0.23572693402706957,,,,,,,,,,,0.2740731097794809,0.247807749946197,,,,,,,,,,,,0.2594853225005323,0.2517143075386978,,,0.25409857830265015,0.2549915419909718,0.2549361620615285,0.2731364112654655,0.2631095719675801,0.2352224126446506,0.2344600923902977,0.23773548443934292,0.2587951988196145,0.2766945862156599,,,,,,,0.2785382839390926,0.25484591829866526,0.24686705819578134,0.2397425598482882,0.24108278392586904,0.2485909175424347,0.26735705826942174,0.2531764829014763,0.24303356787140312,0.24224548232824888,0.24921639908813115,0.23613609270554056,0.3320530135702227,0.3064757425695926,0.15588330033133946,0.0,0.2161138688985631,0.25727990268759987,0.2640819983433515,0.25069117939093394,0.2536086843199311,0.23444089812641544,0.24846972774664086,0.24368476392045282,0.22630698132466004,0.23544458195227627,0.2541543212969752,0.25859655301188783,0.26172777232460004,0.2619228629561129,0.25552644428346216,0.2702487817283355,0.2647495655521593,0.3493215156235152,0.35336802624380886,0.24523977244185352,0.274883605338991,0.2811606408833831,0.2746982393082425,0.26386283267061195,0.2863506432702027,0.2750749589984284,0.26250319989474663,0.25874163735643957,0.2679141182312553,0.29114843471577656,0.3213904627221657,0.30520348087694216,0.2908795247233646,0.29402672003324026,0.2860411091155401,0.2870960576335855,0.29053017932243896,0.28346570932930015,0.2723047659874248,0.27175860293284765,0.2826489829542804,0.2767137061632665,0.2685024044167989,0.2868356266197606,,0.2714968309483499,0.259171725349643,0.26284484059636876,0.275653387134116,0.2772353886127506,0.2904000502479075,0.2897398670035942,0.2690513104547296,0.2692332388097939,0.2779725067761188,0.2920192418359622,0.3073493930867527,0.28037832384420736,0.2658490473640757,0.2627709239262068,0.2640315056479706,0.2529560145581587,0.2611622080672304,0.262894516418635,0.2813261009145006,0.2685714409274089,0.26126663301326236,0.25209909010953246,0.2613032943947415,0.2778259178570838,0.2830784999230578,0.2776532133340681,0.27774745099648485,0.2982492697757739,0.2856932145866904,0.271153211742251,0.25180185567505553,0.2517839003626251,0.2803051291860161
172,,,,,,,,,,,,,,,,,,,0.27224850371415255,0.2745864681494673,0.2764090731380511,0.29068608020658215,0.2917769816527328,,0.2891358101388957,0.2655766371452396,0.26530212915075907,0.2831028403670283,0.2817112376328535,0.2813225697346665,0.27457184160951303,,,0.28429452551177875,,0.39609469598405916,,,,,,,0.2847268540228129,0.2770193484847022,,,0.2656595722790381,0.2768766986401596,0.3023562935718185,,,0.268368766245977,0.2592596451656725,0.2606047122489116,0.2664104732482009,0.2748032068154034,0.2829357971039686,,0.2757650140940769,0.2746339180920195,0.2676564127804228,0.26888519561928503,0.2745899542208017,0.2786986411824918,0.270100622021527,0.35597680164188006,0.3629409832784076,0.3430763900311345,0.33258724035319803,0.3570884710733842,0.339633249823585,0.32444744980579265,0.31331948232001683,0.28398663724702194,0.30547199467629316,0.29538149325491164,0.27391539777971907,0.2695311172126341,0.27271622951040003,0.27162997217341617,0.2766556324335099,0.2779771390219514,0.2864202541103672,0.30509696269883607,0.2993294688848486,,0.3051208121641659,0.2899498071954124,0.28022191163901383,0.289700476011695,0.29382237246685217,0.26540759209239784,0.2666172380860295,0.2851283736682141,0.28329943102017047,0.27216778967396893,0.270662523016385,0.263918991249172,0.2708397997811046,0.27332603474358486,0.2701785582393239,,0.2756137165156758,,,,,,,,,0.29354514070571114,0.29887785174431775,,,,,,,,,,,0.2646821487752572,0.2608918614362312,,,,,,,,,,,,0.2659745219832574,0.278349824238283,,,0.26984087277903773,0.26814130143851383,0.2711678956158886,0.2749880059435434,0.27192655037822944,0.28130973057007724,0.3145569683311809,0.2995488756557927,0.25611798202960767,0.250800800243193,,,,,,,0.261994053999064,0.26894570083950325,0.2652630859930484,0.2647612209769984,0.29441982713595055,0.28929156932123845,0.2660488885737645,0.2631593762241747,0.2878965766762651,0.2910041617765548,0.2620968902915828,0.29661465581681223,0.4522421066964485,0.4174391334133699,0.29271693729147547,0.2161138688985631,0.0,0.18597438490394633,0.2529971903977774,0.25850881372231893,0.26540280062792143,0.288343555780224,0.32836332480481334,0.33893616672990284,0.31749901386192886,0.2710183988686929,0.2651824866655574,0.2652932020400643,0.26051536221633587,0.25644347590271177,0.2581963419288084,0.2595095903737541,0.34780418333325974,0.4355698364715712,0.435134841606021,0.28738818136776173,0.26807664097369405,0.25956289972607494,0.2656155348290116,0.26071696023739876,0.2666152472474349,0.26241338349108717,0.26491341821784686,0.26381891465729984,0.2573167274139689,0.2649147421985508,0.2716615672923322,0.2652991250122565,0.2636275426156775,0.26288144145416253,0.25798961916795415,0.2625990448011453,0.2654195304247869,0.2635473851981006,0.25976045676610454,0.2648972284569015,0.2611800627380009,0.28254953799595883,0.2777226496102636,0.26049138283948375,,0.26066198785334765,0.27286143151831993,0.2674017791687305,0.26655993435796654,0.26376048691831455,0.2642188295900092,0.25968368427738053,0.2551710313820228,0.258159299718607,0.2617113258624338,0.26586280051028544,0.2686319442303748,0.25001686441255994,0.33422917817840697,0.3241938068748906,0.2614273702024698,0.271714535783098,0.2782776322475798,0.26746724414912776,0.26020210508444763,0.2623947807936636,0.26208702068466866,0.2765788398104481,0.2847620161275296,0.2677413096545585,0.2560465558941174,0.26425353599965007,0.2686685048043789,0.2692828307035569,0.262921767246906,0.2920362744965928,0.3018951306267305,0.2749073262766687,0.27058662160288927
173,,,,,,,,,,,,,,,,,,,0.26287815992956926,0.2607908414037464,0.26065667788922153,0.28095353763710507,0.28001417707093706,,0.2781555382206003,0.2559596092237731,0.25450450979073075,0.27560666528828454,0.27143980140745727,0.26909076381698405,0.26538164036748124,,,0.2727812811453874,,0.38082858533481656,,,,,,,0.2767414281207165,0.27068735501008456,,,0.2546441441301259,0.26457066653540884,0.28753600162300774,,,0.25977187054848094,0.253704041730832,0.25365762397213976,0.26194997820412436,0.26645217444188724,0.2683103098566561,,0.2634293358871785,0.26196380836742544,0.26236526750987843,0.2612767624263887,0.26271660512512185,0.26545863935421943,0.25814299360846255,0.3432172551625097,0.35052038907973293,0.3303110091183161,0.31525372385456857,0.3389127689126034,0.3230862963792111,0.3041888741225075,0.2919169461010272,0.27240008540050475,0.2972794379283425,0.2890004937392388,0.26543483909181786,0.2602204958035768,0.25988722919779544,0.26013967138012756,0.26172498058108706,0.2634358264782613,0.27243566291873383,0.2909558641442579,0.2854287139471104,,0.29051714506363163,0.27844737053202623,0.2666588109472803,0.2720532911874941,0.2797109331901674,0.2564880281931648,0.2540417081031161,0.2705105534586007,0.27255590589244083,0.2625875780422436,0.2642753415886817,0.25462063114162947,0.2611836947005814,0.2663892049077186,0.2668210856588236,,0.265429605034404,,,,,,,,,0.27731838357522065,0.2825422839728845,,,,,,,,,,,0.2601419940332409,0.2537194967366263,,,,,,,,,,,,0.2598291606728761,0.26900786768679336,,,0.26106444254699673,0.2615178408342692,0.25912562344266765,0.26278579545508096,0.2616127791752115,0.2715372374323838,0.30855207659086764,0.28845238291373393,0.24657928204843402,0.25013868690895785,,,,,,,0.25891215449708643,0.2624422130543688,0.25331328638729916,0.2531147806564006,0.2852216465031558,0.27933609469845966,0.255687536581263,0.2492675569018488,0.2710958263352408,0.27448603862414356,0.25545122522741226,0.28516606760660085,0.43189068551986404,0.39794530977012965,0.27509952148198835,0.25727990268759987,0.18597438490394633,0.0,0.19094154917571374,0.254853993421359,0.2589414907807301,0.2809682264557256,0.32279033471661106,0.3328220304552742,0.30581524470054317,0.25835478010598906,0.25762223938556333,0.26053135321511794,0.2567429465377584,0.2528857259187697,0.25251018258477725,0.2493090082750715,0.33986535163888715,0.4251852470332188,0.4247318344032026,0.2799404553731025,0.26412028002600113,0.2559350886807503,0.25938739725327487,0.2536446518681754,0.2597434093254193,0.25658506670650855,0.2555835478237183,0.25536506917970275,0.25060680827174237,0.2618202125422571,0.2712157362737096,0.2589163107805489,0.25777273863379363,0.2659437105647399,0.2578750366612431,0.2595076755391399,0.2603913430132978,0.26029131789602483,0.2551018419016292,0.2591056349715052,0.25635657527045225,0.2681980097209361,0.2660103299066755,0.2584899503089024,,0.25824495815836684,0.2671245125186888,0.2627520345292547,0.26420752399107145,0.2599662196075534,0.26149450428013604,0.25700189739430274,0.24963717044246214,0.250894882055994,0.25339731659845344,0.26134054664975725,0.2675032725848635,0.24677555965823553,0.32299820211197194,0.3135450198416598,0.25784658999769905,0.26308242635414886,0.26532687421849743,0.2572366403037048,0.25251038302083745,0.25263567679734544,0.2553237408371332,0.26639349714457417,0.2690386717403596,0.255340942904031,0.2520488690039172,0.2596261083961407,0.2562764248535337,0.258779454145703,0.2576067032409105,0.2824999946727706,0.2911851776503225,0.2634465443791111,0.263012202703128
174,,,,,,,,,,,,,,,,,,,0.26718190714781215,0.26732597003633046,0.2683976687414906,0.2805823546656659,0.28291659403189057,,0.28215597084974764,0.26587233511532554,0.27444278472005884,0.28869699879765637,0.2822148489721955,0.2808614693227455,0.2684968562796683,,,0.28282367908356115,,0.39259632032094344,,,,,,,0.28363234785427066,0.2808118207934687,,,0.2625048098680343,0.27706250573265856,0.2957422982086784,,,0.26828678642520426,0.259646577016629,0.26163897990609547,0.2672239112984218,0.27785288690550913,0.27150066997788586,,0.2719025924491627,0.2783010081333292,0.27180093529172017,0.27112677505494637,0.2701353910486307,0.27246429170044545,0.2706731187593522,0.352028215264333,0.36543259249651205,0.3381748072649972,0.32166672844762306,0.3517122638497229,0.3386629052984277,0.31846023618996694,0.3090861600908867,0.28287858502715424,0.30377502456015487,0.28450515228368256,0.2655020864811875,0.2651050066684675,0.2666458160520203,0.26635950137320447,0.2637978913802049,0.26367171231806774,0.2741040700680493,0.2893489675285549,0.28653821072514785,,0.29421558027727035,0.27848499211662736,0.26546028801957416,0.27298807459636026,0.2897351673969075,0.268976012855114,0.26497853708017105,0.2780157168293003,0.28041503073111956,0.26931408954488456,0.26526270240313626,0.2627070158933255,0.26814972195979075,0.2667703510423022,0.2686089978290636,,0.26650908475745216,,,,,,,,,0.2781259100668992,0.28488064349463627,,,,,,,,,,,0.2655217825928432,0.26038273880161167,,,,,,,,,,,,0.25625899477104547,0.26043949087483265,,,0.26639656955354185,0.266656389510196,0.2581685662719326,0.25734681997703585,0.2627583559708964,0.2764688104756111,0.31725753080282665,0.2988894056777983,0.2549509253952155,0.2595936011790472,,,,,,,0.26227877164058017,0.26437865642759917,0.25358100575100456,0.25626653265083266,0.2842269620705657,0.271889345233408,0.24933807630110638,0.2520822127462815,0.2741387815495667,0.2741654166327497,0.25298168685155537,0.28715929938045676,0.44323149413229995,0.4113528470909129,0.2839812491450381,0.2640819983433515,0.2529971903977774,0.19094154917571374,0.0,0.17387609604625798,0.2646045705681575,0.27515078192793935,0.3227997991775432,0.33068347266461895,0.2992492997309745,0.25438381117385506,0.2585493945438985,0.2620179060103912,0.2510711933136283,0.2504493489649914,0.25365608976207277,0.2507482446998493,0.3301189636462008,0.4189528751088555,0.41695700853166195,0.2819688723527009,0.2669686137348342,0.2597177828443362,0.263044316668776,0.2591448545104035,0.25858003029603965,0.25563840498864904,0.25412230602402924,0.2536999712052604,0.2523428964544749,0.2648256098722828,0.28033429268052623,0.27001487633445465,0.2633203266609608,0.26597349938753695,0.2646342598106822,0.2689523294900126,0.264716422245618,0.259371808137228,0.2605681982729485,0.2695843233668115,0.26820672190672545,0.26744039566964656,0.2637647168822818,0.25953594432845745,,0.2624337913238264,0.27418056437508537,0.2717573388238126,0.27235304312753206,0.26961363205656647,0.2686563270007384,0.26961446830951796,0.25817517001086004,0.24947023259661982,0.25812675810100033,0.2666531876144962,0.269473054494204,0.25985605861749844,0.3347677616724848,0.3251880328589294,0.26360659560582245,0.2682974120693888,0.27292841795853534,0.26163170055262086,0.25937900321996715,0.25608352424820846,0.2542155059000043,0.26451278657433597,0.27242100064060426,0.2628936331545786,0.2617390823959585,0.2732751891320108,0.2701477878259851,0.2682712057325545,0.26135668447804816,0.29179941479888366,0.3052373329760629,0.27034901809429907,0.2683102789018923
175,,,,,,,,,,,,,,,,,,,0.2554673503356347,0.2589544127928649,0.2598424513515622,0.26815147521373506,0.268453194500237,,0.2672629841574041,0.2644272858591621,0.2750293574420855,0.2866881387746123,0.2719041116438107,0.2699688610701537,0.26588454708529263,,,0.26521811005117374,,0.36371506547588656,,,,,,,0.26514499658812063,0.26668039886753286,,,0.2554523484248576,0.2572685964315598,0.26453448994972867,,,0.261038442967122,0.24902702533785864,0.2541323377463067,0.259495259322876,0.26266290221206895,0.25792463886524886,,0.25679965206171196,0.2639964330586454,0.25558818104055914,0.2538745757235088,0.25666184270318126,0.2573680678838113,0.2584319464397195,0.32181476602325604,0.3330420958642981,0.31277050454009786,0.2939314021955119,0.32374815221160796,0.3143102068892049,0.29708869648477443,0.2889734234900926,0.2607264687550185,0.27294102193538283,0.2611126651016966,0.2572545681037643,0.2579618718014498,0.2544367784020141,0.25545849716934965,0.2486915886257231,0.24784172699654927,0.2562933422211861,0.2693333749790403,0.2698084392932578,,0.2715942088888386,0.26112756140659704,0.2581163308557896,0.25855142620136023,0.2691846298654572,0.262068504545556,0.26227431616435093,0.2636874249642432,0.25842247796137574,0.25429972723203065,0.2559085428695397,0.2505767725841506,0.25541310910341203,0.2629271719415913,0.27294369108024,,0.2594872848732573,,,,,,,,,0.2551014740847672,0.2577069112110093,,,,,,,,,,,0.26147718008356596,0.25224562788668486,,,,,,,,,,,,0.24543331852514136,0.24569503305754664,,,0.25459876522978414,0.25009299462927104,0.2527164390492925,0.2570558862971875,0.25414382636751276,0.2614399097194988,0.2906324434397816,0.2775932201029743,0.24557014328802038,0.2611953216937527,,,,,,,0.2607689551602366,0.2533006778117739,0.2458775232377735,0.24094209313804776,0.258494936129434,0.25130070204492283,0.246850140407505,0.2469129892840986,0.2588930345041448,0.2630264635587694,0.24084142695430982,0.2585021022869876,0.4120633286102456,0.3816488424520571,0.2625746113719925,0.25069117939093394,0.25850881372231893,0.254853993421359,0.17387609604625798,0.0,0.17833833912370836,0.2551708431844441,0.29196443885433604,0.2962197213587957,0.2729270009932796,0.23742585162689628,0.24410589933265303,0.2493461314499479,0.24320255212799352,0.2479297157639181,0.2472069622974646,0.252085655002978,0.3060158576133305,0.39977409492413524,0.39988514435713246,0.2654237115563364,0.25928786111309093,0.2608472303465605,0.2594268439217537,0.25340699680360623,0.26638416009021987,0.26259107597898657,0.25538313945703467,0.2536043428265142,0.25222771415471845,0.26423974733069605,0.2878861724584223,0.27769924121999306,0.2675661031515669,0.26624549982953505,0.2657316999410763,0.2701098357579843,0.2652461234071353,0.26102837707779214,0.26025052202123133,0.26629733089781227,0.27237618799878,0.26767549174486993,0.26201132214897677,0.2612008408393135,,0.2529535430654522,0.258829909886948,0.25658464092672395,0.26131081153764524,0.2643807401006434,0.2670963250106697,0.2736380226236795,0.26104438509286854,0.25201029714397677,0.2573531885274471,0.26674464779203616,0.2740729111292862,0.2589440718077999,0.30815631238924174,0.30074764932370773,0.25789833020057473,0.2668050841886452,0.2780387322818523,0.2594343338530703,0.2591083557531357,0.2597719529218414,0.2539223813212833,0.2552081438508108,0.26157614920125316,0.2559209711006911,0.25888209641135324,0.26725533499986875,0.26870849471643166,0.26947609927537614,0.257745693319446,0.28284290303182535,0.28875841971729094,0.26337270064260543,0.26061764747196264
176,,,,,,,,,,,,,,,,,,,0.2584566400879605,0.26219036162636744,0.26298653387356136,0.2650364087647466,0.2637851769770139,,0.2689605911625854,0.26464862279333506,0.2706766051795766,0.2848589723299219,0.26618348574089834,0.2645460153099904,0.2667845920571647,,,0.25592831712337005,,0.354443528285662,,,,,,,0.2584084084544597,0.2585211073695524,,,0.25760777251423467,0.25598994564960875,0.2597133759196077,,,0.2616503782476004,0.2545738775154266,0.2570802430800962,0.2597114408432531,0.2561234337188886,0.25654329963196654,,0.253631689446045,0.2576949302497657,0.2566060664138754,0.2519741176821695,0.25638821626736263,0.2542799229086095,0.253692186871227,0.31209250246194487,0.32240630772669837,0.30918075860599076,0.29267066834652267,0.319828106068743,0.30865876150696314,0.29074489799470565,0.2805163149661944,0.25674719390846606,0.2695654613555623,0.2628185031331086,0.25970293450889786,0.26450952373533676,0.25854021281468575,0.25792317150195965,0.24857087128927782,0.24721514704037154,0.25635711189315546,0.26743807281318605,0.27216520819815043,,0.2735399305137323,0.26288431451962474,0.2590633651201375,0.2582635804553791,0.2650431789180904,0.2578448044474709,0.2622897718216074,0.2659943382912343,0.25583889487918315,0.24825641303293297,0.25678605846063324,0.24727788150209187,0.2513256451847394,0.2618645461290236,0.28080919262781145,,0.26582051851456256,,,,,,,,,0.26185818810185574,0.26112926640928824,,,,,,,,,,,0.26275998833243586,0.2543479421804062,,,,,,,,,,,,0.25269980622729976,0.2507266298049529,,,0.25490772546636964,0.2480294026019725,0.25568389311982764,0.26490143672249633,0.25897937602468796,0.26010688738988164,0.28519587619051817,0.2765742996652723,0.2527687858175102,0.2687985717649487,,,,,,,0.2652627695742881,0.25152075672380303,0.24460658365381396,0.24423203034031826,0.2634494163887138,0.26414004984496486,0.2617714252322954,0.2508705140908414,0.26025749894431216,0.2669325005389834,0.24529767860721916,0.25631701600976187,0.40590842199873767,0.37363934968269147,0.25989195289772254,0.2536086843199311,0.26540280062792143,0.2589414907807301,0.2646045705681575,0.17833833912370836,0.0,0.20511554585045236,0.28651373129030433,0.2973618731115519,0.2834784367398473,0.24597916346645746,0.24752190918035746,0.25303833778824697,0.257959287836334,0.2572493680639598,0.251613157624254,0.2586316810373257,0.3108470988915804,0.40161181247337846,0.40256800194616327,0.26888681094698935,0.26300528697448433,0.2682926519062525,0.26628006270031296,0.25501887057488515,0.27908728104231606,0.27195247642077286,0.2615563833546217,0.26373811217366744,0.2601868065176101,0.2665172182654425,0.29267118136430376,0.28329562677799447,0.2720622754546784,0.2725304792791052,0.27180655966186407,0.271393308418781,0.27336979101957964,0.2711120353252101,0.26560468090570155,0.2711330166933671,0.27658678634951867,0.27742465270026784,0.27642575324307567,0.2724112645581107,,0.2506328361311123,0.25643813979309454,0.25652820652949154,0.2589081735431566,0.26445374769032903,0.26986190749466926,0.27352554671088225,0.26771357506538374,0.26608190322551956,0.26322782156182767,0.2705728627474817,0.279391178903748,0.2634341604868423,0.3056308957992967,0.2976248809805273,0.26112641347792703,0.2711355845314697,0.2854265640520774,0.26747360475582277,0.2592867352238506,0.2615863184069484,0.25517219141929015,0.2577179928921029,0.26065089772186384,0.25667424569087494,0.26153471939803263,0.261123814299374,0.2668820182065416,0.2724385788677723,0.26657560904909594,0.2834003568751513,0.28492743975813545,0.26983465638000564,0.26788056812413225
177,,,,,,,,,,,,,,,,,,,0.26233487505009256,0.26614205088898496,0.2658595329153009,0.2756051741665453,0.2653995867539342,,0.26076062182685195,0.2769833674966705,0.29304773506479553,0.2960477894543055,0.26933286338642765,0.26111466072513634,0.27397761342420196,,,0.2502929237616567,,0.2878650446188966,,,,,,,0.26241102725706006,0.26592285484986994,,,0.26998319633810036,0.2589509827363645,0.2567610410484682,,,0.2878365004551269,0.27696769214136263,0.2752300280315013,0.2743592441589459,0.25531905232943103,0.2419208226909062,,0.24903550532648094,0.25484190212848895,0.2541334425084238,0.2560365724824401,0.266091078051482,0.24863353876554847,0.25646005950131867,0.2776314202528823,0.2808011335312735,0.27093578088954606,0.25158225682389723,0.27111133279110006,0.2645239715874234,0.2536864442918867,0.2534591237043469,0.24868116991304814,0.24881258268181744,0.2642831248557023,0.2714210164191181,0.2694827112567499,0.2642972631623732,0.2637666469101948,0.25447159722011825,0.2460221114430225,0.24620243332122013,0.25323189394787043,0.25289683314422623,,0.2497428081137254,0.25608580665704267,0.27428241129769393,0.2602304649765656,0.2536482412118972,0.263918084458243,0.274402598826351,0.2562943827408334,0.2590224852875039,0.27101476778290445,0.2716956648416679,0.26741944856228117,0.27225036094915284,0.2844620038321038,0.3079612301640732,,0.2875321814320478,,,,,,,,,0.2558607287137628,0.23928157491959415,,,,,,,,,,,0.2727417829709741,0.2564110517672466,,,,,,,,,,,,0.2635085584394534,0.24821334618618165,,,0.26944494758253135,0.26511858558655055,0.25673036504351704,0.28093532653295333,0.27071819523002877,0.24314732090118563,0.24712302608064451,0.247517030657388,0.2674131040809381,0.2896410939804752,,,,,,,0.2850546079752708,0.25663804985614563,0.2536158124922504,0.24538818650809563,0.2429234445161319,0.25498662381443293,0.2810636815187376,0.2627350054596619,0.24763572501031714,0.2496700782437878,0.2586588768897497,0.23355155431883415,0.3298566683559454,0.30497241606732367,0.23521799979837663,0.23444089812641544,0.288343555780224,0.2809682264557256,0.27515078192793935,0.2551708431844441,0.20511554585045236,0.0,0.19440759134234817,0.24965129885659665,0.24568872165108613,0.25253115627702893,0.2650731951703222,0.269061961549512,0.2720694457156959,0.26303770717167685,0.2571777141496745,0.2780434274946289,0.2734078830408535,0.3529573392218894,0.35739977087755176,0.2544838602086785,0.27632600619271047,0.2886159939140577,0.2939280968722527,0.276012763347805,0.29344539785448553,0.27768324816177165,0.2633821509679806,0.26968921782274596,0.280533617712508,0.2944908574503485,0.3272240478409968,0.31314599060645415,0.2997609261302909,0.297865836640001,0.28971834466967594,0.28786487416516077,0.29480324685571213,0.2882520432266448,0.2749512802800623,0.27306824489663434,0.2907837470753839,0.285412731707408,0.2803159278475276,0.2985003950533308,,0.2739414214659963,0.25588010119943616,0.2609348484985017,0.2800376072481519,0.28307460512290605,0.2936988246018755,0.3010741465462204,0.2822864234940108,0.27837323102626654,0.2848174192522928,0.2998534683777342,0.310907216245055,0.28374263633758606,0.2652286098342425,0.2577777294909702,0.2695587060829716,0.26782312564316224,0.2785038003540497,0.28107992844261326,0.29058828088607314,0.2719793751791637,0.26383024601747884,0.25961775801471915,0.2632012620495297,0.2795766941862228,0.2912866428256524,0.28183023446660094,0.28803745429504984,0.30443574213117613,0.2900279651800465,0.27190152743219825,0.2582755131665228,0.26740922942333584,0.2915990231420222
178,,,,,,,,,,,,,,,,,,,0.2853806310741442,0.28709461298721095,0.28444626654477817,0.29923597121988277,0.27664207657742956,,0.2778355280653356,0.3137687164664247,0.328245912904709,0.32166736007595953,0.2926175891777344,0.29117820433131214,0.32052087025608494,,,0.27682741560533486,,0.2641219648509175,,,,,,,0.2834820506828645,0.29599981018270477,,,0.3038144336677997,0.28085424227767897,0.2660950881204847,,,0.3302144973074872,0.3054963656831051,0.3054182688771631,0.30559997016276075,0.2783599511688063,0.26412478782648746,,0.2632781364337556,0.27057101238080233,0.27038149506586173,0.27540735747463896,0.29084823938275123,0.2627372350471917,0.2663748605996079,0.25539725177450395,0.25137334525682103,0.2518995017846518,0.24044671012198804,0.2524150598453502,0.24604415986612768,0.25029850920507307,0.2614695792173165,0.25235269766580387,0.24482385298284828,0.28623052694230344,0.30817575790394364,0.3013810968276297,0.2825515107753685,0.2885350306813873,0.27173318049072126,0.26785200859407593,0.2692448547208115,0.2666679068346337,0.2639638666823035,,0.26074857127210194,0.27789371285589026,0.3052990374877591,0.27202457071169367,0.26438209809104196,0.30115637898660436,0.311788604300703,0.261685110069633,0.26639321130276583,0.30408832890664683,0.31396065539419243,0.3075968621102736,0.30953423936906466,0.33164059299656623,0.3598518946064176,,0.3192108803714048,,,,,,,,,0.24849593232498116,0.23109651580726126,,,,,,,,,,,0.31514685609935983,0.29290244658977527,,,,,,,,,,,,0.2984931233683977,0.28178382916888023,,,0.30205188780896985,0.3032588536131805,0.29493874617900717,0.32322152296482987,0.316635879483083,0.260341844712776,0.23422365148939325,0.2506249447799836,0.30449805926574297,0.3278709059325361,,,,,,,0.33548281957858184,0.29850505107343567,0.2890801437544504,0.28167035315264943,0.26149658068399634,0.2798690968531602,0.3229906705017779,0.2968918360805993,0.2552253785006728,0.26822845365218756,0.2956560747201139,0.24194799761643784,0.2790441535203835,0.2624239280472663,0.24222740615113794,0.24846972774664086,0.32836332480481334,0.32279033471661106,0.3227997991775432,0.29196443885433604,0.28651373129030433,0.19440759134234817,0.0,0.15193014677248665,0.24084392280658534,0.27550978873836873,0.29241611721389027,0.2871909851958625,0.2941194682756159,0.30097150645644555,0.30414512241911074,0.3201883822123271,0.255759133210918,0.3263485051973873,0.3376883938347951,0.2672984624089262,0.31612197866657904,0.3292547602989544,0.3276406763514004,0.30610661965516234,0.32345641240289663,0.3145238867709238,0.2991230379560588,0.3014875161252969,0.320098774234519,0.3455952957315455,0.37805335946941254,0.36006625080948934,0.3468290779848621,0.34590773498901356,0.3348230902984691,0.3381582264718568,0.3385324425310077,0.3266747713767063,0.31507619042199475,0.3091353633748844,0.3284201755889826,0.3021269045446232,0.30095476978899066,0.34435988646778565,,0.31896972076644486,0.29384991907350844,0.29229578159530073,0.3151705463451148,0.3205411742915471,0.33830123653753785,0.3510566162856286,0.31816478802965453,0.31330545145952793,0.32657948936840003,0.34462030340886457,0.3657184837475206,0.3244304930943018,0.24381500724579563,0.2452800958203144,0.29849441589172554,0.2937760028847924,0.30383420237328324,0.3088498540745395,0.3277469161493444,0.3138427923844395,0.29800222592915915,0.2760023372152392,0.2862316195540537,0.3166894973286643,0.3292531726192994,0.3154144758854282,0.3223796313595715,0.3400926522561023,0.3230011724947721,0.2842880053728231,0.25939649419323685,0.28156691600004646,0.32311944053582603
179,,,,,,,,,,,,,,,,,,,0.2913754452886412,0.29415835962727255,0.28675643230886694,0.30080466224707375,0.27505991926592344,,0.27865389827012843,0.3197780572242746,0.3441548900775224,0.3338275227529164,0.29980422051384004,0.2950311175745308,0.3313312693382414,,,0.2807497696759738,,0.2383142447087833,,,,,,,0.2920115663724202,0.3123089053597089,,,0.3225898816323103,0.2936199000296588,0.2628708787298742,,,0.3448116843275258,0.3177690964091621,0.3125658827118253,0.31269654648095846,0.27361307640127086,0.26705058885601424,,0.2661494994230799,0.280141596023189,0.2828959297025642,0.29053408628807653,0.3021471196647529,0.2672587161945128,0.27193194620730093,0.23178632583095982,0.23227395512124516,0.2430659363349204,0.22620033407328835,0.22811631774666957,0.22682585011164372,0.2425560237870161,0.25218652898335464,0.2578523830345261,0.24217353630276828,0.2905637412299937,0.3216060545948658,0.31123317961001556,0.29374876774973185,0.29820418333783627,0.2748262808867591,0.27248702990846063,0.2677662726047436,0.25867803511632537,0.259010901588405,,0.25692518054779606,0.28362075254219365,0.31009913971088077,0.2718763288058963,0.2605739935731666,0.3066147382098276,0.32415668608937187,0.2579131564328575,0.26424174265386247,0.3160039907348306,0.33004600875978407,0.3208952434391754,0.3223409377872034,0.3509808143751444,0.3764232933797958,,0.3305655474258833,,,,,,,,,0.25460898077274974,0.22946014596444322,,,,,,,,,,,0.33084430808071946,0.29791965821527105,,,,,,,,,,,,0.3004762442985432,0.2831223482520685,,,0.31044598362684556,0.3102991234591925,0.3000759305980692,0.33084837047683535,0.3190066459947122,0.25882583408105236,0.2167657603251976,0.2365222785060741,0.31304113339944123,0.3391063156509646,,,,,,,0.3501909539860664,0.30601325641814126,0.2942817701962028,0.2841267113318004,0.24967780815135265,0.27180962974645606,0.33023778431744905,0.3041721719491427,0.25729381199469314,0.26891215087872555,0.3036468337051284,0.23781723656418385,0.24729411198851622,0.23490862730784257,0.23156883715973337,0.24368476392045282,0.33893616672990284,0.3328220304552742,0.33068347266461895,0.2962197213587957,0.2973618731115519,0.24965129885659665,0.15193014677248665,0.0,0.1579982323870756,0.2736824023328922,0.29718502092058524,0.29215318601359597,0.30657232713241894,0.3135364616501939,0.31530782307915195,0.33381590093783925,0.22608678425196474,0.2853240538331384,0.29694429880135836,0.2619824284193596,0.3261710950963775,0.3431833127245833,0.33126769191643296,0.31278951428260204,0.33014819130801987,0.3234258219985282,0.3079720408464373,0.3075655391558557,0.3316847976048702,0.36068775952203114,0.395728319765531,0.3805517281669395,0.36532065805052516,0.36596627784469427,0.35289786544671087,0.3537753009900968,0.3510099675595891,0.3410678510650509,0.3349924577167717,0.32162152247363496,0.3452715888581537,0.3088548238605589,0.3040413753091493,0.35969756079051385,,0.32873831916128105,0.30001704401247187,0.3035688318559719,0.33106107517498196,0.3354032353356898,0.3514912515887739,0.3648006352371696,0.32865357107138243,0.32548938432600816,0.34284253629464195,0.3600879653276683,0.38066482246194167,0.33906739512781103,0.22713895535285583,0.23459421720591883,0.3078525399201576,0.29796626220600914,0.30811883654376787,0.31747672907635477,0.3432336078859196,0.32899053819580476,0.31142834624924337,0.28639050828504903,0.2983011145563114,0.33110018510224914,0.34271680604509797,0.3258152994396576,0.3395882133208408,0.3621546652359446,0.33913397405968404,0.2848257402431018,0.24734308610383177,0.2777859129079814,0.3324817801003368
180,,,,,,,,,,,,,,,,,,,0.27709532897244443,0.2796829467847409,0.27710423429143216,0.285040351736856,0.26500039421200833,,0.2588629772202051,0.29264901203692034,0.3259847565273508,0.32287993786260705,0.2874237250652463,0.2809830803628309,0.3085158448285587,,,0.2711944185363546,,0.25631686764584616,,,,,,,0.2761782483115544,0.29521831743782495,,,0.30672507723805026,0.28417784413534825,0.26018979665205233,,,0.3201443031839608,0.29967369614269324,0.29723644468331306,0.29489481947506196,0.25991739834248434,0.25498222653370317,,0.25855251339619506,0.2758218581500158,0.2806019547701644,0.28452338540300265,0.28921089771446384,0.2648910608093492,0.26785695666104764,0.24954486631079448,0.25179453895269055,0.249229936170292,0.2257656413682628,0.23111649365836684,0.2320669814165134,0.239575743595676,0.24248971746166184,0.2529027653815307,0.24156330079097368,0.27687139420137663,0.30452010559964654,0.3000067960530312,0.2828818653776089,0.2814506247851854,0.2619401134705419,0.2538072760686008,0.24619146810711073,0.24577091721274993,0.2496018385055114,,0.257831638447601,0.2779396343625618,0.2885298819661109,0.25545617202209997,0.25298438751249214,0.29264033460833533,0.3097748979010589,0.2530256176580583,0.25962838747102984,0.3006868291324211,0.30872483967902853,0.302053548697293,0.3063345490785489,0.3274738467728726,0.3498195672574663,,0.31132019110622844,,,,,,,,,0.26143591627432855,0.23447420506246014,,,,,,,,,,,0.3113811004061735,0.2787177145400428,,,,,,,,,,,,0.27402414168543127,0.26414211561642337,,,0.2876777563816231,0.2897928894835952,0.2794779934721195,0.3084162576742697,0.292719316838115,0.24558881705062302,0.22092711725181402,0.23001548711389136,0.29156195977785343,0.32207024167194753,,,,,,,0.32317546513728046,0.28505551465901763,0.274203536977234,0.2612871058015199,0.23514368787911397,0.25151088805065136,0.302882687346249,0.28321666428156894,0.24857493940494996,0.2509523464034344,0.2812335575537468,0.23074816535949763,0.2711775559286797,0.25388688679772303,0.21776559856873792,0.22630698132466004,0.31749901386192886,0.30581524470054317,0.2992492997309745,0.2729270009932796,0.2834784367398473,0.24568872165108613,0.24084392280658534,0.1579982323870756,0.0,0.20253032966908954,0.2816473642709843,0.2881813844838293,0.2916380738157677,0.2892972839584833,0.29139063392875797,0.3128771682724938,0.23153227015623098,0.28780772462313914,0.29430866972199626,0.24359614675495522,0.30142486713057,0.3208758806123046,0.3088167625334832,0.2894453020354951,0.3055236512414748,0.303231618890226,0.2927411369410437,0.29351198698374675,0.3135288241405732,0.33910109463410215,0.37302884787858237,0.35573945899944287,0.33814068658038593,0.34219475105171715,0.32862714912108587,0.3279095696221175,0.32186476449720525,0.3146419035180943,0.3132456943425925,0.3028954186739599,0.3267050745233973,0.2940176370339623,0.28428598443282654,0.32972858524264925,,0.30524638949447513,0.27785178411857026,0.2876572105172347,0.3161264900198771,0.31679085825367154,0.3291596243148306,0.34308177727330064,0.3133437530564686,0.3054664972973469,0.3164907520534722,0.3359063663676658,0.3528880023999382,0.3173216403867038,0.24016474478574773,0.24720256713100816,0.2923715182766126,0.28108383365497547,0.29127792423857735,0.2989291822443479,0.32041608386175974,0.30634893473393093,0.29491146425803344,0.27428750344289526,0.28639203901571614,0.31407013073597656,0.32435432844760176,0.3095758873953653,0.31847725117876957,0.34439930935044255,0.32128439544012594,0.2794316947027942,0.24270086472726804,0.25875128567776046,0.3107107942038314
181,,,,,,,,,,,,,,,,,,,0.25154586404795415,0.2523947826369742,0.25412521322512316,0.26518175805623334,0.2558688379903596,,0.25274341164773717,0.25134883484548604,0.2728600161580232,0.2856709982017743,0.2613176400738956,0.2572862013854626,0.27248460661486856,,,0.2598567950722084,,0.3329118116037715,,,,,,,0.2591612211738029,0.2670122084105719,,,0.2613083251912323,0.25900885360962184,0.263246613436968,,,0.27106513480999406,0.2595829589436408,0.25573716376434824,0.25679728104534394,0.24991264506054814,0.2491362100607411,,0.25661614128138027,0.26530859259741757,0.25715639663125334,0.25984534409916693,0.2586800142494304,0.25296806765359575,0.2550528954168988,0.3008530437193965,0.3065371087223303,0.28732915220306043,0.26849398718097345,0.2916975246932139,0.284205357891852,0.2726140939072256,0.2647003555520652,0.2467153316533132,0.25916505470759194,0.26570230714270254,0.2647614706365759,0.26731965586183815,0.2538755248725491,0.25063354405933436,0.24667886588796845,0.23610088374505162,0.2385281210251058,0.2566669398759622,0.2530994858832899,,0.26674897911900064,0.2627352560244967,0.2571412560185488,0.2445513382760069,0.25277135847121185,0.25835762916453753,0.26578319157502645,0.25652140216642316,0.25821132421143766,0.26235098083253283,0.2583154595821376,0.25286532039702764,0.260786066373427,0.27207654415907145,0.2907981913212561,,0.2671534688973565,,,,,,,,,0.2511149422014572,0.2465038510881912,,,,,,,,,,,0.27043789747540503,0.2529665687488671,,,,,,,,,,,,0.24753092842187804,0.249818576845914,,,0.2520863542286132,0.25813254848129497,0.25368448217014844,0.2637476093338647,0.2556976349265669,0.24349342397508505,0.2604700497050781,0.2515774997041864,0.25549796472764275,0.27155256751503826,,,,,,,0.27274554199001844,0.2569244766587287,0.24426956610305445,0.23958838665125612,0.2497700954192678,0.2506538349254092,0.25599809171135807,0.2429236860751513,0.24634937754141273,0.24696653628300688,0.24205141258751897,0.2407007306260541,0.3700326066583006,0.34082908704753384,0.24019969973850178,0.23544458195227627,0.2710183988686929,0.25835478010598906,0.25438381117385506,0.23742585162689628,0.24597916346645746,0.25253115627702893,0.27550978873836873,0.2736824023328922,0.20253032966908954,0.0,0.18719101703562116,0.25832139284719297,0.2510843220285465,0.24947438188457144,0.25424930979770116,0.25950353079165905,0.28028731461330314,0.36341197491505284,0.3681597486937686,0.2396663729362058,0.2549910354742462,0.26174545449566144,0.26523834296033916,0.2531803018360347,0.26679958803216275,0.263670313438375,0.253502305502073,0.2586986105206975,0.264472580396204,0.2787098738386765,0.3055708993070915,0.28885948792541205,0.27369073184657483,0.27825298153619554,0.27332246585527487,0.2745767243932627,0.2669883452061382,0.26410229501363924,0.266271143866588,0.269137933201203,0.2761852881773207,0.26413509322729156,0.25875822125735864,0.2688612541343987,,0.2576869399959395,0.25809203643401857,0.2551896169721821,0.2659452670895052,0.27127109700660734,0.28283895963724637,0.2848086792160792,0.2689184401685702,0.26119467657938295,0.26316281265128655,0.277621525124681,0.2884483925632561,0.26550460957515587,0.2815326295749517,0.2805628723000228,0.2575794146908534,0.2519559070705032,0.2653903721178577,0.25891794707740373,0.267768915308137,0.2616891707516707,0.25547447655344957,0.2455080542637866,0.25817762556090645,0.2685121981788293,0.27461515349823623,0.26966046999104637,0.2681084491271025,0.27978161243921174,0.2687935367112936,0.2703478385685858,0.2635020446932132,0.248315373450342,0.26102148978087236
182,,,,,,,,,,,,,,,,,,,0.2518145816323197,0.251328394984577,0.2521590581308415,0.26880428963649794,0.2652940878171491,,0.2682377234200593,0.2567463745348828,0.2672894103925174,0.28316295611946124,0.2648312173569776,0.2543556396887254,0.26168940454847583,,,0.25687857725996166,,0.35545256652970425,,,,,,,0.26542981353163586,0.26627350671593664,,,0.25537903122294164,0.2632680777540235,0.2711209864962056,,,0.262419698152705,0.2543994601851286,0.24916917009619863,0.2535988100789784,0.24951624516075546,0.25348320941078445,,0.25680904522922626,0.2569737406790343,0.2543034137480006,0.2567202201159913,0.2537685243166874,0.2504397321992536,0.24915401322725556,0.3198608813601225,0.3255076046533834,0.3052556107475379,0.2938582917003734,0.318065342555035,0.3043750069980178,0.2862076062305561,0.2812965494801269,0.2598766149080455,0.2735268842477258,0.2705173671287081,0.2625555465534238,0.25836900391542844,0.24826904633407681,0.24445599626836212,0.2457298317890713,0.2424399317248437,0.25563181511613414,0.26706926547350013,0.2648540927788561,,0.2772894698757812,0.2642817630222769,0.25874997921152104,0.2603956378648952,0.2615366110837061,0.25071314778952647,0.24867015914390447,0.2523678591695293,0.25262364344899324,0.25093623786733366,0.2535961220974293,0.25021299052816137,0.25470914934676586,0.2608758321320585,0.2732846551458996,,0.26147206003754175,,,,,,,,,0.25778620157306753,0.25786435963994764,,,,,,,,,,,0.2589090758416446,0.24986856462591917,,,,,,,,,,,,0.2538872797929945,0.25123413240823433,,,0.253430102451472,0.2550654565628841,0.2559421371162377,0.2640684722966672,0.25302735402959375,0.25466422906795827,0.2898571045199229,0.2779484042813947,0.24946523614436794,0.2587978197879629,,,,,,,0.2642930685759678,0.25462342443134334,0.24685458530998003,0.24611101624152973,0.26977462326401463,0.2664289163607479,0.25776805613554593,0.24834586537181802,0.2614979338375505,0.26137421873585,0.24617525850215988,0.2626976536242745,0.4057707745261695,0.3764080177344822,0.26324357020871564,0.2541543212969752,0.2651824866655574,0.25762223938556333,0.2585493945438985,0.24410589933265303,0.24752190918035746,0.2650731951703222,0.29241611721389027,0.29718502092058524,0.2816473642709843,0.18719101703562116,0.0,0.1786890367752653,0.2475136604425336,0.2497683594006028,0.24966452632748357,0.2536620044880671,0.30693203877511743,0.3983925701299771,0.3968855640174275,0.2594818318264962,0.25888826426516337,0.2619969135554852,0.2600773456609952,0.2506514472091463,0.2739015315580054,0.2690068393438774,0.25168885779568595,0.253456675162048,0.25334073547857894,0.26289691835736895,0.28984455651358737,0.2773486226011114,0.2648639693605722,0.26585420203824345,0.2661015823575806,0.26763049693753965,0.263819064653579,0.2623424300975009,0.26316387412349396,0.2623638035912149,0.26208830282823603,0.27101847429069964,0.2731874349596098,0.2710514810415089,,0.25175095133414965,0.2586865726513601,0.2544563729065992,0.2607155609831687,0.262551284382101,0.26952801546565813,0.2722492519642686,0.25967613947509655,0.25655413634002516,0.2606304227961068,0.2675297451060955,0.27673389043085833,0.254677057506595,0.2989524557976268,0.29376650969794316,0.2597489530983949,0.2570415286699366,0.2632077048148425,0.2532489779550594,0.2596856843708666,0.2629209743423295,0.257003371074939,0.2534559944678237,0.25868374134517347,0.2581187196364266,0.25899435725316144,0.2547154197117401,0.2603620519739402,0.2735012332480225,0.2656796453888141,0.2734384708583688,0.272584692267629,0.2628338470482317,0.26684713828427664
183,,,,,,,,,,,,,,,,,,,0.25939748527657597,0.2611572693825064,0.2591514712391893,0.27120065423829753,0.2702077288936379,,0.2759623795979841,0.26252068966143666,0.27521186094157113,0.2868145768330712,0.2669157009266984,0.2549067660871499,0.26441942642266597,,,0.263773469775757,,0.35395586778935795,,,,,,,0.2692077298148519,0.2677090701018048,,,0.2586949314198835,0.27010380280527957,0.28187025251774883,,,0.26498222150806083,0.2574728600382551,0.254643302784104,0.2586428231450952,0.25925938373113977,0.26124183890079905,,0.2572564535781502,0.25921690206185366,0.2570354090497005,0.25784799788121754,0.25851584152054025,0.2496978841484592,0.2470505219243376,0.3154239395752944,0.32501990152577603,0.31144217525330675,0.2983866743093448,0.3259242674968994,0.30778568393163047,0.2890959885981466,0.288140223343327,0.26427134878951486,0.2772820875621571,0.27080179507006646,0.2662981878222556,0.26181432687762796,0.2558593261043523,0.256217548212356,0.25505257364147005,0.25372575170952544,0.26653673905020286,0.2745670789751673,0.2689135143150348,,0.27668444357795186,0.26420883862207195,0.26232174288237686,0.26756941443093896,0.2687123847008267,0.2562823820624607,0.2524142521220383,0.25452864692684846,0.25258615360021563,0.2552481923139347,0.2589022476314752,0.25724257967896746,0.2619332965355473,0.26996372453491496,0.2758829133822018,,0.2734795950698781,,,,,,,,,0.2644431034336176,0.2666722862051884,,,,,,,,,,,0.26183062990941264,0.2524035061411229,,,,,,,,,,,,0.2565716181862967,0.25022310020560534,,,0.25779586571387514,0.25967748791349615,0.25849650165002386,0.2687766323682659,0.2646573715018456,0.26686016787808076,0.29372187026662866,0.28035461160473124,0.2505600756631269,0.26121847865186304,,,,,,,0.2647128230049476,0.2536156318666598,0.25336598410775113,0.2555784214441119,0.27377629069274173,0.26919970911703217,0.26017582041778403,0.2529416209284194,0.25974256742371116,0.2655723529104863,0.252628688138974,0.27529335166789,0.4108508608028876,0.3797715183955262,0.26590082365380374,0.25859655301188783,0.2652932020400643,0.26053135321511794,0.2620179060103912,0.2493461314499479,0.25303833778824697,0.269061961549512,0.2871909851958625,0.29215318601359597,0.2881813844838293,0.25832139284719297,0.1786890367752653,0.0,0.1801220178818509,0.25135234202879675,0.2534953023233051,0.2573459409608486,0.3011068634914833,0.39046927611594656,0.38907742803211515,0.265483178782811,0.2657867738619845,0.2659154337271641,0.25575033571591477,0.25265589754206447,0.27262542272357154,0.2731987227726333,0.26065558751664875,0.25835747807216036,0.2561661899876987,0.26801528224744875,0.28975540104794256,0.28481923179638563,0.27652642913184244,0.2748655514850065,0.2727228799093967,0.2761349510985299,0.2729818383695453,0.26667474148637,0.2658241503742209,0.26498365708407395,0.265395765612839,0.2674805959790312,0.2735807610042852,0.2808251284798204,,0.25938198489558534,0.2697074911212706,0.2639094877023259,0.2685037045122705,0.2686466947890849,0.27172796183986075,0.2754915300177756,0.26071237393740515,0.2616840144350657,0.2676904930452673,0.2764396129126415,0.28504369271988594,0.2657426290640373,0.30927262179647597,0.2999793191468763,0.2598751061376292,0.26647414862801566,0.2773066597083832,0.27070191012098294,0.2708468421968537,0.26291641691697093,0.2524824175187326,0.2641222930636103,0.2739466056526712,0.26603495540045013,0.26298473517793425,0.2644235229573361,0.27513351713301665,0.28073767184552945,0.2672560005433581,0.28539713766350233,0.286963809836227,0.27600544526965193,0.27562491726569605
184,,,,,,,,,,,,,,,,,,,0.26252302513717884,0.25784099306029323,0.25999555761540794,0.2707534513596538,0.26740870470784434,,0.27603793376223784,0.2653359051928241,0.2722812579460482,0.2844159048675055,0.27134576797488574,0.2624846718767256,0.2636424701590824,,,0.26800360943646867,,0.3766177486201108,,,,,,,0.26801030244889024,0.27339186721399444,,,0.2618978708441004,0.2747213695958965,0.28758510088905254,,,0.2663272805698556,0.2614571282365322,0.25958915241654773,0.26322198909279976,0.26569897821114896,0.26397789833739543,,0.26397115003938193,0.2679260448848902,0.2645680338841197,0.2674269103109999,0.26629621286156063,0.25994123013404585,0.25882054305107194,0.32448961327351483,0.33555346234615696,0.321264004600272,0.30850628903617633,0.3340122803282524,0.3145656444076409,0.29901444155756507,0.2969773913951996,0.26180290847095133,0.2852103045476134,0.2794888731713253,0.2620740959338906,0.2572605682978919,0.2589658395982774,0.2593830892574059,0.25760623392984516,0.25472641193396084,0.26994307826139785,0.2834212806586341,0.2774268986736849,,0.28077058003395555,0.2639812192503328,0.2635892790248529,0.26896262019686346,0.27851491860851013,0.2601289970243333,0.2592489484397296,0.2681423594503849,0.2587134359083173,0.2560027031665271,0.25858881514162213,0.2604246393479128,0.2661827686725646,0.26897629577192417,0.2747424878890579,,0.27251555200457744,,,,,,,,,0.26860606547057586,0.2743787161041604,,,,,,,,,,,0.2613858718693926,0.259875234675381,,,,,,,,,,,,0.2609133691564666,0.25937827054411167,,,0.25782514903613674,0.2595979999557576,0.26040515074445575,0.26304143587587425,0.2674161581272979,0.2754087222358452,0.3002330084409206,0.28732619674031956,0.2521289557344467,0.2561812169107398,,,,,,,0.2627735756996875,0.2563190070666334,0.2542719825070006,0.2516131600755709,0.2738608024083746,0.2720556266851741,0.26051410626657945,0.25419640910889807,0.27084048301205255,0.27716955359464407,0.24794825022236552,0.274528611175269,0.4273459666955624,0.39479631854041225,0.2765437764188371,0.26172777232460004,0.26051536221633587,0.2567429465377584,0.2510711933136283,0.24320255212799352,0.257959287836334,0.2720694457156959,0.2941194682756159,0.30657232713241894,0.2916380738157677,0.2510843220285465,0.2475136604425336,0.1801220178818509,0.0,0.17833079602358615,0.24983850487901152,0.24798516407532112,0.3130558876556049,0.4085510750232018,0.4074337761358503,0.26414668640416394,0.26058718539822195,0.25805657455920333,0.25491568301515233,0.2518309393475843,0.26596453099413003,0.2636002076519478,0.25635967250526026,0.25282846425794164,0.24991902004113895,0.26283004573325025,0.2840136860566663,0.27478155962075423,0.2689177921203239,0.26897994146163934,0.2620841818100938,0.2648231941034554,0.2620510098418037,0.2554263748296753,0.262041137149942,0.26693050861345,0.26739231707552474,0.2660641532168806,0.2650390028143151,0.2673330323822626,,0.2569302745011048,0.26912582430661386,0.26512827426010444,0.26607976499494573,0.2633077062475554,0.2652326610290111,0.2680689568160276,0.2559993543104288,0.2566886539720793,0.25916218986604167,0.27027937988705497,0.2792239787260256,0.261265994571497,0.31783420244538013,0.3100185298903156,0.2586335515437251,0.27022187873417797,0.282253102321946,0.2674067370234188,0.26194550800554056,0.25848624041724333,0.2523356123771773,0.2591567327397636,0.26801642476887105,0.26260460502099553,0.2616063693019629,0.26716971056030747,0.2725965145936637,0.2715165175736083,0.2603572767365578,0.2835412239838084,0.2928945616587784,0.2749617074977139,0.2684688446422939
185,,,,,,,,,,,,,,,,,,,0.2595244733339148,0.259042294203108,0.2590459655484132,0.27828861265372323,0.27493696151211927,,0.27436937002655837,0.2606813272628801,0.2641754214428461,0.2747972533462749,0.2686942171995028,0.2659228700134693,0.2624004370461081,,,0.2638550109773549,,0.37062020879511626,,,,,,,0.26825433131287785,0.2665574973804766,,,0.26085506327715063,0.2717813009434899,0.28571278959611096,,,0.2643733330518548,0.263957813006331,0.2615826027612911,0.26116888368309277,0.2636767527001598,0.26524613068367364,,0.26164395653029393,0.26760235616613764,0.26622860380081026,0.26665007748816694,0.26968810867200654,0.26415678010836613,0.26350576875501336,0.33272021420355646,0.3385345848028023,0.3207535424154605,0.3096603466569609,0.33562488047352923,0.31765395183174305,0.300678434008725,0.2970616056646158,0.26444530320444054,0.2882612751249357,0.28584408819777163,0.2654387784261659,0.2595205949843882,0.25799214281469535,0.2577081750271674,0.256120965388289,0.2486127336106508,0.26351641713792345,0.28197370480343037,0.2797057695572447,,0.290862589654007,0.26956998896051015,0.2632720631487615,0.2720557631660109,0.27969621910377657,0.26010712373898653,0.26267882497852535,0.27164044908943136,0.26443721109636315,0.2578349713434487,0.25939756842166917,0.2583471630850381,0.2653356428410619,0.2706138638912591,0.2776197344162062,,0.26787528613019534,,,,,,,,,0.27569679917257905,0.27741530946363724,,,,,,,,,,,0.25816190807689,0.2583445435932824,,,,,,,,,,,,0.26027810384289,0.25844849503678397,,,0.2571040586797515,0.26172320003347727,0.2557174413714022,0.25655334416097,0.26091511424808306,0.2681939856022552,0.2986435641480254,0.28703447941349425,0.254378451331625,0.25729580578053646,,,,,,,0.25688285969315944,0.2476272688189008,0.2467077777031741,0.24901303639584282,0.27191165587168464,0.2666737568603134,0.2587352780397355,0.25540949332287133,0.274803194337597,0.2754624505207422,0.24710773114335197,0.26930098193605395,0.42295827153821003,0.39001841625910894,0.2754647996321959,0.2619228629561129,0.25644347590271177,0.2528857259187697,0.2504493489649914,0.2479297157639181,0.2572493680639598,0.26303770717167685,0.30097150645644555,0.3135364616501939,0.2892972839584833,0.24947438188457144,0.2497683594006028,0.25135234202879675,0.17833079602358615,0.0,0.177877798601202,0.24815669701577778,0.31442732774895044,0.40862403870566305,0.4046580778062677,0.25902832543809967,0.25550872506163147,0.25514051203429355,0.25760755384834366,0.2490973725959347,0.2541383354392459,0.25367299562465917,0.2520362529846704,0.24987122497359898,0.24887112476602125,0.26274465236554057,0.28320298888318524,0.2723078277675265,0.26083254929559435,0.2635866640998012,0.26024188089803235,0.26246975339425077,0.2614613496681859,0.25297833436252987,0.2612137012504097,0.268097275547451,0.2643024299894803,0.26740130519777017,0.2603994160305834,0.2573052775363172,,0.2531553911417961,0.26290944455057624,0.26028751627135144,0.2631470955537214,0.2594011408329203,0.26055525316846956,0.26351385806397265,0.25547229181090897,0.2554441650771638,0.25382538236571567,0.2657618107986703,0.27388152720625525,0.2582177762792751,0.3145949016665396,0.3041186511435876,0.2570135032831936,0.26438428250833146,0.27899392355910785,0.2637244913872772,0.2548950896792683,0.25628446401623656,0.24922447233075662,0.25435732265012345,0.2650939239295781,0.26525748404524696,0.2595564490183967,0.2643530917177901,0.26753572134098214,0.2691322770274467,0.26160383835275597,0.28392045555203343,0.28719701815137755,0.2653503332671907,0.26425187192056127
186,,,,,,,,,,,,,,,,,,,0.25290868699489366,0.2573213331330842,0.25860045326183345,0.27493636352163536,0.27440564785351407,,0.26440790955999266,0.256627974912898,0.26253316750385886,0.27099993575203557,0.2652271426593488,0.262734106099825,0.26179439568161506,,,0.25888460676562797,,0.3589215325702524,,,,,,,0.27301303704676144,0.2610074856100143,,,0.2518107719235586,0.2615161349077733,0.27869562951063875,,,0.26229434435899274,0.254210239107168,0.2538955189526907,0.2544026575131361,0.25779574385343385,0.2587707452724832,,0.256311545429278,0.2601352135844871,0.258411743668019,0.25680648678485785,0.25604801028052826,0.25647455892782645,0.25656749293991876,0.3298412238286385,0.3331815495369053,0.3175165666349228,0.3029177104733089,0.32476797308205024,0.31793455062298837,0.3005077165013214,0.2906346870439608,0.26829552974201276,0.2904349766299644,0.2798835849131907,0.262319547180308,0.2569047925034909,0.2609309457672593,0.26084449790355596,0.2595047671308153,0.25315459303085586,0.2597176549309329,0.2770299831112389,0.27583577554349453,,0.28579003917847284,0.27074167491487916,0.2647901059567117,0.265218135514243,0.2671714346956754,0.2542657116548315,0.26151211474328284,0.2694129288389104,0.2664106778969042,0.25687606067849045,0.2565270285090949,0.251706591913831,0.2549538630266277,0.26144136699793097,0.27005947941741126,,0.2610217678928718,,,,,,,,,0.2698709262668654,0.2726950370634229,,,,,,,,,,,0.2510683723910505,0.2556051238951597,,,,,,,,,,,,0.2467078174545363,0.24584218179606895,,,0.2500595753632807,0.2515421202958958,0.2481392325528006,0.24946675833599605,0.2496161631017148,0.2599310906186886,0.2976132040943884,0.2839866112240079,0.24582203193495178,0.25143828679821895,,,,,,,0.24971560523810063,0.247269261342491,0.24524681255096312,0.2438943176904135,0.2611711239846908,0.2557779918103445,0.2538249723991416,0.24995767082287437,0.26307139703263827,0.2676336115813185,0.23971010032029932,0.26249366521764395,0.4093246059951378,0.37808159371347094,0.26846308387964557,0.25552644428346216,0.2581963419288084,0.25251018258477725,0.25365608976207277,0.2472069622974646,0.251613157624254,0.2571777141496745,0.30414512241911074,0.31530782307915195,0.29139063392875797,0.25424930979770116,0.24966452632748357,0.2534953023233051,0.24983850487901152,0.177877798601202,0.0,0.1818938278353811,0.3068290769101495,0.39514935048325744,0.3929686294358098,0.2559121403826533,0.249360038375184,0.25346801213005604,0.258745486332302,0.24767221622370067,0.2545955591996705,0.2575597420701385,0.2560749396108385,0.25385085381387146,0.24793459633107814,0.25202617510853814,0.27354063822213853,0.2701488937296007,0.25964483068265143,0.2631768908734512,0.263032137675855,0.26114701412539887,0.2650805524090943,0.25879244995190437,0.25317677029565067,0.25795915299329053,0.25863582125655676,0.26330963871862995,0.2576604189390837,0.2581834084273832,,0.24386480229969118,0.25360323364338794,0.24538226893408294,0.2517313364230165,0.256889991411624,0.25900573764892615,0.2617482980427943,0.2517555398072517,0.2479277860371572,0.2519651425137751,0.2664830864963879,0.27232181675122813,0.25555364562951133,0.30402058400470394,0.2959017878730443,0.25084090742131,0.2573411250703393,0.2724418573035508,0.2628096736428209,0.2554451877283939,0.2530997499654894,0.2492770774069964,0.25303182049036954,0.26295035264669286,0.2609249978854129,0.25605861518523815,0.2658510280617968,0.26742645692546135,0.26815222370085806,0.25976598675045043,0.27957140794206414,0.2803356724337039,0.2577249947130371,0.2660190685030006
187,,,,,,,,,,,,,,,,,,,0.26811128995099826,0.26589990719134526,0.26991815272845643,0.27911125719743535,0.2838373837564194,,0.2833462639749881,0.261346403191799,0.2646180673370754,0.27916212381027505,0.27621965672790944,0.27182396187561503,0.2636556058846848,,,0.2722968479879477,,0.3959334485447878,,,,,,,0.2772202248864934,0.2748354574565986,,,0.2647601264626454,0.2724517269516347,0.2942795294426145,,,0.26174499965528814,0.2555217794148558,0.25440292816634374,0.26071430502898896,0.26860443688296454,0.2692693984892863,,0.27192907516147874,0.27452000685224753,0.27335380113977314,0.26720204488968274,0.25874446158922076,0.26475493040522324,0.2617433663383374,0.3508284727408531,0.360404230797621,0.3426002624220227,0.3283390879822834,0.3509163351762953,0.3397644413790511,0.3220034955894404,0.3108611448405634,0.2855470225625526,0.31278815910207747,0.29001020646999,0.25988370335417904,0.25888730439171853,0.2700357809053478,0.26881938989107657,0.2669091618455977,0.2688952813306141,0.2799425919423245,0.29551162511361606,0.2920857454961758,,0.29926243171526223,0.27774838400761676,0.2684315996148773,0.28003018398006824,0.2848598781342167,0.26067902120816305,0.261800727862088,0.2803978767371519,0.27431732380536655,0.26085545665427073,0.258356311161179,0.2528067533525118,0.2572860514370978,0.2580876805230711,0.2611918149842521,,0.25880845685652504,,,,,,,,,0.2844805661821086,0.29480914327782426,,,,,,,,,,,0.26000302025780386,0.2630025788442155,,,,,,,,,,,,0.25211941164999613,0.25920222015997757,,,0.2563853834510981,0.25698563391244167,0.2573806863849434,0.25666437118556373,0.2579807275471681,0.276145062221369,0.31599309398900677,0.2991075999079417,0.24912495046933947,0.24836225388942873,,,,,,,0.2541764810553895,0.26146372494434467,0.2576509303383696,0.255393509632439,0.2830587992418451,0.2769639294432515,0.26217057816425515,0.2559214661931746,0.28002686390578513,0.2839998004537384,0.24648073618658178,0.2883169494104466,0.4489563466677852,0.4155623322145826,0.28733415305384136,0.2702487817283355,0.2595095903737541,0.2493090082750715,0.2507482446998493,0.252085655002978,0.2586316810373257,0.2780434274946289,0.3201883822123271,0.33381590093783925,0.3128771682724938,0.25950353079165905,0.2536620044880671,0.2573459409608486,0.24798516407532112,0.24815669701577778,0.1818938278353811,0.0,0.3072144886444265,0.4182472866381446,0.4172999623162038,0.2712644405760436,0.24776674430871162,0.24807337712229605,0.2540030041888252,0.24818910741464864,0.25584850327746805,0.25872018210000397,0.2521798674702099,0.25069723223117213,0.24684016095793426,0.24830228977554367,0.26219533549566304,0.25683565331872804,0.250977907393509,0.2551374705785053,0.2580947723154034,0.2606226358489628,0.2576402629013535,0.24999350821172392,0.24624521840588037,0.2578302763938311,0.2580594147944967,0.26223437572022495,0.26003833868050646,0.2514615518651766,,0.24775279524823476,0.2599489253783299,0.2517457436686827,0.255427313208204,0.2578738823937649,0.25884205848679703,0.26016669522590846,0.2517484971996748,0.2482193120738691,0.24915552266513982,0.25798733786076955,0.26564476940632537,0.25112692359805444,0.32690336222190114,0.3196693021294854,0.25906961429863995,0.262742781503883,0.274112587863615,0.260443439619642,0.24965865671116,0.24946497619971392,0.2485657664137608,0.26390720696477105,0.27474862051077215,0.2593103454691102,0.2531686864546513,0.2639573883087512,0.26362421076709475,0.26291918298454503,0.25930968418981565,0.28126964860874076,0.2952481749868597,0.2651606705994766,0.260389768175426
188,,,,,,,,,,,,,,,,,,,0.293137742057486,0.3050548361384568,0.30121965854444227,0.30693982563044425,0.28916014786973193,,0.27600319885196256,0.32221089842949485,0.35104320778321013,0.3404428784160847,0.3059835597751449,0.3068376250401968,0.33472063876478003,,,0.29565757452076324,,0.2523281398762884,,,,,,,0.30335363829445394,0.31396811723674234,,,0.33289659323836907,0.3096947727261738,0.28025258580794604,,,0.3427643298043602,0.3216240912027721,0.3186245201015177,0.3226100523009481,0.2905664808013328,0.27273573230986536,,0.28120665112967813,0.2975145127112545,0.2951228400003644,0.30074233120299304,0.30493702464809624,0.2874361463326744,0.2941097418937852,0.26394019139594377,0.25782768739844203,0.25960428042919165,0.25442795171132654,0.26134516144876774,0.2612806861584118,0.2682294643913429,0.26422601821517094,0.26690868026779463,0.26133300609934346,0.2942607015706468,0.32113695793518854,0.31160253042442226,0.3017858134515174,0.30405387841165255,0.287053358608319,0.27393794778746056,0.2668294402282229,0.2702132817433935,0.2606094759969993,,0.2651852855428797,0.2858013913366741,0.3086322177240737,0.27739148238617267,0.2666097640401332,0.30545724178315403,0.32370673989834753,0.2905846042771891,0.2963000586132637,0.32233692138955683,0.32609033709191015,0.3213674089202523,0.3242439058355572,0.34945164343605734,0.37674201146664577,,0.32901661541320154,,,,,,,,,0.28948192174978166,0.26621871156767235,,,,,,,,,,,0.339267560061195,0.31284479603515775,,,,,,,,,,,,0.2992307956937949,0.27626921654498593,,,0.30419297799896466,0.31549499443030954,0.30061150906345063,0.320306716717572,0.3169474239468629,0.27242932107404877,0.23674804556951543,0.2516207422857704,0.3169631186332713,0.33964230797438066,,,,,,,0.34911479845396154,0.3113796556943897,0.2946011168408605,0.28752520150287536,0.2461723736308887,0.264806135461944,0.33523289339967793,0.30636615524055205,0.26852461976563835,0.2765530370598509,0.30805293642404785,0.26808845989274294,0.2832367855650637,0.2800855176079792,0.2592360839441412,0.2647495655521593,0.34780418333325974,0.33986535163888715,0.3301189636462008,0.3060158576133305,0.3108470988915804,0.2734078830408535,0.255759133210918,0.22608678425196474,0.23153227015623098,0.28028731461330314,0.30693203877511743,0.3011068634914833,0.3130558876556049,0.31442732774895044,0.3068290769101495,0.3072144886444265,0.0,0.21117138028316038,0.24781853460619807,0.25301377300526523,0.3188710696807451,0.3340734180054101,0.3237897922758857,0.3146375657985353,0.3248887540590967,0.3117787929365365,0.29877222850192037,0.3099307274919355,0.3334272364026215,0.3592858301465767,0.39486721334165065,0.38027881569972044,0.3606518214963115,0.36102073430726234,0.3535132048142955,0.3525270952482999,0.35347246017142925,0.3399295319888761,0.33483717201242386,0.3308978751099716,0.34542877089849483,0.2964386872952235,0.2927777389179651,0.35631257622179463,,0.32906078822410467,0.30944726154731594,0.3108296209254522,0.3396843744552022,0.34278190605437625,0.3561095274542183,0.36500162542187264,0.332063800528409,0.3278737106575096,0.3417999381843867,0.3583282227954885,0.3696182879849187,0.3505732705664699,0.257072174760596,0.2541065533636073,0.31363630721348496,0.2976959594733139,0.3160758582312218,0.3344848315031275,0.34857767818611796,0.32625971595393227,0.3119865045101311,0.2856440879493963,0.2968297460573523,0.3371462021738534,0.35290470518766276,0.3352481478900052,0.34266160104068377,0.36823327898065245,0.34559313497080735,0.30081086497543547,0.26751877768304033,0.28022711000885814,0.33603063044265974
189,,,,,,,,,,,,,,,,,,,0.3772195186643788,0.39168862851367636,0.3857327903603859,0.38589085601451123,0.372528878031918,,0.3397937074554705,0.40680006265213,0.4456530067633039,0.4203733533031093,0.3763274410205562,0.3854867875687592,0.423043643839559,,,0.37196886161410236,,0.2766149531406184,,,,,,,0.3844784753187894,0.39652736915503217,,,0.42412288694706796,0.39358994580650386,0.3462295405204329,,,0.43503543255163324,0.4125177523272999,0.4035018994537028,0.4055371556783291,0.3646784798356675,0.3496006720531436,,0.3682338225193252,0.38030714443600144,0.37971356124969957,0.38871658163490386,0.39376930570548213,0.3676581526477281,0.37053111299798364,0.3002183303100443,0.28462882889308183,0.31054214374685374,0.3105490123133629,0.2969017508551722,0.3099390554896037,0.3317454114511083,0.3219820131899995,0.33939772662829804,0.3251790816356074,0.35950959485947803,0.4066559663304945,0.4036365662306036,0.3873414253562518,0.3869341912749041,0.37129411469520057,0.35815299414040436,0.34634723061291073,0.34829558917391723,0.3393373836012832,,0.33923102496836466,0.3670312105951827,0.3929677828259805,0.3560213687335104,0.3517497350215501,0.3976752644307848,0.410251568058712,0.36212788575662747,0.37449478287795196,0.41097651484580644,0.4186469842071416,0.41408013895016216,0.41113518926511056,0.4390990812366533,0.47315680300402857,,0.4215999519270038,,,,,,,,,0.3824529283531153,0.347925241821629,,,,,,,,,,,0.4268183783835344,0.40035124831137814,,,,,,,,,,,,0.37139604621946326,0.3505881265026436,,,0.3917608245439281,0.412528569899598,0.39389144563175893,0.40112578132578725,0.39665266185668274,0.3497400365938456,0.29812664901280117,0.31459490827233777,0.41042483495813503,0.43461381616181927,,,,,,,0.44306699975218644,0.40191503174787035,0.382886592044557,0.37202389328907826,0.31414717074248183,0.3424165986560206,0.4226911398981025,0.3935483753886898,0.3501817946911724,0.34968877364756173,0.40135343390681355,0.3357774601058093,0.276593213430136,0.2906603735810667,0.332579888006523,0.3493215156235152,0.4355698364715712,0.4251852470332188,0.4189528751088555,0.39977409492413524,0.40161181247337846,0.3529573392218894,0.3263485051973873,0.2853240538331384,0.28780772462313914,0.36341197491505284,0.3983925701299771,0.39046927611594656,0.4085510750232018,0.40862403870566305,0.39514935048325744,0.4182472866381446,0.21117138028316038,0.0,0.08685271559467304,0.32647263527640275,0.4117771271288403,0.42028531607748104,0.4109424436238062,0.40863610069075157,0.4035602214395668,0.3965397022178971,0.38719444748085713,0.40033674413746323,0.43080081950957194,0.45505710379043496,0.4863265286858656,0.47633427760913777,0.4538588618803411,0.4523980231205203,0.4494125039970489,0.4471200501624899,0.4457258966839354,0.4288530523734312,0.4284208553736596,0.4224288572066754,0.4368944552947037,0.37308788487982697,0.3682932693721541,0.4481747182102799,,0.4209164856999645,0.39350300515130987,0.3993463249522692,0.4298886904923198,0.43496345577547524,0.4463737364469055,0.4610893622737483,0.4299544116521049,0.4202391073434858,0.43309540300550586,0.4509730309399549,0.4653680118229274,0.44614960200493675,0.31428432039028126,0.3128095914373233,0.4033137143431102,0.39652132477770846,0.4140729855142407,0.43275617496431906,0.44237380642730434,0.4189764172945745,0.4056290599812322,0.3774554803359247,0.39586649479471225,0.4334727234998678,0.44390865227392023,0.4277774196865959,0.43793222271343313,0.4617761635979261,0.4425237402537399,0.38188580563453395,0.3331570355818425,0.35027776049701315,0.4171936183941408
190,,,,,,,,,,,,,,,,,,,0.38003635617958775,0.39375188603005,0.38867273267557406,0.38592794018601134,0.3752418611918617,,0.34448721980334646,0.40701903817160917,0.4456438476787058,0.42372054417516775,0.37947215846556365,0.38649330439491064,0.4247095944807209,,,0.37092868497900167,,0.2854446675787596,,,,,,,0.3832034598494215,0.3950060876043433,,,0.42639262454626004,0.3986958293369997,0.348382916435909,,,0.43440931114282516,0.41304937944764436,0.40578526865567816,0.4073901182268132,0.3679944179861671,0.35562105166008373,,0.3731077442264673,0.38362911979474695,0.38339678245147174,0.3942089748854743,0.39626589204768664,0.36910218867666084,0.3726027705224065,0.3090489287650525,0.29075238214209864,0.3156028941663851,0.31342201747724646,0.2989127399116994,0.315167305813208,0.33895982067412705,0.3296033364693038,0.34309814339091205,0.3303948425487199,0.3626340627580221,0.40686566842914645,0.406289214001705,0.3903987544308101,0.38859767053938316,0.3745040929949533,0.360644792409793,0.3476083216779798,0.35075396233126016,0.34425924496679455,,0.3458641783107975,0.3702401915037523,0.39385732533858087,0.3609366431305091,0.35474048390502766,0.3992375540903467,0.41103628093318906,0.3648077427756768,0.37464640295476803,0.40658679526959896,0.4174883834691606,0.41455771848999606,0.40972338504831163,0.43733796634519384,0.4712168143351974,,0.42569952673974365,,,,,,,,,0.3823114742557283,0.3486500748193762,,,,,,,,,,,0.42696149790511406,0.4013373163303994,,,,,,,,,,,,0.37229761881143303,0.35105648465300054,,,0.39027859862368497,0.41408703718557505,0.3953953372805398,0.4006812428201053,0.3963727942366601,0.35276858258439187,0.30980836382911553,0.32628775207919264,0.409970170327272,0.43193982637973594,,,,,,,0.44272841518409545,0.4035668587155717,0.3857553593577517,0.374046146225861,0.31791685079481713,0.3475074316811273,0.42015158847102746,0.3929036792173278,0.3557468624996473,0.35250340701503025,0.40177642845506656,0.34063270664730766,0.28388031501105593,0.29848715153683625,0.336109122139763,0.35336802624380886,0.435134841606021,0.4247318344032026,0.41695700853166195,0.39988514435713246,0.40256800194616327,0.35739977087755176,0.3376883938347951,0.29694429880135836,0.29430866972199626,0.3681597486937686,0.3968855640174275,0.38907742803211515,0.4074337761358503,0.4046580778062677,0.3929686294358098,0.4172999623162038,0.24781853460619807,0.08685271559467304,0.0,0.3121137930405279,0.41206722076687397,0.4218615092162482,0.40902773366433987,0.40817885057912534,0.40325769295370456,0.39980678049076235,0.39369732844024685,0.40318657016369763,0.43040667583953535,0.4540135665778947,0.4854243959051739,0.47707768732032746,0.45116987922614155,0.44806729365826337,0.45093316917904147,0.44721754402002023,0.44430239695486645,0.42726444101295985,0.4323371034654628,0.4261607405185414,0.43830246130757916,0.3753391110223675,0.36896017263043385,0.4484709382899774,,0.4211319635532374,0.396081080879547,0.4029661941094692,0.4317350800337183,0.43873996411801736,0.44579518684527486,0.4612529306312081,0.4317598398401894,0.41880544305225714,0.42972134520100774,0.45040853369962947,0.4659925613940594,0.4473364531148119,0.31830920714432565,0.31976288481913484,0.40720436082131484,0.40445198831599427,0.42104928475042436,0.43414523476227446,0.4390101913095252,0.4198876593668938,0.4078417956260421,0.37974340397356043,0.3984716235260343,0.43474275032095316,0.44189373539223786,0.43065472423255036,0.44169836189024586,0.46276885850523525,0.4448064039351888,0.3911356478516042,0.34281155675876607,0.3525549952185143,0.4206608081966759
191,,,,,,,,,,,,,,,,,,,0.25991336348276,0.26550353641486935,0.26512549989450335,0.2768630372681851,0.26867122812162747,,0.26138751999411786,0.2665254018217749,0.28896187875500684,0.29453853264312635,0.26539391189627687,0.2614467329591147,0.2871660742204408,,,0.26123198778273876,,0.30982452737826,,,,,,,0.26988227780392327,0.2697326127009259,,,0.2863736112839581,0.2718913709402622,0.26299004910603174,,,0.286175202234959,0.26988381451939847,0.27509763939884524,0.27594536497935446,0.2603709958577969,0.258421954642338,,0.25990564777465075,0.26395207249564395,0.25790721815303497,0.2674160949477463,0.2740352989496329,0.2592017659293838,0.26167378054932283,0.29269931977144226,0.28814066394391413,0.2783192249047456,0.263787283140773,0.27968074943010285,0.275019392995295,0.27082155717380935,0.2664418320650441,0.2461579369107354,0.2552689772354664,0.27283367132510444,0.27634835316450146,0.27288761759965235,0.26265250974997906,0.2637681716973346,0.25620407969354364,0.24554993385525492,0.2536013162620531,0.26692562386193963,0.26075421115604275,,0.27752501731888063,0.2697328222961695,0.27259649189378077,0.2588315985256036,0.2543602087436266,0.2683471237937652,0.2769755463122134,0.2614058711992396,0.26744288923731996,0.27222781411920066,0.2756355033627975,0.2711787185851801,0.2722348034404433,0.2930249028538974,0.30992793592037166,,0.2930742567902296,,,,,,,,,0.26446577625467826,0.2502326870154552,,,,,,,,,,,0.28413293174999754,0.26912815564007525,,,,,,,,,,,,0.2602856846142076,0.24288169881588195,,,0.2616711102949707,0.2694235305456983,0.2626716568081274,0.27173553408913,0.2685563133984236,0.25025202062901225,0.25662001724339445,0.25629220783090206,0.26466880373251833,0.27876653995619516,,,,,,,0.2882457679849833,0.2641050114900959,0.2492946995944606,0.2514252662746589,0.23957695907014448,0.2455555906453507,0.27472992346195185,0.2586499285609463,0.25667021238087734,0.2570214809619012,0.25212364759255723,0.2417798273856913,0.3429039811307293,0.31828793049078924,0.244275728460481,0.24523977244185352,0.28738818136776173,0.2799404553731025,0.2819688723527009,0.2654237115563364,0.26888681094698935,0.2544838602086785,0.2672984624089262,0.2619824284193596,0.24359614675495522,0.2396663729362058,0.2594818318264962,0.265483178782811,0.26414668640416394,0.25902832543809967,0.2559121403826533,0.2712644405760436,0.25301377300526523,0.32647263527640275,0.3121137930405279,0.0,0.21296981369694779,0.27638391082887637,0.2697644510772127,0.26089941185758364,0.2729718440212831,0.2720261360382017,0.265378459161288,0.2640080632425716,0.27239657762115116,0.29292573235256003,0.3212611878992076,0.31013071459823066,0.2945800269322287,0.2979512181789835,0.2903078879165221,0.2856261876179432,0.2845750782094559,0.2790348259757323,0.2832553112554759,0.2823986900096932,0.283363696403448,0.26201960922780765,0.25447642426145095,0.28839148450060237,,0.27135991334769033,0.26464534119245325,0.26610944837961975,0.2851971689259366,0.2867274579519825,0.29244675463005365,0.29861532068948093,0.27479788742608413,0.2681166895089374,0.27291743591907125,0.2931987728407007,0.306348405672781,0.2825454061149984,0.2643858799039088,0.2668836775306816,0.27096599098556945,0.26702218675300776,0.2802013019213864,0.27594325380412194,0.2794370500048271,0.27661964547895784,0.27064646931333414,0.25373138128767814,0.26507656943868724,0.2837814276108514,0.28586096796206906,0.28163218350511116,0.2857772481526812,0.30168276996242605,0.2878825659362849,0.2815779497583439,0.25885305505534534,0.24824901518536535,0.2825948070842723
192,,,,,,,,,,,,,,,,,,,0.26397638810262986,0.2659154072192125,0.2675380265293949,0.2770284470876201,0.2806415392288404,,0.28056914600622945,0.2604002177365093,0.27101590355571226,0.28749734914113523,0.2773674951455376,0.27447078121575696,0.27219182880932374,,,0.27279395613990987,,0.3841476966072502,,,,,,,0.28185925710773546,0.273754843547859,,,0.27172045723638916,0.2844253505379021,0.29563772213736333,,,0.26386189962722684,0.26202959968747497,0.26275811622527495,0.2674004252764745,0.2740032745873897,0.2735372609966743,,0.2706158007673082,0.27635048793750083,0.2688219749399816,0.27002820691431556,0.27311790668663305,0.2754090081689799,0.27310937354403914,0.34526354559811884,0.3524601859278406,0.3305524308007185,0.319452816454582,0.3476602463794094,0.3328465237031194,0.3155574876030377,0.31082150853753276,0.2782376008050285,0.2973527856993956,0.28408237695585953,0.265042170537364,0.26922661313175905,0.27365708717581955,0.2713447793301788,0.26855182573687814,0.2634796067081029,0.2771704049153436,0.2905508683924431,0.2851414324225616,,0.2991874784796489,0.27738492920272995,0.2683230630826807,0.2733395882664848,0.2750494239611734,0.2630880214024522,0.2640557476901022,0.2854149109613399,0.2829828051922228,0.26763514893990364,0.2637276582503787,0.25766082554705666,0.2670633280934771,0.2713818790406148,0.2725819632577775,,0.2764538960895244,,,,,,,,,0.2890971732964565,0.2916237054506231,,,,,,,,,,,0.26738873486969195,0.26328691346527183,,,,,,,,,,,,0.2554978089398244,0.25602099186878496,,,0.2568833676192782,0.25298574512210403,0.25223067238863706,0.25582667187564256,0.26386638139892554,0.27514063642547837,0.3040469315620023,0.28944480531429373,0.2544402885811934,0.26100627859383796,,,,,,,0.26304280233291477,0.26116323346233866,0.2581110769431999,0.2578141930213799,0.27644367322583685,0.2705692090115593,0.2636086217589595,0.26167146345772696,0.27998693558664806,0.27576966919645013,0.2470673253884858,0.28113291725090134,0.43428168307190657,0.4035967164272895,0.2839109998563382,0.274883605338991,0.26807664097369405,0.26412028002600113,0.2669686137348342,0.25928786111309093,0.26300528697448433,0.27632600619271047,0.31612197866657904,0.3261710950963775,0.30142486713057,0.2549910354742462,0.25888826426516337,0.2657867738619845,0.26058718539822195,0.25550872506163147,0.249360038375184,0.24776674430871162,0.3188710696807451,0.4117771271288403,0.41206722076687397,0.21296981369694779,0.0,0.17102943239112098,0.2541126343063426,0.2527341363876878,0.26146138018080733,0.25950426837399976,0.26132080456447837,0.2598560035932362,0.25228071081754916,0.2573415598056061,0.27532978867836944,0.2701403576823848,0.26339769616066977,0.26292960463452203,0.2612415292024166,0.2625039258409544,0.2644299497535919,0.25904587594688033,0.259428599280088,0.2630374076412358,0.25734344194102016,0.2607947168324469,0.25697408867895605,0.26092385395782386,,0.250189902507819,0.2635286696610252,0.2609297152468499,0.2681728660331658,0.264315628379407,0.2656886348796296,0.2660592104646746,0.25670077101557554,0.24912991611045388,0.24874401065506352,0.2612438329019103,0.26461195758769,0.25714319752307563,0.3212681148407101,0.316541205422814,0.2597850739256452,0.25919976429046027,0.27649817770454616,0.2660163223903433,0.25603063438561136,0.2582431761235178,0.25438913162380683,0.259674415025008,0.27427394528575894,0.26933849655702324,0.26301570498039945,0.26789521482774625,0.2680432582337069,0.26799156749838876,0.2631889085104639,0.28703054681465967,0.2916646778968098,0.2657422206673062,0.2686951895252184
193,,,,,,,,,,,,,,,,,,,0.2673627893156968,0.2711869650042454,0.27189992842225275,0.2814065441085961,0.28613283705593834,,0.2855506116613675,0.2662878326675646,0.26750074152959263,0.2795829443818784,0.27933513683156486,0.28428176804676125,0.2709957698142055,,,0.28104534054125624,,0.4004570725139123,,,,,,,0.2816425499283352,0.2741824984105922,,,0.27021810206028263,0.28727135621817773,0.3064134297876665,,,0.2619887827589561,0.26167879842701897,0.2617976611529307,0.2675045661782179,0.27903401178092435,0.28097866376016506,,0.27402523563318887,0.28011541546546154,0.27713857191008395,0.2747288218147212,0.2790786389742761,0.2815644729139752,0.2769632185645461,0.35687069421918544,0.36591678727389526,0.34460178675544684,0.33367342067025263,0.36459595491212804,0.34673235056299667,0.32919394535686364,0.3207529387369183,0.28883734310633236,0.30490067786066094,0.2842187221025076,0.2700246201115618,0.27416890533377714,0.2734982026853152,0.2711700348274473,0.2697134692851189,0.266370287912382,0.2837605125350043,0.30318640556832144,0.29671762166686144,,0.30251154806870517,0.2806454603518356,0.27119764859235657,0.28116997933783483,0.2910280421307452,0.2665171466212747,0.2647980326756826,0.28745702165146064,0.28540109772592187,0.26886324155431307,0.2656525812886804,0.25941699925014916,0.2608895373387924,0.26138137960757624,0.2654173816052959,,0.27012870153533924,,,,,,,,,0.2993306939660025,0.30295268478107784,,,,,,,,,,,0.26833426080082207,0.26554950682081835,,,,,,,,,,,,0.2579735966997467,0.26627946043294004,,,0.26269677273236325,0.2616957318811089,0.26021748761131985,0.2544200873226475,0.2641915758567064,0.28221191140836416,0.3173499024827547,0.302760553369581,0.25882679177500256,0.2626971737838988,,,,,,,0.26144615086305784,0.26633058362987133,0.2605126187236689,0.26239690463841625,0.28426163118974374,0.27720409519993183,0.26127232043169574,0.258803044531248,0.2853647475402902,0.2828224236446748,0.25219015328073835,0.29714031785712663,0.4560517610199103,0.4236731068870997,0.29694819155396857,0.2811606408833831,0.25956289972607494,0.2559350886807503,0.2597177828443362,0.2608472303465605,0.2682926519062525,0.2886159939140577,0.3292547602989544,0.3431833127245833,0.3208758806123046,0.26174545449566144,0.2619969135554852,0.2659154337271641,0.25805657455920333,0.25514051203429355,0.25346801213005604,0.24807337712229605,0.3340734180054101,0.42028531607748104,0.4218615092162482,0.27638391082887637,0.17102943239112098,0.0,0.19984570486678574,0.248058560372391,0.25290421420619297,0.24912806059367368,0.2536011321975078,0.2557951793212634,0.24913566484360536,0.2558676748455748,0.2637302135728449,0.2593903970504697,0.25714224204308694,0.25923818249760444,0.2569007515546098,0.2558215420470489,0.2590222488545843,0.2552509448423174,0.2552641105945943,0.2678210369502478,0.25828710921185916,0.25863901339010137,0.25444416766086586,0.2524671712713205,,0.25352838679868656,0.2731355195487199,0.2633375790284464,0.26202203724420814,0.25891025530308004,0.2570497902586122,0.2559148355711296,0.2500815796158795,0.24665203564581617,0.24674728178211727,0.25672143421176863,0.260284449142452,0.25570053613236776,0.3405046237933189,0.32939644241339205,0.25422425079973965,0.2624740442985002,0.2800115367971511,0.2667742114440291,0.25234875584911604,0.2567571096806918,0.2583516134251073,0.26644795867487037,0.27469043213427025,0.2641560029362654,0.26195393050551197,0.267725935261456,0.26266595517555885,0.25927428850921397,0.26143442627363084,0.2941047744073175,0.30552318385045374,0.26608704319482984,0.26001802790845835
194,,,,,,,,,,,,,,,,,,,0.2679561546742505,0.2723699003547535,0.2758372786933153,0.27832693520669466,0.2823403552317969,,0.2886961578111999,0.2679984135690914,0.27481452395096,0.2911520506299953,0.2790807901405309,0.28044561976273263,0.27676019392144724,,,0.28742744939001624,,0.3958715786710451,,,,,,,0.27865383984295633,0.2731144359987847,,,0.2741145704678617,0.28575665953804485,0.30149751707514516,,,0.26964788117474003,0.2627688491491407,0.2615705989609663,0.27134222059534346,0.27922831335509907,0.28022591668343066,,0.2771993339406181,0.2801169025428655,0.27866368127123226,0.2761488984595335,0.26847656299058875,0.2699143367580048,0.26970085535537486,0.3486138169836941,0.35934790159223595,0.33886025997192953,0.3288743411218809,0.36036825702109637,0.34418510933416524,0.3249706944160224,0.3172626571331379,0.2846530254363741,0.302202484006104,0.28536864827362934,0.27249158482293656,0.2764924935210468,0.2717811569053214,0.26728607657525993,0.26660799595235546,0.26124429505888824,0.28200318237846395,0.3020199890255213,0.2923236622863933,,0.30659951731211227,0.2818566063262273,0.2722772733709799,0.2772103706643697,0.28689131462492906,0.2665034516943036,0.2672435332653331,0.2823705473446361,0.28080711944101955,0.26915462889756814,0.2738354696434313,0.26269268815540703,0.2640585775492337,0.26700772099692033,0.2704045309302469,,0.2686559451195182,,,,,,,,,0.2944131536969339,0.2962782858776558,,,,,,,,,,,0.2763158458627051,0.27201389944006865,,,,,,,,,,,,0.2631659103213516,0.2680132271464179,,,0.2632344817530121,0.2664590185631413,0.2625724744116736,0.25373596708466395,0.26092888298512695,0.28371388440222023,0.31965551077102605,0.3078097716754111,0.26033836212700673,0.2640528186603766,,,,,,,0.26586321367089316,0.26812255376138683,0.2576212415648664,0.25996651242713287,0.28540640991518845,0.2773540923701063,0.2647137052429206,0.26227470684533877,0.28118057465947754,0.2831544789136271,0.25335912033074226,0.2974536056688019,0.44717986638071344,0.4179737436695715,0.28665481091927886,0.2746982393082425,0.2656155348290116,0.25938739725327487,0.263044316668776,0.2594268439217537,0.26628006270031296,0.2939280968722527,0.3276406763514004,0.33126769191643296,0.3088167625334832,0.26523834296033916,0.2600773456609952,0.25575033571591477,0.25491568301515233,0.25760755384834366,0.258745486332302,0.2540030041888252,0.3237897922758857,0.4109424436238062,0.40902773366433987,0.2697644510772127,0.2541126343063426,0.19984570486678574,0.0,0.17281020693624388,0.2578417716609139,0.2592245383809258,0.25859746590506993,0.25453112408444717,0.25095412531950956,0.2655721108086775,0.27341467153204135,0.2669636281122797,0.2625607872139401,0.2643512857972545,0.2625183117676719,0.2597010583142497,0.2605855542139716,0.259626090116783,0.26321706493538854,0.2767551412587845,0.268097442196016,0.264799335666135,0.261849484076946,0.2594376388899711,,0.26080165706419356,0.27989566007423006,0.26832742627526823,0.27177047677624544,0.266436691851108,0.2586356470456063,0.2637276717230467,0.25604219267286416,0.25575030805833165,0.2601148272529292,0.2663881135941529,0.27043711818011934,0.26378860629345446,0.3328827945742635,0.3264965210270466,0.263612048315513,0.27174556870087496,0.2916766125376923,0.27863675677935695,0.2626753562808411,0.2707392198458976,0.2672923496865595,0.2704857493486494,0.27569937262886907,0.2722903667722999,0.2674850425765189,0.27450234121504047,0.27350094955998777,0.2724446948382881,0.26999812023779957,0.29951295140426115,0.30758421514111706,0.2693159287394723,0.2667591652771905
195,,,,,,,,,,,,,,,,,,,0.2606257635870029,0.2636049337994292,0.2672934835076731,0.27493106622038305,0.27524427403995744,,0.28182346576767153,0.2595341592376262,0.27110122750568366,0.28682985078046896,0.27476217876752385,0.270838039945792,0.271496464760073,,,0.2754556604057458,,0.38012459294873446,,,,,,,0.2713168677082646,0.26957028628332347,,,0.2638600252878389,0.2721201325343337,0.2869032742502372,,,0.26421794436413776,0.25507091732610115,0.25607541329533967,0.2621936295679431,0.2647371981206968,0.2695867443409597,,0.26545669051781534,0.26654224838354074,0.26129202906374493,0.26268917372077183,0.2620953967903971,0.25643890463684765,0.25802740318497014,0.3320203425186926,0.3441260156576455,0.3253472033503253,0.3115673562822826,0.3424525909806439,0.32482889881630894,0.3095133063404631,0.30001245690909367,0.2715888174231162,0.2894161935138097,0.2777867487019077,0.25941147892712924,0.2604409217770165,0.2608961363773638,0.2594512462419525,0.2559520037348894,0.2534170008845754,0.2698054515221625,0.2871894587583012,0.28182502463038195,,0.2937246527678981,0.27711880306945486,0.26814171716377744,0.27160515790134077,0.2748691197079483,0.259503516232367,0.26303444891200334,0.27500555991449144,0.26874559038663104,0.25765488243935536,0.26347777630443464,0.2550841593095931,0.25897077154222625,0.26546821480729776,0.2688935264277388,,0.26562452918146917,,,,,,,,,0.2782414125679971,0.2826320467154326,,,,,,,,,,,0.26732856058855614,0.2593138663966255,,,,,,,,,,,,0.26265098757013994,0.2630483956404859,,,0.2567515318029848,0.25683876363143243,0.2514745598846391,0.2565882366138448,0.25963512273441314,0.27359142384615287,0.305117425195886,0.29572910877344005,0.2535979730926314,0.2599774028473918,,,,,,,0.2625833918197138,0.26285395067171524,0.25354987485257097,0.2555147285977945,0.27403794204937926,0.2653127299276086,0.2620551907732071,0.25725685610672305,0.27298092847188943,0.2748162273485723,0.24959950216165117,0.2860059242871602,0.42811087348827875,0.39503771077118927,0.2733268969130755,0.26386283267061195,0.26071696023739876,0.2536446518681754,0.2591448545104035,0.25340699680360623,0.25501887057488515,0.276012763347805,0.30610661965516234,0.31278951428260204,0.2894453020354951,0.2531803018360347,0.2506514472091463,0.25265589754206447,0.2518309393475843,0.2490973725959347,0.24767221622370067,0.24818910741464864,0.3146375657985353,0.40863610069075157,0.40817885057912534,0.26089941185758364,0.2527341363876878,0.248058560372391,0.17281020693624388,0.0,0.19769124891025533,0.25626122841392296,0.24992031526398387,0.25330262931225406,0.25230204895527447,0.2617019175066826,0.2743771376738933,0.2657562266745605,0.26103098697071564,0.26447968639220215,0.26007790647695644,0.25957836209929364,0.25940918783726347,0.25304776698819964,0.2511386952818352,0.2605738262243305,0.26507791838164013,0.26173816897043223,0.25735983471895435,0.25627067874100606,,0.25395461193299196,0.2654066739111814,0.254465718870483,0.2601820103746959,0.26068653756315796,0.26035640542598454,0.2627458446555962,0.2520292599379759,0.25169421546229537,0.25754560442806546,0.2644873185932507,0.2689249146584165,0.25344928832743047,0.3107397060514057,0.3071095611117964,0.2575261527696077,0.25915176676287743,0.2764343375939759,0.2638060659849723,0.2533382474876968,0.25508082358757284,0.2549525994692983,0.2608591362479949,0.2650138395878563,0.26117152986366454,0.25685559921677653,0.2613963727049404,0.2647134645631523,0.26730458869877605,0.2610297467308129,0.28094501775967345,0.2883100384265558,0.2635719001182895,0.2708218116477287
196,,,,,,,,,,,,,,,,,,,0.28217291138619455,0.2834733823776017,0.2822004093135443,0.29977608065005157,0.3016322713722149,,0.2936532884645372,0.27736132451395523,0.28644117055547264,0.2975270991498021,0.28566966431843255,0.2880299209997636,0.28625800319123995,,,0.2920192376634761,,0.3959073747714391,,,,,,,0.3007643807676827,0.2914986736889863,,,0.28043515199186303,0.2889559929032,0.30964338091856913,,,0.2759764276276402,0.2680411368467475,0.2703896578765859,0.27655941350101404,0.2853219612097649,0.28862931673057385,,0.28305479267369493,0.29294835344820797,0.2869259977263089,0.28418490348084374,0.29074736168852844,0.28689767311763814,0.2785440931244464,0.3560141755177142,0.3623114755640306,0.3452362158240224,0.32966969864927553,0.3592793052575314,0.34668680273574004,0.32869841409021494,0.31934828555489875,0.2944062143995623,0.31394465046265907,0.3000993479856629,0.27932891421363554,0.2798026135546999,0.2787433276213329,0.2788799124646154,0.28318190491976997,0.27623307879974257,0.28276252130587387,0.30354003343173624,0.30084921200534787,,0.3127085337664582,0.2948193955541007,0.2876838036360015,0.29378772007576054,0.2923764683893245,0.2735040868434316,0.2715632027955469,0.29176758068578434,0.28851752075312675,0.27331309169804296,0.27439584931132865,0.2720351869584181,0.2770556596365891,0.2809095830796293,0.28348697234071535,,0.2830344740053964,,,,,,,,,0.3020368167582988,0.30502054556123903,,,,,,,,,,,0.28069204611591875,0.2774168129555514,,,,,,,,,,,,0.26620356008796814,0.2687611333742866,,,0.26734645633464116,0.2770289787246326,0.2662161442307429,0.2625895468066498,0.27658492129285234,0.29026222414639485,0.3192197631321869,0.307139856873265,0.26929750792613,0.26796377079507455,,,,,,,0.2752095414555423,0.2791823717021218,0.2675344149404572,0.27150683324444014,0.287375561169125,0.2810890130455926,0.2768716352841829,0.26917854121390145,0.291721214747505,0.29295380366781254,0.26334701016956474,0.30118539615395074,0.4403617932662331,0.41043247269409305,0.30509563034152465,0.2863506432702027,0.2666152472474349,0.2597434093254193,0.25858003029603965,0.26638416009021987,0.27908728104231606,0.29344539785448553,0.32345641240289663,0.33014819130801987,0.3055236512414748,0.26679958803216275,0.2739015315580054,0.27262542272357154,0.26596453099413003,0.2541383354392459,0.2545955591996705,0.25584850327746805,0.3248887540590967,0.4035602214395668,0.40325769295370456,0.2729718440212831,0.26146138018080733,0.25290421420619297,0.2578417716609139,0.19769124891025533,0.0,0.1596954407935313,0.26092505037755287,0.2623315640321814,0.2665920825536369,0.27289165602568305,0.2748451083165025,0.26969652413022266,0.26829447292380065,0.27259874435837866,0.2727717528955196,0.275384955905127,0.2685728305009644,0.26149847339177373,0.262198319983759,0.27550192545029206,0.27612695185177405,0.2610794356600094,0.2550379128670327,0.25954852017477953,,0.2643924163070251,0.28052171678472126,0.27117008083669525,0.274322686284664,0.27528820689313377,0.27672517175885064,0.2759706748389636,0.26235197331840004,0.25828833275301266,0.267291589768056,0.276257438085204,0.2795474453303301,0.2681807155633734,0.33498083243858456,0.32730891543589063,0.26763657743357167,0.2703157670310854,0.2859945454648029,0.2767112089277932,0.26363068084838814,0.26352835750045595,0.26559361409056637,0.27362657549363395,0.2846704255071776,0.27993571805839873,0.26815600535533907,0.27716036197603716,0.2783373785137364,0.27416098911352843,0.2757499920959862,0.29999697769262135,0.3023659033213637,0.26415319566043627,0.26534926869008924
197,,,,,,,,,,,,,,,,,,,0.27217648930626703,0.27535152940050733,0.2719090778043255,0.28617501806213763,0.29080913358167687,,0.27998847423954243,0.26764794433054884,0.28003382867920334,0.28852065309763103,0.27467395696162583,0.27788852691238436,0.27630649534895463,,,0.28298028074672854,,0.37531625475861063,,,,,,,0.29040757809877865,0.28023386530229866,,,0.27423306563168326,0.2789453072081674,0.29301743130486424,,,0.2684585566603752,0.26364381377937324,0.2678579831116627,0.27239265580391664,0.2765876948473883,0.27428201841265215,,0.2721233238536893,0.27877453448840767,0.2722126190512993,0.2733656104725139,0.2786392533158302,0.2760783836372654,0.2699256128917281,0.3428541403091509,0.3491211552985038,0.3275872980590987,0.3180030759416003,0.34628218635396973,0.3320121216563015,0.31208588583074026,0.3024662082297736,0.2784208252634762,0.2913429161810588,0.2786678304749204,0.2714806372871392,0.27134825854769723,0.2679493623965456,0.2700464744744869,0.27194057903525126,0.2628322258649879,0.26821378429003523,0.2868487461361892,0.2837514716529739,,0.29138199175164925,0.27825524095786447,0.27596371026118666,0.277299292729651,0.27892418071611647,0.26420129650615365,0.2608837512743121,0.28342384767584594,0.2827635439990912,0.26913428373793935,0.2672618536723774,0.2657901908090952,0.27014010236492847,0.27318841051919496,0.28353631744324814,,0.2755911331139458,,,,,,,,,0.2966267414388736,0.29798801296263777,,,,,,,,,,,0.27240133788422544,0.27088778387490053,,,,,,,,,,,,0.26405515340437696,0.26280137802437276,,,0.2692536337419369,0.27033261166856193,0.25925647583306205,0.2586110587336567,0.27342057772164163,0.2866833022240836,0.3085860763759938,0.29595427010431596,0.26614114852752013,0.26722841953912174,,,,,,,0.2734061611947721,0.2721563424549741,0.25600827463300607,0.26053565066705653,0.2778926876806564,0.27148853211497265,0.27140320893848174,0.2649475504654856,0.2808703802146223,0.2805341954508974,0.25771218900251663,0.2903528005928937,0.43098089687977786,0.4032222185977952,0.29692473261679636,0.2750749589984284,0.26241338349108717,0.25658506670650855,0.25563840498864904,0.26259107597898657,0.27195247642077286,0.27768324816177165,0.3145238867709238,0.3234258219985282,0.303231618890226,0.263670313438375,0.2690068393438774,0.2731987227726333,0.2636002076519478,0.25367299562465917,0.2575597420701385,0.25872018210000397,0.3117787929365365,0.3965397022178971,0.39980678049076235,0.2720261360382017,0.25950426837399976,0.24912806059367368,0.2592245383809258,0.25626122841392296,0.1596954407935313,0.0,0.21101857578409752,0.25951054798367007,0.2591628541929996,0.26800050706051626,0.27635568988461284,0.26915216583434265,0.2668183786599655,0.27032112357595695,0.26454987058691476,0.26687215785736546,0.2707292899802685,0.26015868316158675,0.25660894266752715,0.2687093339434813,0.26774200256759284,0.2552773030611147,0.2507771611109988,0.2615930366076394,,0.2562855247180138,0.2659146745370052,0.2599904386601869,0.2691699115044481,0.2686032590656957,0.27259192057738096,0.27659274536997797,0.2623703994603647,0.25830730143004815,0.26462461072797694,0.2757565593482212,0.27892842505135557,0.2671368278049751,0.3283119884288875,0.31361631295532816,0.2574822434339288,0.26208879962648723,0.2773940184269603,0.2727934094480954,0.26185457907551407,0.2567783597970509,0.2567648485113098,0.2649773125809418,0.2726634742205733,0.27110950186097266,0.2693667787025886,0.2739321606454443,0.27266187438851713,0.27064986050548245,0.27014759888477463,0.29458940520959553,0.293766348013592,0.2549081707891986,0.2607370379836101
198,,,,,,,,,,,,,,,,,,,0.25590803487119473,0.25867930941604717,0.2565449327144858,0.2637264335398379,0.26478132526605563,,0.2615512297525725,0.25728028687850585,0.2680425648244009,0.2752609025783677,0.26375532661268297,0.2649767333948323,0.2621994940118781,,,0.2722764272001899,,0.35382543204444095,,,,,,,0.26550400746964786,0.2731529689801266,,,0.2641905019178024,0.27143382253458914,0.27961549300532856,,,0.2654165728059331,0.26222064199504846,0.2548627649124424,0.25552004640384174,0.25503418115893917,0.25819149658421103,,0.2607045298782993,0.2635007266877131,0.2578399080612251,0.260967257307876,0.2613310515944062,0.2544495467851298,0.25662255024797975,0.3202562013977631,0.3314519010648307,0.3117825637089228,0.29886893602218473,0.3278645299189846,0.31616622338336353,0.29652020448019245,0.2855847757286607,0.2622173331456831,0.2743187142335178,0.2645134808236125,0.25686218742811223,0.2561337121091524,0.25450712874834885,0.2562381303693935,0.2529494838059809,0.25245296338769413,0.26507865995484076,0.27441397227874176,0.2706334428707335,,0.27623955810516776,0.26494241059145585,0.2611093744557824,0.26302391805760295,0.2739062291023664,0.25840495627314464,0.254534996224048,0.26748781886026496,0.2703075394019951,0.26423549653715295,0.26368448376260967,0.2516500955924132,0.2559569191432418,0.26156534893966954,0.27665155111229955,,0.2648766211361473,,,,,,,,,0.27818841018194407,0.27860357713063966,,,,,,,,,,,0.25995829132520315,0.2574226008190187,,,,,,,,,,,,0.2564936824369322,0.25955813788299015,,,0.2604370067621594,0.25395580377275434,0.2459465582319893,0.2531927747249176,0.2562497288657333,0.2661027795136047,0.29342946078871623,0.2806313317573839,0.2575927727173223,0.2619548536725741,,,,,,,0.2669794080944683,0.2603009253726901,0.25256390413542307,0.2517735864876617,0.27086646493586236,0.26867522577983227,0.26631256688946187,0.25591805294969705,0.2662156007689967,0.2664191437917788,0.24965364989901453,0.27853691973015987,0.4153905889040194,0.38417597562249634,0.27644965138641664,0.26250319989474663,0.26491341821784686,0.2555835478237183,0.25412230602402924,0.25538313945703467,0.2615563833546217,0.2633821509679806,0.2991230379560588,0.3079720408464373,0.2927411369410437,0.253502305502073,0.25168885779568595,0.26065558751664875,0.25635967250526026,0.2520362529846704,0.2560749396108385,0.2521798674702099,0.29877222850192037,0.38719444748085713,0.39369732844024685,0.265378459161288,0.26132080456447837,0.2536011321975078,0.25859746590506993,0.24992031526398387,0.26092505037755287,0.21101857578409752,0.0,0.16005100888605206,0.24627341652914736,0.25948313416510665,0.2829633278978138,0.2743198049561966,0.2651550303579689,0.2673746522242943,0.26010764269224584,0.26085903143301287,0.26664027575948535,0.2558652702091263,0.2518034026300561,0.2607380108335257,0.26457968896750755,0.25832498366597134,0.25381182042998013,0.26308616400205087,,0.25270904281069756,0.2562572743211582,0.2515377565483285,0.2601131691695124,0.2595822485221743,0.26397753552223724,0.2639539441573637,0.2527123106957749,0.25443727478536476,0.2623295999283043,0.2699814531624518,0.2751368740765183,0.2576769304085666,0.30974875490939147,0.2954088073122055,0.2525718801633286,0.2560665506437837,0.265185121628407,0.25858393284149817,0.2601370900460186,0.2514862817203169,0.24763263276565003,0.2573561975529894,0.26301121465512506,0.25528329465062677,0.25926503660425293,0.2592255164634821,0.2644912046526529,0.2696934256517229,0.2636867268683551,0.27543047981421026,0.27802320065809555,0.25219747344113325,0.2600255276509595
199,,,,,,,,,,,,,,,,,,,0.2648351757042058,0.26540440071790405,0.2592277453098252,0.26883042545462027,0.26677646526277476,,0.2722245769014403,0.2683606417719254,0.27317475109068123,0.28037519303489383,0.2699715426604649,0.26848150864512993,0.2676608603544553,,,0.2738319610668646,,0.36594440393036604,,,,,,,0.26481400479769746,0.27848928086779706,,,0.2657430516838726,0.27423185663537447,0.2855999512938868,,,0.2662865642988357,0.2601357955087046,0.2520020761124282,0.25147142353287066,0.25478965767010225,0.26574470609284273,,0.26853212713953983,0.27576612611501516,0.2718176310467953,0.268800888053164,0.2680835146416377,0.26289365985820534,0.2581142149375326,0.32414672975669057,0.3375714687936429,0.32324653223538946,0.3051038119273774,0.33272796822522493,0.3225062735267842,0.30559382948570574,0.29604385015641327,0.2724545265210796,0.28580912758918464,0.2809611816119926,0.2669397805290909,0.2628293490303234,0.25932376953935105,0.2593289105519585,0.2584046098922932,0.26064170438075307,0.2737320884161934,0.28414605669832393,0.28129567348443835,,0.290069881591205,0.27302386617288216,0.2677153483279508,0.2762368314171297,0.28004954184362296,0.2654096423346481,0.2625093894871494,0.26962994707089866,0.27054553644859464,0.27068068705477616,0.27121477452053566,0.25621776037430505,0.2567317476699748,0.2661976218781607,0.27760548722098854,,0.27290311245878884,,,,,,,,,0.2724710117340623,0.2765346422915581,,,,,,,,,,,0.26415315892619756,0.25809498374304557,,,,,,,,,,,,0.2561051820517284,0.26245361177233323,,,0.2590492591912964,0.25898455670879095,0.2553837374829011,0.2574635601403309,0.26021727539470196,0.26404172913449986,0.2941561531309933,0.2823884012196045,0.2528348762871887,0.2539934238438342,,,,,,,0.264011075296082,0.2570769940472301,0.2551738059983192,0.2572247520319769,0.27803874631748415,0.2745899174581974,0.26585139730384816,0.25225316986898705,0.26836173822392784,0.2732464295054138,0.24892547226223508,0.2751642008915055,0.42013095096948605,0.3886399691661232,0.2724386232465913,0.25874163735643957,0.26381891465729984,0.25536506917970275,0.2536999712052604,0.2536043428265142,0.26373811217366744,0.26968921782274596,0.3014875161252969,0.3075655391558557,0.29351198698374675,0.2586986105206975,0.253456675162048,0.25835747807216036,0.25282846425794164,0.24987122497359898,0.25385085381387146,0.25069723223117213,0.3099307274919355,0.40033674413746323,0.40318657016369763,0.2640080632425716,0.2598560035932362,0.2557951793212634,0.25453112408444717,0.25330262931225406,0.2623315640321814,0.25951054798367007,0.16005100888605206,0.0,0.17980310648491865,0.26480584024554493,0.28362562386106654,0.27291076065629216,0.26322382182893866,0.2672350990702518,0.26214329171515793,0.2604264906609176,0.26143565580207095,0.2564098577507669,0.2518599267853605,0.26381780903203816,0.2672834662205794,0.26236618026546193,0.2587183703800806,0.26385863180665536,,0.2567706639346353,0.2624573511344161,0.2565044425462883,0.2642224404440188,0.2597517479573856,0.26287955115534967,0.2633490714729832,0.2510397457963593,0.25030884532270087,0.26136905039247255,0.2689850630251929,0.27603145922701167,0.2558425353781347,0.31191368196440317,0.3027158321327117,0.25310926692656455,0.2577203673508678,0.2673024712806231,0.25853336073893,0.2579626191609998,0.2576620981169424,0.25779941871584316,0.2641217422945739,0.2707351013061705,0.2589909389209251,0.2591572026271187,0.2662323039124477,0.2715403365627963,0.27320762164867113,0.2649785621929541,0.2776334500493883,0.27935695053518966,0.2563979355253242,0.2608304850052941
200,,,,,,,,,,,,,,,,,,,0.266112480896141,0.26790565347038453,0.26445703785627434,0.27757425412298004,0.2752207713246423,,0.2882787233606795,0.2650726083389438,0.26654304001954715,0.2810157702596684,0.275797649524139,0.27333783054670163,0.26673011445224176,,,0.2686677450898601,,0.3932417720275656,,,,,,,0.2731959807352396,0.27329861317507637,,,0.26110064779681535,0.2763546376058416,0.2983433097523866,,,0.2570009153010956,0.25065417096265125,0.2517272621485756,0.25254015218905085,0.26209497286010597,0.2712756966861741,,0.2713034388331495,0.2739568341929588,0.2738209693818834,0.26992319323408315,0.2650957210237428,0.2669911165967573,0.26451343293257373,0.3486003312814439,0.36183360914209545,0.3407916842755539,0.3263138077969012,0.3515657281032747,0.3383050995410664,0.3164226398915189,0.3050646579525608,0.2804279799226058,0.3019244968653474,0.28699179467611424,0.2654537772563419,0.2591871434726807,0.25933468142882293,0.2569089417828666,0.26041341669133333,0.2629389525143936,0.27908536445852744,0.2932972150654201,0.2915921233790276,,0.29985709478300165,0.2790672980545775,0.2692547815187166,0.28448228453829316,0.2848927229273342,0.26321463504543896,0.25783761561300705,0.27567502153649304,0.27383882085361405,0.2641111964011428,0.2652643973732387,0.2551399881581008,0.2576214186146008,0.2618156293580923,0.2681908208617856,,0.26939413961775954,,,,,,,,,0.28159443918723714,0.29149114497419404,,,,,,,,,,,0.25564309648533207,0.25259344873847844,,,,,,,,,,,,0.2564352591346679,0.262242714617169,,,0.25830656360765836,0.25880830480799066,0.25797375254694227,0.2567403652849752,0.2640652355910978,0.27674491405641555,0.31143594710745004,0.29688705176355085,0.25032936845244136,0.2461465872152219,,,,,,,0.25752482790915865,0.25331952912413525,0.2542381767316443,0.2596259819668303,0.2826662825219809,0.27059768558263414,0.25713585045181214,0.25231061170561725,0.2736196964850634,0.2767504375072938,0.2464354780576929,0.28539124108678476,0.4498887254497768,0.4152061250329978,0.2788916000507203,0.2679141182312553,0.2573167274139689,0.25060680827174237,0.2523428964544749,0.25222771415471845,0.2601868065176101,0.280533617712508,0.320098774234519,0.3316847976048702,0.3135288241405732,0.264472580396204,0.25334073547857894,0.2561661899876987,0.24991902004113895,0.24887112476602125,0.24793459633107814,0.24684016095793426,0.3334272364026215,0.43080081950957194,0.43040667583953535,0.27239657762115116,0.25228071081754916,0.24913566484360536,0.25095412531950956,0.25230204895527447,0.2665920825536369,0.2591628541929996,0.24627341652914736,0.17980310648491865,0.0,0.19233636252533798,0.26894828177209296,0.2629269774499031,0.2577980882816911,0.2595952344949617,0.25450020651070443,0.2532151792737882,0.25389080711356676,0.253065327853358,0.24844164403478922,0.25814479603939966,0.25943556481852326,0.26570462545213686,0.26092595867744034,0.25240931839848896,,0.24677783812744028,0.26202620458327325,0.254384226406904,0.25653727318493846,0.252978668580376,0.25497253837623085,0.25546442718566115,0.24916547912459297,0.24697467812460125,0.2542800068149819,0.2615219252458914,0.2654783716936971,0.24960620683408635,0.329633228734953,0.31993605137256514,0.2494196161774973,0.25395136177548455,0.26751506098385813,0.2529919333630142,0.2488445604636357,0.2513440392874382,0.25300716587728994,0.26403073406897287,0.2704225479771918,0.25539591905713854,0.25312657097584135,0.25933678312033287,0.2623606025617764,0.26085879725659145,0.2559090194881636,0.2872448164233451,0.29611029213622486,0.2671732970979917,0.2630398963579261
201,,,,,,,,,,,,,,,,,,,0.2805682911227719,0.28106132624466895,0.2836711381142653,0.2930571555090619,0.29698101067480753,,0.3073449229303181,0.27511201555714215,0.27845248529269684,0.2909902128571377,0.2896998655502071,0.29142790353367143,0.2776306339456821,,,0.2904523154499639,,0.42165501629249924,,,,,,,0.29476026218949225,0.2852822116026235,,,0.27339515915374757,0.28843597987890457,0.3156593534558404,,,0.26741650710294596,0.26638937927055534,0.26590401520454965,0.26942473250902016,0.2826800259515227,0.28834932712490496,,0.2902235652670358,0.2905640104866749,0.2835177572831885,0.279174446143164,0.2773587399626397,0.28588710413515844,0.2814839320679448,0.37526846019917004,0.3886313140472979,0.36640665957157753,0.3536410048672593,0.3806120369509691,0.36431730582883864,0.34221970623722797,0.33339698138038365,0.3026526120985973,0.32257941120457434,0.2973281280765987,0.27334685091813127,0.2747173728509246,0.27902077726673374,0.2798385519668513,0.2821104471713394,0.2828375834099416,0.2964806328547133,0.31247775479913775,0.3117159108460334,,0.32245796714615815,0.300276517051147,0.28364510010046856,0.2998490125516565,0.30230135113437806,0.27002623744578585,0.26620625156835476,0.29781916948765447,0.29435504140513524,0.2741710253650912,0.2691590508698417,0.2580656709356016,0.26574338112430584,0.2653953701982827,0.26428271121375024,,0.2753614794117753,,,,,,,,,0.3047386881776586,0.31646896591077384,,,,,,,,,,,0.26307410784139035,0.2689420875827744,,,,,,,,,,,,0.2690150160725037,0.27357154447577725,,,0.27065851897475207,0.263241011326797,0.2638414096229066,0.2643457886662546,0.2729597773939246,0.29787048527784343,0.34106591968429284,0.3227201730352317,0.2583163151597117,0.2586722036263929,,,,,,,0.26578236478828454,0.2727276467660364,0.2685765940264747,0.26994036173206415,0.3007293702928375,0.2858134983945886,0.26022936217447845,0.269739523367379,0.29863623137418704,0.2971708176736396,0.2594075943010217,0.3119540177332078,0.4820066615887585,0.446436379504169,0.3063021730513351,0.29114843471577656,0.2649147421985508,0.2618202125422571,0.2648256098722828,0.26423974733069605,0.2665172182654425,0.2944908574503485,0.3455952957315455,0.36068775952203114,0.33910109463410215,0.2787098738386765,0.26289691835736895,0.26801528224744875,0.26283004573325025,0.26274465236554057,0.25202617510853814,0.24830228977554367,0.3592858301465767,0.45505710379043496,0.4540135665778947,0.29292573235256003,0.2573415598056061,0.2558676748455748,0.2655721108086775,0.2617019175066826,0.27289165602568305,0.26800050706051626,0.25948313416510665,0.26480584024554493,0.19233636252533798,0.0,0.1853989820443116,0.26202719500002425,0.26020453644095987,0.26298236815730575,0.26072105925264266,0.2614202986535222,0.2639108912571388,0.2635413403457047,0.2631775204187594,0.26740170559589077,0.2667795826865915,0.28030891094486327,0.27561750847346606,0.2568398525906775,,0.2501488338620933,0.27203217154314596,0.26398287119492153,0.26179259411677214,0.26035649257854,0.25569666526764356,0.25559854861274794,0.2579983399028333,0.2563718939741753,0.26005984993787357,0.2651023609227284,0.266408015560899,0.25378017417012827,0.35587282684774235,0.34869410854896726,0.2637937955496402,0.2743876756831056,0.2913741662482189,0.2705542153192515,0.26140971263926965,0.26593839680493253,0.2614277996979794,0.27775217605022406,0.2863881224945794,0.2641119748340657,0.25418125003794567,0.2639481566149046,0.27047854188019005,0.2657767799921269,0.2604709311678317,0.2991718385531966,0.3187065317268874,0.2845545194415175,0.2694567643851718
202,,,,,,,,,,,,,,,,,,,0.30213822493653175,0.301800728978111,0.30305103210973033,0.3131798672696419,0.32141665777300277,,0.33297162948717474,0.28909906701669136,0.2833741943081444,0.3002421979679874,0.3072742077937041,0.30916869346999215,0.291481714212939,,,0.32006774428420876,,0.4594592728560706,,,,,,,0.31537938343970184,0.3017687931503165,,,0.2897677673391559,0.3076527592452012,0.343398634484602,,,0.2780853655239803,0.2793825245110482,0.2790357072314432,0.2848666481481607,0.3088797972428366,0.3210623505146131,,0.3163117088697749,0.31427437515663315,0.30678884193901684,0.29872939121702263,0.298773508838446,0.31587377755897844,0.3054563624735843,0.41392921761025336,0.4262980434875623,0.40100408452769,0.385415051970894,0.41562056961015426,0.40182318180375864,0.37847045074374025,0.36583328637283125,0.33070100417965015,0.35317548806392135,0.3206315052503471,0.2935637595234401,0.2902366837453337,0.29834696982860726,0.30278396759992715,0.3051285203996777,0.3070952955148634,0.32452897229602845,0.3461075769150406,0.3392206669921286,,0.35162929953855404,0.3216838737171082,0.3019676836534638,0.32613698646689365,0.3309634372039956,0.28754870022575457,0.2790642632146036,0.31966207590933493,0.318447326184289,0.2929581080971212,0.2859535833105867,0.2771976660179588,0.2835604216879964,0.27709740882475337,0.2669412354777806,,0.2832799277479159,,,,,,,,,0.33205576070514337,0.3451727601515529,,,,,,,,,,,0.2810954802389235,0.2920214922172364,,,,,,,,,,,,0.2868706656059816,0.29756438992551903,,,0.2873717057565912,0.2831741726728891,0.284845852190956,0.279211344098192,0.2893583902113087,0.3243779430185845,0.372971907823213,0.3510958589761277,0.27623587242496367,0.2687243183811055,,,,,,,0.27670650521351703,0.29477629923571363,0.29178377098236696,0.2915214316058961,0.3310624069754732,0.31739873627016085,0.2825344836210781,0.2866314322594297,0.32421762986942465,0.3237367287449735,0.27954760877039175,0.34401900289577153,0.5183272973811817,0.48098542293291136,0.33925457075050675,0.3213904627221657,0.2716615672923322,0.2712157362737096,0.28033429268052623,0.2878861724584223,0.29267118136430376,0.3272240478409968,0.37805335946941254,0.395728319765531,0.37302884787858237,0.3055708993070915,0.28984455651358737,0.28975540104794256,0.2840136860566663,0.28320298888318524,0.27354063822213853,0.26219533549566304,0.39486721334165065,0.4863265286858656,0.4854243959051739,0.3212611878992076,0.27532978867836944,0.2637302135728449,0.27341467153204135,0.2743771376738933,0.2748451083165025,0.27635568988461284,0.2829633278978138,0.28362562386106654,0.26894828177209296,0.1853989820443116,0.0,0.20593923781273699,0.2665889988594234,0.2645956648860298,0.2663907802371369,0.26937669868959274,0.2694209944049667,0.26965592644171693,0.2729895685048419,0.2839905031466823,0.27379862915721465,0.2927707976012654,0.2945391769150634,0.26670654522361414,,0.2697743196431,0.29398328269246415,0.2823850721018684,0.27575755973900096,0.27253338458891174,0.26293496208612616,0.2670394275570768,0.27233593980227755,0.26743343524918556,0.26697124572810627,0.2698183555483894,0.2724921721417897,0.26649510096180234,0.3903675226575911,0.38241202674320385,0.2787672794059039,0.29043964712239595,0.30312709252424863,0.2846496589447077,0.26798415478209886,0.2807857309623273,0.2843407178871872,0.3058140302603909,0.30886347107200446,0.2750877781929482,0.26456961852724586,0.28138012977688265,0.28368790260238125,0.2724091579658697,0.2708700243699648,0.3225774028999563,0.3481443569739293,0.3036031609328291,0.27693317343093937
203,,,,,,,,,,,,,,,,,,,0.2903005228572993,0.2838118613029542,0.2875582516442372,0.3043034690191936,0.3132096980489828,,0.3204761259675276,0.27454060233010813,0.2658096625694629,0.2889526020154806,0.3033272554046503,0.3071015714975047,0.28246994564015865,,,0.3055254420827725,,0.4431286801298703,,,,,,,0.30472709262736386,0.29444829807254286,,,0.2770216728563425,0.2948463287011181,0.3252885544810457,,,0.27124981144960064,0.2719956867672341,0.27566335503913325,0.27990643729999726,0.2994112314291119,0.3044810874777646,,0.30031445267162155,0.2985283845480204,0.29656568082578,0.2899625905012724,0.28633322390616767,0.30199528280283383,0.29496720810597926,0.39255815311333336,0.405811949059669,0.3865833844254306,0.37482071110324744,0.39868781916270124,0.38149410322771476,0.35983246132877056,0.35066141234625153,0.3185636070751796,0.3433381440729631,0.3159183733485921,0.28347624673853195,0.27671128994445043,0.287952044467456,0.2923171049470907,0.2909577210373381,0.29459898030816023,0.3184834785945009,0.3385469486684408,0.33170075376875136,,0.33601469067915585,0.31108378971372797,0.29110560788722,0.31308350813144353,0.324575612520831,0.27883449150306405,0.2726382631844633,0.3080780439451994,0.30260965723959665,0.2804446815566542,0.2784740034223329,0.2742214944067865,0.27986306238592734,0.27378098638465403,0.26344650553118787,,0.2745959337328061,,,,,,,,,0.3166270593341647,0.33070595964787547,,,,,,,,,,,0.2704891896394686,0.27887565785254287,,,,,,,,,,,,0.28088028559058553,0.29710344073080974,,,0.28462100483026337,0.2800420477007075,0.27718576365606284,0.27390486233368855,0.2769123701989404,0.3090639210456148,0.35454751996095185,0.3331501190994006,0.2713058909054906,0.26297721857328343,,,,,,,0.2699869579171641,0.28016502336635435,0.27551757492488876,0.27652831630217495,0.3221119670113055,0.312896208815084,0.2775557707347544,0.2762554111912833,0.3099068457999652,0.30971729315105034,0.2695949472518699,0.32992981392093784,0.5023395195458633,0.46580929323537773,0.3253770451918636,0.30520348087694216,0.2652991250122565,0.2589163107805489,0.27001487633445465,0.27769924121999306,0.28329562677799447,0.31314599060645415,0.36006625080948934,0.3805517281669395,0.35573945899944287,0.28885948792541205,0.2773486226011114,0.28481923179638563,0.27478155962075423,0.2723078277675265,0.2701488937296007,0.25683565331872804,0.38027881569972044,0.47633427760913777,0.47707768732032746,0.31013071459823066,0.2701403576823848,0.2593903970504697,0.2669636281122797,0.2657562266745605,0.26969652413022266,0.26915216583434265,0.2743198049561966,0.27291076065629216,0.2629269774499031,0.26202719500002425,0.20593923781273699,0.0,0.16960299510765034,0.2605531759048711,0.25124742806622996,0.2546675187841994,0.26082029186862615,0.26019868663044454,0.2567690926012165,0.27142087456754427,0.2628827807250884,0.2899494081994311,0.2889355060467362,0.25925253484811595,,0.2591156614272076,0.2789963234434107,0.27527637732518206,0.2654103304306562,0.2568226702878828,0.2534544242158947,0.25877780977406545,0.2622427886917807,0.25910251595126216,0.2604576495403134,0.2640201945001068,0.2667280120959235,0.2587109441417021,0.3707407804612643,0.3599971414345474,0.2683897478653952,0.2730831621413564,0.2824859326089081,0.2688100239246755,0.2569154863293737,0.27035233539280673,0.27936143528142393,0.2897780179032662,0.29088050761254625,0.26443636217163125,0.25616174756898874,0.2750559954948497,0.26949584246868036,0.2612428059685407,0.2632040265502121,0.3035549069244215,0.32464757021797574,0.2863459592604125,0.26488613440522885
204,,,,,,,,,,,,,,,,,,,0.2813351260528642,0.27942536896956405,0.2826822345805692,0.2961417742789826,0.3029520610461604,,0.30655781887503075,0.26787242585669724,0.26732334750603937,0.28841370074119516,0.29680596909787393,0.2999542588616688,0.28064214206347005,,,0.29829236864236514,,0.42651068743621934,,,,,,,0.2926456772153468,0.2903387114121701,,,0.27294679788379733,0.2910549779929103,0.31595835945119094,,,0.2659612537381198,0.26661157959633575,0.2724609881757317,0.27470902843246986,0.28766064722192936,0.2892080870169932,,0.29465767103029894,0.29135402583496683,0.28904548106535377,0.28389211127060515,0.2832686286946129,0.294426227598796,0.2852553530231316,0.3774869421460006,0.3898962157537147,0.37154079053461697,0.3584671214568983,0.3830980254623993,0.3683912934556085,0.34670851698646993,0.3358109689154981,0.3046332723746971,0.32948529802014614,0.30561536870080586,0.27551583756415504,0.27421656594724214,0.283219037501121,0.2830565340191238,0.2825018602509408,0.28447706226936986,0.30455133354653496,0.3235127035098027,0.31650348001668116,,0.326042568993314,0.3001335400829438,0.283509305063723,0.3028831577293218,0.31392983382425416,0.27606166052799325,0.26885790002412785,0.30210125055541653,0.2953409209089089,0.27248436209740934,0.2705968574451692,0.2650419355744405,0.2721643009465094,0.26670108937370446,0.2663610311125126,,0.273024341107091,,,,,,,,,0.3078003032055666,0.31947257767731735,,,,,,,,,,,0.26735855852004187,0.27322430691830135,,,,,,,,,,,,0.2690530515105065,0.28549947654502894,,,0.27231060954758274,0.27262349360859695,0.27052879181251205,0.26519155336229144,0.26851931182392397,0.29605119986263817,0.3373560368237851,0.31780838601817385,0.26205389485360003,0.25764211454510455,,,,,,,0.2672242722181512,0.27201469844442233,0.2640556839271213,0.267018288281671,0.3103243134149311,0.3010813867405129,0.269419499507429,0.26808062618782785,0.2983192064992985,0.2983241119361006,0.2626695463703884,0.31638697927203807,0.4843787192606038,0.4481301913040118,0.31147357923996616,0.2908795247233646,0.2636275426156775,0.25777273863379363,0.2633203266609608,0.2675661031515669,0.2720622754546784,0.2997609261302909,0.3468290779848621,0.36532065805052516,0.33814068658038593,0.27369073184657483,0.2648639693605722,0.27652642913184244,0.2689177921203239,0.26083254929559435,0.25964483068265143,0.250977907393509,0.3606518214963115,0.4538588618803411,0.45116987922614155,0.2945800269322287,0.26339769616066977,0.25714224204308694,0.2625607872139401,0.26103098697071564,0.26829447292380065,0.2668183786599655,0.2651550303579689,0.26322382182893866,0.2577980882816911,0.26020453644095987,0.2665889988594234,0.16960299510765034,0.0,0.20004943958799637,0.25420990853497544,0.25681925738435285,0.25946356207848487,0.2558341048544511,0.2561782433446024,0.26439665717570016,0.2582855373455931,0.28178177870740395,0.2793241795947014,0.255238763361027,,0.2531902078625202,0.27341380499174145,0.2659022743311754,0.26246475640958966,0.25546886293108734,0.25391974347638097,0.2548125262339934,0.2595954392029215,0.258443314291601,0.2546314078004193,0.2594277057686631,0.2628226545344331,0.2562335787611082,0.35787377938980025,0.34762643020576384,0.26133264780362364,0.2670199671220858,0.28138839655178643,0.2681687923959757,0.2539057563399472,0.2648106782309667,0.27063525827263424,0.2776669817402157,0.2828295762272267,0.2646972514076397,0.2589757831738246,0.2738683257543172,0.27054115346408125,0.26277252104756044,0.2623026098030584,0.2981917280208261,0.3118849775506292,0.2731965676419595,0.26465128527976683
205,,,,,,,,,,,,,,,,,,,0.2802761387231687,0.2817368206681094,0.2851417165324506,0.2968271728205554,0.30519621882692854,,0.30594804348172505,0.27207726249511666,0.26886499116381846,0.28861339623140997,0.2943492002470618,0.2969269970209741,0.2793613731201522,,,0.3002516907167439,,0.4268980911249915,,,,,,,0.29513795918312824,0.2904672184557939,,,0.27349051198482976,0.2932748656081005,0.3222132803873844,,,0.2633980610434559,0.26670640962345277,0.2659340026936189,0.2709932947611647,0.2881603390223983,0.29512070495222387,,0.292431958889236,0.2912239634050608,0.28619192189038983,0.2785880937871509,0.28122032901642047,0.29318135677373564,0.2853305087758434,0.38179363069262817,0.3919702468905554,0.36685102299130967,0.3563187525745166,0.3867731888829121,0.3708905039093281,0.3502731158501372,0.337752286458791,0.30634793794638177,0.32879892480962186,0.3088666808823111,0.27855763975369535,0.2764065188290725,0.2814566841960728,0.2800926470120921,0.2819722201443493,0.2859722774874253,0.30791395492983675,0.32493822009007345,0.31671549774736163,,0.3251023855068083,0.2997446509499171,0.2878552221242509,0.30766278176076606,0.31348075703144784,0.2768213458454378,0.2688572796218687,0.3026042817297829,0.29613673655845946,0.2730687530006484,0.26913070194976285,0.266740134881449,0.28015469936477366,0.27220336316293664,0.2623241992350236,,0.2725556440166719,,,,,,,,,0.3099529094443896,0.3198581476798392,,,,,,,,,,,0.27167976631980645,0.278219112326919,,,,,,,,,,,,0.27067095115260065,0.2872017346386292,,,0.27020752744095694,0.26781758630648966,0.2703463077186735,0.26602804426146803,0.27278042414516823,0.296829335921416,0.33987154239044226,0.3227501210034502,0.2605682803339233,0.25622177386292305,,,,,,,0.2636222592121033,0.27579232605559406,0.2699759548974357,0.26934588211389915,0.31158038041414327,0.3019919401184838,0.2767630056202835,0.2778375525745338,0.3033652867978769,0.3032954869421722,0.26569112730464234,0.3160739703441004,0.4851001996470184,0.4514001597489215,0.31919814680458103,0.29402672003324026,0.26288144145416253,0.2659437105647399,0.26597349938753695,0.26624549982953505,0.2725304792791052,0.297865836640001,0.34590773498901356,0.36596627784469427,0.34219475105171715,0.27825298153619554,0.26585420203824345,0.2748655514850065,0.26897994146163934,0.2635866640998012,0.2631768908734512,0.2551374705785053,0.36102073430726234,0.4523980231205203,0.44806729365826337,0.2979512181789835,0.26292960463452203,0.25923818249760444,0.2643512857972545,0.26447968639220215,0.27259874435837866,0.27032112357595695,0.2673746522242943,0.2672350990702518,0.2595952344949617,0.26298236815730575,0.2645956648860298,0.2605531759048711,0.20004943958799637,0.0,0.19777976165285363,0.26459508854734753,0.26063749546885256,0.255423619014137,0.263213315851653,0.2741278617872252,0.26362169683995235,0.2848923118427986,0.2842640269809582,0.25727417793786145,,0.2596063427424317,0.28302911185242985,0.26645309346504265,0.26748687518079967,0.26479193075675045,0.2569213800024192,0.2560726293089637,0.2645655801167769,0.2655806064308994,0.2595585433665437,0.26216243250716065,0.2632583080695813,0.2553597438696076,0.35635281122776247,0.3460315521727994,0.27031372074890636,0.2749074659214311,0.286493066701003,0.26957194475425755,0.25474949346700765,0.26805452230062327,0.27040952193807927,0.2817952726608658,0.2853659714596543,0.26333181231562913,0.2597468354458223,0.274668408705727,0.27468628774142256,0.26614731852406653,0.2609660611517853,0.3040692279847046,0.3186321010502575,0.28269634318126813,0.2722044978118475
206,,,,,,,,,,,,,,,,,,,0.2736238331092977,0.2744610158699572,0.27708932293895944,0.2917209156531275,0.2973744813600477,,0.2974174589902783,0.2606131562717956,0.2612651792010673,0.282765389793325,0.28300179526644836,0.28484181091819977,0.2749579313101946,,,0.28681442847048483,,0.4103716166148443,,,,,,,0.2870408304261398,0.280813420059633,,,0.26925342192226714,0.2776872812467741,0.3072509365728931,,,0.2602649164256656,0.262799202690428,0.2634808976822498,0.2649453708620068,0.28180073287113777,0.28586845884730416,,0.27964381837929947,0.2812058038826186,0.27180600899429974,0.2673061412501931,0.27277791444036403,0.27949305231019117,0.26953708834482865,0.3623288244529549,0.37331558058007575,0.3509354361029184,0.34131856552597784,0.3696928925169753,0.35174991924221705,0.3343558172608494,0.3232090867941364,0.290898875564327,0.3152619617742469,0.3028021136027046,0.27670976898380706,0.2661998158923037,0.2757353089941706,0.27679798409628414,0.27358814511295954,0.28127425401938244,0.2952293606421219,0.30976921571570876,0.3031570573088442,,0.3060062020119873,0.28665702897520395,0.2828225703447503,0.2977343924490851,0.2993246377507257,0.2655925217887454,0.26420985036190653,0.28946292406573854,0.2883890821888334,0.27332414674453914,0.2652826208822314,0.26443699502414586,0.2754502018499497,0.2692398267249164,0.2613350714381313,,0.2726819233748774,,,,,,,,,0.2999031325142609,0.30786236478535906,,,,,,,,,,,0.26118239408484994,0.26739372516890203,,,,,,,,,,,,0.2720744420235659,0.2830905437748564,,,0.27293440118294715,0.2636700687980159,0.2657547337558201,0.26971957227366006,0.27322261487282135,0.29134027121602657,0.3239677280644649,0.3046345256441048,0.2604411331632836,0.25490726427829175,,,,,,,0.2569399015347371,0.2651753183820089,0.26216352210217003,0.26348270678023017,0.30274406801692294,0.29747114120668977,0.270038643218621,0.26720392971021023,0.2887364185141152,0.2884937238028902,0.2544635678139588,0.3012276931120085,0.46727361229440334,0.43339545346233155,0.3087848870821727,0.2860411091155401,0.25798961916795415,0.2578750366612431,0.2646342598106822,0.2657316999410763,0.27180655966186407,0.28971834466967594,0.3348230902984691,0.35289786544671087,0.32862714912108587,0.27332246585527487,0.2661015823575806,0.2727228799093967,0.2620841818100938,0.26024188089803235,0.263032137675855,0.2580947723154034,0.3535132048142955,0.4494125039970489,0.45093316917904147,0.2903078879165221,0.2612415292024166,0.2569007515546098,0.2625183117676719,0.26007790647695644,0.2727717528955196,0.26454987058691476,0.26010764269224584,0.26214329171515793,0.25450020651070443,0.26072105925264266,0.2663907802371369,0.25124742806622996,0.25420990853497544,0.19777976165285363,0.0,0.16114826925895015,0.26142101583235017,0.25706447718144976,0.2522272761685505,0.2621579990037558,0.2560247179999673,0.2789015513788863,0.27927536804587877,0.25730557660915837,,0.25547091387349447,0.27517363294682495,0.26132122642915173,0.2600253350267397,0.24953903092933333,0.2481275405930962,0.25844871644399103,0.26351692899604784,0.26136244547855886,0.25868330251273775,0.26488685853876187,0.2678204367653376,0.24760258244275327,0.34064695473033124,0.3272668872746617,0.2571295829507833,0.26452000021542754,0.2751092301570806,0.2596578150056026,0.25222435376931135,0.2620164782385362,0.26516639848612533,0.27435572547187587,0.2790030490506473,0.2571503841356356,0.25554488341384185,0.26620214538464154,0.2665829672610129,0.2625017475112014,0.2571579647964325,0.29054896597918173,0.3027137973678167,0.2751057970500772,0.26436945463558054
207,,,,,,,,,,,,,,,,,,,0.27516174437025753,0.27447363278836084,0.2783251914114569,0.29152059716990586,0.2922230865392583,,0.29810877334326463,0.2627901276741221,0.2633233546318316,0.2823355630418859,0.27976941604683464,0.28440539825856226,0.27462808323986176,,,0.2831756411337334,,0.40698810189619483,,,,,,,0.2872364526868852,0.2797785852433135,,,0.2714962042671137,0.2790550575550807,0.30751436367143997,,,0.26855424082425217,0.2679998731096222,0.26773335483171357,0.26514204986491297,0.27779580046916513,0.28108672552343067,,0.2836810535210993,0.2829996787317875,0.2768331658328015,0.27620931019942346,0.27590709048356055,0.2810635651643048,0.2747894068330602,0.3615449423379738,0.37105460753567115,0.3494840765090042,0.34147098036374224,0.3667410821124116,0.3526772131957092,0.33468983840822725,0.3219371105505406,0.29316469569437176,0.3173418462455522,0.3040630928341057,0.2802571062936484,0.2726761564545362,0.2783548746725746,0.27959306123726496,0.27247088204727704,0.27685605068333863,0.29189880931411455,0.30768331443784613,0.2988701352767421,,0.30847574466134564,0.28776439467423187,0.28354073301306615,0.2973382242931036,0.2967695187094658,0.2656578121287718,0.26646483218872047,0.29321909220258696,0.2910115790969147,0.2748369027709479,0.26794590999046386,0.2642295149537992,0.2752605771969565,0.27109533470536734,0.26748903442988314,,0.2744393420556796,,,,,,,,,0.29785493999002005,0.30504014840161187,,,,,,,,,,,0.2623850105455092,0.2700231828181517,,,,,,,,,,,,0.2706711491616745,0.2825080365988806,,,0.27085996308621124,0.2670360528087417,0.2681763949231197,0.2680173472160329,0.27166331151223944,0.2892441379695321,0.3214453699798621,0.3045830929029116,0.26409284772198066,0.26274048799777555,,,,,,,0.25739500113831615,0.26085634477865327,0.2592417126624223,0.2646826437965161,0.3010295797495131,0.29571019739064563,0.2646849010265542,0.2609524197652625,0.28454469133269256,0.2880291661465612,0.2575572462240088,0.29528286124959313,0.46313897260332276,0.4281046686139354,0.30284411368757697,0.2870960576335855,0.2625990448011453,0.2595076755391399,0.2689523294900126,0.2701098357579843,0.271393308418781,0.28786487416516077,0.3381582264718568,0.3537753009900968,0.3279095696221175,0.2745767243932627,0.26763049693753965,0.2761349510985299,0.2648231941034554,0.26246975339425077,0.26114701412539887,0.2606226358489628,0.3525270952482999,0.4471200501624899,0.44721754402002023,0.2856261876179432,0.2625039258409544,0.2558215420470489,0.2597010583142497,0.25957836209929364,0.275384955905127,0.26687215785736546,0.26085903143301287,0.2604264906609176,0.2532151792737882,0.2614202986535222,0.26937669868959274,0.2546675187841994,0.25681925738435285,0.26459508854734753,0.16114826925895015,0.0,0.20718172530993126,0.2622127779074122,0.25357701569749647,0.2613190174481408,0.2587066895109687,0.28109222905940673,0.2790393258882543,0.26096830433043805,,0.25898135157716895,0.27329635782935396,0.2635449766123959,0.2646015105194153,0.25132323698626285,0.2505019632833189,0.2579148098492019,0.2616173327489721,0.26204574626100074,0.26107140893138414,0.26872851162842804,0.2689512544138294,0.25364678581574907,0.3402396837335873,0.3266470255985706,0.2550646058593677,0.2662913222739629,0.27411389497392874,0.26384928764319043,0.2575989048803114,0.2681424701757307,0.2715889511540038,0.27476174540735004,0.27735578021028523,0.25887884247923226,0.2570537835390204,0.2643606897016106,0.26119650366598796,0.26394902971310796,0.26202860022245544,0.29357004824541083,0.30254152796049466,0.27329082421854684,0.26869906585802733
208,,,,,,,,,,,,,,,,,,,0.2824795958565108,0.2802060593127049,0.2811270601632668,0.2974600313821757,0.29703360093297676,,0.3017350192704424,0.2667860046585881,0.26864341528561875,0.2872453365599003,0.2830264156693444,0.2865108683692936,0.2776629247698347,,,0.2901051353445986,,0.41599891378230275,,,,,,,0.2852865837523308,0.28452916795754085,,,0.27381020432436576,0.2844381349480974,0.3114852029555122,,,0.27451884861255677,0.26176240567281606,0.2606767410640476,0.2671384889471409,0.2796944208683975,0.28557197506967463,,0.2874865444094922,0.28728973191728074,0.28220467776761887,0.28076576263973246,0.2825541275213,0.28505527103266587,0.2783974648914844,0.3655967448360281,0.37556315536204166,0.35326391537488344,0.34371782547751756,0.3673439158302149,0.3494533030948539,0.33173429086307293,0.32171327306500386,0.29388940780594086,0.32191084502448614,0.3024643411992722,0.27781934943886855,0.27580685134380717,0.2765274401093588,0.2751795341779268,0.2756942636381489,0.2778218654618039,0.29185893995013956,0.31136688173703686,0.30631974486060787,,0.3191989428742959,0.29529747133030276,0.28588210511420237,0.29792795299459063,0.3000482982345834,0.27084627479179324,0.26640501783067533,0.28645347345522215,0.2854751089826967,0.275272498211713,0.27224038802163697,0.26485268910557425,0.2773310362888623,0.2733529327054161,0.2649873544636395,,0.27352403882369847,,,,,,,,,0.299113793529408,0.30901542221170464,,,,,,,,,,,0.27070254414281425,0.27335748873686533,,,,,,,,,,,,0.2667044524207078,0.2806058710200842,,,0.27021361980928915,0.2735804278695999,0.2728825115261345,0.27022112750778915,0.27181895902835107,0.28705176279047145,0.3256874964017944,0.3109737175208819,0.26169233278767134,0.26379680224617774,,,,,,,0.26090360620137676,0.26638730715852177,0.26765260717080397,0.27088454618505264,0.3025618138809314,0.2911314729181996,0.2676913328536931,0.26812870746191286,0.29035143727227425,0.29163372000700855,0.2594320631674759,0.30083216412460206,0.46394153706451274,0.4279346618531354,0.30281518986421274,0.29053017932243896,0.2654195304247869,0.2603913430132978,0.264716422245618,0.2652461234071353,0.27336979101957964,0.29480324685571213,0.3385324425310077,0.3510099675595891,0.32186476449720525,0.2669883452061382,0.263819064653579,0.2729818383695453,0.2620510098418037,0.2614613496681859,0.2650805524090943,0.2576402629013535,0.35347246017142925,0.4457258966839354,0.44430239695486645,0.2845750782094559,0.2644299497535919,0.2590222488545843,0.2605855542139716,0.25940918783726347,0.2685728305009644,0.2707292899802685,0.26664027575948535,0.26143565580207095,0.25389080711356676,0.2639108912571388,0.2694209944049667,0.26082029186862615,0.25946356207848487,0.26063749546885256,0.26142101583235017,0.20718172530993126,0.0,0.17688908085415148,0.2601525451935075,0.26188590091781955,0.25764088023249,0.2761496448101897,0.2713564326870661,0.2557668545502978,,0.25728043236659026,0.27052862199149275,0.2646529153204614,0.2686421749604166,0.2671767099566014,0.26021741945808285,0.2593808696943759,0.26137332697048127,0.2610391412451856,0.25758095836139305,0.2635778196162685,0.26833069271670673,0.254771863325942,0.33939354980180114,0.3269507626967687,0.26490724446524994,0.27040625781128647,0.27840148251859664,0.26063999395394716,0.25816562029941453,0.2679093779167301,0.26910167537252627,0.27705094363520544,0.28107945314937544,0.2642984598928457,0.25916660268052877,0.27003224767636375,0.2660356181916613,0.2614641555259293,0.26249636877571875,0.2939452919914019,0.30458652064472075,0.2751501617482149,0.27086551624201266
209,,,,,,,,,,,,,,,,,,,0.2747611800400808,0.274415413151529,0.27525616466381536,0.28860965954395057,0.29199012029550697,,0.29183312604761424,0.26058814273990216,0.2673401743292903,0.2838903982404301,0.28059221402138756,0.2791724504452098,0.27542607313013295,,,0.2865799215835211,,0.4028950773435662,,,,,,,0.27544807434038915,0.2770936393233368,,,0.26555890184246284,0.274420619523705,0.30059059362816376,,,0.2657792910797269,0.2563300183076151,0.2555040245928048,0.2593371799240374,0.27072832967034943,0.27955100286065815,,0.2798674837223761,0.28157527101363405,0.2756261395328088,0.27290237012467755,0.27170521551474414,0.2724700629073088,0.2693914258848289,0.3575313603794703,0.36754520943842406,0.3472876627134931,0.33669614267533937,0.35657316821849205,0.3364973972733914,0.3238682591465323,0.31375110237032333,0.2841390425893772,0.3111000867493867,0.2942907758878137,0.2665365648791924,0.26312261453989794,0.2709085269844284,0.26768552420420744,0.2663114097033042,0.2699400201988345,0.28183442023428534,0.2971643425213246,0.2967151039521086,,0.30532926668937344,0.2837868373131498,0.2777070831679,0.28750000006545073,0.29274837130747594,0.26862241009986393,0.2635971953803691,0.28099568692696275,0.28168457408863334,0.2703001127416013,0.2643654768405424,0.26155396846921225,0.2707724692077989,0.26795833039502653,0.2653667678315819,,0.2681885887143157,,,,,,,,,0.2931622943791693,0.3050304740755141,,,,,,,,,,,0.2710481580225789,0.2715161503367618,,,,,,,,,,,,0.26427194056149,0.2739549682882478,,,0.27091771258836034,0.2700662682759251,0.26689514593887004,0.2691542037506849,0.26726197048933237,0.2831183359898915,0.32319959210985355,0.3069469933258321,0.2572265921960438,0.2602401428327818,,,,,,,0.26161121821761557,0.2693235094175906,0.26643924712284134,0.2655203454796414,0.29230081862128104,0.2807279913847045,0.26838940986902154,0.2673336885376195,0.2915384915862257,0.2907202925407394,0.25576566943761064,0.304419572633962,0.4552958084232929,0.4208405381350629,0.30002422367459053,0.28346570932930015,0.2635473851981006,0.26029131789602483,0.259371808137228,0.26102837707779214,0.2711120353252101,0.2882520432266448,0.3266747713767063,0.3410678510650509,0.3146419035180943,0.26410229501363924,0.2623424300975009,0.26667474148637,0.2554263748296753,0.25297833436252987,0.25879244995190437,0.24999350821172392,0.3399295319888761,0.4288530523734312,0.42726444101295985,0.2790348259757323,0.25904587594688033,0.2552509448423174,0.259626090116783,0.25304776698819964,0.26149847339177373,0.26015868316158675,0.2558652702091263,0.2564098577507669,0.253065327853358,0.2635413403457047,0.26965592644171693,0.26019868663044454,0.2558341048544511,0.255423619014137,0.25706447718144976,0.2622127779074122,0.17688908085415148,0.0,0.1815041922327131,0.2599711365990473,0.2544959269445033,0.26564686714188435,0.26288398160456444,0.25339944393728236,,0.25296911249685644,0.2652939762478534,0.26096501270004696,0.2613235406607969,0.25963321454540605,0.2587728853052889,0.25791318489015985,0.2606617426521375,0.25544373687950356,0.25062166778932654,0.26032696838718505,0.26658328282577537,0.2527202611072954,0.3309152731390474,0.31862323160671085,0.25980088310543475,0.26010725973664184,0.26465661403709434,0.25644257269981896,0.2538742310285977,0.25691516571855205,0.2584002331647091,0.26916579586739187,0.2792646514668692,0.2659044899753467,0.2553628440975463,0.26577265907185227,0.26738801409764545,0.26358830171418357,0.25956171064939243,0.28759513143898235,0.3034354327715168,0.2715668718711576,0.2626301605556521
210,,,,,,,,,,,,,,,,,,,0.26777812146843816,0.264620285385741,0.268506091485709,0.28389627831062014,0.28820868374864633,,0.2854850426653496,0.25682408878262786,0.2667937462449591,0.27836718042381814,0.2762660692948155,0.26970472651043,0.2650748307612219,,,0.2765567839248524,,0.38963448640851017,,,,,,,0.27389500649941995,0.27279181160855187,,,0.25629857437461406,0.26444431816964636,0.29353581817879126,,,0.2610972277529552,0.2540680814021146,0.2520318997281608,0.2519882010817626,0.26088931601384124,0.2686659725415883,,0.26975576585976,0.27311807122659093,0.26602203532463664,0.26322955934627407,0.26085122227291146,0.26265822300882374,0.25950846246359377,0.3451806126074502,0.3560920999834534,0.33638310912977,0.3218345540352725,0.3436798381776714,0.327071451448379,0.3129608044905063,0.3020639829480378,0.2798779377347549,0.3022777027266678,0.28718290244544004,0.261424957365503,0.2526458558391653,0.2647055012957967,0.2673821144803498,0.2622147845208597,0.2704969994661887,0.280250053462413,0.28791421153836894,0.28452825682300587,,0.28415404039382636,0.2721393077576864,0.2744246525804492,0.27986402109267317,0.2805716213843547,0.2605398652946174,0.2608625809323041,0.27837130700766277,0.277427074217731,0.2635512376210411,0.2581482270851578,0.2554886795458659,0.2573909781311167,0.2564974649453625,0.26434332693310386,,0.26470524304792026,,,,,,,,,0.27982319259263744,0.29379015998619273,,,,,,,,,,,0.2656361491699928,0.2618890987403589,,,,,,,,,,,,0.264284497294307,0.27331456555081485,,,0.2722006672773787,0.2630415770409752,0.2579544546512142,0.2672393149830784,0.2659910886505061,0.27857739979266954,0.3102826561298034,0.2947315347619472,0.2538857956543296,0.25621616335552044,,,,,,,0.26226255289439815,0.26266607050627877,0.2591692586837255,0.2628141379142472,0.289017529848487,0.28067840734351784,0.26408231603176463,0.25741154319179954,0.27364354342640945,0.2747445068769287,0.25328489139467986,0.2903515802781976,0.4417918355178012,0.4089874180418988,0.28740964564011684,0.2723047659874248,0.25976045676610454,0.2551018419016292,0.2605681982729485,0.26025052202123133,0.26560468090570155,0.2749512802800623,0.31507619042199475,0.3349924577167717,0.3132456943425925,0.266271143866588,0.26316387412349396,0.2658241503742209,0.262041137149942,0.2612137012504097,0.25317677029565067,0.24624521840588037,0.33483717201242386,0.4284208553736596,0.4323371034654628,0.2832553112554759,0.259428599280088,0.2552641105945943,0.26321706493538854,0.2511386952818352,0.262198319983759,0.25660894266752715,0.2518034026300561,0.2518599267853605,0.24844164403478922,0.2631775204187594,0.2729895685048419,0.2567690926012165,0.2561782433446024,0.263213315851653,0.2522272761685505,0.25357701569749647,0.2601525451935075,0.1815041922327131,0.0,0.1845951360873936,0.25449781620042633,0.25957087805266166,0.2604403759843736,0.25567022486268276,,0.250330709255381,0.2581620937718904,0.2529678077961176,0.25139671783677325,0.24948821477158403,0.2599191269539001,0.2576280988627434,0.25523103720963247,0.2516743169284294,0.25269974900020004,0.26406504131457365,0.27062542998368555,0.25085527898834215,0.32601295623074555,0.31431093109255,0.2523748689301882,0.2560033494624155,0.25718542101842384,0.25101316383960853,0.25244192257955567,0.2478356597664361,0.25304068721146433,0.26637591384092835,0.2742647389101832,0.2557073099874775,0.25395544257136293,0.25787474602547245,0.2573994893308714,0.2593405828703568,0.25623366476120224,0.2758274389853568,0.29143304171788903,0.2654943389910876,0.2600389119853139
211,,,,,,,,,,,,,,,,,,,0.2663498307188551,0.2558174166208405,0.26100218096298494,0.28467648375327276,0.28579913260254547,,0.28679819506815185,0.26453305684973333,0.27465807097514594,0.28070280890895966,0.2743415431461873,0.2721351598843939,0.2654213138246814,,,0.27179010372242846,,0.38040366484654714,,,,,,,0.268605223964211,0.2703438544959668,,,0.2587866856352824,0.2690234622768281,0.2873464289930227,,,0.263963530417301,0.2585431130160909,0.2619503892023071,0.25902602455890955,0.2625480806295743,0.2671418600958999,,0.26296897182394896,0.2626945348638257,0.25932809851816657,0.26479115877028314,0.2686805491478736,0.27451705214129035,0.2644086968247687,0.3407310303300467,0.3462556815521403,0.3234104960604766,0.31337990749882216,0.33326570259452853,0.3223159949055241,0.3053373076134391,0.29413278582495167,0.2775135377345556,0.29911341982157913,0.28645336920171705,0.2688025629904963,0.2554447768188945,0.26082448079354936,0.2678750902470581,0.2674053033536475,0.2709775344794715,0.2825818580369957,0.29296742170329826,0.28490779033953634,,0.28712735308903975,0.27828375337879996,0.27665303395150304,0.28099899060518485,0.28071519600511147,0.2617130350529582,0.2609985113447095,0.27400498087538366,0.27428746979818847,0.2697189063856931,0.2695637666550517,0.26300752714333675,0.2651968368761944,0.26970424065261545,0.27518192465644903,,0.2703017367128256,,,,,,,,,0.2763420768235784,0.28865148089764153,,,,,,,,,,,0.2638647084685854,0.25878621748073566,,,,,,,,,,,,0.2633548085364043,0.26739396551916217,,,0.2754288143782657,0.2647297490164351,0.259346173525899,0.27310090375608265,0.27166167436600414,0.2729649700896701,0.2976837760925693,0.28381578778854616,0.2573529194551534,0.26606492329788806,,,,,,,0.26671306460428046,0.2605940610203971,0.26144258237910967,0.2606208895044101,0.28483355993815457,0.28478991897171096,0.2643671118526323,0.26513847231871657,0.26865712694666455,0.2669049323665512,0.25546251150010424,0.2777382097576722,0.4261164022219046,0.3959574586719341,0.27857599608514816,0.27175860293284765,0.2648972284569015,0.2591056349715052,0.2695843233668115,0.26629733089781227,0.2711330166933671,0.27306824489663434,0.3091353633748844,0.32162152247363496,0.3028954186739599,0.269137933201203,0.2623638035912149,0.26498365708407395,0.26693050861345,0.268097275547451,0.25795915299329053,0.2578302763938311,0.3308978751099716,0.4224288572066754,0.4261607405185414,0.2823986900096932,0.2630374076412358,0.2678210369502478,0.2767551412587845,0.2605738262243305,0.27550192545029206,0.2687093339434813,0.2607380108335257,0.26381780903203816,0.25814479603939966,0.26740170559589077,0.2839905031466823,0.27142087456754427,0.26439665717570016,0.2741278617872252,0.2621579990037558,0.2613190174481408,0.26188590091781955,0.2599711365990473,0.1845951360873936,0.0,0.18350730564134837,0.2700054768630097,0.26746110227185443,0.2682515196431117,,0.2532805249445371,0.2569848259194914,0.2545559477926347,0.25803205199172885,0.25755839303978667,0.2666879651861257,0.2638918031971755,0.2593237001231181,0.26074813342550596,0.26449171974652713,0.2722026938797534,0.27891085903296753,0.25588424898640394,0.3220019890561352,0.30906912605229425,0.2530613539781259,0.26024151727541306,0.26760324019297344,0.2590715002927183,0.26054030851908333,0.2585293300731871,0.2582994484412868,0.2742218425318037,0.27951651636933617,0.258375467783138,0.25848688101113465,0.2622022440238618,0.2650895707244889,0.27036445430696143,0.26339862485794796,0.2737543103875558,0.27742037604572356,0.26609192269380033,0.26998207718244055
212,,,,,,,,,,,,,,,,,,,0.26891312901038583,0.26680030311470493,0.26899352652826,0.28890476883890737,0.29319042891649716,,0.2892292530395793,0.2641039514312238,0.26730656563822136,0.27390621573464774,0.2784801232590327,0.2804675846024249,0.2658478258356922,,,0.2840897787374688,,0.3999556998622147,,,,,,,0.2790379814118253,0.27273851899301277,,,0.25975340136715624,0.2772790280304949,0.29913716411890373,,,0.2609130127408487,0.25618092808317067,0.2609445014388224,0.26622663693449505,0.27554767346182435,0.2799778601166282,,0.2700678691543275,0.26955331854042425,0.26724912198294065,0.268861548760408,0.27472436562299013,0.286097273636853,0.2739824480801258,0.360249349284413,0.36680268747950157,0.3417692184103892,0.33327113108535833,0.359315219196347,0.3441008721470168,0.3270162650337477,0.318198841897716,0.2910194834164613,0.30804583146684195,0.2864808958682982,0.2725857039896467,0.26612945521715703,0.2697222311085478,0.27071246676652805,0.2768808544144895,0.2775395092852557,0.28867340087968324,0.3062800847817403,0.2993215987628888,,0.30940224887992274,0.2892282090622896,0.28034419370132546,0.2913474049687133,0.29766517746922116,0.2707731702980767,0.2621065940594278,0.28292722295406836,0.27912604590275464,0.27323219094229084,0.2726882206734473,0.26592053421707007,0.27291112405143214,0.2726586448220965,0.270615998701347,,0.27074567126556714,,,,,,,,,0.29346735014922176,0.2992919893511154,,,,,,,,,,,0.26176811266651345,0.26504965452018325,,,,,,,,,,,,0.26815855752899465,0.2706490209263833,,,0.2722461816185954,0.26929566775129776,0.26748481330187746,0.2718631323113598,0.2704547689725758,0.277506197886694,0.3141391007760985,0.298753366574073,0.25968056614593554,0.25876856808757787,,,,,,,0.25926972985086366,0.26055326327327755,0.26307888924842265,0.26346199899787104,0.29064816094611573,0.28688876907984795,0.266692718754754,0.2664723846500641,0.28728036184889194,0.28692392456991805,0.25955885163160347,0.2993667482455522,0.4535979228578935,0.4201861853972304,0.296648515388892,0.2826489829542804,0.2611800627380009,0.25635657527045225,0.26820672190672545,0.27237618799878,0.27658678634951867,0.2907837470753839,0.3284201755889826,0.3452715888581537,0.3267050745233973,0.2761852881773207,0.26208830282823603,0.265395765612839,0.26739231707552474,0.2643024299894803,0.25863582125655676,0.2580594147944967,0.34542877089849483,0.4368944552947037,0.43830246130757916,0.283363696403448,0.25734344194102016,0.25828710921185916,0.268097442196016,0.26507791838164013,0.27612695185177405,0.26774200256759284,0.26457968896750755,0.2672834662205794,0.25943556481852326,0.2667795826865915,0.27379862915721465,0.2628827807250884,0.2582855373455931,0.26362169683995235,0.2560247179999673,0.2587066895109687,0.25764088023249,0.2544959269445033,0.25449781620042633,0.18350730564134837,0.0,0.2325406819334339,0.27314502157115556,0.2581600900431685,,0.25171074064545684,0.2629658275969475,0.25910161397368375,0.26002252630477607,0.25505975105934503,0.2582012587876319,0.2603365173923357,0.2571800044544663,0.25371915211147095,0.25355333970016575,0.2608006822487445,0.2675833238922569,0.254674892820682,0.33789376583187763,0.3212689232095994,0.25414425085649794,0.2590171180245728,0.269748479439173,0.2625435809840698,0.25362196953686306,0.25717407364549283,0.2585026443080156,0.27374320470419045,0.2808384611268605,0.2630690669746207,0.25582244157543016,0.26266687343453726,0.2643612346578119,0.26407933669610956,0.2603389109924826,0.2861740450579046,0.2962431850316732,0.2728418952647339,0.2701694509383704
213,,,,,,,,,,,,,,,,,,,0.2723037235061998,0.27400779839947936,0.2707312540864882,0.2788534340839957,0.2764946720097899,,0.2654839959908478,0.26604500355966587,0.28151178026642537,0.2869929039379078,0.2740585985427274,0.27669604432311273,0.28409720569209396,,,0.2767405775955613,,0.3586873067483774,,,,,,,0.2825854637701264,0.2854005483554007,,,0.2733344283678564,0.2774076740814622,0.2873402268624989,,,0.279169312551082,0.2645774934278416,0.26337333735387547,0.27456371715531686,0.2762281505549139,0.27473989848734104,,0.2661661584166069,0.280158279184406,0.27250588682288845,0.2691769676514772,0.2721939977743599,0.26734577923145475,0.26423930320181643,0.3264595760260285,0.33057646675859786,0.3143172501812167,0.2993068393963778,0.324203637412678,0.30944186181277006,0.3065750792313232,0.30132591988668916,0.27554789178307193,0.2835499571095635,0.271329071910502,0.2691040589195512,0.2652516951885602,0.261269027119199,0.26446306784327595,0.2645752193851543,0.2652071647826968,0.27103405075847475,0.2826343481001316,0.2800128469765829,,0.2867109850588924,0.2739413395277839,0.27346226378897226,0.267868675565176,0.27410462231642263,0.2698502149448162,0.26236935770021363,0.27671657557113455,0.2763772341159724,0.2723868913492773,0.2707694119913389,0.2673292662152963,0.2735467100667876,0.27900310560541935,0.295542407085356,,0.27774039373815534,,,,,,,,,0.28583965624705787,0.28414265051257115,,,,,,,,,,,0.28064998160793664,0.274311393319128,,,,,,,,,,,,0.26424621524490277,0.25928442690854375,,,0.2680043063311698,0.27401016499776176,0.26947956446883004,0.2674202362304593,0.27797271837064635,0.27261465641670773,0.2948618352742805,0.2866252944571499,0.27097111190471834,0.27560939333000933,,,,,,,0.27870094929909833,0.27651850862491995,0.26817615784622356,0.26369159491083255,0.2643117933826496,0.2688545860981675,0.27510958350926207,0.2599498060584977,0.2740629481902041,0.27465130545689026,0.2589031614008145,0.28195488032177385,0.3970794305660458,0.3679660480384196,0.28157378349891,0.2767137061632665,0.28254953799595883,0.2681980097209361,0.26744039566964656,0.26767549174486993,0.27742465270026784,0.285412731707408,0.3021269045446232,0.3088548238605589,0.2940176370339623,0.26413509322729156,0.27101847429069964,0.2674805959790312,0.2660641532168806,0.26740130519777017,0.26330963871862995,0.26223437572022495,0.2964386872952235,0.37308788487982697,0.3753391110223675,0.26201960922780765,0.2607947168324469,0.25863901339010137,0.264799335666135,0.26173816897043223,0.2610794356600094,0.2552773030611147,0.25832498366597134,0.26236618026546193,0.26570462545213686,0.28030891094486327,0.2927707976012654,0.2899494081994311,0.28178177870740395,0.2848923118427986,0.2789015513788863,0.28109222905940673,0.2761496448101897,0.26564686714188435,0.25957087805266166,0.2700054768630097,0.2325406819334339,0.0,0.14210279381328128,0.27256831266523857,,0.2623404349520627,0.2680767160570845,0.2687331689780045,0.2793208202162214,0.2786655246613708,0.2805275169063078,0.2875491537070815,0.26742380720811504,0.25990751311748206,0.26934349726987555,0.28535510324612645,0.2927631476215077,0.2749797879706903,0.3086297772544614,0.3005972357070558,0.2613942657048549,0.26453409069450373,0.28139978031475205,0.27697057973919437,0.26897056851123735,0.2597743121106361,0.2585798949748833,0.2634549952741988,0.27553313060773704,0.2740537410368338,0.2758336749848351,0.27424465405055415,0.2744513112747613,0.2769384447307,0.27291482308028253,0.2941538339336529,0.2834213450934452,0.2476316589947431,0.2668090988819519
214,,,,,,,,,,,,,,,,,,,0.26998885731224503,0.26908712650035005,0.26509207623589814,0.27788869699101115,0.2747618484770499,,0.26470860821829945,0.2651057131140812,0.2788434952613811,0.2853234350974354,0.27133218349774113,0.27860161548574197,0.285535026114126,,,0.27151143832308366,,0.3547191308874238,,,,,,,0.2798765872107483,0.27958894279401003,,,0.26942028768487924,0.27478446205206625,0.28446478754054433,,,0.27936483725875244,0.2653510172290821,0.2644621691260684,0.2734939228639514,0.27519741160701827,0.27324123229260683,,0.2673597744479888,0.2771560758310306,0.27261520894337843,0.27071409089405796,0.26976613356630946,0.26410714377752514,0.26616626835208934,0.3248929547507984,0.32571834762613183,0.30886808520727943,0.29664955678783694,0.31984282004200615,0.30732002959303323,0.30276817365165665,0.2955762152557877,0.27104011769564695,0.28420170650139226,0.2767352624969811,0.267046247158008,0.26236804606780756,0.2628190243861586,0.2651470917444484,0.26386209071121247,0.2608762966679174,0.2672053590222028,0.2803054413666133,0.2791461906464075,,0.28834467752731385,0.27868166742904865,0.27583887380782485,0.2696549425060455,0.2707425695335239,0.26737770875258543,0.2658760812104406,0.27674027261164924,0.27842155102722393,0.2739438046784086,0.2719534024640773,0.2656968938418376,0.2748083160166112,0.2828325656210339,0.29259330415641915,,0.2750764796953634,,,,,,,,,0.2802363130851187,0.2820311527043789,,,,,,,,,,,0.27650374874150546,0.2686620833221476,,,,,,,,,,,,0.2624199517748453,0.2589534502648647,,,0.2622479518684282,0.26868753778097587,0.2660955131179423,0.2652223470488353,0.2722720373069186,0.27076615173309937,0.28813170411598393,0.2784491954795499,0.2642985701381534,0.2740373398827023,,,,,,,0.27828471879278954,0.2736701270525692,0.2642547858604316,0.25930073271172766,0.25531397376802667,0.26018680438919617,0.27175461900745074,0.2600781706252008,0.27219225316746015,0.27154013077232936,0.2581415461701778,0.2728510473174587,0.3912991949942533,0.3615534525158001,0.2713093878261316,0.2685024044167989,0.2777226496102636,0.2660103299066755,0.2637647168822818,0.26201132214897677,0.27642575324307567,0.2803159278475276,0.30095476978899066,0.3040413753091493,0.28428598443282654,0.25875822125735864,0.2731874349596098,0.2735807610042852,0.2650390028143151,0.2603994160305834,0.2576604189390837,0.26003833868050646,0.2927777389179651,0.3682932693721541,0.36896017263043385,0.25447642426145095,0.25697408867895605,0.25444416766086586,0.261849484076946,0.25735983471895435,0.2550379128670327,0.2507771611109988,0.25381182042998013,0.2587183703800806,0.26092595867744034,0.27561750847346606,0.2945391769150634,0.2889355060467362,0.2793241795947014,0.2842640269809582,0.27927536804587877,0.2790393258882543,0.2713564326870661,0.26288398160456444,0.2604403759843736,0.26746110227185443,0.27314502157115556,0.14210279381328128,0.0,0.21965834582627822,,0.26091062373203994,0.2675681143554613,0.267516755994267,0.2763875204893749,0.27333819880647764,0.2779382949529962,0.2810911050569073,0.261750933669156,0.25561923991468466,0.26695665827167037,0.2831416373022733,0.2884218634539877,0.27175331067959235,0.3005169546781478,0.29480805888870976,0.2611502266242178,0.26312513432172535,0.2803765960558942,0.2752885258809602,0.26943066613937167,0.26191669182452637,0.25907610506720435,0.2607177588100424,0.2729314407106617,0.2730504502903125,0.2716937470328772,0.27541371551531907,0.2728248144753184,0.2733985627719065,0.2713707518465235,0.2888866947538899,0.2779163620677275,0.24351544352344293,0.2683516975507165
215,,,,,,,,,,,,,,,,,,,0.27894270944467575,0.277333085400036,0.2731352787528223,0.288008845431646,0.29571614983627315,,0.295331910048896,0.2683872055717474,0.26603404248752854,0.27825314187266675,0.28125081313063366,0.2888267689620567,0.27740931716738293,,,0.2895192916787139,,0.4177713439607148,,,,,,,0.2881211552987302,0.2832537259516368,,,0.2664279080400504,0.2820763666247095,0.30791965965640367,,,0.2666396746996439,0.26199461507716976,0.26300701641357366,0.2705512908713177,0.2863978360959572,0.2886189408766947,,0.2864787269855384,0.2861830787703284,0.28223662951861983,0.2765825463283556,0.27492029343063357,0.28273092000628997,0.2769441871148347,0.3740777114327848,0.38134023837561604,0.3559108855569695,0.3443091676290716,0.37458758250531626,0.3571193775379839,0.3377777225735828,0.32522809562181304,0.2972209125058526,0.32357389202860637,0.29921321769866693,0.27174458296816745,0.27202427904465876,0.279369150324133,0.2763168763993901,0.2775854091009609,0.2775446931499322,0.28879735331076134,0.30859209059596987,0.3083000334215538,,0.3190735312835548,0.2985194977055163,0.2835375614301931,0.2983266569580262,0.3053008202631767,0.2733490108669426,0.27137931215102745,0.2988424088101296,0.29009307317245797,0.27064934283085956,0.26566385895166855,0.2606923858141211,0.2726877400669475,0.271240289993751,0.2664135304574027,,0.26828984514725546,,,,,,,,,0.2986744715724003,0.3085179011965055,,,,,,,,,,,0.2660280446289111,0.2689148984491299,,,,,,,,,,,,0.26976858106267665,0.2765285576802014,,,0.2711768115422533,0.27101738127030717,0.26876286490448126,0.2623128458091954,0.2709717220426483,0.29110153415769024,0.33006647694280006,0.3115273796198875,0.26126107426974143,0.26299916493082837,,,,,,,0.2656424395643807,0.27331224593678227,0.2684825483642068,0.26518553476590156,0.2934786785278405,0.286798079610727,0.2669848884034933,0.2685302938537006,0.2980570983355125,0.2962719043842378,0.26102430192191506,0.3050761583093182,0.47208342550399146,0.4354720130223858,0.30155950201538717,0.2868356266197606,0.26049138283948375,0.2584899503089024,0.25953594432845745,0.2612008408393135,0.2724112645581107,0.2985003950533308,0.34435988646778565,0.35969756079051385,0.32972858524264925,0.2688612541343987,0.2710514810415089,0.2808251284798204,0.2673330323822626,0.2573052775363172,0.2581834084273832,0.2514615518651766,0.35631257622179463,0.4481747182102799,0.4484709382899774,0.28839148450060237,0.26092385395782386,0.2524671712713205,0.2594376388899711,0.25627067874100606,0.25954852017477953,0.2615930366076394,0.26308616400205087,0.26385863180665536,0.25240931839848896,0.2568398525906775,0.26670654522361414,0.25925253484811595,0.255238763361027,0.25727417793786145,0.25730557660915837,0.26096830433043805,0.2557668545502978,0.25339944393728236,0.25567022486268276,0.2682515196431117,0.2581600900431685,0.27256831266523857,0.21965834582627822,0.0,,0.257863232379557,0.2743459749705243,0.2638687822152381,0.2625411012170752,0.256055522304357,0.25811206120757346,0.2562041498572162,0.2540084314384657,0.2510117611711376,0.24912883981672573,0.260803830918904,0.26035219993185676,0.25090031268626845,0.34620036156500206,0.33666395847465913,0.266146189248918,0.26691280471430945,0.2769444919314737,0.26272080879440546,0.2527698940006491,0.2580381803674456,0.2603570180285571,0.27581621776586324,0.2827486043561478,0.2673809912883365,0.25582824830081735,0.270894459422678,0.26389747578987743,0.25900061156138604,0.2594155925175141,0.28905032423349386,0.30567576088774456,0.2755556887618837,0.26603382314971996
216,,,,,,,,,,,,,,,,,,,,,,,,,,,,,,,,,,,,,,,,,,,,,,,,,,,,,,,,,,,,,,,,,,,,,,,,,,,,,,,,,,,,,,,,,,,,,,,,,,,,,,,,,,,,,,,,,,,,,,,,,,,,,,,,,,,,,,,,,,,,,,,,,,,,,,,,,,,,,,,,,,,,,,,,,,,,,,,,,,,,,,,,,,,,,,,,,,,,,,,,,,,,,,,,,,,,,,,,,,,,,,,,,,,,,,,,,,,,,,,,,,,,,,,,,,,
217,,,,,,,,,,,,,,,,,,,0.2625991357615443,0.2670651841272605,0.26737035999489545,0.2773159552221495,0.28283347252779195,,0.27627328234900767,0.25668713317670966,0.26437470290271586,0.2803102972350348,0.27413625606363023,0.2721795498231024,0.2640091446214334,,,0.26965949302186415,,0.38699110062511155,,,,,,,0.2721457796584827,0.264950263428842,,,0.2560387393520843,0.26757891894812513,0.291431517006815,,,0.2606346166044638,0.248688345801501,0.2486295085596401,0.2524127961563281,0.2593511989719071,0.26598897787632053,,0.2668602025337865,0.2674087512959545,0.26680127182078855,0.26300438768122975,0.2652606802258163,0.27134607183586784,0.266280781512478,0.34248982585840726,0.35133476100021604,0.3322799742089708,0.32308639251518984,0.34690193693072946,0.3314056742666861,0.3098862009166644,0.29945544308038646,0.27686356050388716,0.29754367484881283,0.28101041496011975,0.2611771836451115,0.25673313191503105,0.2617093497941564,0.2606481739006293,0.263423317296683,0.26323839266492133,0.27469618882905633,0.28913708392157267,0.2878848466261937,,0.29684334682862934,0.2784232280941062,0.27015792542763856,0.27725160792217785,0.2793107179071053,0.2564210539022038,0.2574120496452338,0.27521135616460807,0.27030787967036846,0.2602981180798915,0.25941837013057845,0.2531196543627825,0.26256220469592917,0.26464282575937165,0.26673170050435824,,0.2620336528609536,,,,,,,,,0.2843051419279693,0.29443854360927263,,,,,,,,,,,0.2563015313291338,0.2580550295069448,,,,,,,,,,,,0.2561057683944023,0.2556301162109815,,,0.26027042101908665,0.25321953548711795,0.2524010177701456,0.25754311592628426,0.25956826887178913,0.2697742832012596,0.3064854624519897,0.29351293864663935,0.2528158141348429,0.25528640432760175,,,,,,,0.25784404813449924,0.2555547552914324,0.2537078362891284,0.24888414197854208,0.27205913745894467,0.26524082783518,0.25738067175807827,0.2550305869309452,0.2763086484622613,0.2765468645983442,0.2431376842439243,0.28294774786958876,0.43924477208659907,0.40581844971094844,0.28296103998705974,0.2714968309483499,0.26066198785334765,0.25824495815836684,0.2624337913238264,0.2529535430654522,0.2506328361311123,0.2739414214659963,0.31896972076644486,0.32873831916128105,0.30524638949447513,0.2576869399959395,0.25175095133414965,0.25938198489558534,0.2569302745011048,0.2531553911417961,0.24386480229969118,0.24775279524823476,0.32906078822410467,0.4209164856999645,0.4211319635532374,0.27135991334769033,0.250189902507819,0.25352838679868656,0.26080165706419356,0.25395461193299196,0.2643924163070251,0.2562855247180138,0.25270904281069756,0.2567706639346353,0.24677783812744028,0.2501488338620933,0.2697743196431,0.2591156614272076,0.2531902078625202,0.2596063427424317,0.25547091387349447,0.25898135157716895,0.25728043236659026,0.25296911249685644,0.250330709255381,0.2532805249445371,0.25171074064545684,0.2623404349520627,0.26091062373203994,0.257863232379557,,0.0,0.19075300018758265,0.24544972724343472,0.25353252224056244,0.25351840240470114,0.2526336758065589,0.2586094258942748,0.2550886240784581,0.2516971499076719,0.25139101409249676,0.25855437567768913,0.26355105311785904,0.24801587972999664,0.3215922277083888,0.3118501659885463,0.24551685574635831,0.2561725655573396,0.2713885873340842,0.2556529302244732,0.24865837498451146,0.2529900632969901,0.2526967987577019,0.256650643907442,0.2661273786818873,0.25450363212812616,0.24939082397795487,0.2568079136739871,0.25894996359982747,0.25954411974942826,0.25607222011185604,0.28027490717549824,0.28544936865835535,0.25621868851285273,0.2605962876400268
218,,,,,,,,,,,,,,,,,,,0.25862465208671886,0.26323766819596506,0.2666859690064391,0.27382825542904216,0.2723002359527637,,0.2689532068881827,0.263404678770042,0.2756714189996951,0.2838429228652906,0.27091759298435747,0.2646917626909858,0.26682650754585135,,,0.2573913981853146,,0.3447874069138349,,,,,,,0.25618251789539453,0.25668102850665425,,,0.26029958477380677,0.2518281988318747,0.2630356689694087,,,0.2736808741428247,0.25940258565135316,0.2571651482007642,0.25814434187252505,0.2486704181430059,0.2548908367522296,,0.25881678301849725,0.25262366266229813,0.2549229997511821,0.2579570500750558,0.2586555531410198,0.25761276948095363,0.25632945635274257,0.314726666200569,0.31858291465052485,0.30090420082704145,0.2922310668751382,0.30593048170021003,0.296651827277234,0.2919335898561687,0.28441827577204964,0.2659856632379626,0.2796987648061675,0.278364775985147,0.2696655501232416,0.25950485451567223,0.25634529845769466,0.2577715154711774,0.2513841015411617,0.2526688146707539,0.2552343637671894,0.2641875843022833,0.27415772803515015,,0.271065333023182,0.2635853646231854,0.2706272920197952,0.26853579212746803,0.2604885282919258,0.2553182449024188,0.2639170365826081,0.26152550970141597,0.2523317820143346,0.2566971978739529,0.2626256450280178,0.2567345885013534,0.2633081534252104,0.26766312027319933,0.2837274364518424,,0.2612668113476682,,,,,,,,,0.2657828445952389,0.27148278502236856,,,,,,,,,,,0.25700959026138614,0.25291777291532785,,,,,,,,,,,,0.2599187737833213,0.25199365452232947,,,0.2719400973932652,0.26195685230996796,0.2571526537638996,0.2726153704343622,0.26449954873530135,0.2589907579680696,0.2828461555858124,0.27128853209125126,0.26083638543220156,0.2674874187976166,,,,,,,0.2723915650601583,0.2656918951355833,0.26062164723317904,0.24644942123077243,0.25905030625585146,0.2679153366540811,0.275914911904047,0.26219542434617904,0.2650794024467385,0.26446203972826043,0.2568538912768804,0.2661893158872794,0.38783429292098853,0.3575410386388845,0.26126526286557245,0.259171725349643,0.27286143151831993,0.2671245125186888,0.27418056437508537,0.258829909886948,0.25643813979309454,0.25588010119943616,0.29384991907350844,0.30001704401247187,0.27785178411857026,0.25809203643401857,0.2586865726513601,0.2697074911212706,0.26912582430661386,0.26290944455057624,0.25360323364338794,0.2599489253783299,0.30944726154731594,0.39350300515130987,0.396081080879547,0.26464534119245325,0.2635286696610252,0.2731355195487199,0.27989566007423006,0.2654066739111814,0.28052171678472126,0.2659146745370052,0.2562572743211582,0.2624573511344161,0.26202620458327325,0.27203217154314596,0.29398328269246415,0.2789963234434107,0.27341380499174145,0.28302911185242985,0.27517363294682495,0.27329635782935396,0.27052862199149275,0.2652939762478534,0.2581620937718904,0.2569848259194914,0.2629658275969475,0.2680767160570845,0.2675681143554613,0.2743459749705243,,0.19075300018758265,0.0,0.180579210348827,0.2641521268871195,0.26319569025894846,0.26552301533186856,0.2745164084410331,0.262470903470171,0.2616472877533141,0.26624575778412896,0.2740620774552594,0.28535605792624663,0.263638267553415,0.2870584838022988,0.2802993486674922,0.25571728056355864,0.25392272991948583,0.26615692421526077,0.2614940077107785,0.25999103687351494,0.2530590355623467,0.25978768993434787,0.262280658255255,0.2616764170524561,0.2624704372618414,0.2644212921822273,0.2637113455894057,0.2653851304268274,0.27503973366968826,0.266287136116537,0.2655514105545107,0.25618656064381096,0.24726957865748794,0.2713507558459483
219,,,,,,,,,,,,,,,,,,,0.2567161239303786,0.26068898633978643,0.2616690237413542,0.2732117061133778,0.2702441003849659,,0.27313695026418855,0.2581303306582052,0.26929149640531275,0.27622313799442166,0.2656231019614338,0.264559429381502,0.26690544461845117,,,0.25656457847109543,,0.35491673651763517,,,,,,,0.264806431015426,0.2573537124893749,,,0.2554810927342909,0.25398922458105366,0.2709659668010701,,,0.26425863834206764,0.2583485932859429,0.25507411145094616,0.2547191712110186,0.2528911671763595,0.2598074121970206,,0.26817844952863684,0.2595471903188663,0.25654404781099704,0.25823220601835467,0.259122107664204,0.25900793385742477,0.2557500422249484,0.3241247071925984,0.32619817720457805,0.30790998306716133,0.3027827908985037,0.32381202184010116,0.31356205622474476,0.30231055272121427,0.289208028038331,0.26470311847362754,0.2813530062652162,0.27935534827114705,0.27404881553327265,0.26321981884056855,0.25808660133252803,0.25860559750629064,0.25119875895335586,0.2508954372831131,0.25810974811717796,0.27177182074888884,0.2743542346388979,,0.27658730880330146,0.2700290504591391,0.27674716327393406,0.2756176002302146,0.26692698342743665,0.2595179731643663,0.2649031072991591,0.2705364616077436,0.2611271099194923,0.2527367881005048,0.2563112687747792,0.24924756355221078,0.25644443915644016,0.2656228223293285,0.2775932760167694,,0.2531295308707235,,,,,,,,,0.2618352286960685,0.26915147762043407,,,,,,,,,,,0.2524573634315486,0.2502133137546351,,,,,,,,,,,,0.2541377018835619,0.2525079202045504,,,0.2637765270001435,0.2546297263906,0.2510201403636597,0.2655701171908416,0.2634815591865353,0.26301255316603356,0.28788206247197484,0.2775815186297766,0.25764297627230465,0.25868285524714213,,,,,,,0.2665335600897389,0.2606125747445232,0.25458347437967965,0.24854941942352346,0.2688492002121218,0.2700634698790551,0.2707808842098853,0.2583428807323025,0.26081233577965507,0.2616678869341162,0.24886742153206026,0.269650424200842,0.4059276001410851,0.3747923072216232,0.2689701519876655,0.26284484059636876,0.2674017791687305,0.2627520345292547,0.2717573388238126,0.25658464092672395,0.25652820652949154,0.2609348484985017,0.29229578159530073,0.3035688318559719,0.2876572105172347,0.2551896169721821,0.2544563729065992,0.2639094877023259,0.26512827426010444,0.26028751627135144,0.24538226893408294,0.2517457436686827,0.3108296209254522,0.3993463249522692,0.4029661941094692,0.26610944837961975,0.2609297152468499,0.2633375790284464,0.26832742627526823,0.254465718870483,0.27117008083669525,0.2599904386601869,0.2515377565483285,0.2565044425462883,0.254384226406904,0.26398287119492153,0.2823850721018684,0.27527637732518206,0.2659022743311754,0.26645309346504265,0.26132122642915173,0.2635449766123959,0.2646529153204614,0.26096501270004696,0.2529678077961176,0.2545559477926347,0.25910161397368375,0.2687331689780045,0.267516755994267,0.2638687822152381,,0.24544972724343472,0.180579210348827,0.0,0.18762915732601534,0.2553493805211319,0.2574292711495879,0.266250202756375,0.2587420159973837,0.25803235054752616,0.2605651978743345,0.26860391718185994,0.2755719912036999,0.25673955921334823,0.295952348643495,0.28477627172779085,0.24881656610400343,0.25401491988136005,0.26850472296495526,0.26086424760036314,0.2583211969680827,0.2536754079344514,0.2570833349058765,0.2589428263956898,0.2550197328764333,0.2529094485009041,0.2592282335245307,0.2655798636964782,0.267521670949598,0.2689895465714874,0.2549562033245211,0.26407769189990044,0.263885653957742,0.2530387073814165,0.26602128656273194
220,,,,,,,,,,,,,,,,,,,0.2660793903163504,0.26535260496404955,0.2646133792513503,0.28409374525022346,0.28504708811084145,,0.2845919562877174,0.2603832094962373,0.26510256659159215,0.2763272582901204,0.27511612856086154,0.27419534773468,0.2714536462821898,,,0.2716735257514429,,0.3819537068863666,,,,,,,0.283799163334469,0.2726008782728536,,,0.2532507085352736,0.2705759502050989,0.29610042175851775,,,0.2629316742023255,0.2631486519912604,0.26208103614498923,0.26088419925064094,0.26198437052825896,0.26831318183482994,,0.2790328830204343,0.2719108523442779,0.2650520086661533,0.2686331380673319,0.26704762672203536,0.2683973223606639,0.26513218503809177,0.34467546047512154,0.3542030203293141,0.33642443132948907,0.3223174334302392,0.343501041633191,0.3303048933728184,0.3175927285464856,0.30579114737794366,0.280955582511762,0.30232520845360084,0.2936384109556781,0.277587666823836,0.2715417878892001,0.27118422618478283,0.27046376861517707,0.2645985786736262,0.26873859721835697,0.2794702182264696,0.2960374464970837,0.2973495320959752,,0.2959547938872888,0.28781036291675827,0.2791369514978156,0.28799622899966326,0.2902598765864781,0.26741348857964564,0.2685776994960171,0.2805375291128389,0.27561807513974307,0.2638570154250219,0.26037449063518997,0.25930697062443403,0.2654113095490224,0.26870376867112106,0.27072375807610183,,0.26142168157037204,,,,,,,,,0.2803996816638223,0.2883693241477885,,,,,,,,,,,0.2574142442001989,0.25650908931729793,,,,,,,,,,,,0.2633292723621458,0.27426319625020495,,,0.2696980375858335,0.2618711676827509,0.2634098189753055,0.2751384901041388,0.2666254747510282,0.2788142566269183,0.3095569184722989,0.2954342356502707,0.2633074519319139,0.25987256801300407,,,,,,,0.2688465859302316,0.2649164301331198,0.2624219091630159,0.2639087574103966,0.2904855410579479,0.28651967321276756,0.27262772816147424,0.2695250648637295,0.2782143485112411,0.27471835869087147,0.25285478594226307,0.2888027746918515,0.436225183906507,0.4018427765196837,0.28724818483276254,0.275653387134116,0.26655993435796654,0.26420752399107145,0.27235304312753206,0.26131081153764524,0.2589081735431566,0.2800376072481519,0.3151705463451148,0.33106107517498196,0.3161264900198771,0.2659452670895052,0.2607155609831687,0.2685037045122705,0.26607976499494573,0.2631470955537214,0.2517313364230165,0.255427313208204,0.3396843744552022,0.4298886904923198,0.4317350800337183,0.2851971689259366,0.2681728660331658,0.26202203724420814,0.27177047677624544,0.2601820103746959,0.274322686284664,0.2691699115044481,0.2601131691695124,0.2642224404440188,0.25653727318493846,0.26179259411677214,0.27575755973900096,0.2654103304306562,0.26246475640958966,0.26748687518079967,0.2600253350267397,0.2646015105194153,0.2686421749604166,0.2613235406607969,0.25139671783677325,0.25803205199172885,0.26002252630477607,0.2793208202162214,0.2763875204893749,0.2625411012170752,,0.25353252224056244,0.2641521268871195,0.18762915732601534,0.0,0.18159575292955865,0.25903228644254267,0.2645678447534927,0.26027089487573724,0.25964641738606864,0.26064845222693395,0.26586586739970974,0.27119612112882263,0.2581117438494663,0.3256864878328395,0.313476126352497,0.2585830330499226,0.2616160522743683,0.2686348872340997,0.2635331112077699,0.26390307797357027,0.26347426521846645,0.26417073126878904,0.27433569573395505,0.2737250842397312,0.25295475012659063,0.2555282496946034,0.26698399814100865,0.2677688671043684,0.266297285508729,0.26225300944836977,0.27476930709523917,0.288464703530518,0.2684448732866757,0.2573472948073688
221,,,,,,,,,,,,,,,,,,,0.2694510775192499,0.2672829262550402,0.2681159956763159,0.28886884383820743,0.2905089350224732,,0.2880409056712631,0.26428541506407,0.2657739624711633,0.2708308764008835,0.27366980930907214,0.27721106735467593,0.2674933371434515,,,0.2751205879106216,,0.39548323924138507,,,,,,,0.28064196320914425,0.27518430916057274,,,0.2543176946824959,0.2699879098710263,0.2944055303149929,,,0.2560193373446504,0.26060867476233934,0.2643271401922625,0.2609468164492778,0.26412806937587985,0.27116145025478416,,0.2730752768181151,0.27153151049293045,0.27005778732940755,0.26765849054489804,0.26551035276469975,0.2710005407438714,0.26457069537102207,0.3496543699285067,0.36166662660719034,0.34131330920420383,0.3281268842501922,0.3474746242891809,0.33223636824109154,0.3202242693277509,0.3140265461409249,0.28658950975664693,0.3041787265219872,0.29614822780788386,0.27842885655556127,0.26755792738246886,0.2697572558038636,0.27074949272848386,0.26484204509272086,0.27308655581891533,0.2847185299018441,0.3000702050768056,0.299931500463288,,0.2998185204236829,0.286767112402093,0.27628874169747814,0.28635385716887524,0.2921806434285156,0.26384960091783755,0.26554015765918026,0.27978328774600675,0.27483084402605684,0.26872769002022046,0.2624674353996848,0.2607591805196278,0.26758331217115255,0.2643658560723875,0.26661593868527345,,0.2677805594653573,,,,,,,,,0.28716034319295364,0.2934001817078556,,,,,,,,,,,0.2595601363500392,0.2598106103007241,,,,,,,,,,,,0.2664737259661524,0.28200424100155674,,,0.26798318980092983,0.25957069591786325,0.2633006830264381,0.27118816508018617,0.26668820712189995,0.2791007131230563,0.30940412509288256,0.29191854626653174,0.2567493057752551,0.25823659387766545,,,,,,,0.26123088959664037,0.25945453355673137,0.25836353821598884,0.26016041722089756,0.29146750868473414,0.2881446237483607,0.26914225657952273,0.2699774219063584,0.2837747447588341,0.28374095952702366,0.2586522440442564,0.2900980784988162,0.44538743947075754,0.41126280597237647,0.2929609501095761,0.2772353886127506,0.26376048691831455,0.2599662196075534,0.26961363205656647,0.2643807401006434,0.26445374769032903,0.28307460512290605,0.3205411742915471,0.3354032353356898,0.31679085825367154,0.27127109700660734,0.262551284382101,0.2686466947890849,0.2633077062475554,0.2594011408329203,0.256889991411624,0.2578738823937649,0.34278190605437625,0.43496345577547524,0.43873996411801736,0.2867274579519825,0.264315628379407,0.25891025530308004,0.266436691851108,0.26068653756315796,0.27528820689313377,0.2686032590656957,0.2595822485221743,0.2597517479573856,0.252978668580376,0.26035649257854,0.27253338458891174,0.2568226702878828,0.25546886293108734,0.26479193075675045,0.24953903092933333,0.25132323698626285,0.2671767099566014,0.25963321454540605,0.24948821477158403,0.25755839303978667,0.25505975105934503,0.2786655246613708,0.27333819880647764,0.256055522304357,,0.25351840240470114,0.26319569025894846,0.2553493805211319,0.18159575292955865,0.0,0.16957255526967638,0.25812560993504546,0.2552959989558466,0.2551250854551892,0.25568469068736294,0.26135687628614573,0.26534151026162955,0.2534012264535655,0.33002765694710046,0.3203515993856011,0.258230199186037,0.2595651053442534,0.2677364628351866,0.25960999776431776,0.2581847442763121,0.2636041241010095,0.2655253627785386,0.27392509343376237,0.2797894414302566,0.25766936646467126,0.25448212662735575,0.26404430300180026,0.26154081489164843,0.26347398741165357,0.2613650054603075,0.2777507512865636,0.2897884924635156,0.2685500226518192,0.2582579315013193
222,,,,,,,,,,,,,,,,,,,0.27835863801193156,0.2759200859204381,0.2780084683838412,0.29464804483875207,0.2995053920376855,,0.3015926824790661,0.27430450824379177,0.27150370326293344,0.27739934265331123,0.2835737107192661,0.2862225848356502,0.2710215153561135,,,0.28370937524239986,,0.41690182351754446,,,,,,,0.29064186604253234,0.2823433833488165,,,0.26626023790722053,0.2797660387130043,0.3033670721592637,,,0.26183271523970775,0.2629629185895985,0.2646390105517082,0.2685721189695451,0.27623705419219274,0.2863863566154465,,0.2839517231155215,0.2864445728866936,0.28378414882451664,0.27533710623779656,0.27515342962650596,0.2849628797793377,0.27884471267118116,0.3677798091321287,0.3763782231705083,0.3579005676045702,0.3491391002626724,0.37285193640006575,0.35641127614676216,0.34216828313905817,0.33060889296116475,0.29736582203284767,0.31905268503821527,0.29964348075079544,0.28155253820211884,0.2753769828667907,0.27609237333965597,0.2779486122593753,0.27220524855544626,0.28014382819730443,0.29674343542015047,0.31474382896752173,0.3114877068399084,,0.3149917136322312,0.2929761838725319,0.2811132301747611,0.2968314030389398,0.30133437128796936,0.2664985346685859,0.26534804488447766,0.2923852163431408,0.2869157483325994,0.27126662470284313,0.2652960321958612,0.2633535514287058,0.27074386370864767,0.2652672059077324,0.26138343825464705,,0.26980425209116093,,,,,,,,,0.30076815401821827,0.30864865551722737,,,,,,,,,,,0.26277317547041923,0.2687046174756175,,,,,,,,,,,,0.2677938279208151,0.28344745312106323,,,0.2681474942006157,0.26259321118535334,0.26436132215682945,0.2643705374247955,0.2689853294088661,0.28791814387055537,0.3274578268037381,0.31053784416138763,0.2594747297399629,0.25967245469363964,,,,,,,0.2597760587177621,0.26555503939234437,0.2591801819372238,0.2604766209033765,0.2999148393155987,0.2926721086602945,0.26915506989011456,0.26810818657593155,0.2892127751877931,0.2940565462308299,0.25880965372482434,0.30122625767530764,0.46972097200467006,0.4352474506149991,0.3081133000403431,0.2904000502479075,0.2642188295900092,0.26149450428013604,0.2686563270007384,0.2670963250106697,0.26986190749466926,0.2936988246018755,0.33830123653753785,0.3514912515887739,0.3291596243148306,0.28283895963724637,0.26952801546565813,0.27172796183986075,0.2652326610290111,0.26055525316846956,0.25900573764892615,0.25884205848679703,0.3561095274542183,0.4463737364469055,0.44579518684527486,0.29244675463005365,0.2656886348796296,0.2570497902586122,0.2586356470456063,0.26035640542598454,0.27672517175885064,0.27259192057738096,0.26397753552223724,0.26287955115534967,0.25497253837623085,0.25569666526764356,0.26293496208612616,0.2534544242158947,0.25391974347638097,0.2569213800024192,0.2481275405930962,0.2505019632833189,0.26021741945808285,0.2587728853052889,0.2599191269539001,0.2666879651861257,0.2582012587876319,0.2805275169063078,0.2779382949529962,0.25811206120757346,,0.2526336758065589,0.26552301533186856,0.2574292711495879,0.25903228644254267,0.16957255526967638,0.0,0.2064203106240535,0.2585785808853016,0.25645094168226723,0.2552039478458188,0.26060480255348345,0.2605263748220532,0.24909058487241387,0.348476309393682,0.335705990127827,0.25565568352908846,0.27030078882832465,0.28194080953026907,0.2656871880786201,0.25489359873476636,0.26785717897876843,0.27006618869946547,0.28146880718216094,0.2834545991794606,0.25987773929690283,0.25433082678265195,0.2664786605390026,0.2700355863391426,0.26767378421301075,0.26049708880255334,0.29148620551933097,0.30630549687980324,0.2781727912108235,0.271399992345554
223,,,,,,,,,,,,,,,,,,,0.27685348234039603,0.2762666258099317,0.2829381942899255,0.29331354579978014,0.29464040311374035,,0.30501144307237504,0.27318024630856647,0.26213573503208765,0.28017128045957757,0.2900997913938833,0.29002915410074925,0.27630654767134266,,,0.29347824772384773,,0.4208356524320672,,,,,,,0.2910697744874151,0.2850996684217281,,,0.2704841715119477,0.2850875349472486,0.31474612502380667,,,0.26675312140124324,0.26675496091147205,0.2679708227577971,0.26551581525638673,0.27491526076410405,0.28809623180641036,,0.28134615185201634,0.2810729527789788,0.2824968575466373,0.2805257430517179,0.2806759110685557,0.2915059141352164,0.28583660277361206,0.3730285360668725,0.3814598317724895,0.3633584767102677,0.3563207700689466,0.3822299903115543,0.3606229046029433,0.33919176108214205,0.33178762709276993,0.3053761907494201,0.32873765855864656,0.30620309605054524,0.28132428832188344,0.27795187037118485,0.28327427018935764,0.2786000510830134,0.2725790254689294,0.27897942240945045,0.29916302563670516,0.3178701038885689,0.3138622861451509,,0.31651906338364166,0.29714920266962547,0.28706205770700416,0.2999505699524822,0.30698414834049526,0.27234216856083865,0.27118544604683364,0.2982786935405002,0.2914243279148179,0.27149499267370875,0.26997828390002737,0.26573909139198515,0.2726676708278666,0.27255666973445414,0.2647556123729986,,0.27069029987843657,,,,,,,,,0.30075369513626204,0.31228949354384455,,,,,,,,,,,0.2629596018448726,0.26784338253474577,,,,,,,,,,,,0.2731229831379563,0.2840928613873842,,,0.2766513301811578,0.26856165866560133,0.26599480112200624,0.2658110293096822,0.27014921002140335,0.2922013145336654,0.3368107148854451,0.3213781540573577,0.2677544006996141,0.26038614328448423,,,,,,,0.2586068496809439,0.26515177201922036,0.2640876588645585,0.267949894511177,0.3085057718040392,0.29879755739267905,0.27201356310653657,0.27389459910315694,0.2991203788940437,0.30008931860271876,0.2626106904517937,0.3096517426209231,0.4785035630730317,0.4451044817695496,0.3102320449964704,0.2897398670035942,0.25968368427738053,0.25700189739430274,0.26961446830951796,0.2736380226236795,0.27352554671088225,0.3010741465462204,0.3510566162856286,0.3648006352371696,0.34308177727330064,0.2848086792160792,0.2722492519642686,0.2754915300177756,0.2680689568160276,0.26351385806397265,0.2617482980427943,0.26016669522590846,0.36500162542187264,0.4610893622737483,0.4612529306312081,0.29861532068948093,0.2660592104646746,0.2559148355711296,0.2637276717230467,0.2627458446555962,0.2759706748389636,0.27659274536997797,0.2639539441573637,0.2633490714729832,0.25546442718566115,0.25559854861274794,0.2670394275570768,0.25877780977406545,0.2548125262339934,0.2560726293089637,0.25844871644399103,0.2579148098492019,0.2593808696943759,0.25791318489015985,0.2576280988627434,0.2638918031971755,0.2603365173923357,0.2875491537070815,0.2810911050569073,0.2562041498572162,,0.2586094258942748,0.2745164084410331,0.266250202756375,0.2645678447534927,0.25812560993504546,0.2064203106240535,0.0,0.18104825326802437,0.26004865972687435,0.26095430772256123,0.2640386974280682,0.2630079074109019,0.2508400306431471,0.35675394648764774,0.34226365788392965,0.2587114345792808,0.2658323590002391,0.27741347888484685,0.2653384072556962,0.2535127120488493,0.26633147887862085,0.27087003222467254,0.28563507431720614,0.28479924660855105,0.2617367183927316,0.25685870983592934,0.2679081991488066,0.266556440859619,0.2649699521815452,0.2620024860877811,0.29225211650958055,0.31167924836882094,0.276315021010142,0.2648756680206572
224,,,,,,,,,,,,,,,,,,,0.2634014100503978,0.26412053006465785,0.26786093189976995,0.2807583706927013,0.2820476145680305,,0.28248244594758204,0.26440267589511857,0.2598954928272432,0.27798106831036107,0.2765617105534357,0.27161208946245524,0.26026564452188033,,,0.28081607371365824,,0.3889946489315927,,,,,,,0.27958213716594477,0.273477023803753,,,0.25968051059480785,0.27624785092330045,0.2961745646567491,,,0.2646726193792954,0.2560232614522323,0.25774712966508545,0.25662135800329544,0.269556393374784,0.2774909502136865,,0.26561943747386135,0.26302848795837425,0.26461285349792535,0.26899778304578115,0.26642992950745864,0.2677499418439892,0.26769471162803826,0.3496303596130513,0.35948860467189514,0.3398846626317313,0.32208699308489935,0.3501058416493307,0.3334873934905444,0.3144562325467198,0.3117600869131346,0.2838272427889937,0.30355724092012076,0.28938290155203256,0.2696106446489826,0.2644192607932818,0.263060828076884,0.2630794496790799,0.2627436374535751,0.26673612078327247,0.2827137542940776,0.2979097792277623,0.291678472969197,,0.29680494274184316,0.2822083449797314,0.27130839067296825,0.278005260057938,0.2857181556866381,0.2612164661048451,0.2621696111113097,0.2767709533934559,0.27228977831122847,0.26321536835880804,0.26599124537193786,0.2572689728093631,0.25974887902871874,0.26551639429867435,0.2641677168984822,,0.2650429889229494,,,,,,,,,0.28012540427369303,0.2873323644826508,,,,,,,,,,,0.25947997564617875,0.26119135944454647,,,,,,,,,,,,0.26175657164441846,0.26510136123662564,,,0.2647577025179124,0.2595854580080651,0.25665780144019784,0.2585361887459413,0.2568700672555079,0.2693784589332249,0.3098553349174554,0.29597312135455944,0.2534740390010625,0.2555404486663618,,,,,,,0.2601202858822357,0.26156576301653706,0.2588702228333377,0.2581703648009941,0.2904684970652729,0.28348313568825245,0.2637079732000468,0.2647667802568037,0.2822497142663728,0.28177543648440906,0.2530142411493395,0.28722692136078865,0.44181757359523,0.4114369912246437,0.28614130148176986,0.2690513104547296,0.2551710313820228,0.24963717044246214,0.25817517001086004,0.26104438509286854,0.26771357506538374,0.2822864234940108,0.31816478802965453,0.32865357107138243,0.3133437530564686,0.2689184401685702,0.25967613947509655,0.26071237393740515,0.2559993543104288,0.25547229181090897,0.2517555398072517,0.2517484971996748,0.332063800528409,0.4299544116521049,0.4317598398401894,0.27479788742608413,0.25670077101557554,0.2500815796158795,0.25604219267286416,0.2520292599379759,0.26235197331840004,0.2623703994603647,0.2527123106957749,0.2510397457963593,0.24916547912459297,0.2579983399028333,0.27233593980227755,0.2622427886917807,0.2595954392029215,0.2645655801167769,0.26351692899604784,0.2616173327489721,0.26137332697048127,0.2606617426521375,0.25523103720963247,0.2593237001231181,0.2571800044544663,0.26742380720811504,0.261750933669156,0.2540084314384657,,0.2550886240784581,0.262470903470171,0.2587420159973837,0.26027089487573724,0.2552959989558466,0.2585785808853016,0.18104825326802437,0.0,0.16842078627699195,0.2547159137187761,0.2605828570628282,0.26513713892590535,0.24655835273878618,0.32640250209822264,0.3165008750425963,0.25334114354014214,0.24929168456284034,0.26215586815496233,0.25318423334134793,0.24704300623517914,0.25289215455292013,0.2570171511686539,0.2672625643482256,0.2691364997374915,0.25687593448277113,0.2540530760210924,0.26458891642199117,0.2619342911225791,0.26259231149424117,0.25827829624982795,0.27525020847421355,0.28517136538107796,0.25678004478565797,0.2580261928328803
225,,,,,,,,,,,,,,,,,,,0.2646054526183343,0.2627722958712259,0.26274513543602024,0.2789733885909138,0.2849350641567516,,0.27476786103328743,0.25964229048469967,0.2597546474453322,0.2769587778386809,0.2730691672487629,0.27222505697081584,0.26031278657865387,,,0.2745081868304762,,0.39141191405898196,,,,,,,0.2770592493028997,0.2697635331253414,,,0.25893124398597944,0.27747287137037613,0.2931078896654675,,,0.26155162168699697,0.2537050138079772,0.25307546228847166,0.260046119187628,0.2730782846197513,0.2785254221130662,,0.26844114146317644,0.2713404908645888,0.26475695651699516,0.2621849851558518,0.26450578122341883,0.2682397848438437,0.26575088771217975,0.3498178091114784,0.3592304443908176,0.3369541501718135,0.31606808082902893,0.34430258334193337,0.33451957593711673,0.317828212326964,0.30949281381740384,0.2783592378460662,0.2978470164249229,0.28375395268433123,0.266793148150563,0.26600549588156536,0.266942394039034,0.2656614344461104,0.266399574300819,0.26685923977923487,0.27690007211862316,0.2927365382747372,0.2863455096591974,,0.29940661978345257,0.27986148174118863,0.2665080387071256,0.27757317201834325,0.28310957440665846,0.25857887356414216,0.2622238156546454,0.27708987816808317,0.27388535679435044,0.26381784389048585,0.2656646541059224,0.2592340909931291,0.2593382232078126,0.2600283234449583,0.26243303140459373,,0.2647181325271742,,,,,,,,,0.2795192784925779,0.28590428506456456,,,,,,,,,,,0.2601555230152894,0.26019906447084357,,,,,,,,,,,,0.25646081991756525,0.2628688380984164,,,0.2590594355468814,0.2592163841988653,0.25482503373692933,0.2585590316180908,0.25736555710632414,0.2674104323296564,0.30581195628188823,0.2897769857729759,0.2452169181047694,0.25211326874279577,,,,,,,0.26226510524032703,0.26242597048758476,0.257318551769064,0.2520465650750091,0.2807141856502904,0.2749696688539819,0.25710953219810173,0.26042504574861086,0.27446124658950005,0.2716350605019538,0.2455099834584344,0.2831592704240132,0.4420590094753989,0.4094532665578403,0.2829167807390608,0.2692332388097939,0.258159299718607,0.250894882055994,0.24947023259661982,0.25201029714397677,0.26608190322551956,0.27837323102626654,0.31330545145952793,0.32548938432600816,0.3054664972973469,0.26119467657938295,0.25655413634002516,0.2616840144350657,0.2566886539720793,0.2554441650771638,0.2479277860371572,0.2482193120738691,0.3278737106575096,0.4202391073434858,0.41880544305225714,0.2681166895089374,0.24912991611045388,0.24665203564581617,0.25575030805833165,0.25169421546229537,0.25828833275301266,0.25830730143004815,0.25443727478536476,0.25030884532270087,0.24697467812460125,0.2563718939741753,0.26743343524918556,0.25910251595126216,0.258443314291601,0.2655806064308994,0.26136244547855886,0.26204574626100074,0.2610391412451856,0.25544373687950356,0.2516743169284294,0.26074813342550596,0.25371915211147095,0.25990751311748206,0.25561923991468466,0.2510117611711376,,0.2516971499076719,0.2616472877533141,0.25803235054752616,0.25964641738606864,0.2551250854551892,0.25645094168226723,0.26004865972687435,0.16842078627699195,0.0,0.19438660129916366,0.25907009168155737,0.267748732754206,0.247192947133704,0.32272665918753063,0.31707527664555674,0.25505050210598046,0.2499880388837437,0.2609532462422826,0.25093478431705635,0.24620778617515776,0.2520275012134049,0.25056599257104595,0.2547211484093264,0.26636466596129915,0.25781574511376176,0.2525846479684551,0.2637286925874877,0.26293852932578426,0.2591874918731217,0.2568576053531563,0.2830094284222315,0.2910561962962824,0.2619319675774176,0.2600078705057147
226,,,,,,,,,,,,,,,,,,,0.2695968882351997,0.26632076707840674,0.26454327468433764,0.28305085449535405,0.2900036172122222,,0.2811584438864499,0.2567848652923353,0.2611718176312754,0.27829081154332874,0.27648632857596084,0.2752255249134683,0.26737274217915047,,,0.27928980854386176,,0.40138800351759085,,,,,,,0.27420020133290773,0.27419721624289856,,,0.26872247658715004,0.2805114687661836,0.2991168704010889,,,0.2573049976121743,0.2560361893013351,0.26051800564032085,0.267261521362611,0.2741788310242405,0.2772753355661594,,0.2765728068070705,0.27834059337735345,0.26992761371784924,0.26430402916997453,0.27353269958245485,0.28139110093564595,0.27714795020080096,0.35701475287239026,0.36554417564368735,0.34342060649287803,0.33001850884576994,0.3557314662452323,0.33996946632559893,0.32149080851635997,0.3119531021314984,0.2820372764123425,0.30240074092326324,0.2901197330137131,0.2729070530197194,0.26969818356926706,0.26798128795822623,0.2660010238940291,0.26737010545280293,0.26603859657774337,0.27947913632981625,0.2954760001573561,0.2904605805061274,,0.305170953304558,0.2834694528284548,0.271700816715414,0.2848730313727359,0.2881746267711485,0.2608010619811,0.26257134996851783,0.2825669176368628,0.274246421844043,0.26202364935401196,0.2625198101007246,0.25727136451165,0.26507372383686967,0.26200142229155615,0.2624682085717445,,0.2682836340322374,,,,,,,,,0.2953165693512741,0.2988135698654032,,,,,,,,,,,0.2646175031166508,0.2630537106100094,,,,,,,,,,,,0.26077306155903573,0.2672301860413477,,,0.25916007878128455,0.2611392949308149,0.2646330251493003,0.26093371135418336,0.2632241941919561,0.2735583665784616,0.31426425560612703,0.29816921329134016,0.2511861942659204,0.25365735420993135,,,,,,,0.26000124465263424,0.2595597696925322,0.2587511958146665,0.26132132590520507,0.2875425288277425,0.2836718947808541,0.2648003010367155,0.2621381634031327,0.28204206833810785,0.2795826090660312,0.25072235072050136,0.2960760280690543,0.45821733060935804,0.42302277668898774,0.29091683044857586,0.2779725067761188,0.2617113258624338,0.25339731659845344,0.25812675810100033,0.2573531885274471,0.26322782156182767,0.2848174192522928,0.32657948936840003,0.34284253629464195,0.3164907520534722,0.26316281265128655,0.2606304227961068,0.2676904930452673,0.25916218986604167,0.25382538236571567,0.2519651425137751,0.24915552266513982,0.3417999381843867,0.43309540300550586,0.42972134520100774,0.27291743591907125,0.24874401065506352,0.24674728178211727,0.2601148272529292,0.25754560442806546,0.267291589768056,0.26462461072797694,0.2623295999283043,0.26136905039247255,0.2542800068149819,0.26005984993787357,0.26697124572810627,0.2604576495403134,0.2546314078004193,0.2595585433665437,0.25868330251273775,0.26107140893138414,0.25758095836139305,0.25062166778932654,0.25269974900020004,0.26449171974652713,0.25355333970016575,0.26934349726987555,0.26695665827167037,0.24912883981672573,,0.25139101409249676,0.26624575778412896,0.2605651978743345,0.26064845222693395,0.25568469068736294,0.2552039478458188,0.26095430772256123,0.2547159137187761,0.19438660129916366,0.0,0.16722863007136052,0.2620000384438001,0.2530723635122836,0.3363591960250882,0.3290939775932443,0.2581145361749204,0.256781400039788,0.26770748749004586,0.25799121114758466,0.25085819219504535,0.25993624968343804,0.2577093854606454,0.25558215634407866,0.2668347823947431,0.2575347464599597,0.24875476344572037,0.2567967081984243,0.2603501631332751,0.2610078260930413,0.2537106467250206,0.2863051077881302,0.30176658200125417,0.27386577223260394,0.2637165146537645
227,,,,,,,,,,,,,,,,,,,0.282091710359443,0.2800858141522712,0.27791981966935086,0.2921370223346945,0.2994127007013918,,0.2982139267388441,0.2685734630377458,0.27143646151302836,0.2875020943605823,0.287969276935054,0.28790372291921684,0.2762248957973998,,,0.2963239937773743,,0.4227777219070122,,,,,,,0.2891456245620157,0.2872819080732914,,,0.2758922692982147,0.29293607397962884,0.3159355143698154,,,0.2656260672144265,0.26836602501910034,0.2698998210235753,0.27712646469754615,0.28657715309288756,0.2899107905886517,,0.290557883164078,0.290634387369804,0.2858137842808762,0.28101439044147836,0.2855097228511464,0.29175643617305447,0.2862121063873371,0.3738740627794604,0.38463948816454785,0.3642899748058761,0.3547287040588043,0.3796089653411239,0.3627857511840362,0.3446411673990757,0.3314445926066536,0.29995969278193274,0.3223671850910752,0.30704783960563886,0.2834618716204969,0.2800223219293594,0.27882105572256893,0.27768733313630384,0.28062417838172926,0.2815086452724406,0.2949059590694344,0.311738577093103,0.3121192996929242,,0.32271489473554266,0.29689789996880833,0.28427672588790026,0.303837224250896,0.30709256968417326,0.27015206750476123,0.26869589081792195,0.2960042867517643,0.2892440320749416,0.26908075519326113,0.2667572171786578,0.262324587960498,0.27270131156559557,0.27154803518816506,0.2656706165847,,0.2773197982415497,,,,,,,,,0.30547036930754046,0.31487028876906087,,,,,,,,,,,0.27036608654884275,0.27199047390648734,,,,,,,,,,,,0.2722863338310735,0.2795586301675178,,,0.2737635662337454,0.27037142579578016,0.27419065241655816,0.268629654558363,0.2702931323411651,0.2862335209013962,0.3310212445391447,0.31688873183144417,0.26238549096080827,0.26237460612875346,,,,,,,0.2643887213640223,0.27059525168814846,0.2700007502021347,0.27352035171832684,0.30756840335105434,0.29882766993782317,0.27258711655504636,0.2727252811799016,0.29775860436134916,0.2960776185624579,0.2645467361041488,0.31677130126288305,0.4799525334047737,0.4449858504342724,0.3094478437748843,0.2920192418359622,0.26586280051028544,0.26134054664975725,0.2666531876144962,0.26674464779203616,0.2705728627474817,0.2998534683777342,0.34462030340886457,0.3600879653276683,0.3359063663676658,0.277621525124681,0.2675297451060955,0.2764396129126415,0.27027937988705497,0.2657618107986703,0.2664830864963879,0.25798733786076955,0.3583282227954885,0.4509730309399549,0.45040853369962947,0.2931987728407007,0.2612438329019103,0.25672143421176863,0.2663881135941529,0.2644873185932507,0.276257438085204,0.2757565593482212,0.2699814531624518,0.2689850630251929,0.2615219252458914,0.2651023609227284,0.2698183555483894,0.2640201945001068,0.2594277057686631,0.26216243250716065,0.26488685853876187,0.26872851162842804,0.2635778196162685,0.26032696838718505,0.26406504131457365,0.2722026938797534,0.2608006822487445,0.28535510324612645,0.2831416373022733,0.260803830918904,,0.25855437567768913,0.2740620774552594,0.26860391718185994,0.26586586739970974,0.26135687628614573,0.26060480255348345,0.2640386974280682,0.2605828570628282,0.25907009168155737,0.16722863007136052,0.0,0.2090190845102929,0.2568403997197479,0.3565598961307197,0.3477030223866884,0.2679844163171617,0.27041930685932064,0.2823904003267813,0.2725352593623938,0.26001482677716525,0.2685175512666014,0.26917912541249556,0.2770053190683939,0.28237795157847045,0.26356991093071647,0.25473701511512303,0.26444317140491835,0.27170470324290824,0.27041569055438003,0.26133510149670924,0.29244827273344937,0.31514608352673085,0.2896670834226116,0.2755675988404697
228,,,,,,,,,,,,,,,,,,,0.290000384073324,0.2897090845709619,0.28913600549096996,0.3038559716631621,0.3138456788457147,,0.3113044824535341,0.27882384496001267,0.2751461083183703,0.2907350475010231,0.29932965929228017,0.3017871411230444,0.2790999899186306,,,0.30583756287747554,,0.43811643790860094,,,,,,,0.30110470271177264,0.2932503071205938,,,0.2817221835835321,0.30668377924982443,0.3345575539583715,,,0.2696676364842588,0.27275451620987073,0.27448175049693446,0.2808706275452739,0.29706246823832116,0.30218663770252097,,0.302405181677444,0.2987302280215567,0.29631887525597356,0.2964571657986766,0.292066585789378,0.3007907832799317,0.2965629421933179,0.3890388731193817,0.4025892822958269,0.3820036518622462,0.37149741220680216,0.39752298624675686,0.37928082519850737,0.3600344316267896,0.34686140780472324,0.3120013993721034,0.33772761234922133,0.3125359014501656,0.27935147962600476,0.28056985831877274,0.29073819133348294,0.28912290161934284,0.29582421354590127,0.2933744870991123,0.3091601225753928,0.3309679370461348,0.3255410693778094,,0.33569365246229455,0.30947317598851476,0.29328576758892966,0.3132945354089966,0.3209864777039112,0.2822874839929606,0.27410854481363556,0.31366314519959926,0.30616391235976564,0.2823886259337674,0.276594190454657,0.2682494710691437,0.27861451528144027,0.2758858015253782,0.2656621223110481,,0.2786621131799994,,,,,,,,,0.3216888647397121,0.3324478898866146,,,,,,,,,,,0.27645202026922827,0.2800152510904953,,,,,,,,,,,,0.27866339951451025,0.28570677322682964,,,0.2814478125007325,0.2793082014215265,0.2797760821257359,0.27132406201128484,0.27585244178394336,0.3014642612521215,0.3490431191152837,0.33165993037303654,0.2709819402423518,0.2704264555196703,,,,,,,0.2717564169729369,0.2810974747013891,0.27874698669121967,0.28379750579130436,0.3203047478651449,0.30669641221968036,0.27990795092123927,0.2786662591687274,0.3088305022234506,0.3086021520528814,0.2726238526565062,0.3288836249813118,0.49729817690148576,0.46106390465338654,0.3272817723230149,0.3073493930867527,0.2686319442303748,0.2675032725848635,0.269473054494204,0.2740729111292862,0.279391178903748,0.310907216245055,0.3657184837475206,0.38066482246194167,0.3528880023999382,0.2884483925632561,0.27673389043085833,0.28504369271988594,0.2792239787260256,0.27388152720625525,0.27232181675122813,0.26564476940632537,0.3696182879849187,0.4653680118229274,0.4659925613940594,0.306348405672781,0.26461195758769,0.260284449142452,0.27043711818011934,0.2689249146584165,0.2795474453303301,0.27892842505135557,0.2751368740765183,0.27603145922701167,0.2654783716936971,0.266408015560899,0.2724921721417897,0.2667280120959235,0.2628226545344331,0.2632583080695813,0.2678204367653376,0.2689512544138294,0.26833069271670673,0.26658328282577537,0.27062542998368555,0.27891085903296753,0.2675833238922569,0.2927631476215077,0.2884218634539877,0.26035219993185676,,0.26355105311785904,0.28535605792624663,0.2755719912036999,0.27119612112882263,0.26534151026162955,0.2605263748220532,0.2630079074109019,0.26513713892590535,0.267748732754206,0.2620000384438001,0.2090190845102929,0.0,0.18678684334272008,0.36914451286381567,0.3583123729230765,0.2706846185154221,0.28017171000381125,0.29246450369618976,0.27857999080942875,0.26389812772853316,0.2744605703362021,0.2772946822051836,0.29522699823814913,0.29684827680132814,0.2701253292036224,0.25879519506541676,0.27274644745904075,0.2765331726199235,0.2758482297085466,0.27330051114807363,0.30848679590142286,0.32838475789295957,0.29844706590152675,0.28426714965065014
229,,,,,,,,,,,,,,,,,,,0.26974134451102144,0.26623661774801766,0.26641328164282935,0.2844901305189364,0.2889375513386155,,0.28995193294368354,0.2636992698462986,0.26085349968546584,0.27843302361492617,0.2785528415635214,0.2735681177359629,0.26380665195526865,,,0.27439937848290047,,0.40169088917668616,,,,,,,0.279162057543733,0.27799812933763557,,,0.2595470904993327,0.27055756315423657,0.29863664862912226,,,0.2609870799579773,0.2543854745188038,0.2477231688346032,0.25194927798428784,0.26651823100749455,0.2795739488034239,,0.2725275429109911,0.2688174926591775,0.2625094784768494,0.2622787783377711,0.26952146603748345,0.27449217694194966,0.26519060269826816,0.3519872806463261,0.36302113717196133,0.34605134125390435,0.33017579586059315,0.3554715451782831,0.3399222319622157,0.3259603751460441,0.3163332568356559,0.28680620895129183,0.3113165375836611,0.2941899393043651,0.26380308953050796,0.25913147769975975,0.26542393065441405,0.2649634327244185,0.2645978941751314,0.2708658261319327,0.28485215719267276,0.3013379648146246,0.2983917571234631,,0.3006460980348719,0.2796457804084889,0.2732788600463827,0.2892837819827462,0.2883148769622668,0.2596130888365087,0.25830982992874013,0.27825797896395443,0.27362771778568323,0.2635420332654277,0.26536377064696487,0.2523461205941076,0.2601586029126404,0.26021849362091737,0.2563315620460123,,0.26429011078859,,,,,,,,,0.2838488606615235,0.2959524605579182,,,,,,,,,,,0.25714284243806096,0.25614365757019825,,,,,,,,,,,,0.2583718321924123,0.269843589850861,,,0.2635181887145702,0.25735521398607425,0.2565709186951067,0.26276458669955755,0.25863489105404003,0.27514456325434733,0.31422846532037174,0.29189061561713686,0.24447865458089865,0.25282155202836015,,,,,,,0.25648372623669746,0.2600981570071212,0.26140955825994666,0.2571794890886752,0.297464238435773,0.2880623492267123,0.26182136457114746,0.2610799070917222,0.2812593863723522,0.28291881044873046,0.25216545962914144,0.29228493721371573,0.4532626961496915,0.417073027535799,0.2953814467383916,0.28037832384420736,0.25001686441255994,0.24677555965823553,0.25985605861749844,0.2589440718077999,0.2634341604868423,0.28374263633758606,0.3244304930943018,0.33906739512781103,0.3173216403867038,0.26550460957515587,0.254677057506595,0.2657426290640373,0.261265994571497,0.2582177762792751,0.25555364562951133,0.25112692359805444,0.3505732705664699,0.44614960200493675,0.4473364531148119,0.2825454061149984,0.25714319752307563,0.25570053613236776,0.26378860629345446,0.25344928832743047,0.2681807155633734,0.2671368278049751,0.2576769304085666,0.2558425353781347,0.24960620683408635,0.25378017417012827,0.26649510096180234,0.2587109441417021,0.2562335787611082,0.2553597438696076,0.24760258244275327,0.25364678581574907,0.254771863325942,0.2527202611072954,0.25085527898834215,0.25588424898640394,0.254674892820682,0.2749797879706903,0.27175331067959235,0.25090031268626845,,0.24801587972999664,0.263638267553415,0.25673955921334823,0.2581117438494663,0.2534012264535655,0.24909058487241387,0.2508400306431471,0.24655835273878618,0.247192947133704,0.2530723635122836,0.2568403997197479,0.18678684334272008,0.0,0.3002409050479917,0.3218237042688315,0.2531899527019753,0.263179586759856,0.2685223152966084,0.24817515492141165,0.24453105454110813,0.25001583099698027,0.2529771431377467,0.26846705348809785,0.27554937455219947,0.25044350393690695,0.24393095413973792,0.25678768201309626,0.26191707856321716,0.26087982301193624,0.251823028714444,0.28087394108622254,0.2935549506171141,0.26548871620639086,0.2606015271914567
230,,,,,,,,,,,,,,,,,,,0.2968465867458002,0.2971411548961652,0.29097680869910697,0.30491917367723326,0.2845058168984756,,0.27847474208342693,0.3108425739704886,0.33524228765256103,0.32544333329574127,0.2940724130148518,0.2906731754574851,0.3225102180136674,,,0.2774988069974286,,0.2444467786393851,,,,,,,0.2995627012982313,0.3087679930500339,,,0.3190307563606378,0.29031565326542563,0.2685965739115681,,,0.34147615584524205,0.31878653119504574,0.3108448933166289,0.3022693504648308,0.2675653574383871,0.2716834676616814,,0.27579562167673316,0.27251951766979027,0.27330432711155406,0.28868021261053906,0.2941205825496458,0.2728888464720082,0.28378130513520555,0.2430878077950011,0.24267429737857626,0.2562944906313183,0.24243803194341793,0.23674422560953448,0.22275690398093737,0.2538554591708083,0.2623783391537246,0.27212716398982884,0.25990775572189184,0.3010938417464843,0.31900459118895746,0.3066443806960082,0.30073055679584965,0.29900931755120536,0.27850503646941993,0.27811562702918835,0.2716893753312964,0.26856736138583986,0.27844166081927685,,0.2689782881278995,0.29294137073773824,0.3181796584340179,0.2855458140716099,0.278120118202845,0.3114056279096738,0.3225418437182936,0.26793202924865656,0.27286989110241855,0.31454328684358,0.32245516895012355,0.31501460712090806,0.3225605358742901,0.34365357110469674,0.3659331970566848,,0.32705684330975454,,,,,,,,,0.2658110685210716,0.25237317239688545,,,,,,,,,,,0.3225565639482062,0.29670542242341025,,,,,,,,,,,,0.3037291303371795,0.2918680197743917,,,0.3134447088566907,0.3115991891994221,0.3015287703866815,0.33009960887712103,0.3091480852177682,0.2648600217684475,0.23122872736912162,0.23635077367370902,0.31009230119005976,0.33141317344184906,,,,,,,0.34219383314213103,0.3040057490897735,0.30418863566271076,0.29313526197898016,0.2615199802490332,0.2844814666700997,0.3341548898223701,0.3141548656474891,0.27459499303511475,0.27706800440092605,0.3098371976740657,0.24560937932945792,0.254343521394004,0.23869961640283305,0.24943217360612044,0.2658490473640757,0.33422917817840697,0.32299820211197194,0.3347677616724848,0.30815631238924174,0.3056308957992967,0.2652286098342425,0.24381500724579563,0.22713895535285583,0.24016474478574773,0.2815326295749517,0.2989524557976268,0.30927262179647597,0.31783420244538013,0.3145949016665396,0.30402058400470394,0.32690336222190114,0.257072174760596,0.31428432039028126,0.31830920714432565,0.2643858799039088,0.3212681148407101,0.3405046237933189,0.3328827945742635,0.3107397060514057,0.33498083243858456,0.3283119884288875,0.30974875490939147,0.31191368196440317,0.329633228734953,0.35587282684774235,0.3903675226575911,0.3707407804612643,0.35787377938980025,0.35635281122776247,0.34064695473033124,0.3402396837335873,0.33939354980180114,0.3309152731390474,0.32601295623074555,0.3220019890561352,0.33789376583187763,0.3086297772544614,0.3005169546781478,0.34620036156500206,,0.3215922277083888,0.2870584838022988,0.295952348643495,0.3256864878328395,0.33002765694710046,0.348476309393682,0.35675394648764774,0.32640250209822264,0.32272665918753063,0.3363591960250882,0.3565598961307197,0.36914451286381567,0.3002409050479917,0.0,0.13251035415988813,0.3101355968611673,0.29619184485100614,0.2979335621810175,0.30310295171758306,0.33070788874982865,0.31650595101323836,0.31018658431102336,0.2807095810179793,0.2900529090373659,0.3234171117931156,0.33732461142615955,0.32274130333447887,0.33116773022754814,0.35525919951994817,0.33388355291794225,0.2656032856315168,0.22682961843546517,0.26514127549122857,0.32543541265917497
231,,,,,,,,,,,,,,,,,,,0.28582965529732945,0.29073723529004425,0.28052504730790745,0.29382593137162866,0.2790782922398831,,0.2699790510003538,0.30219390203547913,0.32323254808789353,0.3135548110201394,0.2836624892759433,0.28382407546340704,0.31060841749845314,,,0.27246317688236515,,0.2472579578961466,,,,,,,0.2937593717491386,0.29885911789549435,,,0.30654262124962217,0.28270747256440004,0.2674650548732407,,,0.3281276108709644,0.3072508718427763,0.30758277356993907,0.2974479381349551,0.259503173941304,0.2653841988723113,,0.2668492729307663,0.26217500790742965,0.26904983937675114,0.2858472662825059,0.28548257799409604,0.2654264427286194,0.2748238627847601,0.24161100423284343,0.2419053068167409,0.2542879101863291,0.2520196570125696,0.24834945567723485,0.22904318037901678,0.24835681697734852,0.2532838312389486,0.27118362840974825,0.2591839132712036,0.2940395554483798,0.3124245834231583,0.29574502691074095,0.2936174119042501,0.2926077645934956,0.27141467158878746,0.2697910095566127,0.2662077053665373,0.2694289097105708,0.27450933714654246,,0.26342779893012314,0.2874949690857181,0.31131206251319576,0.2817548374550037,0.2768963507694396,0.3045773378677999,0.31070945260093663,0.26323042969329863,0.27037434859704923,0.30501755455166235,0.3127450350768091,0.3075567268946916,0.31443160611170123,0.3345371021442455,0.3556108153405404,,0.3177864104472793,,,,,,,,,0.2712397409047085,0.2555014091745626,,,,,,,,,,,0.3060660469353163,0.2871982954383324,,,,,,,,,,,,0.29779022293780233,0.28405495164003414,,,0.31234228983449397,0.3078355409605256,0.2939270690189658,0.3210922974248234,0.3055902084491409,0.2630532998964757,0.23814606809571898,0.24332104081469416,0.3065800932429322,0.32129601144596165,,,,,,,0.33003154828845266,0.29424662166727716,0.29265870472637134,0.28360298568378983,0.25454059808823604,0.2770533756939945,0.32918183958235353,0.3073991313657933,0.2689856045584364,0.27143597945846404,0.29997279744618066,0.24788353210469466,0.26653424625788313,0.2502795875779391,0.25782729463619475,0.2627709239262068,0.3241938068748906,0.3135450198416598,0.3251880328589294,0.30074764932370773,0.2976248809805273,0.2577777294909702,0.2452800958203144,0.23459421720591883,0.24720256713100816,0.2805628723000228,0.29376650969794316,0.2999793191468763,0.3100185298903156,0.3041186511435876,0.2959017878730443,0.3196693021294854,0.2541065533636073,0.3128095914373233,0.31976288481913484,0.2668836775306816,0.316541205422814,0.32939644241339205,0.3264965210270466,0.3071095611117964,0.32730891543589063,0.31361631295532816,0.2954088073122055,0.3027158321327117,0.31993605137256514,0.34869410854896726,0.38241202674320385,0.3599971414345474,0.34762643020576384,0.3460315521727994,0.3272668872746617,0.3266470255985706,0.3269507626967687,0.31862323160671085,0.31431093109255,0.30906912605229425,0.3212689232095994,0.3005972357070558,0.29480805888870976,0.33666395847465913,,0.3118501659885463,0.2802993486674922,0.28477627172779085,0.313476126352497,0.3203515993856011,0.335705990127827,0.34226365788392965,0.3165008750425963,0.31707527664555674,0.3290939775932443,0.3477030223866884,0.3583123729230765,0.3218237042688315,0.13251035415988813,0.0,0.2604322561794928,0.2806382626279075,0.2829359274011705,0.29448874260142704,0.3202157518140289,0.3060532551045194,0.30445342442813617,0.27890345790776333,0.28462072498536234,0.31424107952329705,0.3316689264217634,0.3168708013413602,0.31869690112910976,0.34429762140169706,0.32582498298589924,0.25964539273687853,0.2183947632820597,0.2588191916095066,0.31858154750931117
232,,,,,,,,,,,,,,,,,,,0.2546826433687416,0.2575308243769874,0.2546636538464368,0.2710222096313538,0.27102743105810956,,0.27440008637921004,0.25810818713429473,0.26139903005177323,0.2704036436180401,0.2634599748681977,0.2658520542413363,0.2615051787183816,,,0.26112851532301906,,0.3641231906643943,,,,,,,0.26811861893812017,0.26400966418636396,,,0.25888583468384,0.2674159729991506,0.28166549990248463,,,0.25836278605133717,0.2543249555471768,0.2588456640631783,0.25608738224454014,0.2550987294470984,0.262729655963087,,0.261501249380081,0.2578887456331439,0.2571521044638963,0.2649805605508206,0.26661011080082814,0.26709585251642415,0.26162907963331206,0.32572628291169814,0.3348251267280627,0.32144263840788984,0.3117386952513292,0.3317057059332256,0.31791256990648553,0.30318074350139607,0.29520577509051565,0.27463274080138445,0.287842427859455,0.2771247399875092,0.26475743324267975,0.2567727652309966,0.26184423803648327,0.2602334826789928,0.2562458244071878,0.25534842327896995,0.2701831455683359,0.2877322051141638,0.27844948685380794,,0.28731591611091684,0.2768127859657006,0.26981756445891536,0.27048218445964445,0.27180164898362497,0.25344202571922914,0.2591448039528446,0.2684644843825728,0.2665930833865808,0.26132138027667207,0.26262674879853964,0.259041334056581,0.26149796199971925,0.26519490794130324,0.2720095013094438,,0.26639020867646285,,,,,,,,,0.28036082090489856,0.28084974361308185,,,,,,,,,,,0.25078700851401614,0.2526814367629858,,,,,,,,,,,,0.25470172912897615,0.26197063938786647,,,0.2616934251006207,0.2595060903647981,0.2545643631006065,0.2626953032165299,0.26658382321176194,0.26634234060258055,0.290530512058615,0.2792686999039196,0.2530028458707073,0.25595760621152025,,,,,,,0.25913466547593916,0.25224536888273,0.24948746568278707,0.2530160849380966,0.27428276421480996,0.2737256284881473,0.26459548255826654,0.249266290866933,0.26158986629405007,0.26603742724923446,0.24097609621672741,0.2699329848209028,0.41670224913308646,0.38226814701651113,0.2757877603433214,0.2640315056479706,0.2614273702024698,0.25784658999769905,0.26360659560582245,0.25789833020057473,0.26112641347792703,0.2695587060829716,0.29849441589172554,0.3078525399201576,0.2923715182766126,0.2575794146908534,0.2597489530983949,0.2598751061376292,0.2586335515437251,0.2570135032831936,0.25084090742131,0.25906961429863995,0.31363630721348496,0.4033137143431102,0.40720436082131484,0.27096599098556945,0.2597850739256452,0.25422425079973965,0.263612048315513,0.2575261527696077,0.26763657743357167,0.2574822434339288,0.2525718801633286,0.25310926692656455,0.2494196161774973,0.2637937955496402,0.2787672794059039,0.2683897478653952,0.26133264780362364,0.27031372074890636,0.2571295829507833,0.2550646058593677,0.26490724446524994,0.25980088310543475,0.2523748689301882,0.2530613539781259,0.25414425085649794,0.2613942657048549,0.2611502266242178,0.266146189248918,,0.24551685574635831,0.25571728056355864,0.24881656610400343,0.2585830330499226,0.258230199186037,0.25565568352908846,0.2587114345792808,0.25334114354014214,0.25505050210598046,0.2581145361749204,0.2679844163171617,0.2706846185154221,0.2531899527019753,0.3101355968611673,0.2604322561794928,0.0,0.1797451635003266,0.2567815240980864,0.25183756689511155,0.25173655927416244,0.252983587407062,0.2554493683248657,0.2663996859641995,0.2680750409167667,0.2515054209892716,0.25458556354735845,0.2582622505410441,0.26198535058183275,0.2664087161587564,0.2573889698939518,0.27537615508348673,0.27149956174453305,0.24987890244369423,0.26382604257166326
233,,,,,,,,,,,,,,,,,,,0.25536781164080746,0.2560664707988464,0.2549464133962987,0.27481747305770376,0.26957688923355855,,0.2713743792140867,0.2532755873565579,0.2614727334261066,0.27300943738527944,0.2661522312320537,0.2677453844044367,0.2676583024922409,,,0.26403811146633227,,0.3512686073570402,,,,,,,0.2654029150315865,0.2642897468679041,,,0.258989603768492,0.2636959079058066,0.2786103050933007,,,0.26999144973918066,0.26430232212228943,0.26229028133156795,0.25632216180129436,0.25516770546818934,0.2628186790034147,,0.257856802211479,0.25879398332357056,0.2560799839917011,0.2620220970132875,0.26513456010467135,0.261769274405099,0.26139061648690937,0.3236011674379849,0.32859229689684455,0.3127310398220592,0.29958526215464276,0.31528596727699554,0.3030544618175488,0.2938285862206341,0.28974827883783894,0.2793767018287375,0.290427629527343,0.28611764138690987,0.2690236016873193,0.25868576246731595,0.2654893409802991,0.25992704194319,0.25333966465342067,0.25280932605502515,0.26684331806767,0.28321889553091345,0.278627428561608,,0.2795772619238357,0.2754455078128762,0.26899054300834513,0.2687711789416606,0.26790774010039325,0.2555949050328965,0.2643626429931323,0.26185378732537085,0.26144323756286114,0.26786294328461824,0.2658402328027081,0.26476993349032624,0.27179002504850364,0.271679919868387,0.2807738131391755,,0.2736034706777748,,,,,,,,,0.2762887177435943,0.2754772290981861,,,,,,,,,,,0.255477659850481,0.2525827653749401,,,,,,,,,,,,0.2592135043860799,0.2661351469057388,,,0.26089576647895796,0.25976489633849303,0.25422765773513406,0.27436982011728256,0.27214287379781577,0.26039969070677066,0.2823683447738332,0.2738115325795434,0.25496372253151134,0.2626923716302192,,,,,,,0.26569322286340613,0.25702220743589477,0.25846755318084985,0.2591879413799966,0.2780489109920963,0.2770333056182708,0.2755100150773929,0.2607556834679719,0.26137021687376566,0.26047683271654953,0.24388686280228983,0.269852619028703,0.40071965395766695,0.36844587392577594,0.26508379398756315,0.2529560145581587,0.271714535783098,0.26308242635414886,0.2682974120693888,0.2668050841886452,0.2711355845314697,0.26782312564316224,0.2937760028847924,0.29796626220600914,0.28108383365497547,0.2519559070705032,0.2570415286699366,0.26647414862801566,0.27022187873417797,0.26438428250833146,0.2573411250703393,0.262742781503883,0.2976959594733139,0.39652132477770846,0.40445198831599427,0.26702218675300776,0.25919976429046027,0.2624740442985002,0.27174556870087496,0.25915176676287743,0.2703157670310854,0.26208879962648723,0.2560665506437837,0.2577203673508678,0.25395136177548455,0.2743876756831056,0.29043964712239595,0.2730831621413564,0.2670199671220858,0.2749074659214311,0.26452000021542754,0.2662913222739629,0.27040625781128647,0.26010725973664184,0.2560033494624155,0.26024151727541306,0.2590171180245728,0.26453409069450373,0.26312513432172535,0.26691280471430945,,0.2561725655573396,0.25392272991948583,0.25401491988136005,0.2616160522743683,0.2595651053442534,0.27030078882832465,0.2658323590002391,0.24929168456284034,0.2499880388837437,0.256781400039788,0.27041930685932064,0.28017171000381125,0.263179586759856,0.29619184485100614,0.2806382626279075,0.1797451635003266,0.0,0.1674487476703244,0.23898044236699933,0.2545924635504067,0.2528760942568487,0.2578200251356626,0.2566652939807121,0.26024525613053806,0.2537205846970904,0.25877300721180224,0.25918543803168065,0.2541294760115238,0.26720252137635436,0.2611937895579159,0.26329329923279055,0.2577792465060695,0.24458095425913037,0.2593954546472289
234,,,,,,,,,,,,,,,,,,,0.2657775945092563,0.2669386668546868,0.264332633292823,0.28372094726212466,0.2779271838354684,,0.2787585182895949,0.2633411613504961,0.26990911129855644,0.28513238295813775,0.27885300210899333,0.2736723324540797,0.27396627354167713,,,0.27217101405704897,,0.3551345904970181,,,,,,,0.2762560174676889,0.2765965993051126,,,0.26159514642006937,0.2638649584029206,0.28734103245645704,,,0.27912969858747033,0.27603445616570776,0.27434836164384924,0.26584297203059276,0.26278277841532,0.26981412467754506,,0.26758517422115585,0.2666629401662729,0.26087304364641944,0.2660578147897515,0.2721657470827099,0.26121798634213833,0.2605765011814166,0.33143010780085014,0.33510918430317527,0.3133702656294078,0.29992271922011765,0.3163032104936157,0.3011072732355079,0.2923718813149223,0.28838475162741395,0.28965471929875886,0.3034402161361795,0.300516070353722,0.2774080934964096,0.26234872312514873,0.2725952143587533,0.2743561755881927,0.26219560997798697,0.26590451368399076,0.27952483511010906,0.2849639826397478,0.2820177853801701,,0.2770231836987881,0.27967933007074863,0.2820061476735078,0.27810309716481535,0.2767142257910179,0.2716733161581613,0.2708011664498919,0.2607010246736818,0.26672592835292647,0.2754571240608309,0.2748167479055762,0.27459219227148507,0.27997281067018975,0.2806934196189747,0.28610128921195016,,0.28292304610318214,,,,,,,,,0.27268330497183096,0.2767421695360014,,,,,,,,,,,0.26734638579892506,0.2593756714492443,,,,,,,,,,,,0.2730217594613733,0.27785054114693003,,,0.27248510145172816,0.26764222856348296,0.265815880469939,0.2904031920798966,0.28206100042457044,0.27156151953594615,0.2945941118920947,0.2829705700265109,0.26852982912122886,0.27324851079364937,,,,,,,0.2761398829810856,0.2699607614581015,0.2726287198275228,0.2694345259000565,0.2859744392477891,0.2861171335563032,0.28724047942726666,0.2758315425218652,0.27066639920282787,0.2699810276184662,0.2635669543703288,0.2812956865748054,0.3991167140239933,0.3678023882663597,0.27336132724344164,0.2611622080672304,0.2782776322475798,0.26532687421849743,0.27292841795853534,0.2780387322818523,0.2854265640520774,0.2785038003540497,0.30383420237328324,0.30811883654376787,0.29127792423857735,0.2653903721178577,0.2632077048148425,0.2773066597083832,0.282253102321946,0.27899392355910785,0.2724418573035508,0.274112587863615,0.3160758582312218,0.4140729855142407,0.42104928475042436,0.2802013019213864,0.27649817770454616,0.2800115367971511,0.2916766125376923,0.2764343375939759,0.2859945454648029,0.2773940184269603,0.265185121628407,0.2673024712806231,0.26751506098385813,0.2913741662482189,0.30312709252424863,0.2824859326089081,0.28138839655178643,0.286493066701003,0.2751092301570806,0.27411389497392874,0.27840148251859664,0.26465661403709434,0.25718542101842384,0.26760324019297344,0.269748479439173,0.28139978031475205,0.2803765960558942,0.2769444919314737,,0.2713885873340842,0.26615692421526077,0.26850472296495526,0.2686348872340997,0.2677364628351866,0.28194080953026907,0.27741347888484685,0.26215586815496233,0.2609532462422826,0.26770748749004586,0.2823904003267813,0.29246450369618976,0.2685223152966084,0.2979335621810175,0.2829359274011705,0.2567815240980864,0.1674487476703244,0.0,0.1735028537638298,0.26476430798372635,0.25834757730690333,0.2704921017299354,0.26774874174839025,0.26490658785317744,0.2600716489822883,0.2696682068927039,0.26989303477415644,0.2634028957799336,0.27907404997162366,0.2718551181387375,0.26422370289206204,0.26259907582360115,0.256194291691475,0.2700901320979517
235,,,,,,,,,,,,,,,,,,,0.2622126050631683,0.25771394961862276,0.2581736321329376,0.2755721156147396,0.2742470796203873,,0.27998690497649614,0.25995485018508546,0.26723649211681744,0.2788686520994696,0.27527866230218084,0.27414047636204986,0.26894551109945725,,,0.26672953209768924,,0.3771772814283789,,,,,,,0.27518080903879616,0.2731268668024299,,,0.2572465514954952,0.2635030171424388,0.28534717907644036,,,0.2636063479190967,0.2595165313995449,0.26123530531122496,0.2573776344966128,0.2607063615926443,0.2710655945477031,,0.26723172210532,0.2656266452087637,0.2618191070820515,0.2622544625726455,0.26815463358598424,0.2614926112860466,0.2590079815575602,0.3362702740854881,0.34478382304972016,0.3208524211433482,0.30628621075146156,0.32946521114418625,0.3142760176951193,0.2998945502363245,0.29175984634525376,0.27928171843620836,0.29820369232270577,0.28803585004992954,0.2666781204026916,0.25827550916216596,0.2614262008460912,0.2678751603957756,0.2582074311213488,0.2638775694188031,0.2773705666239748,0.2857339839154823,0.2848137907489276,,0.2831440100809732,0.2769599011614831,0.2748570561162439,0.27726694178137523,0.276389086544092,0.2639001994940428,0.2608298897681495,0.25805970408320905,0.257600279280633,0.26253720349246495,0.2638656584194408,0.26116227637840433,0.26466973028719526,0.26244638382292085,0.26756206653580167,,0.2705035632709601,,,,,,,,,0.2696550528908117,0.2802929622144209,,,,,,,,,,,0.2602619970167474,0.2563964436229096,,,,,,,,,,,,0.26356909469546513,0.2724201620638459,,,0.2638521286281279,0.2581004764993935,0.2595041509110638,0.27538735041343554,0.269634647871189,0.26940417372174896,0.3028638957801381,0.2897629497472152,0.2598374425688139,0.2620992196240642,,,,,,,0.2636713469193985,0.26053012516164165,0.26190466052628353,0.26033493251134376,0.2848563293616708,0.28123933201324647,0.27114766579199445,0.2632889746021773,0.2707759157839689,0.27272842793257474,0.2548331594970953,0.2785422916983555,0.4218772842411636,0.38669673848430963,0.2754948784610626,0.262894516418635,0.26746724414912776,0.2572366403037048,0.26163170055262086,0.2594343338530703,0.26747360475582277,0.28107992844261326,0.3088498540745395,0.31747672907635477,0.2989291822443479,0.25891794707740373,0.2532489779550594,0.27070191012098294,0.2674067370234188,0.2637244913872772,0.2628096736428209,0.260443439619642,0.3344848315031275,0.43275617496431906,0.43414523476227446,0.27594325380412194,0.2660163223903433,0.2667742114440291,0.27863675677935695,0.2638060659849723,0.2767112089277932,0.2727934094480954,0.25858393284149817,0.25853336073893,0.2529919333630142,0.2705542153192515,0.2846496589447077,0.2688100239246755,0.2681687923959757,0.26957194475425755,0.2596578150056026,0.26384928764319043,0.26063999395394716,0.25644257269981896,0.25101316383960853,0.2590715002927183,0.2625435809840698,0.27697057973919437,0.2752885258809602,0.26272080879440546,,0.2556529302244732,0.2614940077107785,0.26086424760036314,0.2635331112077699,0.25960999776431776,0.2656871880786201,0.2653384072556962,0.25318423334134793,0.25093478431705635,0.25799121114758466,0.2725352593623938,0.27857999080942875,0.24817515492141165,0.30310295171758306,0.29448874260142704,0.25183756689511155,0.23898044236699933,0.1735028537638298,0.0,0.19111673929313233,0.2485220150989929,0.25566012872491445,0.25818234719187794,0.2618305382617807,0.24919911667826367,0.25395162372214075,0.2571678915375788,0.25432806497768046,0.2661781615232717,0.259961625029683,0.2746028503995013,0.27729638469875423,0.2566108395919589,0.2616168362957913
236,,,,,,,,,,,,,,,,,,,0.26659749502610636,0.2692917187937006,0.26871715829475884,0.2821160653788475,0.28720772195911326,,0.29447353256454545,0.26605955630275196,0.26509372540671355,0.2787460616244036,0.2783532186404136,0.2809782513991926,0.26544985831768086,,,0.2727775992403878,,0.4043086191239514,,,,,,,0.27835307550768484,0.273747990774049,,,0.26170289957341947,0.27591415944349157,0.29707635221717166,,,0.25732082491282837,0.25554467452861396,0.2573247883506534,0.25710674659486776,0.27005888567228864,0.2807386246209012,,0.2747756371484088,0.273851953865206,0.27103818286068554,0.267876190482645,0.2684678667196099,0.2738499805395913,0.2686518359769651,0.35883695729837506,0.36505640074411366,0.3400812666350369,0.33159579820829144,0.3592815306393622,0.34134209127893056,0.32212820763675254,0.31357641821741367,0.28752921858145997,0.3095509125838079,0.2909179189674384,0.2691876732404288,0.2638150431108972,0.2649541749821058,0.265033996732291,0.25873627462045323,0.26328169235447374,0.2784331109003279,0.30117106039666625,0.3026408147062135,,0.30270349747495173,0.2869304791024342,0.2780985086756936,0.2880121302284682,0.28946594696292843,0.2659807133774304,0.2638487238261082,0.2805431722294595,0.27124154429396086,0.25886942664793267,0.2617740196833134,0.2568390514458526,0.2573338763325323,0.25540713276201454,0.26612926297833417,,0.2683736592767041,,,,,,,,,0.28951712978866195,0.29925731979577774,,,,,,,,,,,0.25540877613189483,0.2594717694050681,,,,,,,,,,,,0.25960628703810545,0.27222310384868226,,,0.26558174560978937,0.2580091752230975,0.25695388985459583,0.2619542357371778,0.26792569059435606,0.28166422583653333,0.32184325476904446,0.30246731411074385,0.2559622708508172,0.2536558177444934,,,,,,,0.2574436984209615,0.2615147531857641,0.2589863819905683,0.2599941488517834,0.2980725636524389,0.29284570853639935,0.2683146993851931,0.26671643897503283,0.2853886027874818,0.2824087146935753,0.25078990075170393,0.29133459705949666,0.4554344988029631,0.42309896348483583,0.29902267597230603,0.2813261009145006,0.26020210508444763,0.25251038302083745,0.25937900321996715,0.2591083557531357,0.2592867352238506,0.29058828088607314,0.3277469161493444,0.3432336078859196,0.32041608386175974,0.267768915308137,0.2596856843708666,0.2708468421968537,0.26194550800554056,0.2548950896792683,0.2554451877283939,0.24965865671116,0.34857767818611796,0.44237380642730434,0.4390101913095252,0.2794370500048271,0.25603063438561136,0.25234875584911604,0.2626753562808411,0.2533382474876968,0.26363068084838814,0.26185457907551407,0.2601370900460186,0.2579626191609998,0.2488445604636357,0.26140971263926965,0.26798415478209886,0.2569154863293737,0.2539057563399472,0.25474949346700765,0.25222435376931135,0.2575989048803114,0.25816562029941453,0.2538742310285977,0.25244192257955567,0.26054030851908333,0.25362196953686306,0.26897056851123735,0.26943066613937167,0.2527698940006491,,0.24865837498451146,0.25999103687351494,0.2583211969680827,0.26390307797357027,0.2581847442763121,0.25489359873476636,0.2535127120488493,0.24704300623517914,0.24620778617515776,0.25085819219504535,0.26001482677716525,0.26389812772853316,0.24453105454110813,0.33070788874982865,0.3202157518140289,0.25173655927416244,0.2545924635504067,0.26476430798372635,0.19111673929313233,0.0,0.18800386252657175,0.2535379725752825,0.2598832195116564,0.26633338406982027,0.2501986614141706,0.24598326897198614,0.25748923159565434,0.25520716308616714,0.2572270119036361,0.2559880286878955,0.28466331555236996,0.2924495391339881,0.2612035719462299,0.25808036007529367
237,,,,,,,,,,,,,,,,,,,0.2686199729599886,0.2662814258461577,0.2650659163027032,0.27583469116667186,0.27776246019029055,,0.28190186014625024,0.26028938870520485,0.2697538634960467,0.2808283476822513,0.27023370601896807,0.26452624255612295,0.26143998621467324,,,0.2630362291523178,,0.37989625727274023,,,,,,,0.27543965402648,0.26974933117858474,,,0.2614576731353633,0.2689500672708898,0.2865064966250264,,,0.2613369843526112,0.2559455021583211,0.25508682015943784,0.2574296930003002,0.26607707647893647,0.26985852394422566,,0.26693087199522897,0.2640782167470385,0.2591410400288705,0.2619588187451813,0.2656474599157807,0.25636226199912937,0.2585624842233603,0.3426308103144243,0.3493130527568085,0.32282536432796116,0.3180221200414809,0.3408192546737851,0.3221133210339512,0.3010093998928404,0.29145869908017535,0.27378307139916275,0.29455136607119453,0.27851094795018577,0.2664169035463435,0.26081626685241716,0.2593611977957829,0.26075512467603335,0.2561665137862627,0.2590069696377304,0.2659767798410523,0.2838020706363001,0.28789067589977807,,0.28175279516972485,0.27380815421403776,0.27248628846246065,0.27710857778473685,0.2779360317373648,0.2593686642787282,0.25715917969790536,0.27351569333765835,0.26622200870559126,0.25710949377267756,0.2550596337394531,0.24696572926616733,0.25296735660172187,0.259477168965478,0.27541966451626576,,0.26487751247429736,,,,,,,,,0.27358572146964666,0.2858952706125329,,,,,,,,,,,0.25868610091597716,0.25362208043779416,,,,,,,,,,,,0.258395605334167,0.2635716317509768,,,0.25994979568495796,0.2521029996210102,0.24841618043195837,0.2640423098180923,0.26684819223628375,0.2713666877699094,0.30462311532477754,0.2875222276870487,0.25533874610317686,0.25689493696651927,,,,,,,0.25683308825443557,0.25601464040429284,0.25967691960032724,0.25870047586505307,0.27807113616242085,0.2740970439713913,0.26161477283368406,0.25427106208216954,0.26908930545998283,0.26674048694642144,0.24796719640456902,0.2805623440935642,0.43605712113616385,0.40207199965856905,0.27870335801581925,0.2685714409274089,0.2623947807936636,0.25263567679734544,0.25608352424820846,0.2597719529218414,0.2615863184069484,0.2719793751791637,0.3138427923844395,0.32899053819580476,0.30634893473393093,0.2616891707516707,0.2629209743423295,0.26291641691697093,0.25848624041724333,0.25628446401623656,0.2530997499654894,0.24946497619971392,0.32625971595393227,0.4189764172945745,0.4198876593668938,0.27661964547895784,0.2582431761235178,0.2567571096806918,0.2707392198458976,0.25508082358757284,0.26352835750045595,0.2567783597970509,0.2514862817203169,0.2576620981169424,0.2513440392874382,0.26593839680493253,0.2807857309623273,0.27035233539280673,0.2648106782309667,0.26805452230062327,0.2620164782385362,0.2681424701757307,0.2679093779167301,0.25691516571855205,0.2478356597664361,0.2585293300731871,0.25717407364549283,0.2597743121106361,0.26191669182452637,0.2580381803674456,,0.2529900632969901,0.2530590355623467,0.2536754079344514,0.26347426521846645,0.2636041241010095,0.26785717897876843,0.26633147887862085,0.25289215455292013,0.2520275012134049,0.25993624968343804,0.2685175512666014,0.2744605703362021,0.25001583099698027,0.31650595101323836,0.3060532551045194,0.252983587407062,0.2528760942568487,0.25834757730690333,0.2485220150989929,0.18800386252657175,0.0,0.1644719982491368,0.2615653037565838,0.26933080515708296,0.2566194930975722,0.254492084214334,0.2628258734164999,0.2587089364679902,0.2608658227663849,0.25437878569495426,0.2770453060044642,0.28229818398075435,0.26136684181868014,0.264762063797674
238,,,,,,,,,,,,,,,,,,,0.2613237804600054,0.2557250376922049,0.2558966085557443,0.26723815195906697,0.2670021924033035,,0.2699993556592996,0.25438124021641806,0.2696619883019303,0.27725912567733324,0.26388777229234467,0.2611427330401016,0.2655322331245998,,,0.2591753913648615,,0.3664510932285505,,,,,,,0.26788453642823734,0.2634002731400645,,,0.26170785339662617,0.26873335099335643,0.2809970321733179,,,0.2595052331782531,0.2537819316919835,0.2496940911982077,0.2527042137943793,0.2621858719817178,0.2666694765319171,,0.26368951243264677,0.26180824334956054,0.25547018887178913,0.2557324085193513,0.26083309504812474,0.25353152065922724,0.254877773435232,0.3338391936189047,0.3424879885525098,0.3187088366192209,0.3106544598876181,0.3332809147470591,0.3137904970514754,0.29397774691409545,0.28375431423787195,0.26161825475367556,0.2835667718652942,0.2679021768461465,0.25717017569501005,0.258459369664065,0.25376293191589433,0.25448776694595193,0.25655163175877466,0.257455923393432,0.2603073142036291,0.2745880436107165,0.2737908548140873,,0.27802291507323257,0.2655327803961594,0.25996552503766923,0.2650761540927833,0.2712394850182969,0.25450031499201836,0.255788516829607,0.2661864358009412,0.2629978901170439,0.25719320639936155,0.25493277943430004,0.2504484041875936,0.25628413400223876,0.2623405439374038,0.27605974775402103,,0.2631398421630064,,,,,,,,,0.26835217053134536,0.2791515813233504,,,,,,,,,,,0.26354853809549755,0.25554879054887897,,,,,,,,,,,,0.2558474451940771,0.25980085740480235,,,0.25719245202883745,0.25367691124747194,0.24712851501522004,0.2624439083639838,0.2658656430934391,0.26319555034069714,0.2932293755257043,0.2831852224796595,0.2536335167008456,0.25655697570823244,,,,,,,0.2597377618571352,0.2535926642868076,0.25329335861186475,0.25534663932211904,0.2731573699527133,0.2684364238584588,0.26060519423027606,0.25051590611442176,0.26733763243223346,0.27013168385941255,0.2487075533935137,0.27764111880274894,0.4263543626624993,0.39321607839264916,0.2694514612269611,0.26126663301326236,0.26208702068466866,0.2553237408371332,0.2542155059000043,0.2539223813212833,0.25517219141929015,0.26383024601747884,0.29800222592915915,0.31142834624924337,0.29491146425803344,0.25547447655344957,0.257003371074939,0.2524824175187326,0.2523356123771773,0.24922447233075662,0.2492770774069964,0.2485657664137608,0.3119865045101311,0.4056290599812322,0.4078417956260421,0.27064646931333414,0.25438913162380683,0.2583516134251073,0.2672923496865595,0.2549525994692983,0.26559361409056637,0.2567648485113098,0.24763263276565003,0.25779941871584316,0.25300716587728994,0.2614277996979794,0.2843407178871872,0.27936143528142393,0.27063525827263424,0.27040952193807927,0.26516639848612533,0.2715889511540038,0.26910167537252627,0.2584002331647091,0.25304068721146433,0.2582994484412868,0.2585026443080156,0.2585798949748833,0.25907610506720435,0.2603570180285571,,0.2526967987577019,0.25978768993434787,0.2570833349058765,0.26417073126878904,0.2655253627785386,0.27006618869946547,0.27087003222467254,0.2570171511686539,0.25056599257104595,0.2577093854606454,0.26917912541249556,0.2772946822051836,0.2529771431377467,0.31018658431102336,0.30445342442813617,0.2554493683248657,0.2578200251356626,0.2704921017299354,0.25566012872491445,0.2535379725752825,0.1644719982491368,0.0,0.20375208000369202,0.270862462509515,0.26124910455812866,0.25737069097707965,0.25662014293712554,0.2572078104182267,0.2619355655727828,0.2561426460905695,0.2813618036973751,0.2844442951261053,0.26208669366601467,0.26414791420346045
239,,,,,,,,,,,,,,,,,,,0.25419358494440947,0.2573682057052719,0.2547990461980449,0.26821598633481225,0.2623335853964307,,0.2616506756424937,0.26437150885516203,0.27831141831267436,0.28301417506634524,0.26383366326689345,0.2700888845788008,0.27632497381282284,,,0.2622495091745499,,0.3294064610155049,,,,,,,0.26569059231378794,0.265032099746078,,,0.2661082971184182,0.2656479107135132,0.2738593622022744,,,0.274341350168448,0.25824559091142363,0.254104780934954,0.26060273955498525,0.26070857714699364,0.2607128472438557,,0.26142558963040324,0.26460029872058727,0.2583643609994616,0.25364871333974004,0.26025937184118353,0.2547988845729606,0.25961139199504596,0.3049995361513708,0.3062448220776418,0.28825440235451505,0.28443949194563956,0.31032035983353384,0.29378829650315574,0.28327080468521204,0.27655626615879386,0.2560811299580542,0.26613871170259484,0.2696244177663639,0.27365953288866934,0.2711916173214814,0.2576715147689858,0.2579989243235985,0.2567307466460279,0.25322288888866495,0.2553578260283312,0.2673048154770239,0.261414215936334,,0.2694968129963515,0.2617054710957472,0.26373765956927275,0.26186201924602276,0.2605739018564275,0.25802889777734606,0.2721779176819514,0.26559462065363304,0.26302178633841233,0.2705967946249123,0.2717022851381542,0.26318332382929377,0.26615380511319536,0.27395644238370587,0.2887328224943935,,0.27406515034020046,,,,,,,,,0.27152717494892603,0.2645251215580598,,,,,,,,,,,0.27567038710875685,0.2652219013763602,,,,,,,,,,,,0.26599708215148327,0.2642740175581522,,,0.263999214143909,0.26671360347169437,0.2619435615698323,0.2716774788611953,0.26912097144017294,0.2509356290397245,0.27077612666100326,0.2724946495666426,0.2651541692947111,0.27365616975508095,,,,,,,0.27353229384827943,0.25924098725441486,0.254946103668036,0.251519445753466,0.26044316093167036,0.2612779385980236,0.2748740679327624,0.2619771687334067,0.26122445780902154,0.2650503978342947,0.2509672559499926,0.26146636154618225,0.3834957412277674,0.3567649930767086,0.2619779010594216,0.25209909010953246,0.2765788398104481,0.26639349714457417,0.26451278657433597,0.2552081438508108,0.2577179928921029,0.25961775801471915,0.2760023372152392,0.28639050828504903,0.27428750344289526,0.2455080542637866,0.2534559944678237,0.2641222930636103,0.2591567327397636,0.25435732265012345,0.25303182049036954,0.26390720696477105,0.2856440879493963,0.3774554803359247,0.37974340397356043,0.25373138128767814,0.259674415025008,0.26644795867487037,0.2704857493486494,0.2608591362479949,0.27362657549363395,0.2649773125809418,0.2573561975529894,0.2641217422945739,0.26403073406897287,0.27775217605022406,0.3058140302603909,0.2897780179032662,0.2776669817402157,0.2817952726608658,0.27435572547187587,0.27476174540735004,0.27705094363520544,0.26916579586739187,0.26637591384092835,0.2742218425318037,0.27374320470419045,0.2634549952741988,0.2607177588100424,0.27581621776586324,,0.256650643907442,0.262280658255255,0.2589428263956898,0.27433569573395505,0.27392509343376237,0.28146880718216094,0.28563507431720614,0.2672625643482256,0.2547211484093264,0.25558215634407866,0.2770053190683939,0.29522699823814913,0.26846705348809785,0.2807095810179793,0.27890345790776333,0.2663996859641995,0.2566652939807121,0.26774874174839025,0.25818234719187794,0.2598832195116564,0.2615653037565838,0.20375208000369202,0.0,0.17291414777561562,0.2596049824913427,0.2675784616655325,0.26130650417580625,0.26563511523676714,0.2815231250253532,0.2711290259815236,0.2683817537049622,0.2640983392547992,0.25218772349971447,0.2676116510380625
240,,,,,,,,,,,,,,,,,,,0.2588623193473777,0.26146374014188084,0.2614844622356695,0.2766984732657613,0.2701223558450208,,0.2795024459563401,0.27567264345073866,0.2780549433426193,0.28507024230774675,0.27260390990060157,0.27469402906969725,0.27469501062044616,,,0.269042938266829,,0.3306139037399176,,,,,,,0.2695406867205347,0.26673606156444923,,,0.26391827537736096,0.26557400229005546,0.270424995201849,,,0.28113488654794766,0.26616951629463165,0.26400873336872616,0.2732008926524987,0.2686040608339701,0.2630023839317247,,0.26959738959882235,0.26868263576833123,0.26308883418671997,0.2620475428202407,0.2643375650376337,0.2569321086394011,0.2656280216890625,0.31472417123281665,0.3138821604264234,0.287718710127241,0.28488649420424966,0.31567147434890547,0.2996671740520544,0.28589022212345555,0.28388773455728167,0.2670906309786745,0.26999205287208883,0.27455945182695934,0.281172494934862,0.2732792027735247,0.25977727587062144,0.2615905372428824,0.25862309060756755,0.2556589784786886,0.26134675962012865,0.267948370961128,0.2666800095653723,,0.2716736039522656,0.26629103262197173,0.27008142820002734,0.2609144415551168,0.2605136851471648,0.2622662684670649,0.2732905228571804,0.2644391309898027,0.26175859701636506,0.27323354002331673,0.2748035880273999,0.26773809374887886,0.2689078828076301,0.27594101163763873,0.29167129338204245,,0.2735948206905132,,,,,,,,,0.27110216756666633,0.26437715974723425,,,,,,,,,,,0.27458508321874436,0.266870964869565,,,,,,,,,,,,0.2761437870625422,0.27068830142379724,,,0.2697727764045254,0.26774398641626135,0.26825308068385867,0.2776411422838311,0.27244531278644957,0.2581685665521961,0.2811667878313796,0.2820807855562685,0.27246372931335544,0.28304873886600473,,,,,,,0.2803689105476249,0.2721095310690714,0.2680891405437922,0.2603820158272569,0.2675053061083125,0.2665084805441894,0.27909688810419225,0.2668130812684298,0.2649039827762583,0.2705594997280223,0.25870180961490247,0.26732140503020146,0.39003836136542275,0.3640045084495062,0.26547343789416794,0.2613032943947415,0.2847620161275296,0.2690386717403596,0.27242100064060426,0.26157614920125316,0.26065089772186384,0.2632012620495297,0.2862316195540537,0.2983011145563114,0.28639203901571614,0.25817762556090645,0.25868374134517347,0.2739466056526712,0.26801642476887105,0.2650939239295781,0.26295035264669286,0.27474862051077215,0.2968297460573523,0.39586649479471225,0.3984716235260343,0.26507656943868724,0.27427394528575894,0.27469043213427025,0.27569937262886907,0.2650138395878563,0.2846704255071776,0.2726634742205733,0.26301121465512506,0.2707351013061705,0.2704225479771918,0.2863881224945794,0.30886347107200446,0.29088050761254625,0.2828295762272267,0.2853659714596543,0.2790030490506473,0.27735578021028523,0.28107945314937544,0.2792646514668692,0.2742647389101832,0.27951651636933617,0.2808384611268605,0.27553313060773704,0.2729314407106617,0.2827486043561478,,0.2661273786818873,0.2616764170524561,0.2550197328764333,0.2737250842397312,0.2797894414302566,0.2834545991794606,0.28479924660855105,0.2691364997374915,0.26636466596129915,0.2668347823947431,0.28237795157847045,0.29684827680132814,0.27554937455219947,0.2900529090373659,0.28462072498536234,0.2680750409167667,0.26024525613053806,0.26490658785317744,0.2618305382617807,0.26633338406982027,0.26933080515708296,0.270862462509515,0.17291414777561562,0.0,0.19566111318351828,0.2717304670830675,0.2703557988378519,0.27381377119342654,0.28679006745707863,0.2753816916891473,0.26683982776537385,0.2622228159767436,0.25989282125652247,0.2760519861696905
241,,,,,,,,,,,,,,,,,,,0.2641574018580224,0.2564065599380599,0.2554468487834419,0.27558519219490807,0.2776601696703685,,0.28843136757872245,0.26306384928954396,0.25875686841176654,0.27688018132293746,0.2773957668375549,0.27611724523666525,0.2618443657276395,,,0.26758902877328916,,0.3806699663127353,,,,,,,0.27389692326644577,0.27132857664558874,,,0.25424658110917925,0.2651902958748637,0.28463962294072126,,,0.2626517460207575,0.2534577119671213,0.254058708070863,0.26131456949227805,0.2636351916217951,0.266298851715618,,0.27435200834109114,0.2707047011192727,0.2642078968787104,0.262350379515717,0.26014755632696207,0.2631791666178907,0.25955925972260957,0.34035410987659026,0.3496300224926043,0.32939291465083453,0.31699987814639474,0.33899998200489173,0.32475075625705924,0.31136534455686604,0.3049369508382783,0.28456940612443804,0.2995762625135763,0.28737353309919317,0.26952364867349343,0.2589165832160002,0.26084655975498466,0.262818671467689,0.25496566072777505,0.26331908886782296,0.2838873785815185,0.2938583707003889,0.2918248304819943,,0.29133969795150577,0.2785377374891925,0.2672021961668272,0.27280931790083524,0.28093563713866215,0.2590561939782907,0.25785270685764217,0.2675194615634406,0.26406301079390726,0.25905048659250135,0.25851529532766504,0.2562519065812437,0.2636092160120339,0.26113197089493984,0.2690928913505487,,0.26247134339931866,,,,,,,,,0.27940321700095283,0.28738276081599773,,,,,,,,,,,0.25245510195821047,0.25628934079763455,,,,,,,,,,,,0.26750058172486557,0.2742433547868192,,,0.26507470406236994,0.25516161421179306,0.2611950412963702,0.26855302954912963,0.267819091594866,0.2702317930614383,0.30859804013554837,0.29754833345533,0.25358226514111126,0.2655689717675485,,,,,,,0.2664446048486421,0.2662329275227181,0.2661089804898119,0.2650082763043794,0.2914354461440475,0.289155712881037,0.27112142448847887,0.26165907785814146,0.2698764939411574,0.27139418041234264,0.24899516384471831,0.29062162112041995,0.4401063780751001,0.4056298572538481,0.287118665110745,0.2778259178570838,0.2677413096545585,0.255340942904031,0.2628936331545786,0.2559209711006911,0.25667424569087494,0.2795766941862228,0.3166894973286643,0.33110018510224914,0.31407013073597656,0.2685121981788293,0.2581187196364266,0.26603495540045013,0.26260460502099553,0.26525748404524696,0.2609249978854129,0.2593103454691102,0.3371462021738534,0.4334727234998678,0.43474275032095316,0.2837814276108514,0.26933849655702324,0.2641560029362654,0.2722903667722999,0.26117152986366454,0.27993571805839873,0.27110950186097266,0.25528329465062677,0.2589909389209251,0.25539591905713854,0.2641119748340657,0.2750877781929482,0.26443636217163125,0.2646972514076397,0.26333181231562913,0.2571503841356356,0.25887884247923226,0.2642984598928457,0.2659044899753467,0.2557073099874775,0.258375467783138,0.2630690669746207,0.2740537410368338,0.2730504502903125,0.2673809912883365,,0.25450363212812616,0.2624704372618414,0.2529094485009041,0.25295475012659063,0.25766936646467126,0.25987773929690283,0.2617367183927316,0.25687593448277113,0.25781574511376176,0.2575347464599597,0.26356991093071647,0.2701253292036224,0.25044350393690695,0.3234171117931156,0.31424107952329705,0.2515054209892716,0.2537205846970904,0.2600716489822883,0.24919911667826367,0.2501986614141706,0.2566194930975722,0.26124910455812866,0.2596049824913427,0.19566111318351828,0.0,0.18555631245884996,0.2595902951482367,0.2592050322499953,0.2607349355876444,0.2533154756612191,0.27434118329982576,0.28351788263888417,0.2635094087958334,0.26156391847769517
242,,,,,,,,,,,,,,,,,,,0.2670189991217505,0.26210903771250427,0.26326692585696115,0.28235767978516335,0.2876314921336982,,0.2935373379104333,0.25625402174512996,0.2537051930398526,0.27519931214917953,0.2775464365468669,0.27836154922015716,0.2655572986901449,,,0.2741230396869409,,0.40448056182742753,,,,,,,0.27796912945984587,0.27468195702412096,,,0.2575829476193981,0.2757062886002976,0.2989351737062016,,,0.2581627429150805,0.25347530117542827,0.2510372005316884,0.2586340831642772,0.268160037450418,0.2749149215471023,,0.28116629338079235,0.2778899927875395,0.27354265205980394,0.270103137700207,0.26442230057641425,0.27108110693279597,0.268186536183117,0.35655256733107715,0.36721216757273295,0.34752421834406544,0.3368728546750927,0.3572231753327353,0.3402955755473699,0.32646952366673554,0.3159793734664981,0.2866762708116012,0.31688621469290695,0.3006780857241218,0.2706754844199412,0.2643891527161226,0.2667720887676373,0.2662078866335576,0.26261621215693753,0.26452066419967263,0.2876525577493298,0.30170581631962434,0.2967740939599917,,0.30697841874764054,0.2880316897858492,0.27519742916077705,0.29091618323278345,0.2960287720952733,0.25873366672450626,0.2556796998271538,0.2801663551846836,0.2734740156875355,0.25952334327112864,0.25742960299761836,0.25266453921934645,0.2649248261425295,0.2618338206143509,0.2566023026242273,,0.26682407752587023,,,,,,,,,0.28750211750375854,0.29633905110655995,,,,,,,,,,,0.252094713530574,0.2593567591710268,,,,,,,,,,,,0.26254606036802874,0.2725162601149025,,,0.2664292015323579,0.26045182052949495,0.2602439835257278,0.2648335436362385,0.26701967822000494,0.2790072574309132,0.321669860921693,0.30576184366233056,0.25113135461957115,0.2554692206889327,,,,,,,0.2598463573825509,0.26235429623297885,0.2612055981381092,0.2617410627636131,0.2991277168874959,0.29557218369330074,0.26674784526573264,0.2650710007811648,0.28360373347317924,0.28087753211617994,0.2466149633034117,0.2977970030131133,0.4592468059963451,0.4238137216111145,0.2974158003736169,0.2830784999230578,0.2560465558941174,0.2520488690039172,0.2617390823959585,0.25888209641135324,0.26153471939803263,0.2912866428256524,0.3292531726192994,0.34271680604509797,0.32435432844760176,0.27461515349823623,0.25899435725316144,0.26298473517793425,0.2616063693019629,0.2595564490183967,0.25605861518523815,0.2531686864546513,0.35290470518766276,0.44390865227392023,0.44189373539223786,0.28586096796206906,0.26301570498039945,0.26195393050551197,0.2674850425765189,0.25685559921677653,0.26815600535533907,0.2693667787025886,0.25926503660425293,0.2591572026271187,0.25312657097584135,0.25418125003794567,0.26456961852724586,0.25616174756898874,0.2589757831738246,0.2597468354458223,0.25554488341384185,0.2570537835390204,0.25916660268052877,0.2553628440975463,0.25395544257136293,0.25848688101113465,0.25582244157543016,0.2758336749848351,0.2716937470328772,0.25582824830081735,,0.24939082397795487,0.2644212921822273,0.2592282335245307,0.2555282496946034,0.25448212662735575,0.25433082678265195,0.25685870983592934,0.2540530760210924,0.2525846479684551,0.24875476344572037,0.25473701511512303,0.25879519506541676,0.24393095413973792,0.33732461142615955,0.3316689264217634,0.25458556354735845,0.25877300721180224,0.2696682068927039,0.25395162372214075,0.24598326897198614,0.254492084214334,0.25737069097707965,0.2675784616655325,0.2717304670830675,0.18555631245884996,0.0,0.1757692309287075,0.2544589653788594,0.2571462108604091,0.2530187141345256,0.27889749822550874,0.2992601672817159,0.2729093137493587,0.26057008440455953
243,,,,,,,,,,,,,,,,,,,0.26565097952359257,0.262604744129154,0.2624696569466037,0.28331045012551,0.2810447663722735,,0.28707694401548245,0.25502857358682407,0.2606055837891105,0.27508211654880316,0.2684376621127425,0.26918705257772146,0.26638092799992885,,,0.26898288312160024,,0.3798381937419184,,,,,,,0.27522057137624484,0.26915026145487747,,,0.26721533853266527,0.27189572288583713,0.2869674563659314,,,0.2645653335365803,0.26373529964235026,0.26007302802437227,0.26119742346323765,0.26246504947696203,0.27024758596494525,,0.27447697832796736,0.2731272589570069,0.2677894015940536,0.26851080059213317,0.2709228762828794,0.2716530099684559,0.2663639602562032,0.3359314831519206,0.3442391578537723,0.33060430849408606,0.3166061182773157,0.33427346026592203,0.3172882383450327,0.3089217348750851,0.29781788889013777,0.27410914976604034,0.30218215554814176,0.293071755831846,0.26966383238359465,0.2622588105257271,0.2633208849200202,0.2670961922974197,0.2556669761151161,0.2552531590886376,0.2727740524606851,0.2810332950221773,0.27937238519340435,,0.2870527397822428,0.2754836099660027,0.27199212101483594,0.2812318177843931,0.2836309722726526,0.26138063924014804,0.2587999365247815,0.26914192710362134,0.266112344014081,0.2621305058456777,0.2595180815304561,0.2566136864315287,0.2671892757608297,0.26335530612374763,0.26453625205924064,,0.27331409942006185,,,,,,,,,0.2832021274260853,0.2887548675550359,,,,,,,,,,,0.2561321983779785,0.25570707463199366,,,,,,,,,,,,0.26914101872259927,0.2750340437436943,,,0.26877101119265256,0.2660724575100873,0.26312432598249264,0.27448878649138375,0.27424356882060447,0.2734310404654704,0.3041442184391837,0.2946330989106501,0.26316100891786565,0.26580592216091475,,,,,,,0.2698499938078596,0.262409899372339,0.2589035834111971,0.2622763068696538,0.29336842641442296,0.29341146915365335,0.27696960319742975,0.26404335804325724,0.27701645471033703,0.2798840135924974,0.25564509821487413,0.2854036631258447,0.43395824018590773,0.3999692413137306,0.2866059829443269,0.2776532133340681,0.26425353599965007,0.2596261083961407,0.2732751891320108,0.26725533499986875,0.261123814299374,0.28183023446660094,0.3154144758854282,0.3258152994396576,0.3095758873953653,0.26966046999104637,0.2547154197117401,0.2644235229573361,0.26716971056030747,0.2643530917177901,0.2658510280617968,0.2639573883087512,0.3352481478900052,0.4277774196865959,0.43065472423255036,0.28163218350511116,0.26789521482774625,0.267725935261456,0.27450234121504047,0.2613963727049404,0.27716036197603716,0.2739321606454443,0.2592255164634821,0.2662323039124477,0.25933678312033287,0.2639481566149046,0.28138012977688265,0.2750559954948497,0.2738683257543172,0.274668408705727,0.26620214538464154,0.2643606897016106,0.27003224767636375,0.26577265907185227,0.25787474602547245,0.2622022440238618,0.26266687343453726,0.27424465405055415,0.27541371551531907,0.270894459422678,,0.2568079136739871,0.2637113455894057,0.2655798636964782,0.26698399814100865,0.26404430300180026,0.2664786605390026,0.2679081991488066,0.26458891642199117,0.2637286925874877,0.2567967081984243,0.26444317140491835,0.27274644745904075,0.25678768201309626,0.32274130333447887,0.3168708013413602,0.2582622505410441,0.25918543803168065,0.26989303477415644,0.2571678915375788,0.25748923159565434,0.2628258734164999,0.25662014293712554,0.26130650417580625,0.2703557988378519,0.2595902951482367,0.1757692309287075,0.0,0.19520758438603894,0.26489944569095136,0.2631937644370277,0.27299917275001445,0.28551236413822156,0.27514314345814783,0.2692540925933098
244,,,,,,,,,,,,,,,,,,,0.27080406889728703,0.2650650879687783,0.26467271342429205,0.28392250334980096,0.28379476435339873,,0.2889020111319539,0.2603549050500547,0.2582902272526441,0.2784168312324211,0.27894519639619547,0.28081416498381667,0.27464512733291235,,,0.2783689483134062,,0.3930443263045492,,,,,,,0.2810643653201322,0.272110426817093,,,0.26532614839189406,0.27430351773381983,0.2960625701509818,,,0.27281862494827164,0.26432536043400906,0.26258771105071455,0.26689319609730094,0.26813538202924597,0.2789096246435667,,0.275823914234052,0.2745314532734542,0.2734795787409242,0.26946434423695925,0.27339552341580636,0.27805209438888023,0.27135191078979964,0.34709849267857346,0.35316218999156296,0.33719971464809645,0.32508395349544117,0.34264499924881786,0.32539816304449715,0.3133331928796381,0.3054621377923531,0.28421796044063075,0.30971284116949105,0.302267458594889,0.2758137213918946,0.26352070153962376,0.26624229245362546,0.2689379028034564,0.2632171971345316,0.2685081517634452,0.2809014421859056,0.2896547159545056,0.29367152027136073,,0.2945245931946026,0.2840475738451714,0.2753616740600044,0.2808291104819346,0.284586776746017,0.26464052221944917,0.26399994156987466,0.2741948951148919,0.272574271445595,0.2666848348857265,0.26091655995713353,0.2548786331744775,0.26521601201043843,0.2641973584989158,0.2687083826157146,,0.26982551187472115,,,,,,,,,0.28889455293900507,0.29551074320865345,,,,,,,,,,,0.26022832886925706,0.2600935432939707,,,,,,,,,,,,0.2764579864387745,0.28082788868737246,,,0.27501311591328953,0.27334925042740255,0.27069497028256756,0.27359660666269797,0.2715872535924577,0.27800736206951615,0.31461802808179024,0.30276150198330654,0.2669340896119667,0.26948704951157065,,,,,,,0.2689258878029391,0.2665097538832962,0.2632806217751654,0.2679191522172104,0.30104957282076167,0.29805324974168207,0.2798360627321462,0.2687289013357239,0.2828375053096514,0.28080545557207776,0.25791033739175107,0.29692260005515403,0.44164886685412197,0.4055510717121566,0.28760763570159253,0.27774745099648485,0.2686685048043789,0.2562764248535337,0.2701477878259851,0.26870849471643166,0.2668820182065416,0.28803745429504984,0.3223796313595715,0.3395882133208408,0.31847725117876957,0.2681084491271025,0.2603620519739402,0.27513351713301665,0.2725965145936637,0.26753572134098214,0.26742645692546135,0.26362421076709475,0.34266160104068377,0.43793222271343313,0.44169836189024586,0.2857772481526812,0.2680432582337069,0.26266595517555885,0.27350094955998777,0.2647134645631523,0.2783373785137364,0.27266187438851713,0.2644912046526529,0.2715403365627963,0.2623606025617764,0.27047854188019005,0.28368790260238125,0.26949584246868036,0.27054115346408125,0.27468628774142256,0.2665829672610129,0.26119650366598796,0.2660356181916613,0.26738801409764545,0.2573994893308714,0.2650895707244889,0.2643612346578119,0.2744513112747613,0.2728248144753184,0.26389747578987743,,0.25894996359982747,0.2653851304268274,0.267521670949598,0.2677688671043684,0.26154081489164843,0.2700355863391426,0.266556440859619,0.2619342911225791,0.26293852932578426,0.2603501631332751,0.27170470324290824,0.2765331726199235,0.26191707856321716,0.33116773022754814,0.31869690112910976,0.26198535058183275,0.2541294760115238,0.2634028957799336,0.25432806497768046,0.25520716308616714,0.2587089364679902,0.2572078104182267,0.26563511523676714,0.27381377119342654,0.2592050322499953,0.2544589653788594,0.19520758438603894,0.0,0.18183293197234213,0.25686978593777315,0.2760644753248271,0.28829348646346037,0.26995068022984464,0.26523125893431965
245,,,,,,,,,,,,,,,,,,,0.27948936449921524,0.27349709617778045,0.2738729779000814,0.2948873609616781,0.298817067041175,,0.3016257393268398,0.26804892175511436,0.26116121707081796,0.2822173673767295,0.2916072341324894,0.2963520442232306,0.2794618250180941,,,0.2899270073978657,,0.42312062453117294,,,,,,,0.2915060319016518,0.284042334423824,,,0.27002133149434304,0.2858190786859177,0.31584183712476976,,,0.27449828900118606,0.2680187726890533,0.26575386710972443,0.27242430346510627,0.2862004349723623,0.2952610173351335,,0.2872242557700721,0.2885125126798684,0.27976973148648854,0.2709529486421557,0.279797625743155,0.2885162921394461,0.28034385124647404,0.37408948914542356,0.38440682851842195,0.3612405876378196,0.35034875460357867,0.37765462980175735,0.36185513736905156,0.3426642285955104,0.3337749623665051,0.3031723488121104,0.3290915439594441,0.31183838442820383,0.2802682043308737,0.2715163635246929,0.2786503394248513,0.28087776300719175,0.28338841186834085,0.287960866367719,0.3026326676988098,0.3170646778120095,0.31378227795449715,,0.32262469898160845,0.30222119777329026,0.28747091314345496,0.3001593323333725,0.2967758951175186,0.2641050152381077,0.269557894354201,0.2973652696525627,0.2923488086743354,0.27271219516481127,0.27177511910196944,0.26386808708086973,0.27293378607014224,0.2714320834229418,0.2695095507896002,,0.2713182543132344,,,,,,,,,0.302793531240089,0.3117131492005025,,,,,,,,,,,0.26895482405573,0.2720044528923332,,,,,,,,,,,,0.27868272360879237,0.28887632075114117,,,0.27815404469660826,0.27531105911596354,0.27483361413551133,0.2697727349097356,0.2726960085339289,0.29492043298326676,0.33714545482722597,0.31712117754555136,0.26220827399170576,0.26593804019544526,,,,,,,0.27024728028175937,0.27879703419381513,0.276980670206321,0.27566379397135127,0.3135789860198977,0.30795196652542467,0.2784395898288855,0.27727418431969164,0.29666048160271413,0.29484619619222807,0.2638276649605636,0.3140654225593002,0.4777542815396755,0.44035068486061174,0.30789655216716866,0.2982492697757739,0.2692828307035569,0.258779454145703,0.2682712057325545,0.26947609927537614,0.2724385788677723,0.30443574213117613,0.3400926522561023,0.3621546652359446,0.34439930935044255,0.27978161243921174,0.2735012332480225,0.28073767184552945,0.2715165175736083,0.2691322770274467,0.26815222370085806,0.26291918298454503,0.36823327898065245,0.4617761635979261,0.46276885850523525,0.30168276996242605,0.26799156749838876,0.25927428850921397,0.2724446948382881,0.26730458869877605,0.27416098911352843,0.27064986050548245,0.2696934256517229,0.27320762164867113,0.26085879725659145,0.2657767799921269,0.2724091579658697,0.2612428059685407,0.26277252104756044,0.26614731852406653,0.2625017475112014,0.26394902971310796,0.2614641555259293,0.26358830171418357,0.2593405828703568,0.27036445430696143,0.26407933669610956,0.2769384447307,0.2733985627719065,0.25900061156138604,,0.25954411974942826,0.27503973366968826,0.2689895465714874,0.266297285508729,0.26347398741165357,0.26767378421301075,0.2649699521815452,0.26259231149424117,0.2591874918731217,0.2610078260930413,0.27041569055438003,0.2758482297085466,0.26087982301193624,0.35525919951994817,0.34429762140169706,0.2664087161587564,0.26720252137635436,0.27907404997162366,0.2661781615232717,0.2572270119036361,0.2608658227663849,0.2619355655727828,0.2815231250253532,0.28679006745707863,0.2607349355876444,0.2571462108604091,0.26489944569095136,0.18183293197234213,0.0,0.183045383367244,0.28886178609288476,0.31122491345370834,0.2823981496219738,0.2686190398461014
246,,,,,,,,,,,,,,,,,,,0.26863545659079646,0.26334930722671646,0.26638026053044045,0.28814852635427857,0.2875684539395645,,0.29524620441032323,0.2624597148234226,0.25895627068376903,0.2779989301343255,0.279972099739075,0.28300024953163117,0.2699983912566425,,,0.28253243340803036,,0.3976692142943898,,,,,,,0.28371386061651993,0.2769623518246928,,,0.26353067222754156,0.2743974300006147,0.30254829316574555,,,0.2693203715092709,0.2628598365272856,0.2591187771331268,0.2641678196010134,0.27734806949819124,0.28253067005962224,,0.2788431818640202,0.2797803358324895,0.26190960440308525,0.2589138270999479,0.27200255262887696,0.2765539732559094,0.268240699815496,0.35670124620731625,0.36815539448012347,0.34626630649626416,0.3323522003359727,0.36159116869889035,0.34540101618146457,0.32719405892630604,0.31985842809849374,0.2878779194706207,0.30584708563404694,0.2945699087723092,0.2721578765563132,0.26350379156038417,0.2703661531927321,0.2743873045164438,0.2706367197226271,0.27410972032383885,0.292199453841877,0.30664530475028545,0.301908237110178,,0.30875535350295386,0.29484910006801457,0.2856963291234403,0.295284538159681,0.28983961437598593,0.2601335782213479,0.2658939996639041,0.2858406352189878,0.2784050143595143,0.26817375897204027,0.2683075840851286,0.25364260348864465,0.26534586310928693,0.26958698508213347,0.27011713558717737,,0.2703048069622495,,,,,,,,,0.2838849614840506,0.294646686129311,,,,,,,,,,,0.26102107142712105,0.2610016605519095,,,,,,,,,,,,0.2684948522518048,0.2747222714406539,,,0.2716858026887607,0.26299020873336393,0.2611786686013957,0.2650536688365651,0.269950583236683,0.2861157096224514,0.32253396406198254,0.300578212694953,0.2496329949976989,0.25814261145371464,,,,,,,0.2687223026737632,0.26929545801253,0.27005784442336506,0.26433421904862653,0.29926527624606586,0.2943455132476007,0.2721774162282498,0.26826236226579236,0.27580575419004744,0.2783658762234984,0.25357800827873983,0.29020340065863726,0.4540022449735347,0.42053498959216246,0.29626649682391776,0.2856932145866904,0.262921767246906,0.2576067032409105,0.26135668447804816,0.257745693319446,0.26657560904909594,0.2900279651800465,0.3230011724947721,0.33913397405968404,0.32128439544012594,0.2687935367112936,0.2656796453888141,0.2672560005433581,0.2603572767365578,0.26160383835275597,0.25976598675045043,0.25930968418981565,0.34559313497080735,0.4425237402537399,0.4448064039351888,0.2878825659362849,0.2631889085104639,0.26143442627363084,0.26999812023779957,0.2610297467308129,0.2757499920959862,0.27014759888477463,0.2636867268683551,0.2649785621929541,0.2559090194881636,0.2604709311678317,0.2708700243699648,0.2632040265502121,0.2623026098030584,0.2609660611517853,0.2571579647964325,0.26202860022245544,0.26249636877571875,0.25956171064939243,0.25623366476120224,0.26339862485794796,0.2603389109924826,0.27291482308028253,0.2713707518465235,0.2594155925175141,,0.25607222011185604,0.266287136116537,0.2549562033245211,0.26225300944836977,0.2613650054603075,0.26049708880255334,0.2620024860877811,0.25827829624982795,0.2568576053531563,0.2537106467250206,0.26133510149670924,0.27330051114807363,0.251823028714444,0.33388355291794225,0.32582498298589924,0.2573889698939518,0.2611937895579159,0.2718551181387375,0.259961625029683,0.2559880286878955,0.25437878569495426,0.2561426460905695,0.2711290259815236,0.2753816916891473,0.2533154756612191,0.2530187141345256,0.2631937644370277,0.25686978593777315,0.183045383367244,0.0,0.24337297023795126,0.29500255609605486,0.2732221625258298,0.2675153705546977
247,,,,,,,,,,,,,,,,,,,0.2774894681968735,0.27088698607791034,0.2720718235774941,0.3022795794243165,0.28904149096203063,,0.28600677932187396,0.280182782322556,0.29161307974697076,0.2928305485345962,0.2779545750566149,0.27772171917573074,0.2799563588777978,,,0.2793926335389279,,0.32891293055202436,,,,,,,0.2922387273255344,0.2981632883941184,,,0.2867111282478953,0.27783988129733456,0.2838482966752273,,,0.2961367625275338,0.28485725972458487,0.28272017537289973,0.27876321604200904,0.25992827078587183,0.26340767269491044,,0.27994659981529946,0.2758306294563924,0.26358863333101173,0.27628038509754377,0.2836762553109531,0.27259016460257607,0.2660547158085479,0.2931860475785156,0.30612440929402673,0.3037443638453223,0.2923709623897432,0.297135553285712,0.2779967972647373,0.28570177962169274,0.2848176561739807,0.2801772452686791,0.29745914748565266,0.3078457490101511,0.2900654709422122,0.27945343070754003,0.2799963341011057,0.27975414321351705,0.2659207749916318,0.27139570304076677,0.2749357400614774,0.2781545821279524,0.29075346468583646,,0.2794175974927813,0.28668933498511184,0.29058696178425364,0.29209247725654625,0.29117009514311176,0.28093179919683603,0.28440974374269606,0.26864016735097174,0.27300339716838967,0.2881706081509289,0.28804991537037145,0.2794161833154688,0.28903625154016344,0.29695051803761136,0.30879401993029776,,0.29041754309915374,,,,,,,,,0.27366751580519694,0.278466141603405,,,,,,,,,,,0.2817212026790772,0.2736406844503932,,,,,,,,,,,,0.28124916018301843,0.2851423787769517,,,0.2995103221828411,0.2830815428776642,0.27111869698528784,0.29200343334278733,0.2856757297454933,0.264517241525216,0.27158969486432943,0.2689317588070139,0.28395229670493327,0.2914332184991699,,,,,,,0.29535401268114986,0.28013436916503925,0.28541231579447746,0.27263455263442354,0.284230320752871,0.2920532030775984,0.29753859318561854,0.2887110222268895,0.2801618886988414,0.2767084712101179,0.26938027747698184,0.26471949272863576,0.3678150488556073,0.34798589108007244,0.2814984878587153,0.271153211742251,0.2920362744965928,0.2824999946727706,0.29179941479888366,0.28284290303182535,0.2834003568751513,0.27190152743219825,0.2842880053728231,0.2848257402431018,0.2794316947027942,0.2703478385685858,0.2734384708583688,0.28539713766350233,0.2835412239838084,0.28392045555203343,0.27957140794206414,0.28126964860874076,0.30081086497543547,0.38188580563453395,0.3911356478516042,0.2815779497583439,0.28703054681465967,0.2941047744073175,0.29951295140426115,0.28094501775967345,0.29999697769262135,0.29458940520959553,0.27543047981421026,0.2776334500493883,0.2872448164233451,0.2991718385531966,0.3225774028999563,0.3035549069244215,0.2981917280208261,0.3040692279847046,0.29054896597918173,0.29357004824541083,0.2939452919914019,0.28759513143898235,0.2758274389853568,0.2737543103875558,0.2861740450579046,0.2941538339336529,0.2888866947538899,0.28905032423349386,,0.28027490717549824,0.2655514105545107,0.26407769189990044,0.27476930709523917,0.2777507512865636,0.29148620551933097,0.29225211650958055,0.27525020847421355,0.2830094284222315,0.2863051077881302,0.29244827273344937,0.30848679590142286,0.28087394108622254,0.2656032856315168,0.25964539273687853,0.27537615508348673,0.26329329923279055,0.26422370289206204,0.2746028503995013,0.28466331555236996,0.2770453060044642,0.2813618036973751,0.2683817537049622,0.26683982776537385,0.27434118329982576,0.27889749822550874,0.27299917275001445,0.2760644753248271,0.28886178609288476,0.24337297023795126,0.0,0.14640099160909,0.25909959305870783,0.2825821164643671
248,,,,,,,,,,,,,,,,,,,0.2706246093740387,0.2687221486557791,0.26172590927788125,0.2899981866366341,0.2759362430268289,,0.26704374038766215,0.28484028878320883,0.3029551402028874,0.3000549226549449,0.27546794873186486,0.272366851211091,0.2866636518853931,,,0.2611004339265569,,0.27911660786386205,,,,,,,0.28438221328962626,0.293083977615853,,,0.29331226633148605,0.27055958373403677,0.2582091094158945,,,0.3044873987471472,0.28483286740164354,0.2817751563251909,0.28055805984037446,0.24983299097758713,0.25057450559989797,,0.2641585395580898,0.26020822245902686,0.2550718874233631,0.27171672237148575,0.27831745305344585,0.26133999128084273,0.25793524539601126,0.2614398147276327,0.264690993792873,0.26706586429732976,0.25251038846605556,0.2522262886213655,0.2368049286868563,0.24897495069663325,0.2506889956166411,0.26316136811405594,0.265929746249141,0.2892942138095153,0.2918387891061416,0.27777559619816644,0.2696710554891197,0.2690676113904515,0.25624229145138416,0.2579344559463383,0.2533333066618839,0.25435456895554975,0.26509671816151054,,0.2540454614175624,0.2693996135878839,0.2842092868307162,0.27101158370061795,0.26867615916708515,0.279319854195399,0.2865582185503312,0.25124935545034455,0.258499841082859,0.2893966337691519,0.2928521618757262,0.28615375598958065,0.29269815073807154,0.3077848844488729,0.3283250804684397,,0.2952650094468652,,,,,,,,,0.2666066676515553,0.2550087704711848,,,,,,,,,,,0.28834090066654644,0.2698816029087641,,,,,,,,,,,,0.27937411742359675,0.27459764276115806,,,0.2949838418804468,0.2826058199756632,0.2696230830486887,0.29530757599255736,0.28554804923510335,0.24559951040343622,0.23270391222912304,0.2401257485688848,0.2889006468023782,0.303533458473723,,,,,,,0.3052808724186461,0.2810014460244541,0.2807804928336413,0.26323046585616505,0.25715735256257627,0.2777620279549022,0.3059925346656208,0.28652859498922917,0.26605062373739585,0.26269792145051235,0.2735098937258949,0.2420487392527639,0.31034348226045083,0.2959746435604105,0.25125746158163936,0.25180185567505553,0.3018951306267305,0.2911851776503225,0.3052373329760629,0.28875841971729094,0.28492743975813545,0.2582755131665228,0.25939649419323685,0.24734308610383177,0.24270086472726804,0.2635020446932132,0.272584692267629,0.286963809836227,0.2928945616587784,0.28719701815137755,0.2803356724337039,0.2952481749868597,0.26751877768304033,0.3331570355818425,0.34281155675876607,0.25885305505534534,0.2916646778968098,0.30552318385045374,0.30758421514111706,0.2883100384265558,0.3023659033213637,0.293766348013592,0.27802320065809555,0.27935695053518966,0.29611029213622486,0.3187065317268874,0.3481443569739293,0.32464757021797574,0.3118849775506292,0.3186321010502575,0.3027137973678167,0.30254152796049466,0.30458652064472075,0.3034354327715168,0.29143304171788903,0.27742037604572356,0.2962431850316732,0.2834213450934452,0.2779163620677275,0.30567576088774456,,0.28544936865835535,0.25618656064381096,0.263885653957742,0.288464703530518,0.2897884924635156,0.30630549687980324,0.31167924836882094,0.28517136538107796,0.2910561962962824,0.30176658200125417,0.31514608352673085,0.32838475789295957,0.2935549506171141,0.22682961843546517,0.2183947632820597,0.27149956174453305,0.2577792465060695,0.26259907582360115,0.27729638469875423,0.2924495391339881,0.28229818398075435,0.2844442951261053,0.2640983392547992,0.2622228159767436,0.28351788263888417,0.2992601672817159,0.28551236413822156,0.28829348646346037,0.31122491345370834,0.29500255609605486,0.14640099160909,0.0,0.19622407646072734,0.2891501034141351
249,,,,,,,,,,,,,,,,,,,0.2615455664694178,0.2601853675293011,0.2561614295543384,0.2752976868595581,0.26964955280591707,,0.2593253735221779,0.2690835177441928,0.2796652489393229,0.2881575198043326,0.2750426990741132,0.2713362953628778,0.2759987534166922,,,0.2583787571471106,,0.3180468283020142,,,,,,,0.27225980808040007,0.2751999203903532,,,0.2707282345632113,0.26107764382092824,0.263265326665054,,,0.27903916478021384,0.2640187496707354,0.2616262116781479,0.2599834537900539,0.24964996859799074,0.25376329496568584,,0.25218334698467665,0.2548714583156014,0.25048502751190826,0.2607809356111722,0.2673602952385423,0.2587378137841778,0.2560599212326371,0.2975169373988167,0.2942051421557463,0.29199067036703824,0.27749180165195925,0.2881140660275995,0.2793148525085861,0.27869033750444894,0.27392319049399194,0.2666255397589421,0.27109394952945554,0.2701720246353635,0.26833717344352176,0.2641344723032124,0.2577022025652629,0.25847775818575003,0.2508266310426217,0.2554889344892276,0.2570408775489549,0.26904324762565246,0.2715362957036234,,0.2667758241367936,0.26776129049139413,0.27243825802706895,0.26562191819919245,0.2659183598499563,0.26992572629767664,0.27402595817393505,0.2549757513134174,0.2570380772121517,0.27282725847442335,0.27765780370326026,0.26897330242438205,0.27086935095367437,0.2809411822178457,0.29909856626160325,,0.27421904464471547,,,,,,,,,0.2668743821211581,0.2625908413323821,,,,,,,,,,,0.2731692007719452,0.261322206037128,,,,,,,,,,,,0.26174668546764496,0.2611616402536904,,,0.27104804894347295,0.267855046132085,0.259046790820221,0.2681167948688933,0.264628941762063,0.25291122388762144,0.2639357962737011,0.25947355737239597,0.2660262744713163,0.2738604333323945,,,,,,,0.28177353025443624,0.2710709318039872,0.2638341589782987,0.25084930015548834,0.25215061585404563,0.26243139044870195,0.27807998363914094,0.26261589789037704,0.26285263272131654,0.2624654158390692,0.25578888859779086,0.2563372335101982,0.3569789357921465,0.33399171715376536,0.2562959311487755,0.2517839003626251,0.2749073262766687,0.2634465443791111,0.27034901809429907,0.26337270064260543,0.26983465638000564,0.26740922942333584,0.28156691600004646,0.2777859129079814,0.25875128567776046,0.248315373450342,0.2628338470482317,0.27600544526965193,0.2749617074977139,0.2653503332671907,0.2577249947130371,0.2651606705994766,0.28022711000885814,0.35027776049701315,0.3525549952185143,0.24824901518536535,0.2657422206673062,0.26608704319482984,0.2693159287394723,0.2635719001182895,0.26415319566043627,0.2549081707891986,0.25219747344113325,0.2563979355253242,0.2671732970979917,0.2845545194415175,0.3036031609328291,0.2863459592604125,0.2731965676419595,0.28269634318126813,0.2751057970500772,0.27329082421854684,0.2751501617482149,0.2715668718711576,0.2654943389910876,0.26609192269380033,0.2728418952647339,0.2476316589947431,0.24351544352344293,0.2755556887618837,,0.25621868851285273,0.24726957865748794,0.2530387073814165,0.2684448732866757,0.2685500226518192,0.2781727912108235,0.276315021010142,0.25678004478565797,0.2619319675774176,0.27386577223260394,0.2896670834226116,0.29844706590152675,0.26548871620639086,0.26514127549122857,0.2588191916095066,0.24987890244369423,0.24458095425913037,0.256194291691475,0.2566108395919589,0.2612035719462299,0.26136684181868014,0.26208669366601467,0.25218772349971447,0.25989282125652247,0.2635094087958334,0.2729093137493587,0.27514314345814783,0.26995068022984464,0.2823981496219738,0.2732221625258298,0.25909959305870783,0.19622407646072734,0.0,0.1896375551661982
250,,,,,,,,,,,,,,,,,,,0.2768036354528151,0.27107741197352203,0.27178365308259295,0.2900280192719685,0.2891329449110087,,0.28671325906614026,0.27440764800509304,0.2744646600450594,0.2865486503723072,0.2813162813542138,0.2824037767688532,0.2795676508024708,,,0.2793681832294994,,0.3825468031873195,,,,,,,0.27992123057196366,0.28208421131002404,,,0.2728226974268318,0.2765364963752945,0.2976068851307773,,,0.26750407429180434,0.26629176298841406,0.2658750241455658,0.2646178480427512,0.2740094769106278,0.28139435173437227,,0.2791948097427228,0.2788177504746292,0.2756536082249957,0.2784463730394479,0.27866220514549717,0.2781341692891017,0.2725702932953768,0.3492671702912995,0.35527652551409306,0.3433471587213874,0.32717472681794535,0.3458468783856569,0.3357535045045422,0.32400021381472033,0.3161140534899301,0.28994606167851145,0.30281955266919763,0.28677141625427,0.27367809871914694,0.2755375631876214,0.273343223346736,0.27454220248158023,0.269637866174958,0.2757903069195614,0.28615048651233904,0.30356868555004085,0.3002861230089191,,0.29929581140065764,0.2894913688314117,0.2792108498680184,0.2889312839395247,0.2983852560340314,0.27955962760797465,0.27554450439241185,0.2806301743560172,0.27623287093347787,0.27395382455249034,0.27496377383999665,0.26787470668547164,0.2717593091071778,0.273176796478334,0.2810119377068248,,0.2761695248146385,,,,,,,,,0.2914463382345461,0.29564526940347763,,,,,,,,,,,0.2708874332002581,0.27375084407464306,,,,,,,,,,,,0.27005847031797015,0.2749735496358431,,,0.277745484923778,0.27379379857119013,0.27173787982024067,0.27195664491480953,0.2730916405276033,0.2837370248820363,0.3143573455411522,0.2984625387014529,0.2680617746620053,0.2659749686417132,,,,,,,0.2724803077297068,0.2719575730252014,0.269462964600516,0.26380729355478694,0.28598659018848577,0.2862039591516356,0.2740739425181215,0.26882394732122034,0.29045286827028427,0.28417074024601485,0.2565415856370766,0.2903084362332198,0.43602384631513635,0.40231289458431113,0.2926061737846438,0.2803051291860161,0.27058662160288927,0.263012202703128,0.2683102789018923,0.26061764747196264,0.26788056812413225,0.2915990231420222,0.32311944053582603,0.3324817801003368,0.3107107942038314,0.26102148978087236,0.26684713828427664,0.27562491726569605,0.2684688446422939,0.26425187192056127,0.2660190685030006,0.260389768175426,0.33603063044265974,0.4171936183941408,0.4206608081966759,0.2825948070842723,0.2686951895252184,0.26001802790845835,0.2667591652771905,0.2708218116477287,0.26534926869008924,0.2607370379836101,0.2600255276509595,0.2608304850052941,0.2630398963579261,0.2694567643851718,0.27693317343093937,0.26488613440522885,0.26465128527976683,0.2722044978118475,0.26436945463558054,0.26869906585802733,0.27086551624201266,0.2626301605556521,0.2600389119853139,0.26998207718244055,0.2701694509383704,0.2668090988819519,0.2683516975507165,0.26603382314971996,,0.2605962876400268,0.2713507558459483,0.26602128656273194,0.2573472948073688,0.2582579315013193,0.271399992345554,0.2648756680206572,0.2580261928328803,0.2600078705057147,0.2637165146537645,0.2755675988404697,0.28426714965065014,0.2606015271914567,0.32543541265917497,0.31858154750931117,0.26382604257166326,0.2593954546472289,0.2700901320979517,0.2616168362957913,0.25808036007529367,0.264762063797674,0.26414791420346045,0.2676116510380625,0.2760519861696905,0.26156391847769517,0.26057008440455953,0.2692540925933098,0.26523125893431965,0.2686190398461014,0.2675153705546977,0.2825821164643671,0.2891501034141351,0.1896375551661982,0.0
