Date,AUTO.L,PSN.L,SMT.L
2008-12-10,,239.54335021972656,68.081787109375
2008-12-11,,235.5716552734375,68.081787109375
2008-12-12,,236.8127899169922,65.73583984375
2008-12-15,,237.30926513671875,66.88387298583984
2008-12-16,,237.80577087402344,66.93376159667969
2008-12-17,,243.26681518554688,68.88037872314453
2008-12-18,,251.95489501953125,71.17640686035156
2008-12-19,,233.08932495117188,69.62908935546875
2008-12-22,,238.30221557617188,68.88037872314453
2008-12-23,,250.21731567382812,68.23153686523438
2008-12-24,,240.28805541992188,68.28141784667969
2008-12-29,,234.82696533203125,68.58091735839844
2008-12-30,,232.09642028808594,69.47936248779297
2008-12-31,,228.12472534179688,72.07484436035156
2009-01-02,,248.9761199951172,73.27277374267578
2009-01-05,,262.1324157714844,74.37088012695312
2009-01-06,,262.38067626953125,76.66690063476562
2009-01-07,,277.7709655761719,74.9698257446289
2009-01-08,,290.9272766113281,73.472412109375
2009-01-09,,288.693115234375,71.87523651123047
2009-01-12,,297.38134765625,72.2745132446289
2009-01-13,,298.12603759765625,69.22979736328125
2009-01-14,,291.17547607421875,68.23153686523438
2009-01-15,,292.16845703125,64.38821411132812
2009-01-16,,295.3954162597656,65.386474609375
2009-01-19,,285.96270751953125,66.08525848388672
2009-01-20,,278.76385498046875,65.23670196533203
2009-01-21,,287.948486328125,63.38993453979492
2009-01-22,,280.2533264160156,65.2866439819336
2009-01-23,,268.3381652832031,65.58612060546875
2009-01-26,,291.4237365722656,68.88037872314453
2009-01-27,,291.4237365722656,66.28489685058594
2009-01-28,,304.5799560546875,66.68419647216797
2009-01-29,,285.7144470214844,67.48281860351562
2009-01-30,,286.7073669433594,66.13516235351562
2009-02-02,,282.7355651855469,64.93721771240234
2009-02-03,,292.91314697265625,66.28489685058594
2009-02-04,,316.246826171875,66.13516235351562
2009-02-05,,315.5020751953125,66.63430786132812
2009-02-06,,338.3394775390625,67.78228759765625
2009-02-09,,351.2475280761719,70.22806549072266
2009-02-10,,322.94915771484375,68.9303207397461
2009-02-11,,319.72210693359375,68.58091735839844
2009-02-12,,327.1690368652344,68.18160247802734
2009-02-13,,329.8996276855469,68.58091735839844
2009-02-16,,316.246826171875,68.081787109375
2009-02-17,,299.118896484375,66.48452758789062
2009-02-18,,309.0481262207031,64.68767547607422
2009-02-19,,295.3954162597656,63.48975372314453
2009-02-20,,283.2320556640625,60.59479904174805
2009-02-23,,294.1542053222656,59.84608459472656
2009-02-24,,292.16845703125,58.24885559082031
2009-02-25,,314.75750732421875,59.09737777709961
2009-02-26,,340.573486328125,59.496700286865234
2009-02-27,,341.8147277832031,58.24885559082031
2009-03-02,,344.79351806640625,58.0991096496582
2009-03-03,,372.8436584472656,58.29877853393555
2009-03-04,,364.6520690917969,60.544883728027344
2009-03-05,,332.3819274902344,59.59652328491211
2009-03-06,,329.8996276855469,58.4984245300293
2009-03-09,,329.65142822265625,57.10086441040039
2009-03-10,,344.29705810546875,60.894264221191406
2009-03-11,,329.4031677246094,64.08871459960938
2009-03-12,,315.9986572265625,64.73759460449219
2009-03-13,,330.1478576660156,67.88212585449219
2009-03-16,,337.84295654296875,68.68074798583984
2009-03-17,,338.09124755859375,68.68074798583984
2009-03-18,,333.3748474121094,66.98371124267578
2009-03-19,,347.5240478515625,66.78404235839844
2009-03-20,,352.4886779785156,67.88212585449219
2009-03-23,,359.93560791015625,70.07832336425781
2009-03-24,,358.6944885253906,70.3777847290039
2009-03-25,,353.48162841796875,69.87865447998047
2009-03-26,,352.4886779785156,70.2779769897461
2009-03-27,,336.6018371582031,71.87523651123047
2009-03-30,,329.65142822265625,67.68247985839844
2009-03-31,,343.055908203125,70.4776382446289
2009-04-01,,358.4461669921875,69.87865447998047
2009-04-02,,399.9007568359375,71.77536010742188
2009-04-03,,395.4327087402344,72.47415161132812
2009-04-06,,405.8583984375,72.72373962402344
2009-04-07,,394.4397888183594,71.67552947998047
2009-04-08,,398.1632995605469,71.92510223388672
2009-04-09,,407.09967041015625,72.92340087890625
2009-04-14,,408.5889587402344,73.27277374267578
2009-04-15,,385.0069885253906,75.26931762695312
2009-04-16,,387.2410888671875,77.86479949951172
2009-04-17,,386.9927978515625,78.513671875
2009-04-20,,365.396728515625,76.86652374267578
2009-04-21,,376.81536865234375,76.2676010131836
2009-04-22,,392.2056884765625,76.66690063476562
2009-04-23,,389.2268981933594,77.41558074951172
2009-04-24,,394.4397888183594,81.05925750732422
2009-04-27,,388.2340087890625,80.85958099365234
2009-04-28,,363.6590576171875,80.46029663085938
2009-04-29,,367.6308288574219,80.36046600341797
2009-04-30,,379.7941589355469,82.20726013183594
2009-05-01,,376.0706481933594,82.5566635131836
2009-05-05,,402.3831481933594,85.45162200927734
2009-05-06,,388.9787292480469,87.19857788085938
2009-05-07,,398.4114990234375,86.25022888183594
2009-05-08,,393.4468994140625,87.34833526611328
2009-05-11,,372.3470764160156,85.55144500732422
2009-05-12,,377.80828857421875,85.45162200927734
2009-05-13,,344.5452575683594,83.45509338378906
2009-05-14,,356.46038818359375,81.85786437988281
2009-05-15,,364.6520690917969,82.65648651123047
2009-05-18,,368.3755187988281,83.95423889160156
2009-05-19,,376.3188781738281,85.70120239257812
2009-05-20,,375.3260498046875,87.0488510131836
2009-05-21,,369.6166687011719,84.70293426513672
2009-05-22,,369.1200866699219,84.35352325439453
2009-05-26,,357.45330810546875,83.75455474853516
2009-05-27,,356.9568176269531,83.60482788085938
2009-05-28,,343.055908203125,83.35526275634766
2009-05-29,,361.42498779296875,83.85441589355469
2009-06-01,,379.0494079589844,88.79582977294922
2009-06-02,,387.9857177734375,88.047119140625
2009-06-03,,387.2410888671875,84.66358184814453
2009-06-04,,387.4892578125,84.06452941894531
2009-06-05,,393.695068359375,86.66034698486328
2009-06-08,,390.46807861328125,86.66034698486328
2009-06-09,,386.74462890625,86.56051635742188
2009-06-10,,403.3761291503906,85.76181030273438
2009-06-11,,399.4043884277344,85.61205291748047
2009-06-12,,387.2410888671875,85.46227264404297
2009-06-15,,369.3684997558594,82.26742553710938
2009-06-16,,361.67315673828125,82.0677490234375
2009-06-17,,356.46038818359375,80.27064514160156
2009-06-18,,349.75811767578125,79.82138061523438
2009-06-19,,361.92144775390625,79.87128448486328
2009-06-22,,356.9568176269531,77.27546691894531
2009-06-23,,349.75811767578125,76.72636413574219
2009-06-24,,347.27581787109375,78.47351837158203
2009-06-25,,350.5028076171875,78.17403411865234
2009-06-26,,345.5382080078125,78.12410736083984
2009-06-29,,345.0417175292969,79.82138061523438
2009-06-30,,347.5240478515625,78.57337188720703
2009-07-01,,352.7369384765625,81.11927032470703
2009-07-02,,350.9992980957031,79.87128448486328
2009-07-03,,355.9638671875,80.17082977294922
2009-07-06,,360.6803283691406,78.47351837158203
2009-07-07,,387.4892578125,78.07418060302734
2009-07-08,,383.02117919921875,75.2787094116211
2009-07-09,,386.74462890625,77.52508544921875
2009-07-10,,377.06365966796875,75.57820129394531
2009-07-13,,386.2481384277344,76.4268569946289
2009-07-14,,398.1632995605469,77.1257095336914
2009-07-15,,402.13494873046875,79.92121124267578
2009-07-16,,398.1632995605469,81.56854248046875
2009-07-17,,414.050048828125,83.31575012207031
2009-07-20,,420.5041198730469,83.41558837890625
2009-07-21,,421.2488098144531,85.61205291748047
2009-07-22,,424.47589111328125,86.01139068603516
2009-07-23,,431.17803955078125,87.10962677001953
2009-07-24,,435.14971923828125,86.76020812988281
2009-07-27,,424.47589111328125,86.46066284179688
2009-07-28,,412.0642395019531,85.51222229003906
2009-07-29,,411.0713195800781,85.06294250488281
2009-07-30,,443.58966064453125,87.05970764160156
2009-07-31,,447.0648193359375,88.15795135498047
2009-08-03,,458.4339599609375,89.15631866455078
2009-08-04,,454.8593444824219,90.25454711914062
2009-08-05,,461.6112060546875,89.75536346435547
2009-08-06,,485.540771484375,90.65387725830078
2009-08-07,,475.6115417480469,90.85359954833984
2009-08-10,,473.6255798339844,91.05325317382812
2009-08-11,,462.8027038574219,90.15474700927734
2009-08-12,,460.7176208496094,90.35440063476562
2009-08-13,,479.4838562011719,91.3528060913086
2009-08-14,,499.93817138671875,90.45425415039062
2009-08-17,,479.0867004394531,88.35762023925781
2009-08-18,,477.5973205566406,88.25777435302734
2009-08-19,,473.5263671875,89.39594268798828
2009-08-20,,495.9664611816406,90.97341918945312
2009-08-21,,497.4559020996094,93.7089614868164
2009-08-24,,514.8323364257812,96.28485107421875
2009-08-25,,507.8815612792969,95.64588928222656
2009-08-26,,488.3208312988281,95.0468521118164
2009-08-27,,475.31353759765625,93.84876251220703
2009-08-28,,488.7181396484375,95.24652099609375
2009-09-01,,468.2638244628906,90.05487823486328
2009-09-02,,462.107666015625,88.75698852539062
2009-09-03,,471.93768310546875,89.6555404663086
2009-09-04,,486.6329650878906,91.05325317382812
2009-09-07,,497.4559020996094,92.53089141845703
2009-09-08,,506.88861083984375,93.24976348876953
2009-09-09,,517.8106689453125,94.9469985961914
2009-09-10,,505.89569091796875,94.34796142578125
2009-09-11,,510.8603210449219,95.9653549194336
2009-09-14,,507.38507080078125,94.62749481201172
2009-09-15,,507.38507080078125,95.54605865478516
2009-09-16,,504.4063415527344,98.2816390991211
2009-09-17,,516.3214721679688,99.43975830078125
2009-09-18,,502.42041015625,99.59949493408203
2009-09-21,,495.5692443847656,97.66263580322266
2009-09-22,,485.6401062011719,99.83909606933594
2009-09-23,,487.4272766113281,99.7592544555664
2009-09-24,,461.4126281738281,99.2400894165039
2009-09-25,,449.7953796386719,100.6378173828125
2009-09-28,,465.5828552246094,100.6378173828125
2009-09-29,,463.8949279785156,101.13703155517578
2009-09-30,,453.1712951660156,100.23847198486328
2009-10-01,,454.3629455566406,98.74089813232422
2009-10-02,,437.781005859375,97.12349700927734
2009-10-05,,437.8802795410156,97.84236145019531
2009-10-06,,451.7812805175781,99.63943481445312
2009-10-07,,447.51177978515625,101.43653869628906
2009-10-08,,457.2423095703125,102.4349365234375
2009-10-09,,448.30596923828125,102.83428955078125
2009-10-12,,459.02960205078125,104.2320556640625
2009-10-13,,435.5965881347656,103.13381958007812
2009-10-14,,446.61798095703125,104.8310546875
2009-10-15,,443.7384948730469,103.63298797607422
2009-10-16,,446.61798095703125,103.43331909179688
2009-10-19,,446.0223083496094,104.8310546875
2009-10-20,,442.1498718261719,103.53314971923828
2009-10-21,,446.32012939453125,101.53639221191406
2009-10-22,,438.674560546875,101.03719329833984
2009-10-23,,439.9654235839844,102.83428955078125
2009-10-26,,422.39068603515625,101.43653869628906
2009-10-27,,419.9083251953125,101.73604583740234
2009-10-28,,392.1064147949219,98.74089813232422
2009-10-29,,412.8585205078125,98.24168395996094
2009-10-30,,400.5462341308594,97.4429702758789
2009-11-02,,402.9292907714844,99.14022064208984
2009-11-03,,380.5885009765625,95.84555053710938
2009-11-04,,421.0006103515625,98.24168395996094
2009-11-05,,410.971923828125,99.53960418701172
2009-11-06,,423.68145751953125,99.3998031616211
2009-11-09,,421.4969482421875,101.03719329833984
2009-11-10,,417.2274475097656,101.6362075805664
2009-11-11,,432.0220642089844,102.34615325927734
2009-11-12,,439.86614990234375,102.74553680419922
2009-11-13,,456.84521484375,102.34615325927734
2009-11-16,,485.1435546875,104.24332427978516
2009-11-17,,484.8456726074219,102.44599914550781
2009-11-18,,462.40557861328125,102.94525146484375
2009-11-19,,446.32012939453125,101.0481185913086
2009-11-20,,433.412109375,101.8469009399414
2009-11-23,,441.5541687011719,103.04508972167969
2009-11-24,,431.2276916503906,102.44599914550781
2009-11-25,,414.8443908691406,103.24481964111328
2009-11-26,,406.00738525390625,100.54884338378906
2009-11-27,,424.97222900390625,101.7470474243164
2009-11-30,,410.6741027832031,100.14945220947266
2009-12-01,,456.15008544921875,102.74553680419922
2009-12-02,,458.73175048828125,102.24627685546875
2009-12-03,,470.44818115234375,103.14495849609375
2009-12-04,,458.93035888671875,104.44300842285156
2009-12-07,,441.85198974609375,103.24481964111328
2009-12-08,,429.1426086425781,102.24627685546875
2009-12-09,,419.9083251953125,101.0481185913086
2009-12-10,,420.5041198730469,102.64570617675781
2009-12-11,,422.29132080078125,102.24627685546875
2009-12-14,,422.98638916015625,102.54585266113281
2009-12-15,,413.05718994140625,102.64570617675781
2009-12-16,,425.6673278808594,102.84541320800781
2009-12-17,,436.8873596191406,102.44599914550781
2009-12-18,,436.8873596191406,99.94973754882812
2009-12-21,,442.6462707519531,101.8469009399414
2009-12-22,,449.7953796386719,102.04661560058594
2009-12-23,,446.91595458984375,104.64268493652344
2009-12-24,,444.33428955078125,105.84090423583984
2009-12-29,,456.4481201171875,107.4384765625
2009-12-30,,453.86639404296875,107.6382064819336
2009-12-31,,466.17864990234375,107.6382064819336
2010-01-04,,458.4339599609375,109.03610229492188
2010-01-05,,460.1218566894531,109.83490753173828
2010-01-06,,465.6822204589844,109.83490753173828
2010-01-07,,496.46295166015625,110.43399810791016
2010-01-08,,487.8244323730469,110.23428344726562
2010-01-11,,479.6824645996094,110.8333969116211
2010-01-12,,475.31353759765625,110.13446044921875
2010-01-13,,490.8032531738281,107.83790588378906
2010-01-14,,487.5265808105469,107.53834533691406
2010-01-15,,478.59027099609375,106.34015655517578
2010-01-18,,479.78173828125,107.23882293701172
2010-01-19,,468.1645202636719,106.5398178100586
2010-01-20,,468.6609802246094,104.04358673095703
2010-01-21,,458.73175048828125,102.44599914550781
2010-01-22,,449.7953796386719,101.8469009399414
2010-01-25,,447.80950927734375,99.84988403320312
2010-01-26,,452.87347412109375,98.93128967285156
2010-01-27,,436.8873596191406,97.25381469726562
2010-01-28,,433.9085693359375,96.65469360351562
2010-01-29,,429.8375549316406,99.65020751953125
2010-02-01,,439.2703552246094,100.54884338378906
2010-02-02,,454.7601013183594,101.447509765625
2010-02-03,,454.7601013183594,100.14945220947266
2010-02-04,,437.2845458984375,97.47346496582031
2010-02-05,,416.0359191894531,94.8573989868164
2010-02-08,,406.3052062988281,96.11550903320312
2010-02-09,,407.2982177734375,96.85440063476562
2010-02-10,,410.47552490234375,96.79449462890625
2010-02-11,,408.092529296875,98.2922592163086
2010-02-12,,405.8087463378906,97.97270965576172
2010-02-15,,407.0003356933594,98.45201873779297
2010-02-16,,414.44720458984375,99.05110931396484
2010-02-17,,428.9439697265625,101.6471939086914
2010-02-18,,422.5892333984375,103.04508972167969
2010-02-19,,417.32672119140625,103.84390258789062
2010-02-22,,422.09271240234375,103.84390258789062
2010-02-23,,406.60308837890625,103.44448852539062
2010-02-24,,390.21990966796875,104.04358673095703
2010-02-25,,388.5319519042969,102.74553680419922
2010-02-26,,387.34039306640625,104.64268493652344
2010-03-01,,397.7660827636719,107.83790588378906
2010-03-02,,421.3977355957031,109.83490753173828
2010-03-03,,421.9934997558594,110.8333969116211
2010-03-04,,417.02886962890625,110.13446044921875
2010-03-05,,418.1210632324219,112.1314468383789
2010-03-08,,430.63189697265625,112.6307144165039
2010-03-09,,417.426025390625,113.82889556884766
2010-03-10,,422.09271240234375,116.02558135986328
2010-03-11,,433.6107177734375,115.5263442993164
2010-03-12,,441.5541687011719,116.62469482421875
2010-03-15,,437.8802795410156,117.32363891601562
2010-03-16,,450.09332275390625,117.72303009033203
2010-03-17,,447.0152282714844,118.42196655273438
2010-03-18,,449.69610595703125,118.22228240966797
2010-03-19,,454.2635803222656,119.32064056396484
2010-03-22,,453.4692687988281,118.3221664428711
2010-03-23,,442.84490966796875,119.42047882080078
2010-03-24,,456.4481201171875,120.41899108886719
2010-03-25,,466.3772277832031,121.81689453125
2010-03-26,,462.7034606933594,122.01658630371094
2010-03-29,,457.73876953125,121.71704864501953
2010-03-30,,456.6465759277344,121.4175033569336
2010-03-31,,462.2070007324219,121.61717224121094
2010-04-01,,473.6255798339844,121.4175033569336
2010-04-06,,470.6468811035156,122.91522216796875
2010-04-07,,470.44818115234375,123.41446685791016
2010-04-08,,462.7034606933594,122.21630096435547
2010-04-09,,463.1998291015625,122.61566925048828
2010-04-12,,460.4197082519531,122.41598510742188
2010-04-13,,456.6465759277344,122.01658630371094
2010-04-14,,454.7601013183594,122.51583099365234
2010-04-15,,444.83074951171875,123.81388854980469
2010-04-16,,447.11456298828125,123.21479034423828
2010-04-19,,445.82366943359375,121.4175033569336
2010-04-20,,458.135986328125,122.61566925048828
2010-04-21,,462.40557861328125,121.81689453125
2010-04-22,,476.60443115234375,121.4175033569336
2010-04-23,,494.7749328613281,122.81541442871094
2010-04-26,,503.9097900390625,123.21479034423828
2010-04-27,,483.35626220703125,121.81689453125
2010-04-28,,478.8880920410156,120.41899108886719
2010-04-29,,481.2711486816406,120.61868286132812
2010-04-30,,472.9305114746094,122.61566925048828
2010-05-04,,454.4621276855469,119.81987762451172
2010-05-05,,450.788330078125,117.4234848022461
2010-05-06,,439.6674499511719,115.72602844238281
2010-05-07,,415.53936767578125,112.0315933227539
2010-05-10,,442.6462707519531,116.82439422607422
2010-05-11,,434.0078430175781,116.52484130859375
2010-05-12,,450.6890563964844,118.02259826660156
2010-05-13,,461.71044921875,120.31913757324219
2010-05-14,,445.4264831542969,117.52332305908203
2010-05-17,,436.9866638183594,117.32363891601562
2010-05-18,,443.6391906738281,118.62166595458984
2010-05-19,,426.8588562011719,114.12844848632812
2010-05-20,,408.98614501953125,111.6322021484375
2010-05-21,,411.0713195800781,110.43399810791016
2010-05-24,,408.5889587402344,111.7320327758789
2010-05-25,,384.1629943847656,109.03610229492188
2010-05-26,,390.41845703125,109.93474578857422
2010-05-27,,409.9789733886719,112.6307144165039
2010-05-28,,405.11370849609375,114.22830963134766
2010-06-01,,404.021484375,114.02857208251953
2010-06-02,,397.6668395996094,113.5408706665039
2010-06-03,,403.7235412597656,115.837646484375
2010-06-04,,386.5460510253906,113.64073944091797
2010-06-07,,376.120361328125,111.74337005615234
2010-06-08,,356.9568176269531,110.44520568847656
2010-06-09,,361.6236267089844,111.74337005615234
2010-06-10,,358.5455017089844,111.94309997558594
2010-06-11,,364.006591796875,113.04157257080078
2010-06-14,,361.82220458984375,115.4382095336914
2010-06-15,,365.6945495605469,115.63793182373047
2010-06-16,,361.7228698730469,116.83626556396484
2010-06-17,,362.61651611328125,116.63654327392578
2010-06-18,,373.1414794921875,118.23429870605469
2010-06-21,,368.87188720703125,118.73358154296875
2010-06-22,,378.9004821777344,118.13443756103516
2010-06-23,,380.6877136230469,116.63654327392578
2010-06-24,,384.75872802734375,114.04015350341797
2010-06-25,,377.80828857421875,111.84325408935547
2010-06-28,,384.063720703125,114.1400375366211
2010-06-29,,358.4461669921875,111.14424896240234
2010-06-30,,347.5240478515625,111.14424896240234
2010-07-01,,339.679931640625,106.4508056640625
2010-07-02,,340.7720947265625,108.34814453125
2010-07-05,,346.03466796875,108.94733428955078
2010-07-06,,367.5811767578125,111.04438018798828
2010-07-07,,371.9500427246094,111.64354705810547
2010-07-08,,385.2552185058594,113.74060821533203
2010-07-09,,383.66656494140625,114.63935089111328
2010-07-12,,385.6523742675781,115.9375228881836
2010-07-13,,395.9787902832031,117.73497772216797
2010-07-14,,387.2410888671875,117.9346923828125
2010-07-15,,382.9715270996094,116.73639678955078
2010-07-16,,374.9288024902344,115.9375228881836
2010-07-19,,357.75115966796875,116.13725280761719
2010-07-20,,350.60211181640625,115.837646484375
2010-07-21,,353.28302001953125,118.53388214111328
2010-07-22,,364.9002685546875,119.93191528320312
2010-07-23,,366.6875,120.83064270019531
2010-07-26,,367.6804504394531,121.82926177978516
2010-07-27,,367.08477783203125,121.82926177978516
2010-07-28,,353.68017578125,120.23151397705078
2010-07-29,,358.7441711425781,120.53107452392578
2010-07-30,,350.60211181640625,118.13443756103516
2010-08-02,,372.5457763671875,121.23009490966797
2010-08-03,,377.0139465332031,119.7322006225586
2010-08-04,,380.78704833984375,119.1330337524414
2010-08-05,,388.13470458984375,118.63372039794922
2010-08-06,,382.3757019042969,117.6351318359375
2010-08-09,,390.0212097167969,119.23290252685547
2010-08-10,,370.75848388671875,118.9333267211914
2010-08-11,,358.1483459472656,116.13725280761719
2010-08-12,,345.1410827636719,116.43682098388672
2010-08-13,,344.3466491699219,115.73779296875
2010-08-16,,341.9636535644531,115.9375228881836
2010-08-17,,343.85028076171875,117.23570251464844
2010-08-18,,341.56646728515625,117.83487701416016
2010-08-19,,339.679931640625,116.43682098388672
2010-08-20,,336.1053771972656,116.23707580566406
2010-08-23,,344.1480712890625,116.53667449951172
2010-08-24,,345.637451171875,113.5408706665039
2010-08-25,,344.8431396484375,114.04015350341797
2010-08-26,,362.31866455078125,113.04157257080078
2010-08-27,,364.40374755859375,113.44100952148438
2010-08-31,,360.630615234375,114.23990631103516
2010-09-01,,375.42529296875,116.23707580566406
2010-09-02,,389.0282897949219,117.43540954589844
2010-09-03,,389.8227233886719,119.93191528320312
2010-09-06,,394.09228515625,121.03036499023438
2010-09-07,,393.89373779296875,120.13162994384766
2010-09-08,,386.44677734375,120.43122100830078
2010-09-09,,396.8724670410156,120.63094329833984
2010-09-10,,404.91522216796875,121.03036499023438
2010-09-13,,408.5889587402344,122.52827453613281
2010-09-14,,396.1774597167969,122.42842102050781
2010-09-15,,396.4752502441406,122.32854461669922
2010-09-16,,394.489501953125,121.72940063476562
2010-09-17,,396.4752502441406,122.12885284423828
2010-09-20,,400.94342041015625,124.82505798339844
2010-09-21,,403.7235412597656,125.72381591796875
2010-09-22,,395.5816650390625,125.32435607910156
2010-09-23,,396.078125,125.12464904785156
2010-09-24,,403.6243591308594,126.22309875488281
2010-09-27,,401.6385192871094,125.92353057861328
2010-09-28,,401.5392150878906,125.92353057861328
2010-09-29,,399.6527099609375,126.7223892211914
2010-09-30,,396.57452392578125,127.82086181640625
2010-10-01,,390.41845703125,128.22032165527344
2010-10-04,,388.7304382324219,127.82086181640625
2010-10-05,,391.2127380371094,129.11904907226562
2010-10-06,,390.12054443359375,130.01779174804688
2010-10-07,,373.83660888671875,129.8180389404297
2010-10-08,,371.75146484375,127.82086181640625
2010-10-11,,375.5245666503906,129.7182159423828
2010-10-12,,366.78680419921875,128.61972045898438
2010-10-13,,378.9998474121094,131.61557006835938
2010-10-14,,379.49627685546875,130.51705932617188
2010-10-15,,375.8224182128906,129.8180389404297
2010-10-18,,383.4679870605469,129.6183319091797
2010-10-19,,367.382568359375,130.4171905517578
2010-10-20,,357.45330810546875,130.71682739257812
2010-10-21,,356.0631408691406,131.4158172607422
2010-10-22,,354.0773010253906,132.3145751953125
2010-10-25,,354.77239990234375,134.01220703125
2010-10-26,,355.36810302734375,133.1134796142578
2010-10-27,,350.9992980957031,131.1162109375
2010-10-28,,346.33245849609375,132.21469116210938
2010-10-29,,338.5876770019531,131.8152618408203
2010-11-01,,337.1976623535156,132.3145751953125
2010-11-02,,340.573486328125,133.9123077392578
2010-11-03,,334.1487731933594,132.7139892578125
2010-11-04,,359.6691589355469,134.711181640625
2010-11-05,,358.3782653808594,134.61131286621094
2010-11-08,,360.66217041015625,136.40879821777344
2010-11-09,,369.4007873535156,136.40879821777344
2010-11-10,,368.2090148925781,135.21054077148438
2010-11-11,,357.6831970214844,134.61131286621094
2010-11-12,,357.6831970214844,133.7125701904297
2010-11-15,,354.8034973144531,134.01220703125
2010-11-16,,354.1082458496094,129.6183319091797
2010-11-17,,347.9516296386719,127.832275390625
2010-11-18,,354.8034973144531,129.6299285888672
2010-11-19,,350.5335388183594,129.1305694580078
2010-11-22,,348.5473937988281,128.13185119628906
2010-11-23,,336.035400390625,126.43412017822266
2010-11-24,,348.3487548828125,127.832275390625
2010-11-25,,356.19366455078125,130.0294189453125
2010-11-26,,357.08734130859375,130.32899475097656
2010-11-29,,342.6886901855469,129.8296356201172
2010-11-30,,336.2341003417969,131.2278289794922
2010-12-01,,342.88726806640625,133.22518920898438
2010-12-02,,369.6986389160156,136.3211212158203
2010-12-03,,375.6567077636719,137.5195770263672
2010-12-06,,380.0259094238281,139.41709899902344
2010-12-07,,413.4903869628906,139.6168212890625
2010-12-08,,407.43310546875,138.31851196289062
2010-12-09,,424.4135437011719,139.41709899902344
2010-12-10,,414.88067626953125,139.3172149658203
2010-12-13,,404.0567932128906,140.41575622558594
2010-12-14,,424.2149963378906,140.8152313232422
2010-12-15,,408.52545166015625,140.51568603515625
2010-12-16,,411.1072082519531,139.91641235351562
2010-12-17,,409.71697998046875,140.1161346435547
2010-12-20,,406.0428466796875,140.21607971191406
2010-12-21,,409.5184326171875,141.61419677734375
2010-12-22,,413.4903869628906,141.41445922851562
2010-12-23,,416.1716613769531,140.8152313232422
2010-12-24,,407.2344970703125,140.21607971191406
2010-12-29,,423.3212585449219,140.51568603515625
2010-12-30,,422.03033447265625,140.01629638671875
2010-12-31,,413.8876647949219,141.41445922851562
2011-01-04,,426.79681396484375,142.31326293945312
2011-01-05,,440.50042724609375,141.1148681640625
2011-01-06,,447.3522033691406,140.71534729003906
2011-01-07,,434.64166259765625,139.91641235351562
2011-01-10,,434.44305419921875,139.21730041503906
2011-01-11,,437.3228454589844,140.6155242919922
2011-01-12,,429.0807189941406,142.7127685546875
2011-01-13,,432.9534606933594,141.61419677734375
2011-01-14,,434.64166259765625,141.8138885498047
2011-01-17,,432.65570068359375,141.91378784179688
2011-01-18,,455.8921203613281,143.31198120117188
2011-01-19,,439.8053283691406,142.51300048828125
2011-01-20,,422.03033447265625,140.91513061523438
2011-01-21,,419.1506042480469,140.6155242919922
2011-01-24,,420.8387756347656,141.01498413085938
2011-01-25,,416.37017822265625,140.6155242919922
2011-01-26,,420.0442810058594,141.8138885498047
2011-01-27,,415.97296142578125,143.01235961914062
2011-01-28,,399.3897399902344,141.91378784179688
2011-01-31,,405.7449645996094,140.8152313232422
2011-02-01,,401.67364501953125,142.1135711669922
2011-02-02,,399.5882873535156,142.6129608154297
2011-02-03,,396.2120666503906,141.8138885498047
2011-02-04,,417.56182861328125,142.31326293945312
2011-02-07,,427.39263916015625,144.21080017089844
2011-02-08,,434.44305419921875,144.1109161376953
2011-02-09,,430.07379150390625,143.81134033203125
2011-02-10,,431.5632629394531,142.6129608154297
2011-02-11,,441.6920471191406,145.5091552734375
2011-02-14,,433.54931640625,147.4066162109375
2011-02-15,,430.4710388183594,146.5077362060547
2011-02-16,,430.9674987792969,148.305419921875
2011-02-17,,436.0318603515625,148.10568237304688
2011-02-18,,436.9255676269531,148.10568237304688
2011-02-21,,435.2374267578125,147.0071258544922
2011-02-22,,434.0457763671875,146.5077362060547
2011-02-23,,439.5073547363281,141.8138885498047
2011-02-24,,442.7843322753906,140.31588745117188
2011-02-25,,459.9634704589844,145.10958862304688
2011-02-28,,467.1131896972656,143.81134033203125
2011-03-01,,448.742431640625,140.71534729003906
2011-03-02,,447.4515686035156,139.21730041503906
2011-03-03,,447.6799011230469,141.91378784179688
2011-03-04,,456.6865234375,142.81263732910156
2011-03-07,,454.1047058105469,142.81263732910156
2011-03-08,,454.8991394042969,143.71148681640625
2011-03-09,,461.5523376464844,141.01498413085938
2011-03-10,,451.9201354980469,140.01629638671875
2011-03-11,,437.5213928222656,139.21730041503906
2011-03-14,,437.3228454589844,140.01629638671875
2011-03-15,,432.1590881347656,138.21865844726562
2011-03-16,,421.2359924316406,137.2199249267578
2011-03-17,,444.07525634765625,137.7193145751953
2011-03-18,,446.75634765625,137.41969299316406
2011-03-21,,453.3102722167969,139.8165740966797
2011-03-22,,451.32421875,139.21730041503906
2011-03-23,,458.87115478515625,139.8165740966797
2011-03-24,,475.653076171875,142.51300048828125
2011-03-25,,464.4320983886719,145.80868530273438
2011-03-28,,462.3467102050781,146.40792846679688
2011-03-29,,458.1760559082031,145.80868530273438
2011-03-30,,449.834716796875,147.60635375976562
2011-03-31,,441.89056396484375,148.20553588867188
2011-04-01,,448.64306640625,149.50384521484375
2011-04-04,,460.1620178222656,149.4039764404297
2011-04-05,,460.55926513671875,148.10568237304688
2011-04-06,,458.9704895019531,148.80477905273438
2011-04-07,,454.30328369140625,148.305419921875
2011-04-08,,454.5366516113281,148.80477905273438
2011-04-11,,440.3017272949219,148.50518798828125
2011-04-12,,437.1241455078125,146.40792846679688
2011-04-13,,440.2025451660156,146.80740356445312
2011-04-14,,443.5787353515625,145.90855407714844
2011-04-15,,445.7633972167969,146.80740356445312
2011-04-18,,438.11712646484375,143.91116333007812
2011-04-19,,453.90606689453125,144.51043701171875
2011-04-20,,461.3537292480469,147.60635375976562
2011-04-21,,466.6166076660156,147.80609130859375
2011-04-26,,476.34820556640625,150.60240173339844
2011-04-27,,469.0992431640625,150.10305786132812
2011-04-28,,479.7244567871094,151.2016143798828
2011-04-29,,479.7244567871094,151.2016143798828
2011-05-03,,486.8740234375,152.5997772216797
2011-05-04,,479.6690979003906,149.50384521484375
2011-05-05,,478.6760559082031,147.60635375976562
2011-05-06,,482.15185546875,148.60504150390625
2011-05-09,,481.9532775878906,147.80609130859375
2011-05-10,,493.96978759765625,149.6037139892578
2011-05-11,,499.03466796875,148.4052734375
2011-05-12,,497.5450439453125,147.60635375976562
2011-05-13,,493.8705749511719,149.00450134277344
2011-05-16,,486.2236022949219,148.90464782714844
2011-05-17,,472.91595458984375,146.0084228515625
2011-05-18,,481.8539733886719,147.3067626953125
2011-05-19,,484.6346740722656,148.90464782714844
2011-05-20,,481.9532775878906,148.80477905273438
2011-05-23,,466.3616027832031,146.60765075683594
2011-05-24,,466.95745849609375,146.80740356445312
2011-05-25,,470.433349609375,146.0084228515625
2011-05-26,,468.7449951171875,145.10958862304688
2011-05-27,,476.093994140625,145.80868530273438
2011-05-31,,473.90924072265625,147.60635375976562
2011-06-01,,470.33392333984375,146.81971740722656
2011-06-02,,463.0842590332031,145.82093811035156
2011-06-03,,461.892578125,146.52003479003906
2011-06-06,,460.10504150390625,146.91958618164062
2011-06-07,,455.8345642089844,146.91958618164062
2011-06-08,,447.8898010253906,145.82093811035156
2011-06-09,,451.66357421875,146.4202117919922
2011-06-10,,452.16015625,144.92202758789062
2011-06-13,,457.32427978515625,144.92202758789062
2011-06-14,,465.0705261230469,144.22291564941406
2011-06-15,,464.77264404296875,141.62608337402344
2011-06-16,,452.4580993652344,142.0255889892578
2011-06-17,,452.75604248046875,142.32518005371094
2011-06-20,,454.24566650390625,142.32518005371094
2011-06-21,,460.3036193847656,143.5237274169922
2011-06-22,,463.7794189453125,143.7235565185547
2011-06-23,,448.8829345703125,141.52622985839844
2011-06-24,,458.61529541015625,143.22415161132812
2011-06-27,,466.659423828125,144.4226531982422
2011-06-28,,474.70361328125,146.22044372558594
2011-06-29,,471.6250305175781,148.81727600097656
2011-06-30,,478.9739074707031,151.8135528564453
2011-07-01,,479.17266845703125,153.8111114501953
2011-07-04,,488.30914306640625,153.711181640625
2011-07-05,,488.0111999511719,153.711181640625
2011-07-06,,491.6856384277344,154.21063232421875
2011-07-07,,493.6719665527344,156.00840759277344
2011-07-08,,482.64849853515625,154.31051635742188
2011-07-11,,470.5325622558594,153.711181640625
2011-07-12,,469.83740234375,151.91346740722656
2011-07-13,,474.9022521972656,152.3129425048828
2011-07-14,,471.32708740234375,151.8135528564453
2011-07-15,,476.4911804199219,151.61387634277344
2011-07-18,,456.4305419921875,149.7161102294922
2011-07-19,,454.841552734375,151.0145721435547
2011-07-20,,460.6015319824219,152.9122314453125
2011-07-21,,469.2415466308594,152.8123321533203
2011-07-22,,463.4815368652344,153.4115753173828
2011-07-25,,458.8139953613281,151.5139617919922
2011-07-26,,454.74224853515625,151.31419372558594
2011-07-27,,454.04705810546875,148.41773986816406
2011-07-28,,456.92706298828125,148.31785583496094
2011-07-29,,458.61529541015625,146.02066040039062
2011-08-01,,442.7256774902344,145.82093811035156
2011-08-02,,439.15045166015625,144.52255249023438
2011-08-03,,428.32562255859375,140.92694091796875
2011-08-04,,403.6966857910156,137.83070373535156
2011-08-05,,401.7105712890625,134.13528442382812
2011-08-08,,382.94085693359375,130.53970336914062
2011-08-09,,391.08428955078125,132.83689880371094
2011-08-10,,392.07733154296875,129.0415496826172
2011-08-11,,400.32012939453125,134.83441162109375
2011-08-12,,417.6994934082031,138.8295135498047
2011-08-15,,415.6138610839844,140.52748107910156
2011-08-16,,410.44976806640625,137.5311279296875
2011-08-17,,406.3780517578125,135.53355407714844
2011-08-18,,375.5918884277344,127.3436279296875
2011-08-19,,371.4208984375,125.94532012939453
2011-08-22,,380.4581298828125,127.64327239990234
2011-08-23,,393.26910400390625,127.04397583007812
2011-08-24,,405.8815002441406,128.84182739257812
2011-08-25,,427.5310974121094,128.74192810058594
2011-08-26,,427.5310974121094,128.64202880859375
2011-08-30,,437.56158447265625,133.23638916015625
2011-08-31,,451.16705322265625,139.32891845703125
2011-09-01,,452.75604248046875,138.92941284179688
2011-09-02,,442.3284606933594,134.2351531982422
2011-09-05,,431.30499267578125,129.34117126464844
2011-09-06,,433.29119873046875,132.93675231933594
2011-09-07,,442.6263732910156,137.63099670410156
2011-09-08,,446.5987854003906,137.83070373535156
2011-09-09,,433.19189453125,133.43617248535156
2011-09-12,,429.1201171875,129.6408233642578
2011-09-13,,427.2332458496094,131.63839721679688
2011-09-14,,434.18499755859375,132.73699951171875
2011-09-15,,452.75604248046875,135.53355407714844
2011-09-16,,451.2663879394531,136.73211669921875
2011-09-19,,437.164306640625,134.6346435546875
2011-09-20,,458.8139953613281,135.43370056152344
2011-09-21,,466.75885009765625,132.43739318847656
2011-09-22,,451.36566162109375,127.24376678466797
2011-09-23,,457.1256408691406,126.14509582519531
2011-09-26,,453.0539855957031,127.04397583007812
2011-09-27,,457.1256408691406,129.7406768798828
2011-09-28,,454.54364013671875,130.24008178710938
2011-09-29,,457.0263977050781,128.64202880859375
2011-09-30,,452.35882568359375,124.44718170166016
2011-10-03,,446.40020751953125,122.05012512207031
2011-10-04,,436.9656677246094,117.15614318847656
2011-10-05,,458.8139953613281,119.7529525756836
2011-10-06,,480.5628967285156,123.44840240478516
2011-10-07,,481.6553649902344,123.64814758300781
2011-10-10,,490.3946533203125,126.64449310302734
2011-10-11,,481.754638671875,128.04273986816406
2011-10-12,,485.2304992675781,130.33995056152344
2011-10-13,,482.8470458984375,128.5421142578125
2011-10-14,,481.9532775878906,130.6396026611328
2011-10-17,,480.06634521484375,130.0403289794922
2011-10-18,,486.2236022949219,128.4422607421875
2011-10-19,,489.30218505859375,131.23886108398438
2011-10-20,,483.542236328125,129.2412872314453
2011-10-21,,483.0458068847656,130.33995056152344
2011-10-24,,499.53118896484375,132.1377716064453
2011-10-25,,503.5035705566406,132.63710021972656
2011-10-26,,504.9933166503906,131.53843688964844
2011-10-27,,514.9244995117188,134.13528442382812
2011-10-28,,506.9795227050781,136.2327117919922
2011-10-31,,494.26776123046875,131.4385986328125
2011-11-01,,484.4360046386719,127.24376678466797
2011-11-02,,495.798095703125,128.14260864257812
2011-11-03,,513.476806640625,130.4397735595703
2011-11-04,,499.0755615234375,130.4397735595703
2011-11-07,,492.9178161621094,128.34239196777344
2011-11-08,,486.6607971191406,131.23886108398438
2011-11-09,,482.7873840332031,128.1547088623047
2011-11-10,,475.63641357421875,125.4577865600586
2011-11-11,,483.1846618652344,127.35564422607422
2011-11-14,,488.2499084472656,127.95494079589844
2011-11-15,,489.8389587402344,126.45665740966797
2011-11-16,,494.1096496582031,126.35675811767578
2011-11-17,,497.0892333984375,124.55880737304688
2011-11-18,,491.6266784667969,121.26254272460938
2011-11-21,,473.25274658203125,118.0661849975586
2011-11-22,,464.2148132324219,117.26708984375
2011-11-23,,456.269287109375,115.26934814453125
2011-11-24,,458.55364990234375,114.57012939453125
2011-11-25,,460.3413391113281,115.76876068115234
2011-11-28,,474.0473327636719,119.56446075439453
2011-11-29,,486.760009765625,120.16378021240234
2011-11-30,,489.8389587402344,124.85847473144531
2011-12-01,,491.5273742675781,123.85961151123047
2011-12-02,,506.5245666503906,126.35675811767578
2011-12-05,,488.0511779785156,128.85398864746094
2011-12-06,,484.8730163574219,128.4543914794922
2011-12-07,,476.8282775878906,125.85735321044922
2011-12-08,,467.790283203125,122.66095733642578
2011-12-09,,478.4173583984375,123.16038513183594
2011-12-12,,465.8039245605469,119.66437530517578
2011-12-13,,473.0541076660156,117.96626281738281
2011-12-14,,458.55364990234375,114.76990509033203
2011-12-15,,465.70452880859375,114.57012939453125
2011-12-16,,456.96453857421875,115.36922454833984
2011-12-19,,443.1593017578125,112.87206268310547
2011-12-20,,454.282958984375,113.87091827392578
2011-12-21,,456.76593017578125,114.27047729492188
2011-12-22,,461.1358642578125,115.56901550292969
2011-12-23,,458.1563415527344,116.5678482055664
2011-12-28,,458.35504150390625,116.76762390136719
2011-12-29,,460.937255859375,116.9674301147461
2011-12-30,,466.7970275878906,117.86640930175781
2012-01-03,,468.286865234375,119.8641357421875
2012-01-04,,468.9820861816406,118.96515655517578
2012-01-05,,469.7766418457031,118.26593780517578
2012-01-06,,477.7220153808594,119.46458435058594
2012-01-09,,503.04833984375,118.86526489257812
2012-01-10,,503.04833984375,120.26368713378906
2012-01-11,,496.294677734375,121.76197814941406
2012-01-12,,512.9801635742188,122.76085662841797
2012-01-13,,511.987060546875,123.16038513183594
2012-01-16,,515.959716796875,124.35903930664062
2012-01-17,,516.4563598632812,126.45665740966797
2012-01-18,,518.9392700195312,127.45552062988281
2012-01-19,,517.9461059570312,130.8516845703125
2012-01-20,,517.4496459960938,129.852783203125
2012-01-23,,520.9257202148438,129.7529296875
2012-01-24,,515.959716796875,128.35450744628906
2012-01-25,,511.4903869628906,128.85398864746094
2012-01-26,,514.9664916992188,132.74952697753906
2012-01-27,,514.469970703125,133.24896240234375
2012-01-30,,511.4903869628906,131.85055541992188
2012-01-31,,522.912109375,131.75067138671875
2012-02-01,,529.36767578125,132.2500762939453
2012-02-02,,526.3882446289062,133.1490936279297
2012-02-03,,544.7622680664062,136.44532775878906
2012-02-06,,546.251953125,135.64622497558594
2012-02-07,,556.6803588867188,135.74610900878906
2012-02-08,,542.2791748046875,134.8471221923828
2012-02-09,,545.2587280273438,135.64622497558594
2012-02-10,,547.2452392578125,135.4464874267578
2012-02-13,,555.1905517578125,137.24440002441406
2012-02-14,,558.1701049804688,137.44419860839844
2012-02-15,,563.632568359375,139.64173889160156
2012-02-16,,561.149658203125,138.0435333251953
2012-02-17,,583.9929809570312,138.1434326171875
2012-02-20,,604.8497314453125,138.0435333251953
2012-02-21,,599.884033203125,137.74386596679688
2012-02-22,,608.325927734375,137.44419860839844
2012-02-23,,617.2647705078125,138.0435333251953
2012-02-24,,603.8566284179688,138.74269104003906
2012-02-27,,622.72705078125,138.1434326171875
2012-02-28,,701.6853637695312,139.24212646484375
2012-02-29,,670.8967895507812,139.24212646484375
2012-03-01,,669.9034423828125,138.54296875
2012-03-02,,650.039794921875,140.04127502441406
2012-03-05,,638.6181030273438,138.0435333251953
2012-03-06,,630.176025390625,134.34774780273438
2012-03-07,,650.5362548828125,134.8471221923828
2012-03-08,,657.4885864257812,137.04464721679688
2012-03-09,,665.9307861328125,139.44195556640625
2012-03-12,,665.4342651367188,139.24212646484375
2012-03-13,,675.365966796875,140.4407958984375
2012-03-14,,668.9103393554688,141.73936462402344
2012-03-15,,676.855712890625,141.73936462402344
2012-03-16,,673.8761596679688,142.03900146484375
2012-03-19,,666.9239501953125,141.53958129882812
2012-03-20,,655.5022583007812,139.5418243408203
2012-03-21,,670.8967895507812,140.34088134765625
2012-03-22,,656.49560546875,140.24107360839844
2012-03-23,,637.1283569335938,140.74044799804688
2012-03-26,,657.9852905273438,142.13890075683594
2012-03-27,,656.9921264648438,143.63717651367188
2012-03-28,,652.0261840820312,142.4385528564453
2012-03-29,,635.1420288085938,140.34088134765625
2012-03-30,,635.6384887695312,141.43968200683594
2012-04-02,,640.1079711914062,143.23765563964844
2012-04-03,,630.6724243164062,142.13890075683594
2012-04-04,,614.2850952148438,139.44195556640625
2012-04-05,,623.7203979492188,140.4407958984375
2012-04-10,,610.8090209960938,137.94361877441406
2012-04-11,,630.6724243164062,139.1422882080078
2012-04-12,,632.6590576171875,140.74044799804688
2012-04-13,,635.1420288085938,139.84146118164062
2012-04-16,,621.7339477539062,139.44195556640625
2012-04-17,,636.1351318359375,140.54071044921875
2012-04-18,,630.176025390625,140.54071044921875
2012-04-19,,645.5703125,139.24212646484375
2012-04-20,,636.6317749023438,139.24212646484375
2012-04-23,,613.7884521484375,135.8459930419922
2012-04-24,,621.2374267578125,136.3454132080078
2012-04-25,,620.7408447265625,136.0457763671875
2012-04-26,,634.148681640625,136.24557495117188
2012-04-27,,635.6384887695312,137.74386596679688
2012-04-30,,624.2169189453125,138.24330139160156
2012-05-01,,623.7203979492188,139.34207153320312
2012-05-02,,628.189697265625,137.74386596679688
2012-05-03,,621.7339477539062,137.84371948242188
2012-05-04,,585.482666015625,134.94705200195312
2012-05-08,,559.6598510742188,130.7518310546875
2012-05-09,,560.2162475585938,132.05027770996094
2012-05-10,,586.0418090820312,132.15023803710938
2012-05-11,,590.5114135742188,134.04806518554688
2012-05-14,,570.6456298828125,131.85055541992188
2012-05-15,,544.323486328125,131.65081787109375
2012-05-16,,566.17578125,132.34999084472656
2012-05-17,,559.719482421875,130.55201721191406
2012-05-18,,546.3101196289062,129.25347900390625
2012-05-21,,544.8201904296875,127.25576782226562
2012-05-22,,568.1624145507812,127.65531158447266
2012-05-23,,552.2698364257812,124.65870666503906
2012-05-24,,554.7530517578125,128.6541748046875
2012-05-25,,546.8067626953125,128.5542449951172
2012-05-29,,571.6388549804688,131.65081787109375
2012-05-30,,561.20947265625,128.4676513671875
2012-05-31,,564.1893920898438,127.9681167602539
2012-06-01,,528.430908203125,125.57061767578125
2012-06-06,,549.2899780273438,128.26783752441406
2012-06-07,,582.5651245117188,131.26478576660156
2012-06-08,,588.0283813476562,131.66439819335938
2012-06-11,,587.5316162109375,130.6654052734375
2012-06-12,,572.6321411132812,128.36776733398438
2012-06-13,,566.6724853515625,129.26681518554688
2012-06-14,,563.692626953125,128.26783752441406
2012-06-15,,576.1089477539062,128.26783752441406
2012-06-18,,586.0418090820312,127.3687744140625
2012-06-19,,589.5182495117188,130.36570739746094
2012-06-20,,609.880615234375,131.96405029296875
2012-06-21,,604.4175415039062,132.36363220214844
2012-06-22,,599.4509887695312,129.86618041992188
2012-06-25,,585.0485229492188,128.26783752441406
2012-06-26,,583.5584716796875,128.86729431152344
2012-06-27,,583.5584716796875,130.8651885986328
2012-06-28,,566.17578125,129.16690063476562
2012-06-29,,604.9141235351562,132.46356201171875
2012-07-02,,630.73974609375,135.06085205078125
2012-07-03,,617.3304443359375,137.65818786621094
2012-07-04,,621.8001708984375,137.65818786621094
2012-07-05,,634.2161254882812,137.4583740234375
2012-07-06,,634.2161254882812,135.9599609375
2012-07-09,,626.7665405273438,135.66021728515625
2012-07-10,,626.2699584960938,136.4594268798828
2012-07-11,,618.3236083984375,134.76116943359375
2012-07-12,,620.8068237304688,132.1638946533203
2012-07-13,,630.73974609375,132.46356201171875
2012-07-16,,643.6525268554688,131.86416625976562
2012-07-17,,636.2029418945312,131.46456909179688
2012-07-18,,640.1761474609375,131.26478576660156
2012-07-19,,657.5586547851562,131.26478576660156
2012-07-20,,647.1292114257812,130.36570739746094
2012-07-23,,613.8538818359375,128.76736450195312
2012-07-24,,612.860595703125,128.26783752441406
2012-07-25,,601.934326171875,126.86929321289062
2012-07-26,,627.760009765625,129.06703186035156
2012-07-27,,633.2230224609375,131.66439819335938
2012-07-30,,620.310302734375,132.7632293701172
2012-07-31,,611.3704833984375,133.06288146972656
2012-08-01,,620.310302734375,133.16282653808594
2012-08-02,,617.8270874023438,132.2637176513672
2012-08-03,,635.2095947265625,135.16075134277344
2012-08-06,,640.6726684570312,136.7591094970703
2012-08-07,,636.2029418945312,137.05880737304688
2012-08-08,,639.679443359375,137.3584747314453
2012-08-09,,653.5853881835938,138.05775451660156
2012-08-10,,654.5787353515625,137.15870666503906
2012-08-13,,651.5989379882812,137.65818786621094
2012-08-14,,663.5183715820312,138.15768432617188
2012-08-15,,677.921142578125,137.65818786621094
2012-08-16,,678.4176025390625,137.75808715820312
2012-08-17,,689.3438110351562,138.4573516845703
2012-08-20,,700.270263671875,138.55723571777344
2012-08-21,,692.3238525390625,140.25555419921875
2012-08-22,,685.3707885742188,139.6561279296875
2012-08-23,,688.8472290039062,138.65713500976562
2012-08-24,,690.337158203125,137.8579559326172
2012-08-28,,691.8272094726562,136.9589385986328
2012-08-29,,690.8339233398438,136.9589385986328
2012-08-30,,692.3238525390625,135.16075134277344
2012-08-31,,693.317138671875,135.26068115234375
2012-09-03,,729.07568359375,135.66021728515625
2012-09-04,,729.07568359375,135.06085205078125
2012-09-05,,742.4850463867188,133.96200561523438
2012-09-06,,755.8944091796875,137.15870666503906
2012-09-07,,750.9278564453125,139.55624389648438
2012-09-10,,754.9010620117188,139.8558807373047
2012-09-11,,740.4984130859375,140.35533142089844
2012-09-12,,734.0421142578125,139.95582580566406
2012-09-13,,769.3038940429688,140.45530700683594
2012-09-14,,784.7000122070312,143.75193786621094
2012-09-17,,775.2636108398438,143.75193786621094
2012-09-18,,754.404541015625,143.55209350585938
2012-09-19,,753.4111328125,143.95167541503906
2012-09-20,,759.3710327148438,142.85281372070312
2012-09-21,,766.3240966796875,142.85281372070312
2012-09-24,,765.3306884765625,142.25341796875
2012-09-25,,773.2770385742188,142.85281372070312
2012-09-26,,750.431396484375,140.0557098388672
2012-09-27,,749.9346313476562,140.15562438964844
2012-09-28,,753.4111328125,139.2565155029297
2012-10-01,,755.8944091796875,141.85382080078125
2012-10-02,,759.8676147460938,140.9547882080078
2012-10-03,,749.9346313476562,141.55418395996094
2012-10-04,,748.4447631835938,142.4532470703125
2012-10-05,,749.43798828125,145.2503204345703
2012-10-08,,746.4581909179688,144.45120239257812
2012-10-09,,734.0421142578125,143.55209350585938
2012-10-10,,729.5723266601562,142.85281372070312
2012-10-11,,747.9481811523438,142.4532470703125
2012-10-12,,734.0421142578125,141.95376586914062
2012-10-15,,741.4918212890625,141.85382080078125
2012-10-16,,780.7266845703125,143.85182189941406
2012-10-17,,786.1897583007812,143.75193786621094
2012-10-18,,792.6461791992188,143.352294921875
2012-10-19,,803.5723876953125,143.15252685546875
2012-10-22,,788.673095703125,140.9547882080078
2012-10-23,,785.6931762695312,140.15562438964844
2012-10-24,,775.2636108398438,138.55723571777344
2012-10-25,,784.203125,139.7560272216797
2012-10-26,,779.7334594726562,139.00680541992188
2012-10-29,,792.6461791992188,140.35533142089844
2012-10-30,,794.6329345703125,141.45428466796875
2012-10-31,,789.6664428710938,141.25448608398438
2012-11-01,,810.0287475585938,141.65406799316406
2012-11-02,,799.1025390625,142.5531463623047
2012-11-05,,795.6260375976562,141.35435485839844
2012-11-06,,797.6126708984375,142.75296020507812
2012-11-07,,776.7534790039062,138.77001953125
2012-11-08,,774.2703857421875,138.4703369140625
2012-11-09,,761.854248046875,137.6710968017578
2012-11-12,,761.854248046875,136.871826171875
2012-11-13,,761.3574829101562,137.1715545654297
2012-11-14,,752.91455078125,136.17250061035156
2012-11-15,,747.9481811523438,134.8737030029297
2012-11-16,,740.0018310546875,133.3750762939453
2012-11-19,,748.4447631835938,137.27145385742188
2012-11-20,,773.2770385742188,138.07070922851562
2012-11-21,,773.2770385742188,139.16969299316406
2012-11-22,,773.7735595703125,140.46847534179688
2012-11-23,,765.3306884765625,141.26773071289062
2012-11-26,,754.404541015625,141.16783142089844
2012-11-27,,752.4179077148438,142.66647338867188
2012-11-28,,766.8206787109375,142.56651306152344
2012-11-29,,791.1563720703125,145.06417846679688
2012-11-30,,795.6260375976562,145.86343383789062
2012-12-03,,788.176513671875,145.16404724121094
2012-12-04,,782.7132568359375,146.16314697265625
2012-12-05,,778.7401123046875,146.26303100585938
2012-12-06,,781.7200317382812,144.86436462402344
2012-12-07,,792.6461791992188,146.16314697265625
2012-12-10,,783.70654296875,146.3629913330078
2012-12-11,,784.203125,147.56179809570312
2012-12-12,,788.673095703125,148.86061096191406
2012-12-13,,786.1897583007812,148.26116943359375
2012-12-14,,796.1227416992188,148.6608123779297
2012-12-17,,791.6530151367188,148.1612548828125
2012-12-18,,806.5523071289062,149.8596954345703
2012-12-19,,806.5523071289062,151.25833129882812
2012-12-20,,814.498779296875,150.45909118652344
2012-12-21,,795.12939453125,150.05950927734375
2012-12-24,,803.0758056640625,149.8596954345703
2012-12-27,,798.6058959960938,149.8596954345703
2012-12-28,,794.6329345703125,150.45909118652344
2012-12-31,,794.6329345703125,150.25927734375
2013-01-02,,814.9952392578125,153.2564697265625
2013-01-03,,816.9818115234375,153.8559112548828
2013-01-04,,823.4381713867188,154.95494079589844
2013-01-07,,831.384521484375,154.7550811767578
2013-01-08,,830.391357421875,154.05575561523438
2013-01-09,,829.8945922851562,155.0548095703125
2013-01-10,,841.3174438476562,155.0548095703125
2013-01-11,,864.6597900390625,156.0538787841797
2013-01-14,,857.210205078125,157.05291748046875
2013-01-15,,868.1362915039062,157.05291748046875
2013-01-16,,867.14306640625,157.25274658203125
2013-01-17,,865.1563720703125,158.25180053710938
2013-01-18,,882.5391235351562,159.85032653808594
2013-01-21,,879.55908203125,160.84938049316406
2013-01-22,,851.7470703125,160.7494659423828
2013-01-23,,834.8610229492188,161.84844970703125
2013-01-24,,859.693359375,163.84658813476562
2013-01-25,,868.6329345703125,164.84564208984375
2013-01-28,,858.7001342773438,166.24432373046875
2013-01-29,,849.7604370117188,165.8446807861328
2013-01-30,,834.364501953125,165.6448516845703
2013-01-31,,836.84765625,163.0473175048828
2013-02-01,,854.2302856445312,164.84564208984375
2013-02-04,,835.8543701171875,162.4479217529297
2013-02-05,,845.2906494140625,163.0473175048828
2013-02-06,,856.7134399414062,163.0473175048828
2013-02-07,,857.7068481445312,161.44882202148438
2013-02-08,,857.7068481445312,161.84844970703125
2013-02-11,,848.2705688476562,163.0473175048828
2013-02-12,,862.6732177734375,163.94650268554688
2013-02-13,,867.6395874023438,165.34518432617188
2013-02-14,,863.6665649414062,164.3461151123047
2013-02-15,,869.6263427734375,165.5449676513672
2013-02-18,,856.2168579101562,164.74569702148438
2013-02-19,,863.6665649414062,167.04360961914062
2013-02-20,,865.1563720703125,168.64210510253906
2013-02-21,,856.7134399414062,165.04542541503906
2013-02-22,,903.398193359375,165.8446807861328
2013-02-25,,892.471923828125,167.94276428222656
2013-02-26,,879.55908203125,165.24526977539062
2013-02-27,,883.035888671875,166.44415283203125
2013-02-28,,907.3712768554688,167.24337768554688
2013-03-01,,928.23046875,167.8428497314453
2013-03-04,,928.7271118164062,167.04360961914062
2013-03-05,,950.0830078125,169.64114379882812
2013-03-06,,943.6264038085938,170.040771484375
2013-03-07,,941.6399536132812,170.8400115966797
2013-03-08,,943.6264038085938,172.23870849609375
2013-03-11,,930.2171630859375,172.33863830566406
2013-03-12,,939.6531982421875,172.23870849609375
2013-03-13,,950.5795288085938,170.93995666503906
2013-03-14,,959.0223999023438,171.3395233154297
2013-03-15,,946.6061401367188,170.040771484375
2013-03-18,,959.51904296875,166.44415283203125
2013-03-19,,964.9821166992188,165.8446807861328
2013-03-20,,1003.223876953125,165.24526977539062
2013-03-21,,1026.069580078125,164.1462860107422
2013-03-22,,1022.096435546875,163.64678955078125
2013-03-25,,1020.1098022460938,163.3470001220703
2013-03-26,,1025.0762939453125,162.64768981933594
2013-03-27,,1032.0294189453125,162.74765014648438
2013-03-28,,1061.8282470703125,164.3461151123047
2013-04-02,,1065.8013916015625,164.54592895507812
2013-04-03,,1060.8348388671875,162.5478057861328
2013-04-04,,1025.0762939453125,160.349853515625
2013-04-05,,1004.2172241210938,156.75320434570312
2013-04-08,,997.2642211914062,157.55247497558594
2013-04-09,,1026.069580078125,158.65145874023438
2013-04-10,,1055.8682861328125,160.64952087402344
2013-04-11,,1090.6334228515625,163.64678955078125
2013-04-12,,1115.4658203125,162.14817810058594
2013-04-15,,1124.405517578125,161.34893798828125
2013-04-16,,1100.56640625,161.14907836914062
2013-04-17,,1098.5799560546875,159.7504119873047
2013-04-18,,1101.5599365234375,159.6505126953125
2013-04-19,,1122.4189453125,159.95022583007812
2013-04-22,,1047.922119140625,159.35079956054688
2013-04-23,,1060.8348388671875,160.7494659423828
2013-04-24,,1078.713623046875,161.04920959472656
2013-04-25,,1068.78125,160.84938049316406
2013-04-26,,1072.7542724609375,160.44979858398438
2013-04-29,,1089.640380859375,160.349853515625
2013-04-30,,1072.7542724609375,159.85032653808594
2013-05-01,,1082.6871337890625,160.9493408203125
2013-05-02,,1073.74755859375,160.2499237060547
2013-05-03,,1091.6268310546875,165.24526977539062
2013-05-07,,1071.7611083984375,165.04542541503906
2013-05-08,,1084.673583984375,165.04542541503906
2013-05-09,,1101.5599365234375,165.5449676513672
2013-05-10,,1094.6065673828125,167.64300537109375
2013-05-13,,1072.7542724609375,167.44320678710938
2013-05-14,,1090.6334228515625,168.04263305664062
2013-05-15,,1139.3046875,170.8400115966797
2013-05-16,,1197.9093017578125,171.6392822265625
2013-05-17,,1263.466064453125,173.03794860839844
2013-05-20,,1236.647216796875,174.33676147460938
2013-05-21,,1226.71435546875,175.23590087890625
2013-05-22,,1242.6072998046875,175.73544311523438
2013-05-23,,1224.7279052734375,169.64114379882812
2013-05-24,,1211.815185546875,168.84194946289062
2013-05-28,,1271.4124755859375,172.73825073242188
2013-05-29,,1233.667236328125,171.25413513183594
2013-05-30,,1216.781494140625,172.85275268554688
2013-05-31,,1211.815185546875,173.6520233154297
2013-06-03,,1166.12353515625,169.15589904785156
2013-06-04,,1173.0767822265625,169.2558135986328
2013-06-05,,1152.2178955078125,163.66058349609375
2013-06-06,,1166.12353515625,161.7621612548828
2013-06-07,,1196.915771484375,165.45909118652344
2013-06-10,,1214.7947998046875,165.85870361328125
2013-06-11,,1205.8553466796875,164.8595733642578
2013-06-12,,1196.915771484375,163.16099548339844
2013-06-13,,1175.063232421875,161.56239318847656
2013-06-14,,1195.922119140625,163.06109619140625
2013-06-17,,1209.8282470703125,163.16099548339844
2013-06-18,,1207.8421630859375,164.8595733642578
2013-06-19,,1215.7880859375,164.8595733642578
2013-06-20,,1140.2978515625,159.66400146484375
2013-06-21,,1099.5728759765625,161.7621612548828
2013-06-24,,1080.7008056640625,157.36595153808594
2013-06-25,,1128.3787841796875,156.06704711914062
2013-06-26,,1153.2110595703125,160.06362915039062
2013-06-27,,1150.23095703125,164.4599151611328
2013-06-28,,1173.0767822265625,165.15931701660156
2013-07-01,,1231.6810302734375,167.25750732421875
2013-07-02,,1215.7880859375,167.85704040527344
2013-07-03,,1204.86181640625,167.6571807861328
2013-07-04,,1257.5062255859375,171.85360717773438
2013-07-05,,1247.5733642578125,170.9543914794922
2013-07-08,,1258.499755859375,172.25326538085938
2013-07-09,,1264.4593505859375,174.55130004882812
2013-07-10,,1256.513427734375,172.85275268554688
2013-07-11,,1267.439208984375,172.45310974121094
2013-07-12,,1284.3251953125,172.1533660888672
2013-07-15,,1296.24462890625,172.25326538085938
2013-07-16,,1232.6741943359375,172.0534210205078
2013-07-17,,1225.72119140625,172.25326538085938
2013-07-18,,1259.4930419921875,173.3523406982422
2013-07-19,,1246.580078125,173.6520233154297
2013-07-22,,1249.5601806640625,173.25244140625
2013-07-23,,1247.5733642578125,173.6520233154297
2013-07-24,,1251.5469970703125,172.45310974121094
2013-07-25,,1256.513427734375,173.45225524902344
2013-07-26,,1210.8218994140625,173.85191345214844
2013-07-29,,1216.781494140625,174.45138549804688
2013-07-30,,1235.6541748046875,177.648681640625
2013-07-31,,1227.707763671875,179.44712829589844
2013-08-01,,1233.667236328125,181.14569091796875
2013-08-02,,1251.5469970703125,180.5461883544922
2013-08-05,,1264.4593505859375,180.6461181640625
2013-08-06,,1271.4124755859375,179.3472137451172
2013-08-07,,1238.6339111328125,178.1482696533203
2013-08-08,,1238.6339111328125,178.64779663085938
2013-08-09,,1223.7344970703125,180.5461883544922
2013-08-12,,1221.7479248046875,181.04574584960938
2013-08-13,,1218.76806640625,182.84423828125
2013-08-14,,1176.0567626953125,181.34548950195312
2013-08-15,,1089.640380859375,177.24899291992188
2013-08-16,,1180.02978515625,176.05001831054688
2013-08-19,,1159.1705322265625,176.05001831054688
2013-08-20,,1142.28466796875,176.2498779296875
2013-08-21,,1134.3382568359375,173.6520233154297
2013-08-22,,1132.3515625,176.9492645263672
2013-08-23,,1125.39892578125,179.3472137451172
2013-08-27,,1105.53271484375,176.7494354248047
2013-08-28,,1088.64697265625,174.75115966796875
2013-08-29,,1094.6065673828125,176.05001831054688
2013-08-30,,1091.6268310546875,175.85025024414062
2013-09-02,,1137.3179931640625,176.34983825683594
2013-09-03,,1134.3382568359375,177.04917907714844
2013-09-04,,1103.54638671875,177.44886779785156
2013-09-05,,1144.2711181640625,177.648681640625
2013-09-06,,1152.2178955078125,178.04832458496094
2013-09-09,,1165.1302490234375,178.84768676757812
2013-09-10,,1170.0970458984375,182.04495239257812
2013-09-11,,1146.2578125,182.84423828125
2013-09-12,,1142.28466796875,183.9433135986328
2013-09-13,,1154.2041015625,183.14398193359375
2013-09-16,,1145.2642822265625,184.14317321777344
2013-09-17,,1138.3114013671875,182.24472045898438
2013-09-18,,1104.5396728515625,183.5436553955078
2013-09-19,,1103.54638671875,186.64102172851562
2013-09-20,,1119.43896484375,185.84169006347656
2013-09-23,,1107.51953125,184.64273071289062
2013-09-24,,1115.4658203125,187.24049377441406
2013-09-25,,1107.51953125,186.64102172851562
2013-09-26,,1101.5599365234375,187.64019775390625
2013-09-27,,1053.8814697265625,186.44117736816406
2013-09-30,,1078.713623046875,185.94158935546875
2013-10-01,,1098.5799560546875,185.74176025390625
2013-10-02,,1094.6065673828125,185.64187622070312
2013-10-03,,1081.6937255859375,185.5419158935547
2013-10-04,,1069.774658203125,185.94158935546875
2013-10-07,,1059.841552734375,186.64102172851562
2013-10-08,,1069.774658203125,185.14230346679688
2013-10-09,,1123.412109375,183.0440673828125
2013-10-10,,1186.9827880859375,186.94076538085938
2013-10-11,,1188.9691162109375,189.0389404296875
2013-10-14,,1186.9827880859375,189.0389404296875
2013-10-15,,1193.9356689453125,190.6376190185547
2013-10-16,,1202.87548828125,192.8357391357422
2013-10-17,,1201.8822021484375,192.8357391357422
2013-10-18,,1221.7479248046875,194.43438720703125
2013-10-21,,1241.6136474609375,198.63082885742188
2013-10-22,,1218.76806640625,200.2294158935547
2013-10-23,,1247.5733642578125,198.8306121826172
2013-10-24,,1245.5870361328125,200.0296173095703
2013-10-25,,1234.660888671875,200.8289031982422
2013-10-28,,1215.7880859375,202.2277374267578
2013-10-29,,1246.580078125,204.42584228515625
2013-10-30,,1255.52001953125,203.42669677734375
2013-10-31,,1256.513427734375,200.8289031982422
2013-11-01,,1264.4593505859375,200.8289031982422
2013-11-04,,1258.499755859375,202.62738037109375
2013-11-05,,1206.8486328125,203.2268829345703
2013-11-06,,1178.0433349609375,203.62655639648438
2013-11-07,,1164.1368408203125,199.530029296875
2013-11-08,,1188.9691162109375,198.63082885742188
2013-11-11,,1193.9356689453125,199.4300994873047
2013-11-12,,1191.948974609375,197.43185424804688
2013-11-13,,1146.2578125,192.74925231933594
2013-11-14,,1155.1973876953125,194.64781188964844
2013-11-15,,1151.22412109375,195.247314453125
2013-11-18,,1157.18408203125,196.14663696289062
2013-11-19,,1177.0499267578125,195.94676208496094
2013-11-20,,1155.1973876953125,192.84921264648438
2013-11-21,,1188.9691162109375,191.6501007080078
2013-11-22,,1212.80859375,191.84999084472656
2013-11-25,,1206.8486328125,193.8484344482422
2013-11-26,,1219.76123046875,194.84765625
2013-11-27,,1237.640625,198.04515075683594
2013-11-28,,1162.150634765625,200.84292602539062
2013-11-29,,1152.2178955078125,201.8421630859375
2013-12-02,,1150.23095703125,198.84451293945312
2013-12-03,,1132.3515625,196.8460693359375
2013-12-04,,1135.3316650390625,197.2457733154297
2013-12-05,,1146.2578125,195.8468780517578
2013-12-06,,1175.063232421875,198.44482421875
2013-12-09,,1175.063232421875,199.84368896484375
2013-12-10,,1174.0701904296875,200.6431121826172
2013-12-11,,1165.1302490234375,200.4432830810547
2013-12-12,,1128.3787841796875,195.54710388183594
2013-12-13,,1128.3787841796875,198.54476928710938
2013-12-16,,1136.3248291015625,200.84292602539062
2013-12-17,,1147.2510986328125,200.04359436035156
2013-12-18,,1160.1639404296875,197.74534606933594
2013-12-19,,1174.0701904296875,200.4432830810547
2013-12-20,,1185.989501953125,201.04281616210938
2013-12-23,,1193.9356689453125,202.4416961669922
2013-12-24,,1210.8218994140625,204.24032592773438
2013-12-27,,1210.8218994140625,205.6392059326172
2013-12-30,,1209.8282470703125,206.03892517089844
2013-12-31,,1230.687744140625,206.83828735351562
2014-01-02,,1247.5733642578125,205.8390655517578
2014-01-03,,1250.553466796875,206.23875427246094
2014-01-06,,1281.3453369140625,206.23875427246094
2014-01-07,,1285.3184814453125,208.2371063232422
2014-01-08,,1280.352294921875,206.638427734375
2014-01-09,,1265.4527587890625,205.8390655517578
2014-01-10,,1344.916259765625,208.63687133789062
2014-01-13,,1336.9696044921875,212.83355712890625
2014-01-14,,1327.0367431640625,214.6322021484375
2014-01-15,,1324.0567626953125,219.82810974121094
2014-01-16,,1319.09033203125,217.8296661376953
2014-01-17,,1331.010009765625,216.23095703125
2014-01-20,,1332.99658203125,216.8304901123047
2014-01-21,,1327.0367431640625,215.23167419433594
2014-01-22,,1317.1038818359375,214.43231201171875
2014-01-23,,1301.2110595703125,213.43312072753906
2014-01-24,,1255.52001953125,208.8367156982422
2014-01-27,,1241.6136474609375,204.4401092529297
2014-01-28,,1283.33203125,207.63763427734375
2014-01-29,,1276.3787841796875,206.638427734375
2014-01-30,,1281.3453369140625,208.2371063232422
2014-01-31,,1304.19140625,206.4385986328125
2014-02-03,,1291.2781982421875,205.6392059326172
2014-02-04,,1278.365478515625,204.4401092529297
2014-02-05,,1292.2716064453125,205.4393768310547
2014-02-06,,1331.010009765625,209.83592224121094
2014-02-07,,1375.7081298828125,210.63528442382812
2014-02-10,,1383.6544189453125,213.63296508789062
2014-02-11,,1424.3792724609375,216.23095703125
2014-02-12,,1380.67431640625,217.62982177734375
2014-02-13,,1376.701416015625,215.43157958984375
2014-02-14,,1375.7081298828125,217.62982177734375
2014-02-17,,1405.5068359375,218.2293701171875
2014-02-18,,1434.3121337890625,218.42918395996094
2014-02-19,,1407.4932861328125,216.63059997558594
2014-02-20,,1427.35888671875,216.43075561523438
2014-02-21,,1454.177978515625,217.42999267578125
2014-02-24,,1461.130859375,217.42999267578125
2014-02-25,,1453.1846923828125,216.8304901123047
2014-02-26,,1425.3724365234375,218.42918395996094
2014-02-27,,1452.1912841796875,217.8296661376953
2014-02-28,,1436.2987060546875,219.22853088378906
2014-03-03,,1421.3994140625,210.8351287841797
2014-03-04,,1459.1446533203125,213.23326110839844
2014-03-05,,1423.3858642578125,211.83433532714844
2014-03-06,,1407.4932861328125,210.8351287841797
2014-03-07,,1383.6544189453125,209.03652954101562
2014-03-10,,1320.0836181640625,207.83749389648438
2014-03-11,,1311.1441650390625,211.03501892089844
2014-03-12,,1307.1707763671875,209.83592224121094
2014-03-13,,1298.2313232421875,207.83749389648438
2014-03-14,,1304.19140625,207.03807067871094
2014-03-17,,1351.8690185546875,208.2371063232422
2014-03-18,,1357.8291015625,210.4354705810547
2014-03-19,,1367.761474609375,211.83433532714844
2014-03-20,,1342.9295654296875,210.4354705810547
2014-03-21,,1324.0567626953125,210.4354705810547
2014-03-24,,1309.157470703125,207.2379608154297
2014-03-25,,1324.0567626953125,206.23875427246094
2014-03-26,,1343.9224853515625,205.8390655517578
2014-03-27,,1331.010009765625,204.4401092529297
2014-03-28,,1354.848876953125,205.03968811035156
2014-03-31,,1336.9696044921875,208.63687133789062
2014-04-01,,1356.835205078125,210.4354705810547
2014-04-02,,1354.848876953125,210.23558044433594
2014-04-03,,1351.8690185546875,209.6361083984375
2014-04-04,,1336.9696044921875,210.4354705810547
2014-04-07,,1283.33203125,204.63995361328125
2014-04-08,,1271.4124755859375,201.8421630859375
2014-04-09,,1311.1441650390625,203.44091796875
2014-04-10,,1332.99658203125,203.44091796875
2014-04-11,,1306.177490234375,200.84292602539062
2014-04-14,,1270.419189453125,198.64471435546875
2014-04-15,,1256.513427734375,197.54554748535156
2014-04-16,,1266.446044921875,199.34410095214844
2014-04-17,,1283.33203125,198.84451293945312
2014-04-22,,1316.110595703125,202.2418670654297
2014-04-23,,1312.1373291015625,201.64231872558594
2014-04-24,,1311.1441650390625,200.84292602539062
2014-04-25,,1309.157470703125,196.14663696289062
2014-04-28,,1289.291748046875,196.2465362548828
2014-04-29,,1296.24462890625,196.04669189453125
2014-04-30,,1303.1978759765625,190.95065307617188
2014-05-01,,1315.1173095703125,192.24964904785156
2014-05-02,,1318.0972900390625,191.55020141601562
2014-05-06,,1368.7550048828125,192.4495086669922
2014-05-07,,1350.8758544921875,189.9514923095703
2014-05-08,,1361.8018798828125,191.0506134033203
2014-05-09,,1345.9095458984375,189.85153198242188
2014-05-12,,1350.8758544921875,193.0490264892578
2014-05-13,,1394.58056640625,195.54710388183594
2014-05-14,,1375.7081298828125,195.8468780517578
2014-05-15,,1334.9832763671875,191.0506134033203
2014-05-16,,1321.0772705078125,190.4510955810547
2014-05-19,,1316.110595703125,189.05215454101562
2014-05-20,,1329.0230712890625,190.25120544433594
2014-05-21,,1332.99658203125,192.54945373535156
2014-05-22,,1331.010009765625,194.54786682128906
2014-05-23,,1312.1373291015625,197.2457733154297
2014-05-27,,1335.9765625,202.04202270507812
2014-05-28,,1346.9024658203125,204.24032592773438
2014-05-29,,1317.1038818359375,206.83828735351562
2014-05-30,,1329.0230712890625,207.03807067871094
2014-06-02,,1338.956298828125,208.03733825683594
2014-06-03,,1323.0635986328125,205.4393768310547
2014-06-04,,1323.0635986328125,204.0404510498047
2014-06-05,,1253.5330810546875,202.64154052734375
2014-06-06,,1287.3050537109375,206.638427734375
2014-06-09,,1302.204345703125,208.03733825683594
2014-06-10,,1306.177490234375,209.83592224121094
2014-06-11,,1291.2781982421875,206.65338134765625
2014-06-12,,1293.2650146484375,205.8539581298828
2014-06-13,,1202.87548828125,204.4549102783203
2014-06-16,,1179.0364990234375,200.8574676513672
2014-06-17,,1191.948974609375,200.25790405273438
2014-06-18,,1200.888916015625,201.6569061279297
2014-06-19,,1220.754638671875,207.4528350830078
2014-06-20,,1221.7479248046875,207.8525390625
2014-06-23,,1207.8421630859375,205.45423889160156
2014-06-24,,1197.9093017578125,209.85110473632812
2014-06-25,,1190.9556884765625,208.85182189941406
2014-06-26,,1250.553466796875,209.45140075683594
2014-06-27,,1269.42578125,208.45211791992188
2014-06-30,,1264.4593505859375,209.85110473632812
2014-07-01,,1289.291748046875,211.84967041015625
2014-07-02,,1281.3453369140625,212.8489532470703
2014-07-03,,1307.1707763671875,213.3486328125
2014-07-04,,1296.24462890625,217.0459747314453
2014-07-07,,1272.4058837890625,217.0459747314453
2014-07-08,,1256.513427734375,213.64842224121094
2014-07-09,,1238.6339111328125,213.048828125
2014-07-10,,1245.5870361328125,210.8503875732422
2014-07-11,,1233.667236328125,210.8503875732422
2014-07-14,,1240.62060546875,212.8489532470703
2014-07-15,,1221.7479248046875,210.25079345703125
2014-07-16,,1258.499755859375,210.95033264160156
2014-07-17,,1257.5062255859375,208.05239868164062
2014-07-18,,1266.446044921875,209.65127563476562
2014-07-21,,1237.640625,209.05165100097656
2014-07-22,,1293.2650146484375,213.7483367919922
2014-07-23,,1285.3184814453125,215.1473846435547
2014-07-24,,1297.23828125,213.64842224121094
2014-07-25,,1271.4124755859375,210.75048828125
2014-07-28,,1260.486328125,211.1501922607422
2014-07-29,,1276.3787841796875,212.34934997558594
2014-07-30,,1265.4527587890625,212.34934997558594
2014-07-31,,1244.5936279296875,212.24935913085938
2014-08-01,,1250.553466796875,210.35076904296875
2014-08-04,,1237.640625,210.75048828125
2014-08-05,,1210.8218994140625,210.25079345703125
2014-08-06,,1207.8421630859375,207.15301513671875
2014-08-07,,1220.754638671875,204.85467529296875
2014-08-08,,1208.8350830078125,206.65338134765625
2014-08-11,,1263.466064453125,212.8489532470703
2014-08-12,,1267.439208984375,213.64842224121094
2014-08-13,,1287.3050537109375,217.24588012695312
2014-08-14,,1301.2110595703125,219.44430541992188
2014-08-15,,1303.1978759765625,218.84475708007812
2014-08-18,,1326.0433349609375,222.34226989746094
2014-08-19,,1340.9429931640625,225.14027404785156
2014-08-20,,1314.1239013671875,221.84262084960938
2014-08-21,,1332.00341796875,223.54136657714844
2014-08-22,,1338.956298828125,222.9418487548828
2014-08-26,,1334.9832763671875,225.34010314941406
2014-08-27,,1330.016357421875,227.73843383789062
2014-08-28,,1321.0772705078125,226.53929138183594
2014-08-29,,1315.1173095703125,227.3386993408203
2014-09-01,,1324.0567626953125,227.3386993408203
2014-09-02,,1322.0701904296875,230.73629760742188
2014-09-03,,1340.9429931640625,232.3351593017578
2014-09-04,,1337.963134765625,233.33445739746094
2014-09-05,,1326.0433349609375,232.83480834960938
2014-09-08,,1302.204345703125,233.23452758789062
2014-09-09,,1348.8890380859375,232.13528442382812
2014-09-10,,1343.9224853515625,229.6370849609375
2014-09-11,,1338.956298828125,229.2373809814453
2014-09-12,,1359.8155517578125,232.83480834960938
2014-09-15,,1340.9429931640625,232.5349884033203
2014-09-16,,1323.0635986328125,229.83692932128906
2014-09-17,,1342.9295654296875,227.3386993408203
2014-09-18,,1370.7415771484375,234.13385009765625
2014-09-19,,1356.835205078125,239.4301300048828
2014-09-22,,1357.8291015625,238.0311279296875
2014-09-23,,1344.916259765625,235.53286743164062
2014-09-24,,1348.8890380859375,235.9325714111328
2014-09-25,,1317.1038818359375,233.33445739746094
2014-09-26,,1316.110595703125,231.93545532226562
2014-09-29,,1333.9898681640625,233.4343719482422
2014-09-30,,1325.050048828125,233.83412170410156
2014-10-01,,1300.2181396484375,229.33729553222656
2014-10-02,,1286.31201171875,222.4422149658203
2014-10-03,,1332.00341796875,229.537109375
2014-10-06,,1336.9696044921875,232.035400390625
2014-10-07,,1335.9765625,228.83766174316406
2014-10-08,,1313.130615234375,224.54067993164062
2014-10-09,,1267.439208984375,221.74266052246094
2014-10-10,,1282.3385009765625,216.24659729003906
2014-10-13,,1280.352294921875,212.5491943359375
2014-10-14,,1302.204345703125,217.14593505859375
2014-10-15,,1284.3251953125,209.65127563476562
2014-10-16,,1300.2181396484375,209.75115966796875
2014-10-17,,1343.9224853515625,219.94398498535156
2014-10-20,,1348.8890380859375,219.94398498535156
2014-10-21,,1381.6678466796875,224.8404541015625
2014-10-22,,1398.5538330078125,228.0381317138672
2014-10-23,,1393.5875244140625,227.53855895996094
2014-10-24,,1386.63427734375,227.23875427246094
2014-10-27,,1392.593994140625,229.33729553222656
2014-10-28,,1400.54052734375,232.13528442382812
2014-10-29,,1410.4730224609375,234.83338928222656
2014-10-30,,1434.3121337890625,238.23097229003906
2014-10-31,,1453.1846923828125,243.32736206054688
2014-11-03,,1448.21826171875,242.328125
2014-11-04,,1434.3121337890625,240.3294677734375
2014-11-05,,1452.1912841796875,243.72708129882812
2014-11-06,,1427.35888671875,241.92835998535156
2014-11-07,,1400.54052734375,239.829833984375
2014-11-10,,1438.285400390625,242.0282745361328
2014-11-11,,1450.204833984375,242.328125
2014-11-12,,1450.204833984375,242.7277374267578
2014-11-13,,1473.05078125,248.82351684570312
2014-11-14,,1473.05078125,251.72140502929688
2014-11-17,,1486.95654296875,252.92054748535156
2014-11-18,,1499.8692626953125,252.62078857421875
2014-11-19,,1475.037109375,251.02191162109375
2014-11-20,,1481.9901123046875,249.13694763183594
2014-11-21,,1482.983642578125,252.9344482421875
2014-11-24,,1486.95654296875,251.9351348876953
2014-11-25,,1498.8759765625,253.33419799804688
2014-11-26,,1495.8963623046875,252.83453369140625
2014-11-27,,1509.8021240234375,255.93243408203125
2014-11-28,,1522.7149658203125,257.1316223144531
2014-12-01,,1529.6680908203125,253.33419799804688
2014-12-02,,1514.7685546875,254.13365173339844
2014-12-03,,1529.6680908203125,251.73524475097656
2014-12-04,,1570.392822265625,251.13565063476562
2014-12-05,,1602.1783447265625,251.43544006347656
2014-12-08,,1580.3260498046875,250.7358856201172
2014-12-09,,1544.5675048828125,245.3394012451172
2014-12-10,,1548.540771484375,245.3394012451172
2014-12-11,,1562.4466552734375,243.04095458984375
2014-12-12,,1509.8021240234375,237.34463500976562
2014-12-15,,1482.983642578125,235.8456268310547
2014-12-16,,1516.7554931640625,237.24472045898438
2014-12-17,,1499.8692626953125,234.34661865234375
2014-12-18,,1524.7017822265625,241.7417449951172
2014-12-19,,1566.419677734375,244.83973693847656
2014-12-22,,1582.312744140625,245.53929138183594
2014-12-23,,1561.453369140625,248.5373077392578
2014-12-24,,1556.4873046875,247.8377685546875
2014-12-29,,1566.419677734375,246.3387451171875
2014-12-30,,1550.5272216796875,246.43870544433594
2014-12-31,,1567.4130859375,247.8377685546875
2015-01-02,,1554.5006103515625,246.23880004882812
2015-01-05,,1542.58056640625,241.8417205810547
2015-01-06,,1517.748779296875,241.34205627441406
2015-01-07,,1530.661376953125,244.93968200683594
2015-01-08,,1528.675048828125,252.5347137451172
2015-01-09,,1449.2115478515625,247.9376983642578
2015-01-12,,1458.1513671875,247.43804931640625
2015-01-13,,1477.0238037109375,249.73651123046875
2015-01-14,,1458.1513671875,243.84039306640625
2015-01-15,,1446.231689453125,244.639892578125
2015-01-16,,1439.2786865234375,241.4420166015625
2015-01-19,,1477.0238037109375,243.44065856933594
2015-01-20,,1458.1513671875,242.74107360839844
2015-01-21,,1495.8963623046875,249.83651733398438
2015-01-22,,1509.8021240234375,252.03500366210938
2015-01-23,,1516.7554931640625,255.83251953125
2015-01-26,,1551.5206298828125,255.53274536132812
2015-01-27,,1544.5675048828125,250.93572998046875
2015-01-28,,1570.392822265625,252.13497924804688
2015-01-29,,1596.2183837890625,247.53799438476562
2015-01-30,,1581.3194580078125,248.2375030517578
2015-02-02,,1561.453369140625,249.03700256347656
2015-02-03,,1579.3328857421875,253.53404235839844
2015-02-04,,1598.205078125,253.53404235839844
2015-02-05,,1607.144775390625,253.73388671875
2015-02-06,,1603.171630859375,255.63267517089844
2015-02-09,,1576.35302734375,251.0356903076172
2015-02-10,,1602.1783447265625,253.23423767089844
2015-02-11,,1659.7891845703125,252.5347137451172
2015-02-12,,1671.708740234375,254.3335418701172
2015-02-13,,1646.8763427734375,255.83251953125
2015-02-16,,1658.796142578125,255.83251953125
2015-02-17,,1663.762451171875,254.8332061767578
2015-02-18,,1669.7220458984375,254.43348693847656
2015-02-19,,1697.5345458984375,253.73388671875
2015-02-20,,1682.6348876953125,257.03179931640625
2015-02-23,,1698.527587890625,258.43084716796875
2015-02-24,,1638.930419921875,257.531494140625
2015-02-25,,1672.701904296875,258.63067626953125
2015-02-26,,1746.2054443359375,258.33087158203125
2015-02-27,,1752.1654052734375,258.0311584472656
2015-03-02,,1757.1318359375,258.1310119628906
2015-03-03,,1741.2391357421875,254.73326110839844
2015-03-04,,1764.0850830078125,253.933837890625
2015-03-05,,1752.1654052734375,256.73199462890625
2015-03-06,,1736.2725830078125,257.3315734863281
2015-03-09,,1729.319580078125,257.3315734863281
2015-03-10,,1690.581298828125,255.13302612304688
2015-03-11,,1703.494140625,255.43284606933594
2015-03-12,,1726.339599609375,257.7313537597656
2015-03-13,,1729.319580078125,257.3315734863281
2015-03-16,,1731.3060302734375,259.5301513671875
2015-03-17,,1732.2994384765625,261.62884521484375
2015-03-18,,1748.192138671875,265.3262939453125
2015-03-19,255.71998596191406,1766.07177734375,269.5235900878906
2015-03-20,265.2095642089844,1677.6685791015625,268.5242614746094
2015-03-23,264.7101745605469,1663.762451171875,270.4230041503906
2015-03-24,264.7101745605469,1704.4873046875,270.82275390625
2015-03-25,260.4647521972656,1686.6082763671875,266.8253479003906
2015-03-26,256.7189025878906,1686.6082763671875,262.1283264160156
2015-03-27,252.2238311767578,1655.816162109375,262.1283264160156
2015-03-30,254.22161865234375,1635.9503173828125,265.82598876953125
2015-03-31,251.47462463378906,1651.8428955078125,267.0252380371094
2015-04-01,258.71673583984375,1635.9503173828125,264.5268859863281
2015-04-02,262.7123107910156,1638.930419921875,267.82470703125
2015-04-07,266.9576721191406,1669.7220458984375,271.42230224609375
2015-04-08,263.2117919921875,1668.72900390625,271.9220886230469
2015-04-09,264.210693359375,1721.3731689453125,274.5202941894531
2015-04-10,266.2085876464844,1745.2122802734375,281.5157165527344
2015-04-13,270.2041320800781,1749.185302734375,281.61566162109375
2015-04-14,272.7014465332031,1737.265869140625,279.31719970703125
2015-04-15,270.70361328125,1748.192138671875,279.1173095703125
2015-04-16,270.70361328125,1721.3731689453125,276.8188781738281
2015-04-17,272.4516296386719,1721.3731689453125,271.1225280761719
2015-04-20,273.70025634765625,1704.4873046875,271.42230224609375
2015-04-21,270.2041320800781,1749.185302734375,274.9200439453125
2015-04-22,265.4593200683594,1740.2459716796875,275.4197692871094
2015-04-23,261.7134704589844,1744.2188720703125,273.7208557128906
2015-04-24,269.70465087890625,1747.1990966796875,274.7201843261719
2015-04-27,279.1942443847656,1748.192138671875,277.518310546875
2015-04-28,274.4494934082031,1711.4404296875,275.31982421875
2015-04-29,271.2030029296875,1670.7152099609375,267.92462158203125
2015-04-30,271.7025146484375,1688.5947265625,265.3262939453125
2015-05-01,269.70465087890625,1679.6551513671875,266.2257080078125
2015-05-05,273.2008361816406,1643.896728515625,265.2263488769531
2015-05-06,273.9499816894531,1627.0108642578125,262.4281921386719
2015-05-07,268.7057189941406,1641.91015625,265.6261291503906
2015-05-08,274.69921875,1734.2861328125,269.2237548828125
2015-05-11,284.1888732910156,1756.138427734375,266.1258544921875
2015-05-12,287.6849365234375,1736.2725830078125,263.22772216796875
2015-05-13,289.68280029296875,1807.789794921875,262.62811279296875
2015-05-14,295.1767272949219,1815.7359619140625,263.12774658203125
2015-05-15,293.4287109375,1835.6015625,266.2257080078125
2015-05-18,287.1855163574219,1861.427490234375,265.026611328125
2015-05-19,286.935791015625,1887.2528076171875,267.92462158203125
2015-05-20,287.4353332519531,1911.0919189453125,267.6248474121094
2015-05-21,287.4353332519531,1912.085205078125,267.4249267578125
2015-05-22,287.6849365234375,1923.011474609375,270.82275390625
2015-05-26,284.43853759765625,1917.0513916015625,270.4230041503906
2015-05-27,284.1888732910156,1944.8636474609375,273.2210998535156
2015-05-28,285.68719482421875,1952.810302734375,275.7195739746094
2015-05-29,283.9390563964844,1948.8369140625,272.6215515136719
2015-06-01,284.6883239746094,1960.7567138671875,273.2210998535156
2015-06-02,286.935791015625,1939.8973388671875,272.32177734375
2015-06-03,288.6839599609375,1956.7833251953125,275.0199890136719
2015-06-04,286.935791015625,1931.951171875,272.8214111328125
2015-06-05,288.18450927734375,1897.1859130859375,273.9207763671875
2015-06-08,287.4353332519531,1885.266357421875,273.32110595703125
2015-06-09,290.4319763183594,1882.2864990234375,271.2224426269531
2015-06-10,293.67840576171875,1941.884033203125,271.5222473144531
2015-06-11,296.1757507324219,1966.716064453125,270.2385559082031
2015-06-12,296.9248352050781,1956.7833251953125,267.8399963378906
2015-06-15,303.1680908203125,1914.0716552734375,262.7430114746094
2015-06-16,299.422119140625,1945.8570556640625,263.8423156738281
2015-06-17,300.6708068847656,1977.642333984375,264.1421813964844
2015-06-18,307.66314697265625,1977.642333984375,264.1421813964844
2015-06-19,305.16583251953125,1984.5955810546875,262.9429016113281
2015-06-22,307.2635803222656,2037.2398681640625,266.34088134765625
2015-06-23,315.3546447753906,2016.380615234375,265.5413513183594
2015-06-24,313.9562072753906,1976.6492919921875,270.73828125
2015-06-25,314.4556579589844,2001.4813232421875,268.23980712890625
2015-06-26,311.1592712402344,1967.70947265625,263.24273681640625
2015-06-29,305.16583251953125,1952.810302734375,258.4455871582031
2015-06-30,304.5665283203125,1961.7498779296875,261.0440368652344
2015-07-01,303.8673095703125,2002.474609375,264.84173583984375
2015-07-02,305.96502685546875,2010.4210205078125,264.5419616699219
2015-07-03,319.35028076171875,2006.44775390625,261.9435729980469
2015-07-06,314.8552551269531,1995.521728515625,261.14398193359375
2015-07-07,309.3612976074219,1954.796630859375,257.1462707519531
2015-07-08,298.0735778808594,1863.413818359375,258.2457275390625
2015-07-09,302.8682861328125,1940.8905029296875,258.9453430175781
2015-07-10,315.5544738769531,1974.6624755859375,261.14398193359375
2015-07-13,321.248291015625,2000.4881591796875,265.3414306640625
2015-07-14,322.3470458984375,1969.6961669921875,266.840576171875
2015-07-15,320.9485778808594,1986.58203125,265.94110107421875
2015-07-16,321.6477966308594,1992.541748046875,267.8399963378906
2015-07-17,322.646728515625,1964.7294921875,268.73944091796875
2015-07-20,319.35028076171875,1970.689453125,274.1362609863281
2015-07-21,322.4469299316406,1931.951171875,276.33489990234375
2015-07-22,320.9485778808594,1944.8636474609375,272.0374755859375
2015-07-23,322.147216796875,1973.6690673828125,272.7370300292969
2015-07-24,331.8366394042969,1939.8973388671875,273.8363952636719
2015-07-27,330.637939453125,1900.166015625,270.33843994140625
2015-07-28,326.7422790527344,1927.977783203125,268.9393615722656
2015-07-29,336.1318664550781,1960.7567138671875,267.1404113769531
2015-07-30,334.8334045410156,1972.6756591796875,268.3396301269531
2015-07-31,338.9288330078125,2033.2667236328125,271.0380859375
2015-08-03,344.2230529785156,2016.380615234375,269.4389953613281
2015-08-04,353.6127624511719,2019.3604736328125,269.4389953613281
2015-08-05,350.1166076660156,2040.2196044921875,272.6371154785156
2015-08-06,350.5161437988281,2074.985595703125,273.2366943359375
2015-08-07,346.420654296875,2070.0185546875,272.3373107910156
2015-08-10,351.1155090332031,2091.870361328125,274.53594970703125
2015-08-11,353.2132568359375,2074.985595703125,270.1386413574219
2015-08-12,347.21978759765625,2038.2330322265625,260.84417724609375
2015-08-13,350.31640625,2061.078369140625,262.7430114746094
2015-08-14,348.81805419921875,2090.87744140625,262.0434875488281
2015-08-17,357.6084289550781,2106.76953125,262.44317626953125
2015-08-18,354.61175537109375,2070.0185546875,261.7436218261719
2015-08-19,359.4063720703125,2120.676513671875,257.04644775390625
2015-08-20,355.6106262207031,2103.79052734375,255.74713134765625
2015-08-21,345.4217529296875,2031.2803955078125,244.6538543701172
2015-08-24,329.33941650390625,1953.8033447265625,234.65982055664062
2015-08-25,348.3186340332031,2044.19287109375,242.15530395507812
2015-08-26,334.1341552734375,1989.561767578125,238.7573699951172
2015-08-27,342.924560546875,2046.1788330078125,249.05120849609375
2015-08-28,341.2264099121094,2088.891357421875,248.35162353515625
2015-09-01,338.6293029785156,2028.30029296875,243.35462951660156
2015-09-02,337.6302490234375,2069.025146484375,243.85430908203125
2015-09-03,336.6314392089844,2090.87744140625,249.85076904296875
2015-09-04,338.3295593261719,2057.10498046875,245.85311889648438
2015-09-07,340.3273010253906,2060.0849609375,245.95306396484375
2015-09-08,335.63250732421875,2069.025146484375,247.75198364257812
2015-09-09,338.529296875,2085.911376953125,249.85076904296875
2015-09-10,334.8334045410156,2109.750244140625,246.8524932861328
2015-09-11,331.8366394042969,2096.8369140625,247.55210876464844
2015-09-14,324.84423828125,2085.911376953125,246.75259399414062
2015-09-15,328.64013671875,2071.011474609375,249.75076293945312
2015-09-16,329.6390686035156,2067.038818359375,248.4515838623047
2015-09-17,331.43701171875,2068.03173828125,249.55093383789062
2015-09-18,331.6368713378906,2063.0654296875,246.4527587890625
2015-09-21,334.0342102050781,2071.011474609375,246.55271911621094
2015-09-22,322.546875,2027.306396484375,241.35581970214844
2015-09-23,327.64117431640625,2060.0849609375,242.35523986816406
2015-09-24,331.8366394042969,2075.978271484375,239.35702514648438
2015-09-25,330.8377990722656,2115.7099609375,248.0518035888672
2015-09-28,328.1407165527344,2094.850341796875,239.85670471191406
2015-09-29,327.64117431640625,1985.5889892578125,235.8590850830078
2015-09-30,338.7290344238281,1994.5284423828125,241.05596923828125
2015-10-01,339.5281677246094,2023.333984375,243.4545440673828
2015-10-02,334.2340393066406,1989.561767578125,243.4545440673828
2015-10-05,349.41741943359375,2037.2398681640625,250.75018310546875
2015-10-06,347.61932373046875,2035.2535400390625,246.75259399414062
2015-10-07,336.6314392089844,1975.65576171875,244.85369873046875
2015-10-08,340.52716064453125,1990.5550537109375,242.15530395507812
2015-10-09,325.14398193359375,1933.9376220703125,247.05239868164062
2015-10-12,320.1495056152344,1923.011474609375,245.3533935546875
2015-10-13,331.7367858886719,1954.796630859375,245.05361938476562
2015-10-14,346.32086181640625,1894.205810546875,242.9548797607422
2015-10-15,356.5096130371094,1939.8973388671875,244.6538543701172
2015-10-16,360.4053649902344,1942.8770751953125,244.2541046142578
2015-10-19,362.5030822753906,1956.7833251953125,243.4545440673828
2015-10-20,373.5909729003906,1965.722900390625,245.85311889648438
2015-10-21,373.5909729003906,1976.6492919921875,244.6538543701172
2015-10-22,375.08929443359375,1956.7833251953125,246.55271911621094
2015-10-23,389.5734558105469,2010.4210205078125,254.2480926513672
2015-10-26,385.87744140625,2018.3673095703125,253.34864807128906
2015-10-27,380.583251953125,1991.5484619140625,252.24928283691406
2015-10-28,384.37908935546875,1994.5284423828125,255.44741821289062
2015-10-29,387.7754211425781,1970.689453125,256.3468017578125
2015-10-30,388.5744934082031,1980.62255859375,255.3474578857422
2015-11-02,387.37579345703125,1954.796630859375,257.5461730957031
2015-11-03,381.78192138671875,1908.1123046875,260.944091796875
2015-11-04,379.48443603515625,1846.5279541015625,262.3432312011719
2015-11-05,379.7841796875,1887.2528076171875,264.9417419433594
2015-11-06,387.1761169433594,1867.3870849609375,269.8387756347656
2015-11-09,385.07830810546875,1846.5279541015625,267.8399963378906
2015-11-10,380.68316650390625,1862.4207763671875,266.0410461425781
2015-11-11,373.2912292480469,1844.5413818359375,267.5401611328125
2015-11-12,366.59857177734375,1834.6083984375,266.0410461425781
2015-11-13,376.18804931640625,1793.883544921875,263.14276123046875
2015-11-16,380.08380126953125,1813.7491455078125,259.04522705078125
2015-11-17,385.5777893066406,1852.48779296875,264.64190673828125
2015-11-18,389.4735107421875,1852.48779296875,264.042236328125
2015-11-19,387.47564697265625,1827.6553955078125,264.8555603027344
2015-11-20,386.7764892578125,1819.709228515625,267.55413818359375
2015-11-23,392.57012939453125,1803.8162841796875,268.2537841796875
2015-11-24,391.1717224121094,1770.04443359375,266.45477294921875
2015-11-25,397.06524658203125,1823.682373046875,268.9533996582031
2015-11-26,397.4647521972656,1852.48779296875,271.55194091796875
2015-11-27,399.5625,1864.4072265625,272.6513671875
2015-11-30,405.8555603027344,1902.1524658203125,273.3509826660156
2015-12-01,415.5449523925781,1913.07861328125,275.8495788574219
2015-12-02,418.04229736328125,1928.9713134765625,280.6470031738281
2015-12-03,419.34075927734375,1913.07861328125,277.0489807128906
2015-12-04,420.8391418457031,1930.9576416015625,276.84912109375
2015-12-07,428.3310241699219,1957.776611328125,275.5497741699219
2015-12-08,423.53619384765625,1937.91064453125,273.1510314941406
2015-12-09,416.94342041015625,1929.9642333984375,271.9517822265625
2015-12-10,419.5406799316406,1924.9979248046875,270.2526550292969
2015-12-11,421.53839111328125,1894.205810546875,265.755126953125
2015-12-14,436.7218017578125,1890.232666015625,261.3575134277344
2015-12-15,446.51104736328125,1956.7833251953125,269.253173828125
2015-12-16,449.1082458496094,1938.9041748046875,272.05169677734375
2015-12-17,435.5230712890625,1940.8905029296875,274.8501281738281
2015-12-18,420.5395202636719,1931.951171875,272.951171875
2015-12-21,423.53619384765625,1930.9576416015625,272.951171875
2015-12-22,420.6394348144531,1955.7900390625,274.8501281738281
2015-12-23,422.5373229980469,1971.6827392578125,278.14837646484375
2015-12-24,425.2344055175781,1959.76318359375,277.0489807128906
2015-12-29,435.2234191894531,2026.3135986328125,279.1478271484375
2015-12-30,441.41668701171875,2024.326904296875,277.3487548828125
2015-12-31,443.5143737792969,2013.4007568359375,277.74853515625
2016-01-04,435.722900390625,1977.642333984375,265.0555725097656
2016-01-05,438.2201232910156,1989.561767578125,266.6546325683594
2016-01-06,431.9270324707031,1951.81689453125,264.0560302734375
2016-01-07,426.03839111328125,1948.8369140625,256.7600402832031
2016-01-08,438.2251892089844,1978.635498046875,257.1596984863281
2016-01-11,441.5216369628906,1977.642333984375,254.66114807128906
2016-01-12,440.52276611328125,1995.521728515625,257.759521484375
2016-01-13,434.42926025390625,1995.521728515625,257.35968017578125
2016-01-14,414.450927734375,1926.9847412109375,251.46292114257812
2016-01-15,400.6659851074219,1904.1387939453125,246.16580200195312
2016-01-18,405.56060791015625,1871.3603515625,242.2679443359375
2016-01-19,411.2544250488281,1943.87060546875,245.3662109375
2016-01-20,389.5779724121094,1879.306396484375,235.4716033935547
2016-01-21,395.4715270996094,1891.225830078125,248.36459350585938
2016-01-22,398.5682067871094,1898.17919921875,256.6600646972656
2016-01-25,393.1740417480469,1934.9306640625,256.8599853515625
2016-01-26,382.5855407714844,1940.8905029296875,254.8610382080078
2016-01-27,387.9796447753906,1984.5955810546875,253.36187744140625
2016-01-28,383.9839782714844,1956.7833251953125,250.363525390625
2016-01-29,391.0763244628906,2022.3404541015625,250.8632354736328
2016-02-01,398.4682922363281,2053.1328125,250.2635498046875
2016-02-02,405.4607238769531,2053.1328125,248.26463317871094
2016-02-03,405.4607238769531,2028.30029296875,230.87413024902344
2016-02-04,400.266357421875,2025.320556640625,237.3705596923828
2016-02-05,385.5822448730469,1951.81689453125,231.4738006591797
2016-02-08,348.1228942871094,1846.5279541015625,222.8784942626953
2016-02-09,346.6244812011719,1865.4007568359375,221.07948303222656
2016-02-10,339.63201904296875,1899.1724853515625,224.5775604248047
2016-02-11,330.84161376953125,1859.44091796875,220.47979736328125
2016-02-12,345.4257507324219,1882.2864990234375,224.5775604248047
2016-02-15,355.2152099609375,1915.06494140625,230.17449951171875
2016-02-16,360.908935546875,1938.9041748046875,230.07456970214844
2016-02-17,371.0979919433594,1984.5955810546875,238.7698211669922
2016-02-18,375.193603515625,2031.2803955078125,238.56991577148438
2016-02-19,385.88189697265625,2048.166015625,239.26956176757812
2016-02-22,379.8884582519531,1959.76318359375,247.86485290527344
2016-02-23,386.6810302734375,2015.3875732421875,247.0653076171875
2016-02-24,358.6114501953125,2061.078369140625,239.6693115234375
2016-02-25,370.998046875,2122.662841796875,243.9669647216797
2016-02-26,371.5973815917969,2204.112548828125,248.66444396972656
2016-02-29,362.6071472167969,2169.34716796875,248.66444396972656
2016-03-01,365.3042297363281,2199.145751953125,250.6633758544922
2016-03-02,357.612548828125,2129.615966796875,250.8632354736328
2016-03-03,351.219482421875,1985.6143798828125,250.363525390625
2016-03-04,352.0185546875,1979.6512451171875,253.36187744140625
2016-03-07,358.6114501953125,1981.6392822265625,251.8627166748047
2016-03-08,360.0099792480469,1955.800048828125,247.0653076171875
2016-03-09,368.40081787109375,1986.6082763671875,243.36734008789062
2016-03-10,375.69305419921875,1940.89306640625,240.86866760253906
2016-03-11,380.1881408691406,1977.6639404296875,242.8675994873047
2016-03-14,379.5887756347656,2021.390869140625,244.16690063476562
2016-03-15,378.8895263671875,2013.4404296875,247.3651123046875
2016-03-16,383.18487548828125,2061.142822265625,253.06202697753906
2016-03-17,375.5931091308594,2099.901611328125,254.1614227294922
2016-03-18,368.0013122558594,2074.062744140625,250.76327514648438
2016-03-21,369.3997497558594,2066.112060546875,250.96315002441406
2016-03-22,376.59197998046875,2063.13037109375,251.56283569335938
2016-03-23,386.0817565917969,2093.9384765625,255.3607940673828
2016-03-24,389.47802734375,2064.124755859375,254.36134338378906
2016-03-29,393.3737487792969,2091.950927734375,255.8604736328125
2016-03-30,391.9752502441406,2088.96923828125,261.7572937011719
2016-03-31,389.5779724121094,2072.074462890625,262.35693359375
2016-04-01,397.56927490234375,2094.932373046875,263.556396484375
2016-04-04,390.2771911621094,2093.9384765625,261.3575134277344
2016-04-05,390.87646484375,2109.8388671875,260.8577880859375
2016-04-06,387.8797302246094,2120.771240234375,264.7557067871094
2016-04-07,385.5822448730469,2059.155517578125,264.3559265136719
2016-04-08,387.08062744140625,2051.205078125,263.556396484375
2016-04-11,383.3846740722656,1982.6329345703125,263.75616455078125
2016-04-12,379.68865966796875,1947.8499755859375,263.05657958984375
2016-04-13,382.28582763671875,2008.4715576171875,271.05224609375
2016-04-14,378.0904235839844,1888.2215576171875,271.3520202636719
2016-04-15,379.48883056640625,1858.4078369140625,269.45306396484375
2016-04-18,379.48883056640625,1856.420166015625,270.8523254394531
2016-04-19,383.0849304199219,1847.475830078125,269.65301513671875
2016-04-20,378.2901306152344,1853.4388427734375,266.054931640625
2016-04-21,365.8036804199219,1870.333251953125,266.75457763671875
2016-04-22,357.3128356933594,1880.2711181640625,264.3559265136719
2016-04-25,369.000244140625,1907.1038818359375,264.7557067871094
2016-04-26,370.1988830566406,1956.7939453125,263.05657958984375
2016-04-27,373.19573974609375,1987.6016845703125,259.8582763671875
2016-04-28,376.89166259765625,1986.6082763671875,261.1576232910156
2016-04-29,374.5941467285156,1974.6822509765625,256.9598693847656
2016-05-03,380.9872741699219,1963.7506103515625,256.1602478027344
2016-05-04,378.8895263671875,1956.7939453125,254.1614227294922
2016-05-05,374.5941467285156,1937.911865234375,254.46128845214844
2016-05-06,377.89056396484375,1938.905517578125,252.8621368408203
2016-05-09,377.9905090332031,1956.7939453125,256.8599853515625
2016-05-10,381.58660888671875,1950.8311767578125,257.2596740722656
2016-05-11,381.0871276855469,1944.8685302734375,257.4596862792969
2016-05-12,381.28692626953125,1938.905517578125,255.8604736328125
2016-05-13,383.9839782714844,1948.8433837890625,256.26025390625
2016-05-16,380.587646484375,1967.7257080078125,255.66061401367188
2016-05-17,384.783203125,1997.539794921875,259.2586975097656
2016-05-18,383.7842712402344,2017.4158935546875,254.8610382080078
2016-05-19,381.28692626953125,2014.4342041015625,250.6633758544922
2016-05-20,383.3846740722656,2077.044189453125,255.8604736328125
2016-05-23,383.18487548828125,2071.081298828125,257.35968017578125
2016-05-24,402.1643981933594,2130.708984375,259.8582763671875
2016-05-25,402.863525390625,2099.901611328125,261.8572692871094
2016-05-26,399.5671081542969,2107.85107421875,259.8582763671875
2016-05-27,397.2696228027344,2098.907958984375,261.1576232910156
2016-05-31,392.5746765136719,2088.96923828125,262.2569580078125
2016-06-01,393.1740417480469,2025.3660888671875,262.35693359375
2016-06-02,398.96771240234375,2059.155517578125,264.7557067871094
2016-06-03,394.572509765625,2044.24853515625,260.3580627441406
2016-06-06,404.06219482421875,2014.4342041015625,264.3559265136719
2016-06-07,402.364013671875,1998.53369140625,260.8577880859375
2016-06-08,402.064453125,2011.453125,260.6578674316406
2016-06-09,423.6410217285156,2006.4842529296875,260.37384033203125
2016-06-10,417.54766845703125,1963.7506103515625,256.57568359375
2016-06-13,406.7593078613281,1926.980224609375,253.07736206054688
2016-06-14,391.9752502441406,1877.289794921875,246.78041076660156
2016-06-15,389.9775085449219,1892.19677734375,249.8789520263672
2016-06-16,388.5789794921875,1856.420166015625,249.8789520263672
2016-06-17,401.2652587890625,1929.96142578125,252.87745666503906
2016-06-20,413.8515930175781,2043.254638671875,257.775146484375
2016-06-21,414.35113525390625,2033.316650390625,258.374755859375
2016-06-22,412.453125,2073.068359375,256.375732421875
2016-06-23,417.54766845703125,2084.994384765625,256.9754333496094
2016-06-24,378.6897277832031,1510.5772705078125,260.9735412597656
2016-06-27,327.64495849609375,1301.879150390625,255.8759765625
2016-06-28,344.4268493652344,1335.6685791015625,259.3743591308594
2016-06-29,349.9208679199219,1435.0484619140625,265.87115478515625
2016-06-30,353.0176086425781,1438.030029296875,270.8687438964844
2016-07-01,358.2119445800781,1530.4532470703125,274.8667907714844
2016-07-04,340.8307800292969,1426.1041259765625,272.86773681640625
2016-07-05,314.6590881347656,1323.7427978515625,274.8667907714844
2016-07-06,313.4604187011719,1281.009521484375,278.3651123046875
2016-07-07,329.04351806640625,1328.711669921875,280.16424560546875
2016-07-08,333.23895263671875,1411.1971435546875,280.8638610839844
2016-07-11,346.125,1511.5711669921875,287.0608825683594
2016-07-12,352.6179504394531,1538.403564453125,287.4607238769531
2016-07-13,356.7135314941406,1543.372314453125,285.36181640625
2016-07-14,350.2206115722656,1539.3975830078125,281.0638122558594
2016-07-15,345.8253479003906,1561.260986328125,284.36224365234375
2016-07-18,350.62017822265625,1595.050537109375,285.4617614746094
2016-07-19,351.7189636230469,1601.013427734375,287.3607482910156
2016-07-20,358.11199951171875,1639.7716064453125,289.3597717285156
2016-07-21,352.71783447265625,1622.8768310546875,289.85955810546875
2016-07-22,347.62335205078125,1588.0938720703125,290.75909423828125
2016-07-25,350.52020263671875,1617.907958984375,290.2593078613281
2016-07-26,350.3204650878906,1578.1558837890625,292.25836181640625
2016-07-27,368.2011413574219,1670.5792236328125,293.85760498046875
2016-07-28,366.10333251953125,1672.5670166015625,297.0560302734375
2016-07-29,370.298828125,1676.5418701171875,297.8556823730469
2016-08-01,370.298828125,1629.833740234375,297.4558410644531
2016-08-02,372.9958801269531,1671.5728759765625,292.6581726074219
2016-08-03,373.8949279785156,1625.8580322265625,292.85809326171875
2016-08-04,381.9861755371094,1661.63525390625,297.5557861328125
2016-08-05,387.8797302246094,1712.3189697265625,302.4534606933594
2016-08-08,388.5789794921875,1683.498779296875,303.1531066894531
2016-08-09,387.9796447753906,1691.44921875,306.15167236328125
2016-08-10,385.5822448730469,1684.49267578125,306.0517578125
2016-08-11,390.3770446777344,1686.4801025390625,307.3511047363281
2016-08-12,386.0817565917969,1701.386962890625,310.74932861328125
2016-08-15,388.67889404296875,1722.2569580078125,314.64752197265625
2016-08-16,386.4813232421875,1725.2381591796875,310.6494140625
2016-08-17,389.5779724121094,1737.163818359375,308.6504211425781
2016-08-18,389.6778259277344,1765.984375,309.2500915527344
2016-08-19,388.67889404296875,1737.163818359375,310.5494689941406
2016-08-22,388.4790954589844,1782.8787841796875,309.849853515625
2016-08-23,392.4748229980469,1858.4078369140625,309.4500427246094
2016-08-24,396.77008056640625,1899.1536865234375,309.550048828125
2016-08-25,390.7765808105469,1869.33935546875,306.0517578125
2016-08-26,390.9764099121094,1871.3272705078125,306.7513427734375
2016-08-30,382.3857116699219,1821.6370849609375,307.95074462890625
2016-08-31,372.6961364746094,1812.6929931640625,309.3500671386719
2016-09-01,376.50225830078125,1858.4078369140625,307.7508239746094
2016-09-02,380.6977844238281,1848.4698486328125,307.4510498046875
2016-09-05,384.4938049316406,1826.606201171875,305.2520751953125
2016-09-06,386.8912658691406,1858.4078369140625,304.5523986816406
2016-09-07,388.8891296386719,1820.643310546875,307.7508239746094
2016-09-08,403.6734924316406,1841.5130615234375,309.849853515625
2016-09-09,393.78399658203125,1804.7421875,306.6513671875
2016-09-12,390.9869079589844,1783.872314453125,302.1535949707031
2016-09-13,391.7861633300781,1778.9036865234375,302.5533752441406
2016-09-14,391.885986328125,1737.163818359375,303.4529724121094
2016-09-15,399.4778747558594,1761.0152587890625,306.15167236328125
2016-09-16,399.57781982421875,1737.163818359375,311.64898681640625
2016-09-19,405.5715026855469,1761.0152587890625,312.5485534667969
2016-09-20,404.2728576660156,1755.05224609375,315.04736328125
2016-09-21,407.2697448730469,1769.9593505859375,319.24530029296875
2016-09-22,408.168701171875,1785.8599853515625,320.4447021484375
2016-09-23,400.5767517089844,1826.606201171875,323.8430480957031
2016-09-26,395.6819763183594,1753.0648193359375,321.944091796875
2016-09-27,394.6830139160156,1772.9405517578125,323.64312744140625
2016-09-28,400.0772705078125,1794.8045654296875,328.0411071777344
2016-09-29,402.2749938964844,1730.207275390625,328.3408508300781
2016-09-30,405.072021484375,1803.7490234375,326.541748046875
2016-10-03,409.66717529296875,1809.711181640625,333.238525390625
2016-10-04,408.76812744140625,1847.475830078125,334.0381774902344
2016-10-05,398.4789733886719,1830.581298828125,332.239013671875
2016-10-06,397.9794921875,1811.69921875,333.73822021484375
2016-10-07,395.9815673828125,1742.1329345703125,337.8363342285156
2016-10-10,386.5915832519531,1690.455322265625,337.8363342285156
2016-10-11,389.6882629394531,1717.2880859375,335.23748779296875
2016-10-12,382.5957946777344,1680.517333984375,333.1385498046875
2016-10-13,380.99749755859375,1712.3189697265625,330.8397216796875
2016-10-14,379.4990234375,1695.4241943359375,335.23748779296875
2016-10-17,374.0047912597656,1653.6845703125,333.6383056640625
2016-10-18,381.5968322753906,1710.3314208984375,335.8372497558594
2016-10-19,374.20458984375,1766.978271484375,336.83673095703125
2016-10-20,379.29925537109375,1744.1207275390625,336.83673095703125
2016-10-21,378.1005554199219,1720.2694091796875,336.93670654296875
2016-10-24,376.50225830078125,1705.3621826171875,339.1356201171875
2016-10-25,376.7019958496094,1682.5050048828125,341.234619140625
2016-10-26,365.61376953125,1681.510986328125,338.5360107421875
2016-10-27,370.0090637207031,1660.6412353515625,338.5360107421875
2016-10-28,376.1025695800781,1703.374755859375,341.3346252441406
2016-10-31,374.3045349121094,1683.498779296875,337.8363342285156
2016-11-01,379.19940185546875,1726.2320556640625,333.93817138671875
2016-11-02,374.8039855957031,1740.1453857421875,328.4408264160156
2016-11-03,376.9017639160156,1747.1019287109375,321.2442626953125
2016-11-04,366.7125549316406,1666.604248046875,315.2472839355469
2016-11-07,367.1121520996094,1677.5360107421875,320.4447021484375
2016-11-08,370.0090637207031,1652.6907958984375,324.0429992675781
2016-11-09,385.59259033203125,1706.3560791015625,322.74359130859375
2016-11-10,398.4789733886719,1669.585693359375,315.8468933105469
2016-11-11,387.2908935546875,1676.5418701171875,313.64801025390625
2016-11-14,390.38751220703125,1728.2198486328125,311.4491271972656
2016-11-15,384.2939147949219,1727.225830078125,315.2472839355469
2016-11-16,383.5947265625,1699.3995361328125,312.5485534667969
2016-11-17,393.4842834472656,1752.07080078125,314.1616516113281
2016-11-18,391.48638916015625,1763.0030517578125,317.4602966308594
2016-11-21,391.9857482910156,1737.163818359375,316.86053466796875
2016-11-22,403.6734924316406,1766.978271484375,317.1604309082031
2016-11-23,402.57464599609375,1735.176513671875,315.8609313964844
2016-11-24,402.9742126464844,1718.2818603515625,317.2604064941406
2016-11-25,400.0772705078125,1694.430419921875,317.66015625
2016-11-28,403.07415771484375,1680.517333984375,319.35943603515625
2016-11-29,402.57464599609375,1713.3126220703125,318.159912109375
2016-11-30,399.2781982421875,1689.46142578125,315.7610168457031
2016-12-01,404.57257080078125,1693.4366455078125,309.5638122558594
2016-12-02,402.1752014160156,1685.4864501953125,304.06622314453125
2016-12-05,399.57781982421875,1693.4366455078125,305.4655456542969
2016-12-06,394.8827819824219,1699.3995361328125,305.66546630859375
2016-12-07,384.2939147949219,1718.2818603515625,309.36383056640625
2016-12-08,385.6924743652344,1726.2320556640625,311.26300048828125
2016-12-09,392.1856384277344,1705.3621826171875,312.1625671386719
2016-12-12,389.48846435546875,1656.6661376953125,308.86407470703125
2016-12-13,395.78179931640625,1688.467529296875,312.2625732421875
2016-12-14,390.58734130859375,1677.5360107421875,311.9626770019531
2016-12-15,402.674560546875,1716.294189453125,312.9623107910156
2016-12-16,388.3896484375,1695.4241943359375,313.362060546875
2016-12-19,388.6893310546875,1709.337646484375,317.2604064941406
2016-12-20,389.8880310058594,1724.2445068359375,319.35943603515625
2016-12-21,385.59259033203125,1736.1700439453125,316.86053466796875
2016-12-22,394.5830993652344,1752.07080078125,318.2599182128906
2016-12-23,404.4726867675781,1754.0584716796875,316.5606689453125
2016-12-28,405.17193603515625,1733.1888427734375,321.6584167480469
2016-12-29,409.367431640625,1735.176513671875,319.6593322753906
2016-12-30,408.56829833984375,1764.9906005859375,320.3589782714844
2017-01-03,410.1666259765625,1749.089599609375,321.8583984375
2017-01-04,407.2697448730469,1798.7796630859375,321.6584167480469
2017-01-05,409.884033203125,1927.9736328125,322.85791015625
2017-01-06,410.1837158203125,1922.0108642578125,328.1556091308594
2017-01-09,407.88604736328125,1926.980224609375,334.3528747558594
2017-01-10,403.8901672363281,1976.669921875,339.9504089355469
2017-01-11,400.3937072753906,1968.7197265625,341.84954833984375
2017-01-12,399.5945129394531,1957.7879638671875,338.85089111328125
2017-01-13,396.79730224609375,1984.6204833984375,343.64874267578125
2017-01-16,393.4007263183594,1955.800048828125,344.2484436035156
2017-01-17,396.2979431152344,1982.6329345703125,338.4510498046875
2017-01-18,399.99407958984375,1961.76318359375,339.05078125
2017-01-19,395.39874267578125,1942.880859375,338.5510559082031
2017-01-20,386.2080993652344,1920.0230712890625,338.9508361816406
2017-01-23,387.1071472167969,1931.948974609375,335.8521728515625
2017-01-24,390.6036376953125,1909.0916748046875,338.85089111328125
2017-01-25,388.9053649902344,1885.2403564453125,340.65008544921875
2017-01-26,388.6056213378906,1874.30859375,340.8500061035156
2017-01-27,388.1061096191406,1905.1163330078125,341.4497375488281
2017-01-30,390.1040954589844,1908.097900390625,341.0499572753906
2017-01-31,399.5945129394531,1917.041748046875,339.75048828125
2017-02-01,397.5965576171875,1938.905517578125,339.05078125
2017-02-02,404.38958740234375,1952.81884765625,341.2497863769531
2017-02-03,404.1898498535156,1958.7816162109375,343.2489318847656
2017-02-06,402.3916015625,1925.9862060546875,344.74835205078125
2017-02-07,404.08990478515625,1944.8685302734375,346.44757080078125
2017-02-08,409.5843811035156,2003.5025634765625,345.34796142578125
2017-02-09,410.98291015625,1975.676025390625,346.84735107421875
2017-02-10,407.88604736328125,1963.7506103515625,348.34674072265625
2017-02-13,405.8880920410156,1978.6575927734375,350.54571533203125
2017-02-14,404.38958740234375,1999.5274658203125,350.54571533203125
2017-02-15,403.5904235839844,2008.4715576171875,351.3453674316406
2017-02-16,401.4926452636719,1999.5274658203125,349.6461486816406
2017-02-17,402.19195556640625,1998.53369140625,351.84521484375
2017-02-20,401.4926452636719,1989.58935546875,352.64483642578125
2017-02-21,401.29278564453125,2010.459228515625,352.94464111328125
2017-02-22,405.08892822265625,2013.4404296875,355.1437072753906
2017-02-23,402.79132080078125,1997.539794921875,351.0455017089844
2017-02-24,399.39471435546875,2012.4468994140625,347.4469909667969
2017-02-27,401.5924377441406,2017.4158935546875,349.2463073730469
2017-02-28,394.7994079589844,2048.223876953125,349.6461486816406
2017-03-01,401.5924377441406,2136.672119140625,351.0455017089844
2017-03-02,397.69647216796875,2094.932373046875,349.3462829589844
2017-03-03,391.7025451660156,2067.10595703125,348.2467346191406
2017-03-06,389.6046447753906,2098.907958984375,348.2467346191406
2017-03-07,397.9961242675781,2104.870361328125,351.3453674316406
2017-03-08,399.6943664550781,2105.8642578125,355.2436828613281
2017-03-09,400.2938232421875,2105.119140625,353.54443359375
2017-03-10,381.6127624511719,2095.179931640625,356.8429870605469
2017-03-13,381.4129638671875,2105.119140625,357.3426818847656
2017-03-14,379.2152099609375,2084.2470703125,356.8429870605469
2017-03-15,378.5158996582031,2060.392333984375,354.14410400390625
2017-03-16,381.4129638671875,2075.301025390625,352.0450439453125
2017-03-17,387.30694580078125,2094.185546875,361.8408508300781
2017-03-20,386.2080993652344,2108.10009765625,365.4391784667969
2017-03-21,382.7116394042969,2089.2158203125,362.84027099609375
2017-03-22,383.0113830566406,2086.234130859375,360.2414855957031
2017-03-23,389.804443359375,2099.1552734375,357.6426086425781
2017-03-24,391.9021911621094,2070.33154296875,359.24188232421875
2017-03-27,390.6036376953125,2075.301025390625,355.9432678222656
2017-03-28,387.6066589355469,2084.2470703125,363.4400329589844
2017-03-29,389.2050476074219,2085.24072265625,366.73858642578125
2017-03-30,388.6056213378906,2088.221923828125,367.0384826660156
2017-03-31,391.9021911621094,2081.2646484375,365.9389343261719
2017-04-03,389.3049621582031,2074.307373046875,367.8381042480469
2017-04-04,396.0980529785156,2086.234130859375,370.0371398925781
2017-04-05,390.40380859375,2087.22802734375,369.33746337890625
2017-04-06,393.1011047363281,2131.954833984375,367.538330078125
2017-04-07,393.0012512207031,2132.948486328125,369.8372497558594
2017-04-10,392.2019958496094,2164.75341796875,370.43701171875
2017-04-11,391.9021911621094,2196.55908203125,371.936279296875
2017-04-12,393.6005859375,2173.698974609375,370.237060546875
2017-04-13,392.501708984375,2207.49267578125,368.337890625
2017-04-18,389.4048156738281,2228.36474609375,362.4404602050781
2017-04-19,397.1968688964844,2283.029541015625,364.3395690917969
2017-04-20,403.29071044921875,2262.158203125,361.3409729003906
2017-04-21,401.3926696777344,2242.27978515625,362.0406494140625
2017-04-24,410.0838317871094,2270.10888671875,370.636962890625
2017-04-25,405.488525390625,2253.21240234375,372.53607177734375
2017-04-26,405.2886962890625,2272.09716796875,374.83502197265625
2017-04-27,409.1847839355469,2325.768310546875,373.335693359375
2017-04-28,400.69342041015625,2315.828857421875,374.83502197265625
2017-05-02,406.5873718261719,2375.46484375,379.23309326171875
2017-05-03,401.5924377441406,2340.67724609375,379.93280029296875
2017-05-04,409.384521484375,2372.482666015625,377.83367919921875
2017-05-05,410.3835754394531,2376.45849609375,377.2339782714844
2017-05-08,410.58331298828125,2398.32421875,379.1331481933594
2017-05-09,405.7882080078125,2387.391845703125,382.53173828125
2017-05-10,406.687255859375,2396.337158203125,383.23126220703125
2017-05-11,407.6863708496094,2390.373046875,385.5303039550781
2017-05-12,419.6741027832031,2345.647216796875,387.52947998046875
2017-05-15,414.3794860839844,2379.43994140625,387.829345703125
2017-05-16,418.875,2386.39794921875,389.8284606933594
2017-05-17,405.08892822265625,2415.220703125,385.0305480957031
2017-05-18,400.3937072753906,2407.26953125,381.931884765625
2017-05-19,404.8891296386719,2416.21533203125,384.3308410644531
2017-05-22,405.1888122558594,2443.05078125,387.1296081542969
2017-05-23,406.8870544433594,2441.06298828125,388.32904052734375
2017-05-24,413.78009033203125,2445.0390625,388.7289123535156
2017-05-25,421.1726379394531,2447.026123046875,393.3269348144531
2017-05-26,415.2785949707031,2428.141357421875,399.823974609375
2017-05-30,414.77911376953125,2438.0810546875,398.62445068359375
2017-05-31,415.6781005859375,2440.069091796875,396.9252624511719
2017-06-01,434.55902099609375,2389.379150390625,397.125244140625
2017-06-02,435.4581604003906,2383.4150390625,400.3238525390625
2017-06-05,435.0585021972656,2382.421142578125,402.22296142578125
2017-06-06,426.16754150390625,2330.737548828125,405.5215148925781
2017-06-07,431.2623291015625,2378.445556640625,404.92181396484375
2017-06-08,418.0758056640625,2396.337158203125,407.8367614746094
2017-06-09,419.5742492675781,2364.53125,417.8327331542969
2017-06-12,405.1888122558594,2360.5556640625,406.6371765136719
2017-06-13,406.687255859375,2376.45849609375,407.33697509765625
2017-06-14,406.3876037597656,2407.26953125,408.8363952636719
2017-06-15,399.2947998046875,2246.28173828125,401.8391418457031
2017-06-16,399.5945129394531,2262.191162109375,403.7384338378906
2017-06-19,398.79534912109375,2265.174072265625,410.6356506347656
2017-06-20,394.5995788574219,2263.18603515625,414.5340576171875
2017-06-21,388.2060546875,2245.287109375,414.83392333984375
2017-06-22,383.7106628417969,2260.202392578125,417.8327331542969
2017-06-23,387.6066589355469,2265.174072265625,417.5328369140625
2017-06-26,388.7345275878906,2268.801025390625,416.8330993652344
2017-06-27,380.35107421875,2246.133544921875,413.8343505859375
2017-06-28,380.81353759765625,2261.197021484375,405.43768310546875
2017-06-29,375.2192687988281,2218.438720703125,401.33935546875
2017-06-30,379.6147766113281,2229.377197265625,399.63995361328125
2017-07-03,372.3221435546875,2253.2421875,400.8394775390625
2017-07-04,373.2213134765625,2278.1015625,396.74114990234375
2017-07-05,379.7146911621094,2331.796875,396.14141845703125
2017-07-06,369.5249938964844,2360.6337890625,391.243408203125
2017-07-07,371.3232116699219,2352.6787109375,395.141845703125
2017-07-10,368.6258850097656,2361.62841796875,396.9410400390625
2017-07-11,368.6258850097656,2338.758056640625,397.0410461425781
2017-07-12,363.23138427734375,2335.773681640625,405.5376281738281
2017-07-13,362.1325378417969,2385.4931640625,405.43768310546875
2017-07-14,362.73193359375,2348.701416015625,400.5396728515625
2017-07-17,365.5290832519531,2355.662109375,401.0394592285156
2017-07-18,373.6208801269531,2372.56591796875,402.13897705078125
2017-07-19,374.61981201171875,2428.251220703125,408.3365478515625
2017-07-20,377.7167053222656,2448.13818359375,410.33575439453125
2017-07-21,379.6147766113281,2447.143798828125,407.8367614746094
2017-07-24,373.9205322265625,2407.369384765625,405.43768310546875
2017-07-25,373.72076416015625,2427.25634765625,405.33770751953125
2017-07-26,380.51385498046875,2459.07666015625,406.4373779296875
2017-07-27,382.4118957519531,2481.947021484375,407.4369201660156
2017-07-28,378.1163330078125,2469.020263671875,403.4385070800781
2017-07-31,382.3120422363281,2489.9013671875,405.037841796875
2017-08-01,382.6117858886719,2514.760986328125,408.3365478515625
2017-08-02,364.4302062988281,2520.72705078125,407.5368347167969
2017-08-03,369.1253967285156,2551.552734375,414.83392333984375
2017-08-04,369.1253967285156,2450.126953125,422.3309631347656
2017-08-07,367.1274719238281,2504.8173828125,427.1289978027344
2017-08-08,367.4271240234375,2505.81201171875,431.72711181640625
2017-08-09,365.3292541503906,2521.721923828125,430.1277770996094
2017-08-10,362.232421875,2448.13818359375,425.82952880859375
2017-08-11,352.342529296875,2486.9189453125,418.2325439453125
2017-08-14,359.4351806640625,2499.84521484375,425.22979736328125
2017-08-15,358.436279296875,2487.9130859375,427.8287353515625
2017-08-16,358.83587646484375,2521.721923828125,431.52728271484375
2017-08-17,358.1365661621094,2517.744140625,425.4296875
2017-08-18,355.1396179199219,2506.805908203125,420.3316650390625
2017-08-21,355.8389587402344,2541.60888671875,417.8327331542969
2017-08-22,355.43927001953125,2586.355712890625,425.5296630859375
2017-08-23,338.5564270019531,2565.4736328125,426.42926025390625
2017-08-24,342.0528259277344,2616.186767578125,428.8282775878906
2017-08-25,343.85113525390625,2601.271240234375,428.8282775878906
2017-08-29,342.1528015136719,2593.316650390625,423.5304870605469
2017-08-30,349.6451416015625,2606.242919921875,427.2289733886719
2017-08-31,353.0770263671875,2644.029541015625,432.9266357421875
2017-09-01,355.0751953125,2621.158447265625,435.32568359375
2017-09-04,352.5774841308594,2593.316650390625,434.825927734375
2017-09-05,358.671875,2609.226806640625,429.9278564453125
2017-09-06,357.87274169921875,2546.5810546875,426.3292541503906
2017-09-07,359.9707336425781,2574.423095703125,430.02783203125
2017-09-08,363.26776123046875,2525.69873046875,429.8279113769531
2017-09-11,362.2686462402344,2540.61474609375,433.62640380859375
2017-09-12,360.67010498046875,2488.907958984375,433.62640380859375
2017-09-13,358.57208251953125,2500.839599609375,434.12615966796875
2017-09-14,367.0642395019531,2422.284423828125,428.3285217285156
2017-09-15,356.7736511230469,2426.262451171875,420.3316650390625
2017-09-18,360.2704772949219,2435.211669921875,424.5300598144531
2017-09-19,363.5674133300781,2471.0087890625,421.4312744140625
2017-09-20,375.65643310546875,2500.839599609375,418.132568359375
2017-09-21,373.8580627441406,2461.0654296875,415.93353271484375
2017-09-22,379.65277099609375,2470.014404296875,412.9347229003906
2017-09-25,383.64910888671875,2475.98046875,411.2353210449219
2017-09-26,385.0477294921875,2474.986572265625,407.4369201660156
2017-09-27,387.3456726074219,2500.839599609375,412.3349304199219
2017-09-28,392.6407775878906,2514.760986328125,416.8330993652344
2017-09-29,392.1413269042969,2567.46240234375,422.13104248046875
2017-10-02,394.73895263671875,2674.85498046875,425.1298522949219
2017-10-03,389.0441589355469,2669.883544921875,425.4296875
2017-10-04,379.2530822753906,2672.865966796875,426.7292175292969
2017-10-05,377.155029296875,2690.764404296875,431.3273010253906
2017-10-06,375.5564880371094,2691.759033203125,434.825927734375
2017-10-09,366.9643249511719,2682.809814453125,433.9263610839844
2017-10-10,366.3648986816406,2745.455078125,432.82672119140625
2017-10-11,365.4656982421875,2762.35888671875,435.9255065917969
2017-10-12,368.36309814453125,2764.34765625,438.6242980957031
2017-10-13,371.56011962890625,2791.1962890625,435.5256042480469
2017-10-16,364.8663024902344,2806.11181640625,435.8255310058594
2017-10-17,362.0688171386719,2775.286376953125,438.52435302734375
2017-10-18,363.66741943359375,2824.009765625,437.8247375488281
2017-10-19,361.669189453125,2817.049560546875,434.62603759765625
2017-10-20,361.8689880371094,2832.959716796875,435.6255798339844
2017-10-23,361.5693054199219,2840.91455078125,434.42608642578125
2017-10-24,359.07159423828125,2854.835693359375,434.825927734375
2017-10-25,359.27142333984375,2855.829833984375,429.328125
2017-10-26,351.8781433105469,2873.728759765625,436.5252685546875
2017-10-27,342.6865539550781,2815.060791015625,443.42254638671875
2017-10-30,343.6856384277344,2797.162109375,442.4228210449219
2017-10-31,342.1869812011719,2786.224365234375,443.5224914550781
2017-11-01,341.18798828125,2841.908447265625,448.3205261230469
2017-11-02,343.086181640625,2822.021484375,451.119384765625
2017-11-03,348.38134765625,2815.060791015625,456.21728515625
2017-11-06,345.2841491699219,2853.84130859375,456.01739501953125
2017-11-07,342.1869812011719,2857.81884765625,456.3172912597656
2017-11-08,351.97808837890625,2756.393310546875,456.8171691894531
2017-11-09,334.79376220703125,2647.01220703125,453.3185729980469
2017-11-10,332.09625244140625,2657.950439453125,452.01904296875
2017-11-13,321.20623779296875,2642.0400390625,455.3177795410156
2017-11-14,320.2070617675781,2693.747802734375,454.3181457519531
2017-11-15,318.70849609375,2653.972900390625,450.8194885253906
2017-11-16,320.10723876953125,2662.921630859375,457.0311584472656
2017-11-17,320.0072937011719,2660.933349609375,456.33135986328125
2017-11-20,323.10443115234375,2668.888427734375,458.230712890625
2017-11-21,328.2997741699219,2659.939453125,461.5295104980469
2017-11-22,330.8973693847656,2609.226806640625,460.5298156738281
2017-11-23,328.59942626953125,2636.073974609375,465.5280456542969
2017-11-24,331.996337890625,2541.60888671875,463.8286437988281
2017-11-27,331.4967346191406,2574.423095703125,463.2287902832031
2017-11-28,334.294189453125,2525.69873046875,467.3273620605469
2017-11-29,337.1915588378906,2576.412353515625,452.7327575683594
2017-11-30,335.99267578125,2525.69873046875,450.4336242675781
2017-12-01,335.4930725097656,2537.63134765625,440.437255859375
2017-12-04,336.39239501953125,2551.552734375,437.23846435546875
2017-12-05,338.3904724121094,2587.35009765625,433.3398742675781
2017-12-06,337.9908447265625,2589.3388671875,429.8411560058594
2017-12-07,337.6911315917969,2591.32763671875,428.4417419433594
2017-12-08,342.2869567871094,2655.9619140625,444.7356872558594
2017-12-11,343.7855529785156,2666.900146484375,443.73602294921875
2017-12-12,342.786376953125,2637.068359375,442.3365783691406
2017-12-13,347.8818359375,2615.19189453125,440.9371032714844
2017-12-14,347.981689453125,2637.068359375,436.8385925292969
2017-12-15,346.68292236328125,2611.215087890625,436.8385925292969
2017-12-18,353.1769714355469,2669.883544921875,440.2373352050781
2017-12-19,350.2796325683594,2703.69140625,442.83636474609375
2017-12-20,344.6847229003906,2706.674560546875,439.337646484375
2017-12-21,344.9844665527344,2685.79296875,444.1358337402344
2017-12-22,351.7782287597656,2703.69140625,445.2354736328125
2017-12-27,354.3758850097656,2715.62353515625,447.23468017578125
2017-12-28,354.5756530761719,2723.578857421875,446.9349060058594
2017-12-29,352.4775695800781,2722.584228515625,448.8341369628906
2018-01-02,352.67742919921875,2735.51171875,448.234375
2018-01-03,358.0724182128906,2737.499755859375,456.2313537597656
2018-01-04,357.99151611328125,2738.494384765625,460.2299499511719
2018-01-05,356.0931091308594,2762.35888671875,461.8293762207031
2018-01-08,354.7943420410156,2732.527587890625,466.2276916503906
2018-01-09,352.1965637207031,2699.713623046875,470.0263366699219
2018-01-10,346.1017761230469,2657.950439453125,467.8271484375
2018-01-11,352.3963928222656,2628.119140625,468.0271301269531
2018-01-12,354.69439697265625,2632.0966796875,467.8271484375
2018-01-15,349.69866943359375,2604.25439453125,465.42803955078125
2018-01-16,356.4927978515625,2606.242919921875,468.4268798828125
2018-01-17,354.69439697265625,2595.304443359375,463.42877197265625
2018-01-18,346.601318359375,2606.242919921875,465.827880859375
2018-01-19,349.5987854003906,2619.170654296875,470.0263366699219
2018-01-22,353.495361328125,2615.19189453125,470.0263366699219
2018-01-23,344.6030578613281,2635.079833984375,474.82452392578125
2018-01-24,345.7021484375,2625.13623046875,465.827880859375
2018-01-25,349.69866943359375,2587.35009765625,462.42913818359375
2018-01-26,354.9941101074219,2616.186767578125,470.8260192871094
2018-01-29,356.29302978515625,2604.25439453125,476.8238525390625
2018-01-30,350.69781494140625,2556.524658203125,463.2287902832031
2018-01-31,359.7900085449219,2487.9130859375,454.43206787109375
2018-02-01,360.5893249511719,2501.8349609375,451.63311767578125
2018-02-02,363.886474609375,2489.9013671875,455.8315734863281
2018-02-05,363.986328125,2456.09326171875,444.0359191894531
2018-02-06,355.69354248046875,2421.2900390625,422.0440979003906
2018-02-07,362.5875549316406,2485.92431640625,449.833740234375
2018-02-08,357.6917419433594,2380.52099609375,433.2398681640625
2018-02-09,355.5935974121094,2395.436767578125,427.8419189453125
2018-02-12,359.8900146484375,2400.40869140625,439.6375427246094
2018-02-13,362.78741455078125,2404.385986328125,440.83709716796875
2018-02-14,362.6875,2396.4306640625,443.2362060546875
2018-02-15,366.0845947265625,2411.3466796875,450.233642578125
2018-02-16,368.4824523925781,2409.357421875,458.230712890625
2018-02-19,362.4877014160156,2411.3466796875,459.23028564453125
2018-02-20,364.3860778808594,2451.1220703125,462.42913818359375
2018-02-21,363.1870422363281,2470.014404296875,469.62646484375
2018-02-22,356.7925720214844,2442.172119140625,467.4273376464844
2018-02-23,362.18792724609375,2458.081787109375,464.028564453125
2018-02-26,365.6849060058594,2473.992431640625,466.4276428222656
2018-02-27,365.2853088378906,2589.3388671875,466.8275451660156
2018-02-28,364.68572998046875,2586.355712890625,458.4306335449219
2018-03-01,368.1827697753906,2568.45751953125,450.233642578125
2018-03-02,371.3800354003906,2569.451171875,451.0333251953125
2018-03-05,376.075927734375,2627.125,456.83123779296875
2018-03-06,379.6728820800781,2635.079833984375,463.8286437988281
2018-03-07,387.1664123535156,2628.119140625,465.2280578613281
2018-03-08,391.76251220703125,2534.85302734375,472.4255065917969
2018-03-09,391.56256103515625,2583.599853515625,473.4250793457031
2018-03-12,392.6615905761719,2570.6669921875,477.6235046386719
2018-03-13,389.5643615722656,2535.84765625,472.4255065917969
2018-03-14,385.1681213378906,2536.8427734375,471.8256530761719
2018-03-15,360.2895812988281,2546.791259765625,471.8256530761719
2018-03-16,350.0983581542969,2513.961181640625,469.826416015625
2018-03-19,353.9950256347656,2518.935302734375,457.0311584472656
2018-03-20,347.0009765625,2537.837890625,460.4298400878906
2018-03-21,338.6082763671875,2547.786376953125,457.2310485839844
2018-03-22,334.51171875,2476.157470703125,443.6360778808594
2018-03-23,339.90716552734375,2482.12646484375,436.6386413574219
2018-03-26,337.7090148925781,2487.100830078125,439.8375244140625
2018-03-27,341.1060791015625,2512.96630859375,454.8319396972656
2018-03-28,349.1990966796875,2530.8740234375,439.2377014160156
2018-03-29,350.2981872558594,2516.946044921875,442.03668212890625
2018-04-03,345.2025451660156,2520.92529296875,427.8419189453125
2018-04-04,342.8045349121094,2544.801513671875,420.4446105957031
2018-04-05,348.599609375,2606.48193359375,436.4388122558594
2018-04-06,346.80120849609375,2630.357666015625,430.8408203125
2018-04-09,348.49969482421875,2634.33642578125,434.4394836425781
2018-04-10,352.7959899902344,2663.188232421875,442.83636474609375
2018-04-11,356.19305419921875,2661.19775390625,448.03448486328125
2018-04-12,338.907958984375,2646.275146484375,450.233642578125
2018-04-13,338.6082763671875,2662.19287109375,447.43463134765625
2018-04-16,339.8072814941406,2657.218505859375,445.2354736328125
2018-04-17,338.70819091796875,2690.048095703125,454.6319580078125
2018-04-18,338.2085266113281,2679.104736328125,460.8297119140625
2018-04-19,342.4049377441406,2688.058349609375,461.0296936035156
2018-04-20,342.7047119140625,2702.981201171875,463.0289001464844
2018-04-23,345.2025451660156,2706.960205078125,462.8289489746094
2018-04-24,345.40240478515625,2676.119873046875,459.8301086425781
2018-04-25,341.5057373046875,2680.099853515625,455.4317932128906
2018-04-26,344.103515625,2669.156494140625,460.8297119140625
2018-04-27,350.2981872558594,2715.914306640625,474.42474365234375
2018-04-30,352.69610595703125,2700.9912109375,474.42474365234375
2018-05-01,351.09747314453125,2731.83203125,478.42315673828125
2018-05-02,361.9880676269531,2697.011962890625,485.8205261230469
2018-05-03,368.8822021484375,2717.9033203125,481.6219787597656
2018-05-04,372.379150390625,2715.914306640625,486.820068359375
2018-05-08,375.67633056640625,2735.810546875,496.01666259765625
2018-05-09,369.6815185546875,2758.6923828125,497.6161804199219
2018-05-10,370.380859375,2742.7744140625,510.811279296875
2018-05-11,379.7727966308594,2780.57861328125,508.3121337890625
2018-05-14,379.0733642578125,2751.728515625,508.3121337890625
2018-05-15,371.5798034667969,2802.465087890625,501.8145446777344
2018-05-16,371.1802062988281,2768.640625,506.31292724609375
2018-05-17,378.1742248535156,2783.562744140625,510.811279296875
2018-05-18,376.77532958984375,2798.486083984375,506.812744140625
2018-05-21,380.9717712402344,2832.31005859375,511.81085205078125
2018-05-22,380.4721374511719,2834.300048828125,507.8123474121094
2018-05-23,378.0742492675781,2800.475830078125,508.8120422363281
2018-05-24,373.6780090332031,2789.5322265625,509.3117370605469
2018-05-25,372.6788330078125,2826.34130859375,512.8104858398438
2018-05-29,364.0863342285156,2800.475830078125,510.3114318847656
2018-05-30,350.8976745605469,2814.403564453125,510.811279296875
2018-05-31,352.2964782714844,2817.387939453125,509.81158447265625
2018-06-01,353.7951354980469,2850.21728515625,511.31103515625
2018-06-04,359.3902893066406,2836.2900390625,515.8095092773438
2018-06-05,353.2956237792969,2813.40869140625,520.3078002929688
2018-06-06,353.69525146484375,2841.263916015625,522.3070068359375
2018-06-07,384.66851806640625,2862.156005859375,528.32177734375
2018-06-08,416.6409912109375,2865.140380859375,527.8218994140625
2018-06-11,424.6341247558594,2845.24365234375,529.3214721679688
2018-06-12,422.1362609863281,2775.60498046875,534.8195190429688
2018-06-13,422.1362609863281,2791.521240234375,540.3177490234375
2018-06-14,421.73663330078125,2713.99365234375,546.315673828125
2018-06-15,420.3378601074219,2674.184326171875,545.8158569335938
2018-06-18,423.9347229003906,2688.116943359375,548.8148803710938
2018-06-19,424.5342102050781,2613.475341796875,543.8165283203125
2018-06-20,422.7358093261719,2597.55126953125,548.3151245117188
2018-06-21,422.63580322265625,2517.932861328125,540.8175048828125
2018-06-22,426.63238525390625,2563.7138671875,539.8179321289062
2018-06-25,425.9329528808594,2510.96630859375,521.8239135742188
2018-06-26,419.4385986328125,2527.88525390625,524.3229370117188
2018-06-27,416.6409912109375,2536.842041015625,532.3204345703125
2018-06-28,416.74090576171875,2502.00927734375,529.3214721679688
2018-06-29,425.5333557128906,2520.9189453125,529.8212280273438
2018-07-02,420.73748779296875,2475.137939453125,527.8218994140625
2018-07-03,423.3352355957031,2484.094970703125,530.3211059570312
2018-07-04,428.6306457519531,2470.161865234375,530.3211059570312
2018-07-05,416.4411926269531,2463.195068359375,527.3221435546875
2018-07-06,414.8425598144531,2458.219482421875,530.8208618164062
2018-07-09,424.5342102050781,2463.195068359375,536.81884765625
2018-07-10,424.1345520019531,2484.094970703125,541.8171997070312
2018-07-11,422.1362609863281,2473.14794921875,536.81884765625
2018-07-12,432.0277404785156,2472.15185546875,543.8165283203125
2018-07-13,425.9329528808594,2470.161865234375,549.8145141601562
2018-07-16,421.237060546875,2461.458251953125,547.8152465820312
2018-07-17,430.12939453125,2489.0712890625,548.3151245117188
2018-07-18,438.3222961425781,2479.119140625,556.8121948242188
2018-07-19,440.42047119140625,2497.032958984375,561.3106079101562
2018-07-20,438.6220703125,2492.056884765625,557.3119506835938
2018-07-23,432.62725830078125,2421.395263671875,550.8141479492188
2018-07-24,433.4264831542969,2445.28125,554.812744140625
2018-07-25,432.22760009765625,2463.195068359375,548.8148803710938
2018-07-26,427.8313293457031,2453.2431640625,550.8141479492188
2018-07-27,431.6280822753906,2451.252685546875,548.8148803710938
2018-07-30,426.9321594238281,2445.28125,534.8195190429688
2018-07-31,424.9338684082031,2470.161865234375,534.3197021484375
2018-08-01,423.5350646972656,2452.248291015625,533.8199462890625
2018-08-02,425.0338134765625,2401.4912109375,531.3207397460938
2018-08-03,425.43341064453125,2425.376953125,544.8162841796875
2018-08-06,425.43341064453125,2449.261962890625,545.8158569335938
2018-08-07,422.2361755371094,2471.1572265625,551.3140258789062
2018-08-08,426.83221435546875,2489.0712890625,558.8114624023438
2018-08-09,432.52734375,2467.176025390625,558.8114624023438
2018-08-10,429.72979736328125,2462.199951171875,556.8121948242188
2018-08-13,437.6228942871094,2452.248291015625,556.3123779296875
2018-08-14,437.722900390625,2431.347900390625,552.4136352539062
2018-08-15,443.7177429199219,2410.447998046875,537.4186401367188
2018-08-16,447.21466064453125,2457.2236328125,548.115234375
2018-08-17,446.215576171875,2450.2578125,542.5169067382812
2018-08-20,454.4084777832031,2432.343505859375,545.0162353515625
2018-08-21,456.2069396972656,2428.3623046875,546.4155883789062
2018-08-22,456.6065673828125,2455.23388671875,549.3145751953125
2018-08-23,452.9096984863281,2477.128662109375,551.1141357421875
2018-08-24,454.6082763671875,2442.2958984375,555.1126708984375
2018-08-28,451.510986328125,2476.13330078125,562.8101806640625
2018-08-29,453.4093322753906,2457.2236328125,558.8114624023438
2018-08-30,454.3486633300781,2456.22900390625,560.5108642578125
2018-08-31,448.7528991699219,2421.395263671875,559.3114013671875
2018-09-03,451.3509826660156,2426.3720703125,568.1083374023438
2018-09-04,431.56622314453125,2346.753662109375,560.3109741210938
2018-09-05,427.3695373535156,2360.686279296875,544.8162841796875
2018-09-06,426.66998291015625,2380.5908203125,532.1204833984375
2018-09-07,433.1650085449219,2357.701171875,530.8208618164062
2018-09-10,434.4638977050781,2362.677001953125,529.3214721679688
2018-09-11,438.66070556640625,2360.686279296875,530.4210815429688
2018-09-12,438.16119384765625,2370.638427734375,533.020263671875
2018-09-13,431.4662780761719,2356.70556640625,535.3193969726562
2018-09-14,436.46246337890625,2375.614990234375,545.216064453125
2018-09-17,438.2610168457031,2371.6337890625,531.820556640625
2018-09-18,446.55462646484375,2373.62451171875,530.3211059570312
2018-09-19,459.64453125,2411.443359375,528.1217651367188
2018-09-20,462.1426086425781,2422.390869140625,528.2218017578125
2018-09-21,463.9411926269531,2354.71533203125,540.5177001953125
2018-09-24,465.93963623046875,2347.74853515625,535.4193115234375
2018-09-25,463.84130859375,2369.6435546875,534.3197021484375
2018-09-26,459.54461669921875,2362.677001953125,536.81884765625
2018-09-27,451.1510314941406,2374.61962890625,544.0164184570312
2018-09-28,446.2549133300781,2353.72021484375,541.1174926757812
2018-10-01,450.7513732910156,2306.944091796875,549.41455078125
2018-10-02,449.7521667480469,2297.987060546875,544.9161987304688
2018-10-03,443.85675048828125,2320.877197265625,539.7179565429688
2018-10-04,433.1650085449219,2292.015625,521.8239135742188
2018-10-05,421.47406005859375,2299.9775390625,507.6286926269531
2018-10-08,413.18048095703125,2272.111328125,493.9333190917969
2018-10-09,405.6862487792969,2265.144287109375,493.78338623046875
2018-10-10,399.6908874511719,2250.216064453125,465.2430114746094
2018-10-11,404.6870422363281,2167.611572265625,454.24676513671875
2018-10-12,411.2818908691406,2238.2734375,480.8377685546875
2018-10-15,410.682373046875,2200.454833984375,478.28857421875
2018-10-16,417.47711181640625,2248.225830078125,484.5865478515625
2018-10-17,411.8814697265625,2187.516845703125,492.8836669921875
2018-10-18,413.68011474609375,2198.4638671875,485.9860534667969
2018-10-19,388.19976806640625,2151.68798828125,483.0370788574219
2018-10-22,394.5948486328125,2179.554443359375,483.0870666503906
2018-10-23,388.2997131347656,2183.53564453125,460.1448059082031
2018-10-24,394.89459228515625,2189.5068359375,465.84283447265625
2018-10-25,394.49493408203125,2196.47314453125,476.289306640625
2018-10-26,389.29888916015625,2175.57373046875,462.69390869140625
2018-10-29,393.1959228515625,2215.382568359375,469.0417785644531
2018-10-30,401.7892150878906,2265.144287109375,472.64056396484375
2018-10-31,409.2834167480469,2283.05859375,481.83740234375
2018-11-01,411.3818359375,2351.7294921875,481.08770751953125
2018-11-02,417.077392578125,2375.614990234375,485.0364074707031
2018-11-05,425.171142578125,2361.681396484375,477.0390930175781
2018-11-06,423.6723327636719,2344.76318359375,479.6381530761719
2018-11-07,438.76068115234375,2357.701171875,491.734130859375
2018-11-08,440.4593200683594,2385.56787109375,491.6341552734375
2018-11-09,446.654541015625,2374.61962890625,483.13702392578125
2018-11-12,436.8621826171875,2304.953369140625,473.8901062011719
2018-11-13,442.05810546875,2363.672607421875,475.33966064453125
2018-11-14,442.457763671875,2340.781982421875,470.64117431640625
2018-11-15,419.4755859375,2168.606689453125,485.65045166015625
2018-11-16,428.5685729980469,2117.850830078125,484.05096435546875
2018-11-19,426.869873046875,2095.955810546875,474.8537902832031
2018-11-20,416.6777038574219,2063.112548828125,458.2089538574219
2018-11-21,426.2703857421875,2090.979248046875,477.4530029296875
2018-11-22,426.2703857421875,2111.879150390625,466.50634765625
2018-11-23,428.4685974121094,2164.62646484375,470.6550598144531
2018-11-26,435.8628845214844,2160.645263671875,484.3008728027344
2018-11-27,434.1642150878906,2102.921875,487.6498718261719
2018-11-28,436.0627746582031,2004.3941650390625,487.5498962402344
2018-11-29,436.9620361328125,1956.1256103515625,498.4964904785156
2018-11-30,438.06121826171875,1890.9378662109375,495.1976013183594
2018-12-03,441.4585876464844,1883.9713134765625,499.84619140625
2018-12-04,430.2672424316406,1855.1097412109375,499.44622802734375
2018-12-05,433.7645263671875,1985.9822998046875,490.5489501953125
2018-12-06,417.7768859863281,1933.2352294921875,462.85748291015625
2018-12-07,436.5623474121094,1936.7183837890625,474.0540771484375
