,3IN.L,FOUR.L,ABDN.L,ASL.L,ATT.L,AEP.L,ASHM.L,ATYM.L,AVON.L,BGFD.L,BBY.L,BAG.L,BWY.L,BHMG.L,BYG.L,BRGE.L,BRSC.L,THRG.L,BRWM.L,BOY.L,BREE.L,BLND.L,BUT.L,CCR.L,CLDN.L,CGT.L,CCL.L,CHG.L,CSN.L,CTY.L,CKN.L,CBG.L,COA.L,CCC.L,CWK.L,DLN.L,DSCV.L,DOM.L,DRX.L,DNLM.L,EDIN.L,EWI.L,ELM.L,EOT.L,FEML.L,FEV.L,FSV.L,FGT.L,FGP.L,FRAS.L,GFRD.L,FUTR.L,GNS.L,GSCT.L,GDWN.L,GFTU.L,GRI.L,GPE.L,GNC.L,GRG.L,HMSO.L,HWG.L,HAS.L,HSL.L,HRI.L,HGT.L,HICL.L,HILS.L,HFG.L,HOC.L,HTG.L,ICGT.L,IGG.L,IEM.L,INCH.L,IPF.L,INPP.L,IWG.L,IAD.L,INVP.L,IPO.L,ITV.L,JMAT.L,JSG.L,JAM.L,JMG.L,JEDT.L,JGGI.L,JII.L,JFJ.L,KLR.L,KIE.L,LRE.L,LWDB.L,EMG.L,MSLH.L,MEGP.L,MRCH.L,MAB.L,MTO.L,MNKS.L,MONY.L,MGAM.L,MGNS.L,MUT.L,NCC.L,OCI.L,OXB.L,OXIG.L,PHI.L,PAGE.L,PAG.L,PEY.L,PPET.L,PAY.L,PNN.L,PINE.L,PTEC.L,PPH.L,PFD.L,PHP.L,QQ.L,RNK.L,RAT.L,RSW.L,RCP.L,ROR.L,RS1.L,RICA.L,SAFE.L,SVS.L,ATR.L,SDP.L,SOI.L,SAIN.L,SNR.L,SRP.L,SRE.L,SXS.L,TATE.L,TW.L,TEP.L,TCAP.L,TPK.L,TRY.L,UTG.L,VSVS.L,VCT.L,VOF.L,VTY.L,JDW.L,SMWH.L,WKP.L
3IN.L,1.0,0.024958091648805726,0.17498685210755796,0.28616763242803306,0.0894105768399639,0.053625697886042434,0.1649412295851545,0.03552934485921722,0.13663607347559464,0.13402076691242448,0.1416413097547438,0.15673606595062553,0.16905764253700625,0.1733136574304194,0.1621980711157049,0.16808247071249124,0.1375516858306792,0.1794428660360052,0.20141338149691082,0.18160722779405897,0.03658382400013498,0.1803034282143053,0.11692986393420017,0.045322237671450376,0.25783179400675343,0.039126475382272145,0.1710442550294432,0.05936251185758756,0.041151934669852355,0.28878276078841303,0.069033430601003,0.13473888656502012,0.045253395038179524,0.12034436244104398,0.1316555266291227,0.18515809413580142,0.05513726512535657,0.11605867712192221,0.1874922128235609,0.10904462037932244,0.3006236265714088,0.15349888709929277,0.06239251098156049,0.16154806047599263,0.13412758935442337,0.25306412659673816,0.21233183782065257,0.17712068840906559,0.14336548651098444,0.10289017217786095,0.11956513042005118,0.011833870065455198,0.117683171139086,0.12543368967983215,0.05407182515560821,0.09224283557350063,0.18016626086747015,0.16717703683826352,0.0542011382809722,0.15569855283304215,0.1888943050015169,0.10481992099955716,0.14772845371781232,0.18125285701579874,0.1479741909507367,0.1120980729021145,0.29518109915407137,0.08407006893359636,0.014936922868347444,0.07589425287931628,0.15094252243505096,0.07139554730537356,0.11224783991906141,0.18846484354339635,0.16416103057627418,0.12056589878955613,0.302318573054079,0.08899560340648736,0.1285102575976672,0.17750417481352546,0.09664228031841579,0.15441435792673136,0.1259856166035994,0.02425131064945364,0.21127271887441793,0.25577647032072015,0.24324366997518684,0.13112113387930052,0.17079056327455386,0.12591406198722457,0.12194785712468928,0.13858786958007724,0.09605619793279378,0.2589122400207659,0.1645044919306449,0.14727952996361227,0.03627470447194769,0.251705176782258,0.16198440491641,0.14367032008542013,0.25709920234161004,0.1369211445364673,0.21286335522541885,0.0166930988070064,0.27709304180705824,0.04271288056548997,0.01230892163812837,0.04730275064607607,0.030823642379925128,0.13073391929333017,0.1575538965849577,0.1614159199558237,0.07462567004661831,0.1431824898288671,0.14438276196639085,0.14023762506061072,0.1108427484736427,0.06879296926329709,0.028139654795744776,0.09059491834434966,0.12064337361886884,0.1254278470002046,0.11457170856281865,0.17430491104904927,0.17378435698694658,0.2492706976409503,0.16297581305540973,0.1540500252376842,0.0557388912650963,0.06890058801444267,0.13248862353051036,0.13019076546108196,0.14265212190255266,0.13915355446180933,0.17715639054779245,0.12437416056427994,0.09593223619431736,0.14249168464749287,0.17147777713981652,0.08658061147897829,0.1294848385352346,0.09550234503217718,0.14058865937407639,0.17959522868079647,0.24764687856769518,0.16365423982650357,0.21963537795695107,0.14415639128089186,0.11794040466399959,0.18414786002546643,0.12217078411777411,0.14256316662694957,0.14707929395183036
FOUR.L,0.024958091648805726,1.0,0.04747582823112175,0.07965830419428005,0.1031645571276538,0.01536250552022412,0.08041947193058341,0.0005409828076471245,0.046011505307160215,0.06690947530201967,0.05348512795139345,0.052412443831835534,0.06192330007309372,-0.03409434191548536,0.06717236646349167,0.1078184626340441,0.1331413318715176,0.11580183278043658,0.051588309340537944,0.05942144769733757,0.038711879660505606,0.0832445814498127,0.12641417242583206,0.023623440039327984,0.0506523993144406,0.05908276206429174,0.0723661248988845,0.040303150520872445,0.09700851415701191,0.05329415987530621,0.03180842374434539,0.10205429897228845,0.08120296598754964,0.05072413970050288,0.05497852065878802,0.08661353244598391,0.03940867207063141,0.044091312713812336,0.06183089597900206,0.008276556093513762,0.05000971523927744,0.11773990416072869,0.07438493549141431,0.10643866485485973,0.07498114908158236,0.07515380101343888,0.09631567708513322,0.1000948429312442,0.05934604269397237,0.013672309429242947,0.051338345910211164,0.04290273658436783,0.04823733095520368,0.09932545676821272,0.09495126168165127,0.04875627083648095,0.08346580094432204,0.10233093674176127,0.04439602428124039,0.0453162924481056,0.0841993384599727,0.006821111049857481,0.05611467035631919,0.12346102254089271,0.07971839881307975,0.07536409785678408,0.04541735103664508,0.03037730781984097,0.055727591841473245,-0.012933075736097182,0.07268208968275819,0.08721125234361249,0.04412979097668913,0.04442371144660575,0.10624332811950568,0.06255972401398086,0.024878460227757738,0.08200773179192823,0.09939137922695412,0.08571531062978754,0.041317466927215836,0.07093472838680824,0.07048754662461214,0.05593132683035709,0.061556791622546334,0.06855131837422239,0.07722514548386347,0.07555906627014818,0.04768701491027781,0.02358109802527888,0.07941525664990565,0.037896470875054586,0.0621457656212382,0.08684118299047945,0.06476527505235811,0.07386918401255958,0.0082954631355657,0.01200955681995118,0.03704580415599636,0.04438409224590552,0.05899513829297031,0.025284184226494415,0.08136545558070034,0.06478106229415495,0.03493904096240571,0.026215891650549196,0.04374491621958477,-0.005490220780680468,0.03199614732340803,0.11380682308390053,0.07918957785638757,0.10929612056423899,0.08146561254869304,0.08847218233755165,-0.005145489857799212,0.028306577327009592,0.07834614650156939,0.03336565529858397,-0.011773820117438159,0.07696894767300354,0.06174661023783453,0.021639325289692053,0.052716610101058124,0.05811653223595909,0.053513431822283915,0.03904406625144642,0.05261590453872899,0.06980770940702212,0.0533509397369346,0.074864451495068,0.05734758028705073,0.11620487679650207,0.06552851434275372,0.05988725180737165,0.06813849623421853,0.06859622577053587,0.01902769359414272,0.0392295859078203,0.03161073825663315,0.030231527387157137,0.03639374270579268,0.06166753713594478,0.06639473157078951,0.07286205470916575,0.07517353109234873,0.07881598870731318,0.10660563932120862,0.04097086247230764,0.06268975955713373,0.08411487292911031,0.028960416418759863,0.06661976009302051,0.08639638073759798
ABDN.L,0.17498685210755796,0.04747582823112175,1.0,0.44975494802947585,0.3087123847374077,0.12416966484452556,0.40326161545909955,0.05007202480025831,0.13342445447528758,0.27432079119249564,0.35090062280703943,0.19067905229712656,0.412224604845674,0.11161582335114582,0.3132877258380589,0.3987048950913114,0.3365573498018743,0.3605638781359527,0.44297192707250765,0.3788507359557594,0.10658503118155786,0.48703013995447825,0.34051128438423756,0.12723616245403913,0.3426471082859697,0.09564667856666256,0.38564034799677754,0.1824607272090904,0.13333786847944262,0.5767759993608134,0.15484031305006313,0.41065054834166015,0.06813187236507137,0.2003856922024073,0.1395564619705676,0.45506652140459236,0.07430977314040273,0.2612735565879179,0.2653084584262341,0.22503270054595642,0.5280324292398807,0.3710813013947258,0.23819020902478116,0.4131211478261643,0.2869671201234731,0.5106236093341842,0.4766009079758159,0.4552989872461219,0.324937779376912,0.29343616136829304,0.29961879006359277,0.06642441127110606,0.22629132641158214,0.2882044496350588,0.1154203906766273,0.3228364698001592,0.2881860184897571,0.43192667646635635,0.1683619104506958,0.2278966016426646,0.4506888952018806,0.12051652809297274,0.4166548760022987,0.4072179382236028,0.33224776315180754,0.16071157261774718,0.11359097499600636,0.14228980082127926,0.07500165834165769,0.08490603706814745,0.33626341945030574,0.18553532924749871,0.1950808612645024,0.253017392601782,0.37113353129705295,0.33292047474448017,0.11518521152844512,0.31454750255093306,0.25643219249114113,0.5023310239382273,0.16956929904193616,0.4026911498159047,0.4283399149815612,0.14366750575178056,0.40661180070637526,0.42406895317180043,0.4182941677689677,0.3531462640659409,0.3077964682403283,0.3001588037336614,0.2534209003334243,0.281736734212545,0.21538139406063087,0.42909529391419265,0.4704679238009912,0.24216578514211545,0.11250430237280372,0.5218950741217215,0.37933956238256866,0.2784980941457098,0.4736399398472772,0.25799890973366824,0.3989852250106339,0.14538578142976075,0.49930385559456775,0.09215642830621579,0.08902378214412386,0.0952734751001282,0.1092906214184594,0.2613411783670972,0.39488087182079984,0.34998119102995656,0.15522160034943813,0.15995570206214424,0.18657171199928832,0.2801681502271899,0.17194472186115373,0.20900781719120679,0.05576544483401381,0.1159955900782654,0.1315509636079003,0.32718399608277615,0.16923089444027056,0.2818445125156112,0.2732917677655019,0.3790912285584876,0.3318585444517683,0.37212816842398794,0.14363990072101457,0.1881332210235578,0.3219090997446312,0.2611283523858144,0.2840967750031999,0.29136725214403697,0.39599541808398026,0.2792878325907426,0.23209064402383575,0.020384795710394286,0.33900282761516887,0.2692324727038023,0.3734585536643312,0.16090550252375196,0.351682168679542,0.44864455496871974,0.4606878095931859,0.30837921638375787,0.3604680670739175,0.31838511700124716,0.14807256570655636,0.4116986537590807,0.2661575778157416,0.2955453682627671,0.29720960940215685
ASL.L,0.28616763242803306,0.07965830419428005,0.44975494802947585,1.0,0.33245936067221166,0.12127717232413118,0.42103028233322437,0.11754592233894572,0.19166302889442663,0.32183687286046686,0.4177602587695552,0.3102699888952539,0.4376561949056028,0.16734218963115038,0.37851100263018345,0.41533156470032356,0.5194808826210575,0.5245100429442608,0.46043183865669074,0.43609542096905624,0.145597971276935,0.46412505487992683,0.3530326536518156,0.2357546972299858,0.5156054810980999,0.09661790919974779,0.4130840011806989,0.22369900094906425,0.1858986610680447,0.6259725090232092,0.21191512052111133,0.4386527695756566,0.07269297929119432,0.292778614912633,0.29152969976431414,0.46538425665949745,0.1593412007316264,0.27469398179432913,0.25373932431912605,0.2998236573307525,0.6230623257145913,0.42678534291511994,0.25474221426145127,0.4996144025007583,0.33461339969300047,0.5885577846613775,0.5969605078351476,0.5124581702322282,0.3304236753327213,0.3447615824151461,0.3682361509373828,0.06458951684149547,0.34525780519443233,0.36296922473797477,0.11916777467003002,0.347733490500047,0.35250335228802854,0.44926537025952135,0.21384022980085224,0.29979332980610135,0.43591547721270935,0.1385844947585447,0.4547136770692648,0.5689862145046544,0.469159260338269,0.19827008324254622,0.2622073611146039,0.2162606233933528,0.0869336627014013,0.16786469384753228,0.34260070464644854,0.21630035133161654,0.23411981297579093,0.37718251792461044,0.3924309484535088,0.3249068460560851,0.27319497986733043,0.33194723815701227,0.3089002133047109,0.4450048165324678,0.2275356179868206,0.4111520016196435,0.44182453917479586,0.09562291276648842,0.5080982670268038,0.5006131284532085,0.5321957858761057,0.39000755457755487,0.4044408481377712,0.3340790959902972,0.33150324708308854,0.3550077795624638,0.21735517599135518,0.5533438739448003,0.38522653648562655,0.31134202094730756,0.13490374742497369,0.5676081454790926,0.4293289454368551,0.325767049980851,0.5689403511569112,0.2889709569255749,0.4770002916671141,0.16459387641795922,0.5739411541030863,0.15598327740858792,0.11567958883539692,0.1282278409277916,0.16396990362302838,0.31392308189294177,0.44237938395889964,0.38653895085645396,0.15125876471338265,0.23851140512670035,0.2458762318502109,0.28944917766306844,0.2092120963177788,0.22092660021475982,0.04666570876387546,0.17956177781905852,0.18419857793653927,0.33048949054720744,0.2525447007258803,0.39045225032547154,0.3740266714850438,0.5263010756801723,0.35997058934682713,0.43090447295106404,0.18073876530839533,0.2749659549435355,0.37614064332801456,0.3125798623389709,0.36079558975384984,0.3966453040831876,0.44329972112547,0.35410602883417575,0.24980035725558813,0.089948899969636,0.3963818640479437,0.2607819111660153,0.41522527772549733,0.22996332961252772,0.3156141705830306,0.4802305379870556,0.594861829380655,0.34186763359979433,0.4310569604186887,0.39644425746193623,0.2345396930294961,0.4537180719416813,0.33805055232737785,0.3497304546420608,0.328408162111027
ATT.L,0.0894105768399639,0.1031645571276538,0.3087123847374077,0.33245936067221166,1.0,0.10234853367820908,0.2621922342149812,0.07577467038903568,0.07257112241619389,0.4002780587501419,0.234274986707779,0.12039837468368857,0.204763938944996,0.054022898033068915,0.2086847022125914,0.42122262626437396,0.3996028640304201,0.3725384335833765,0.3536457122378825,0.2848555253182227,0.09337089949683842,0.24434951503218189,0.37608709135438906,0.13597812215743285,0.27130502440771714,0.1653007084575147,0.28430724316787975,0.14324209944459526,0.14487358906139272,0.3990593697083626,0.1350208016088841,0.2884412908862534,0.09988482363198517,0.14735612389321515,0.16036305357787525,0.24304290629651917,0.09620554370836924,0.17616404910155462,0.18397519043502727,0.1528436244163072,0.36403911078744905,0.44895363950196127,0.19430547435684128,0.44118618875629223,0.3166770512303877,0.3853154528648589,0.38820421746408923,0.4265174793865383,0.18250282968957873,0.19770979126694188,0.20696219863060655,0.08536417655629144,0.21544374294004337,0.3792755982412164,0.14230047766737167,0.2088022010399545,0.22342402176736337,0.24846960758833847,0.1500412134094979,0.1442393991557966,0.23579495695595132,0.07426362459070374,0.31144763440550954,0.38740047244003156,0.4254235579015419,0.17064944675486357,0.059672762060483636,0.14875190865743343,0.088518376667753,0.08391245198172928,0.2511918486579762,0.18811094614777835,0.12415692316647435,0.2959757592548088,0.2274555821468397,0.19882034973136206,0.05086587364945179,0.22775802695254313,0.3855689406442651,0.34545362204692737,0.15016697266559584,0.24341686435755036,0.31610738904687363,0.10274477196496451,0.4693454989386098,0.4073802332818443,0.40019704641431797,0.4251484550936115,0.3164324500228907,0.34373614052025575,0.2185198156622613,0.1830166439628827,0.16061891299720635,0.36091638371615303,0.2728437729095093,0.16107667215085367,0.09908586575148931,0.37610042294946056,0.22380124109825375,0.17503610532749533,0.43757583095082364,0.17875704067941472,0.2744184935609604,0.09820294616003254,0.3536511961655665,0.1356065402122444,0.08064564695645564,0.08887976290982612,0.11950297426222374,0.4084427722803623,0.31002529189602457,0.23503080166200585,0.13144258702637368,0.18125494114295881,0.13030625634235035,0.18721150757813826,0.13033400282063073,0.17288210575164498,0.056673944090035774,0.09655537550475612,0.09596740788401206,0.20587481525345175,0.10472581889437854,0.21682275456190905,0.2478679684554245,0.3042140160884521,0.2745553004289558,0.2865327962043866,0.25985703330791854,0.1732898649420376,0.20363657530149132,0.35213577597941875,0.4089816580069619,0.4001201864596906,0.400405552955476,0.23014331404735638,0.14133452562507656,0.057612075526037594,0.2613241340995582,0.19486518503203318,0.20319090015221983,0.12806279578243318,0.18198913506930314,0.2531836669804098,0.36898708411449715,0.19406061961940577,0.26046147169655104,0.254508359174704,0.15766319578594107,0.21517261328525758,0.15616269502355148,0.21805598163383585,0.19763232387717025
AEP.L,0.053625697886042434,0.01536250552022412,0.12416966484452556,0.12127717232413118,0.10234853367820908,1.0,0.1374820723290812,0.02006598419206677,0.006256200904620379,0.1346977741279405,0.06656517438681889,0.05242749895265117,0.07772238965968879,0.05010530630879961,0.07573835906460158,0.15208804745906931,0.14111371868576578,0.1323337365919915,0.13787302799554635,0.09623142406989478,0.023611354271528013,0.07002306811011828,0.1712228831326759,0.05302668014539862,0.10233638619119513,0.07352982816733378,0.07948914004034034,0.0703140738450991,0.04304874682872521,0.14565478900799028,0.07119933023353882,0.07434005875667693,-0.007061679240487387,0.02721433467932698,0.06691709649241703,0.0996785191648642,0.04215591042269665,0.04978919227485357,0.06554359883089103,0.06645850282575275,0.11509909711882707,0.18511693832609438,0.10429149962802983,0.15973949755451244,0.09457901778911668,0.14918718481760093,0.18027647404014233,0.1876627803770865,0.06639980057786025,0.058079691671465275,0.06491618643738824,0.036091273494812594,0.055282107094750094,0.18697733301421413,0.07843399212443404,0.04395525566215059,0.09235222130402496,0.08804699981063872,0.07456949935019225,0.03203032591960792,0.09024234005478719,0.08107049963441561,0.09742770031791237,0.14968568708141194,0.13571888807206794,0.07917951965719601,0.010273086125304911,0.08111601671659219,0.050961436281418186,0.059160088967206384,0.10992035181527707,0.11649163510595086,0.05839885738824978,0.13224154725359316,0.0992269348698039,0.098935111197066,0.022636506967168294,0.082322169139854,0.1480263728792057,0.1114074980380957,0.0781020535319652,0.11635001051051873,0.09186497517148684,0.018565528752191966,0.14054643214646406,0.13346287362326764,0.15005731465566421,0.14152042863074524,0.1442352730463904,0.12911982159247537,0.0751244381689102,0.0681278389614996,0.04768174160733649,0.14840583917752728,0.06199783996602231,0.08206803314662399,0.08825781625760244,0.15476891797085568,0.0545795344177486,0.07107566023997772,0.14360934451102067,0.037314491537264544,0.11991759271266629,0.1172408062901213,0.15524973755023658,0.06900901023180006,0.038891328489098216,0.06452540348835938,0.023244487851176113,0.16326777162425463,0.09772040715651693,0.0631927239745045,0.03648045666097102,0.13777872345152722,0.07961153713964046,0.06169274599536327,0.09182081536924008,0.05804053821164422,0.008149799595976004,0.0527464309198453,0.02197975546726904,0.06318618310630758,0.08340258056787361,0.04789170574112556,0.06796622630790543,0.11102137099383357,0.09999610635650928,0.11565361731654193,0.07706777850279739,0.03469329884808006,0.06262979384250242,0.13194495005375828,0.13674136677954962,0.16378259074206594,0.19024331858301027,0.14949082036409578,0.06293126005968484,-0.005108441318301264,0.10522293780926029,0.05897884041802373,0.07383676011402765,0.04213912513953042,0.056625749992889524,0.08527134915781569,0.14578336064973607,0.09585024159186024,0.10319262026703474,0.10358168856392629,0.09605695699213905,0.09703322778020788,0.06487656283441251,0.04301143190481748,0.08931734728351329
ASHM.L,0.1649412295851545,0.08041947193058341,0.40326161545909955,0.42103028233322437,0.2621922342149812,0.1374820723290812,1.0,0.08264200376887712,0.10325513278922266,0.272881244684445,0.3308878310321622,0.19503555345216914,0.3446686107411994,0.08894360796483357,0.34893513008300925,0.3617496426448843,0.34020360460895704,0.32547900110319944,0.45521966964747307,0.39949182935241206,0.07012030684646736,0.4143305356645881,0.2693584349438111,0.17318022440196937,0.3199383046580709,0.07432847713971624,0.3272468255013351,0.2264514383390185,0.07765112172642402,0.5022828934930184,0.13396396472407654,0.3662173882307294,0.08333868905617092,0.2063107334477841,0.16070269321785566,0.41209072919171286,0.12242596173297036,0.2468269204232313,0.2496076610980069,0.22848339953952038,0.44728818000537496,0.33821575878332155,0.24567128931721194,0.3911882764222136,0.3134294965793852,0.4766388771497962,0.43960693698382336,0.4186230490643282,0.28611368090956935,0.26126438243144523,0.24657551345203343,0.04386003199244469,0.22550126731843764,0.28350719114824835,0.10010412841375711,0.2859258419794247,0.31952343449662424,0.38433378676280083,0.1375038768573481,0.21546003894986238,0.3904145101434286,0.12728648798572342,0.41588131480463225,0.4012735884416145,0.31731654249894425,0.1660939809475992,0.15587810454700782,0.13574638990915996,0.062227674037232866,0.1964342043448007,0.367482066819935,0.14279134584580208,0.20795826036151707,0.2712499083140961,0.3561523533534222,0.3196605665947289,0.14578751401431395,0.29139281038759907,0.2976135507692808,0.4761304827860474,0.13951777183763778,0.3423092854121188,0.3912781490362483,0.1275948654769461,0.37187631662536186,0.4327931759403217,0.4089710542118567,0.3324919913253476,0.32627315253678757,0.2987243173812083,0.23994958468505653,0.23227138326529337,0.1922717231066653,0.3980302371405397,0.39769776606720425,0.20842056020230396,0.11182055427261166,0.44674365890257783,0.32461173536433924,0.27156686222344023,0.44026736131383004,0.2471886191051841,0.4341632561198547,0.15704756446682894,0.43438426536248337,0.08534801970476759,0.06016732221383962,0.09152887499588282,0.09147511432112074,0.3100564311057595,0.40420613701142655,0.299569637344737,0.09651901496933228,0.1495924175818981,0.18579988477973539,0.2088695108849838,0.15929990639993888,0.19216710969655595,0.022434629084965494,0.14213499804530183,0.11628414894133003,0.27898403413855843,0.15841283125980513,0.3002781870779676,0.3056134363167935,0.33327459579062474,0.33677169623427283,0.3474907625821678,0.15073476359466495,0.19597125757296868,0.2784962860060067,0.29152336708478327,0.3207023691942908,0.3314544683191159,0.35396484175669224,0.31541891273709743,0.23239385294713136,0.026756144087017403,0.37466487155422573,0.21984255996754948,0.32498245147941324,0.15324856715131938,0.3034274707633777,0.41004707980031524,0.42284220276995166,0.2868672889623233,0.4030730800439443,0.3575364176784836,0.17284410828236116,0.35355174342577506,0.23427475013457014,0.29923762009989063,0.2615790666203037
ATYM.L,0.03552934485921722,0.0005409828076471245,0.05007202480025831,0.11754592233894572,0.07577467038903568,0.02006598419206677,0.08264200376887712,1.0,0.010031931230792258,0.06168700286602599,0.08273229807679913,0.06991930397761016,0.07244478215860642,-0.009766334526120439,0.04652623254831625,0.09201763139591768,0.10228959464593629,0.10388281416954179,0.12590879210609315,0.10613596656871918,0.043135832415141344,0.0781396482368543,0.07497492545808067,0.09440478055301511,0.09791979716946654,0.013059250958191184,0.06625359252905906,0.0472114229789897,0.036921160736685055,0.11574344640425754,-0.010464975394283404,0.06542579453027265,0.07977716973514408,0.03361506042212041,0.05877977779568556,0.10140922436770998,0.027958031034708442,0.0707897409286613,0.05932479186716851,0.07561604145692821,0.10170014004811963,0.11989208355815409,0.06598103457500783,0.09190564688587843,0.056466678794557516,0.12064891056272105,0.10739220176363179,0.11486628211184483,0.08259670281639957,0.08631196594094544,0.07048242601807218,0.026146213354216855,0.054725599343748675,0.10147779078816617,0.047331699697796464,0.10474712880233411,0.08987615329709936,0.06110836106776459,0.03107776996821267,0.0718463057350925,0.10285965287447478,0.054684183400463014,0.10656448675096403,0.1379597815700129,0.10746986231433198,0.09794280160908093,0.045843988055330236,0.05459409450280146,0.02128780194428912,0.0653942505456673,0.08761903521182234,0.06832582577366872,0.021730430785079156,0.10762467563473993,0.11044272314216479,0.09237001971173335,0.0574028499545201,0.08611187618553336,0.06582637614980438,0.11675362989577488,0.04872631499829536,0.0799719104912129,0.06926304363505657,0.017431485923164694,0.10133745156020603,0.0751785075850665,0.10070778348653289,0.09081672417969473,0.08515686955791975,0.08431389137605672,0.07152168280338737,0.07472010152435564,0.019018857429398708,0.09382377042389516,0.05810120808005458,0.053629836093463244,0.08028620142454351,0.09581780839053497,0.07824845061537834,0.04269928461986906,0.10676363096606563,0.027283450207440173,0.1013732638487116,0.06061196345156499,0.08512998660182834,0.05450934675174636,0.06439375454914008,0.04333603589226257,0.03751716221404075,0.07511613116270746,0.10493638346328231,0.060288862354667766,0.02180532192244817,0.031963757306356956,0.008293121349163855,0.017731942924759443,0.015506678036623178,0.051787241731016065,0.02835612812396253,0.052469475056425824,0.008541838285297474,0.03898146455104767,0.055623591417176495,0.04650384411361901,0.09186094134327538,0.10466660948896861,0.05488370606868476,0.10054184669123135,0.045685070829144706,0.06004138985387978,0.058190167938864425,0.0925157339128252,0.08892858841847348,0.10225211602129333,0.09900769496474966,0.09619315037739504,0.02918610449951787,0.02051033322153732,0.10050247131592589,0.036267823938525776,0.07848843661818773,0.02970515691322508,0.052814751208047496,0.08011061277488943,0.09803711284153069,0.07928078447026735,0.1084790914358415,0.0874311993809798,0.029659307620780128,0.09853953569010576,0.04394209949146074,0.059044658966606635,0.07786661267335107
AVON.L,0.13663607347559464,0.046011505307160215,0.13342445447528758,0.19166302889442663,0.07257112241619389,0.006256200904620379,0.10325513278922266,0.010031931230792258,1.0,0.09757375858176835,0.08976615072799472,0.06169321814875574,0.11005851098801563,0.052529638266008156,0.12401487339810134,0.11314692257024259,0.11822305880607024,0.12456170976531436,0.11909182740878886,0.12539371412272107,0.007827738898008675,0.12427606447529012,0.08932613501030427,0.09694650629734691,0.1590478714856124,0.059631865554880537,0.10805228688386209,0.09563124608939837,-0.003763399058508373,0.1605949236262347,0.020751972681116608,0.0788887427449857,-0.03249151346437029,0.12222654945537396,0.06367769066347796,0.1393389212039849,0.058087263721456235,0.05528055623264092,0.05719377874928766,0.057710901744094406,0.14424006007309248,0.11644173755999683,0.0412362473890208,0.13735024207873475,0.13643813327664367,0.14016014938972468,0.16734471746989943,0.09410813947077945,0.10740163298711071,0.11335009329392039,0.08320012488471965,0.03857285944022664,0.08835122802910006,0.11198320859409829,0.029379136100144292,0.08655591957985517,0.0715786464597228,0.1385019033189369,0.05321110087188355,0.07757513308258793,0.1063917035498103,0.036586923032193096,0.10276201753220572,0.14385698395611796,0.09791520695388682,0.08950730125559876,0.05843592971008391,0.0339894927985566,0.010828376854904275,0.05361178510741788,0.10985717647316075,0.0789707616954356,0.06739450337704063,0.12606717107656282,0.1371275559200319,0.09499732140366296,0.08326895592381155,0.05196038895738239,0.08110734434756146,0.1219719787856947,0.06280001977296748,0.11324685778009086,0.11573197069015603,0.07219642663555817,0.120087580647782,0.1284789919538336,0.14735263368444826,0.1385518058952456,0.11210912477950476,0.11224367482439117,0.10134778524701603,0.04292155548669939,0.04212040985767189,0.15655021449756212,0.09492649796532225,0.07587810448335464,0.062356994029842586,0.1478526496038595,0.12591904124046444,0.09314447223298927,0.14920097990089948,0.07004680292530763,0.13668970256426538,0.047166208186416994,0.15870579127459628,0.030464679249081535,0.03468382921482648,0.03856207154941997,0.04708594711447205,0.10959281149550273,0.14669845733290066,0.12369371697723981,0.0592775996760367,0.06483255077767372,0.04274236243634321,0.056234962684576235,0.09311891978403802,0.08800320203814466,0.03155299678782969,0.055467615210368804,0.031958339670948195,0.08272664829002678,0.03714941967937097,0.10019988967017228,0.1294647981532034,0.1118616884781664,0.09516313786293235,0.1196645884315079,0.050921574976463116,0.10377739716135422,0.12165968246094112,0.06738750548723181,0.12645576753616047,0.0736918626863704,0.11232745322035532,0.13624590718655424,0.04275538019067954,0.03122861655414922,0.13293648289335327,0.10273240842181561,0.18780494385692678,0.021350901531974498,0.06985801174247303,0.15960965937506533,0.13852045736596366,0.09003369329086612,0.12907978102650416,0.11469617891329115,0.17243824296173949,0.11125458048361275,0.06422654653047935,0.0862081857192093,0.04962703759034402
BGFD.L,0.13402076691242448,0.06690947530201967,0.27432079119249564,0.32183687286046686,0.4002780587501419,0.1346977741279405,0.272881244684445,0.06168700286602599,0.09757375858176835,1.0,0.1900349225154537,0.15241490578044312,0.18774077909513326,0.07758424672018661,0.21224267745249872,0.4299343129795299,0.35721368260411546,0.32577731014709765,0.3593447277325867,0.24580221067505637,0.054893614268811335,0.22695806858412834,0.39026316816030343,0.10616130334413576,0.3244146709235596,0.154551498188443,0.3012260091604986,0.1524365933123409,0.1085798359672381,0.41265512826404754,0.13426510300160843,0.24461361680899293,0.08595666059414225,0.14147926215344162,0.14894460205417343,0.21885931740608766,0.09170463374027034,0.15885934679157038,0.16944968571591634,0.1373576526575905,0.38308101658130544,0.42630292184031626,0.18988218009633873,0.423010489905537,0.3260456020637166,0.4018556188758904,0.38710815026653095,0.42770025643842374,0.16785918546614217,0.17333037758457243,0.15670712105345652,0.05045464887050451,0.1949294711778471,0.3744052525196065,0.1282308332240098,0.16031884709262947,0.20310638211205384,0.1980509768178377,0.12900536989115946,0.14705495839349378,0.22965521675044032,0.06047116818421226,0.26650691914170616,0.3580702616523283,0.3578927877968329,0.14664018004824877,0.12002967505899145,0.10982512212375913,0.08589581454595369,0.09673883303914996,0.24417168713234066,0.16376186064482165,0.13935313761388074,0.2844041168324915,0.18513234495966044,0.17084491854276088,0.10706925538704223,0.19426802374941313,0.41205523765411256,0.3036315177349338,0.1689693337335631,0.20319836487117915,0.3033577714961336,0.0689923703649252,0.4079042269442882,0.44010031060914095,0.4040303204542118,0.3879706813317024,0.3581031210827501,0.543408559543199,0.21087540874248734,0.15219139577493423,0.1756933723288273,0.37580456508422827,0.27013053218507593,0.13406341004103767,0.1053375460632903,0.39411164917269764,0.2238823839140443,0.18614334914397654,0.4209998401128372,0.15042269344770687,0.26964984960452637,0.09125792795575748,0.3739166474465814,0.07380138493605179,0.08115640175063077,0.0571212334501939,0.11979612446595563,0.4109582838663229,0.24695101310014433,0.21140889250249087,0.14336387799390077,0.20104568126947098,0.13699757151002376,0.16403428904881806,0.06834834855264094,0.12982516415517767,0.03557439003945328,0.08112430266217825,0.0863098938014191,0.20861942155256827,0.1256222318040124,0.2127801175493407,0.2348899418183274,0.3187034075732451,0.27109656174580454,0.25323578476929537,0.28396377781703386,0.14759138142817033,0.158920998640846,0.3645640105406749,0.4214717645179281,0.4216313422739372,0.3772497321959389,0.2223971937107486,0.15176654816930804,0.04250813240348941,0.24271584046123637,0.21980704161924547,0.16693891012429335,0.11367133086009208,0.17356210645250106,0.247714250053615,0.32620123749097824,0.15383984220052138,0.25001531945220984,0.24870612633774544,0.17171273558199857,0.17732050278225556,0.14495385451788395,0.2025736313411232,0.13718270595159665
BBY.L,0.1416413097547438,0.05348512795139345,0.35090062280703943,0.4177602587695552,0.234274986707779,0.06656517438681889,0.3308878310321622,0.08273229807679913,0.08976615072799472,0.1900349225154537,1.0,0.17760236044714703,0.3760360944564207,0.0725528055267802,0.26903418887583197,0.31832697404415006,0.31439748504873244,0.34841590396360833,0.34302150486792515,0.37833553393271924,0.1359332042862398,0.3355082816554869,0.21885770525614187,0.17730120063485288,0.3209228458402461,0.055046180467451446,0.3093495596354654,0.2232926629235993,0.1468344728174257,0.44917400668755414,0.13528068361778048,0.3929724403918276,0.05655031596490583,0.2017187009398234,0.13032089018459025,0.34578878455734785,0.13169549833859015,0.247751079998549,0.20393091051000098,0.1999272188421891,0.42446585598760883,0.25360624964383194,0.21794452493459196,0.3460280748727446,0.2261307764035287,0.4142289060771083,0.3674853890932992,0.36550902972201393,0.27672190212240005,0.2430686050515243,0.2925594019503174,0.059541042997400574,0.23248343820783826,0.22364300687626004,0.04601517816970313,0.2885402132346759,0.272747619048377,0.3530149416423543,0.16320450769779232,0.21099359875078263,0.33268628207763906,0.11304201041250884,0.37013624955111946,0.37442768222647077,0.3033768475089868,0.08253521187192212,0.14540283546502444,0.1625644226206269,0.0827593812170948,0.17437511124931332,0.2713459643717048,0.10463029938990608,0.20975831358764863,0.22905793133204866,0.29982504769235235,0.25481402781991735,0.09180935054329888,0.2744330913019447,0.17661987271357546,0.34093195518448577,0.13596896922948778,0.34617192212048026,0.40333570275993724,0.1081391713067776,0.31210709561856176,0.30708125261085767,0.3648403871325707,0.2554659585638115,0.2267216259500134,0.1874802060655344,0.29541002937967864,0.3697806155110609,0.22147748687704674,0.33857102237175685,0.30742593859507744,0.2393339460976729,0.10403010133065929,0.3941494704604034,0.32667785130941807,0.28943609673415904,0.3867623958843201,0.22510928119472354,0.38834658262138505,0.18384331497638629,0.3797188916886642,0.06767628905218653,0.09717940696513687,0.042971089971959815,0.0791768701436471,0.2096542952874652,0.37427020203914546,0.2811893634145821,0.13224433017086398,0.11198413451511659,0.1422705596372541,0.23138164189017107,0.1693707287960768,0.1773475890691386,0.03918332678294859,0.15909612769743345,0.14420408037732269,0.2811608241306385,0.12565736332996152,0.2555616350271753,0.2457307156443143,0.2997809276260723,0.3255309088555967,0.33320550720611825,0.11027320284249895,0.1826521350954447,0.2594070385900836,0.20370909338306303,0.2215772788659594,0.24586736458350059,0.2970129172142208,0.2729889909444416,0.2320081122724304,0.04777404006515625,0.31742770383749896,0.1807497728168388,0.3387355333770185,0.13249221897858512,0.2746411824301308,0.41465682942134957,0.391413235249284,0.22761720529305618,0.367095703480416,0.29747724192905184,0.12151582659543997,0.3805548152133969,0.27346978932177096,0.3018336890127768,0.27056892274992017
BAG.L,0.15673606595062553,0.052412443831835534,0.19067905229712656,0.3102699888952539,0.12039837468368857,0.05242749895265117,0.19503555345216914,0.06991930397761016,0.06169321814875574,0.15241490578044312,0.17760236044714703,1.0,0.19040988647587884,0.12922776259543528,0.19924441780443056,0.2260969104706174,0.20667976352759465,0.202422463843424,0.2130658775795074,0.19336800805065277,0.026169386113207484,0.22433366990538667,0.20124949910773746,0.11874191957799009,0.2618594000983228,0.062424138993097796,0.19760683291539238,0.16298754619664,0.13632773659018005,0.32951282125166426,0.08593024622944428,0.24863632454076798,-0.0006666658531580414,0.1522630120568847,0.2669467205166246,0.2260880649988798,0.06674925685727068,0.1251460020878227,0.12706746076313022,0.15726544282751795,0.3126188765651634,0.18358884458199437,0.09264162638438708,0.2300859396717772,0.143218215128913,0.2955083862041083,0.31760771623447653,0.2661630712701347,0.20005217406576997,0.18729971068256202,0.17346189109970217,0.008011992997145691,0.1840689701222989,0.14546843016241387,0.05069792942452484,0.15892221611692,0.14003284057584672,0.22903120482251504,0.09062079555703056,0.156152339455261,0.18168088033726293,0.02424648321323202,0.1962186332326681,0.2270290819551565,0.17730059666399958,0.13663152805615808,0.14986312213701278,0.143046777961162,0.0588853720532406,0.08405111585342295,0.14883916943434053,0.1299084826027,0.11526463229091907,0.2270090089261398,0.15384603851410805,0.1612314999070182,0.16168189108691122,0.14158297784536542,0.12451478995032289,0.21259678748406466,0.13750404681881137,0.17914714055190462,0.19196471707750587,0.007684728766647324,0.3079586266636644,0.24416603601578635,0.2648776128572901,0.15806767746809725,0.19899499108869476,0.22598862194468683,0.1619113725214503,0.18231829732939958,0.09832342279957608,0.3173266942329619,0.1667963248999397,0.1648442965279019,0.07103174536990976,0.30188461567534763,0.238374957633274,0.1352167408853445,0.2934854824369276,0.16723177328155286,0.2397477601160101,0.1252761213923347,0.2973420660303747,0.10356190655533805,0.045925721698233175,0.045283875682966504,0.10486257227979476,0.13843558485187615,0.2148661628530239,0.19086372454004805,0.0381145092488606,0.03504390539080637,0.18975364134646747,0.1416788987820339,0.05609533526576301,0.1054392050469614,0.0046986265751367455,0.10422318606113853,0.06972153175388125,0.13424154395363472,0.19256563104022167,0.21792106992362958,0.15894550297954735,0.29847759213829345,0.1656201478548147,0.21688356175405712,0.06364471031932155,0.11954227119034593,0.19123356989041554,0.1089042001149406,0.1571379909451442,0.16321606893582938,0.22459267340713848,0.16275406903039014,0.12972814379524314,-0.03170066528632926,0.15656009163039294,0.13082391673813035,0.21918003057382937,0.16252417109264017,0.1815020898615647,0.2459840128623561,0.27412471804263916,0.12130282619518713,0.17676949086878513,0.20336526762890436,0.03996022783669181,0.20052770108919005,0.22250912440393664,0.18423872423231438,0.192965323157235
BWY.L,0.16905764253700625,0.06192330007309372,0.412224604845674,0.4376561949056028,0.204763938944996,0.07772238965968879,0.3446686107411994,0.07244478215860642,0.11005851098801563,0.18774077909513326,0.3760360944564207,0.19040988647587884,1.0,0.06702698570767344,0.3384113953383993,0.29121343576068803,0.3291803061264627,0.3374455540825744,0.2935748348154488,0.3617358043856004,0.1099965737892406,0.4889723945666708,0.25585138616588177,0.21321195207506544,0.3118410212338297,0.08205381275295115,0.35503399878360353,0.18969042172338343,0.14396442929885034,0.4484044334431459,0.15844056680950905,0.4039177469190833,-0.00076093247997223,0.2539887177399392,0.1795822650154622,0.4866084573295847,0.11426458118781828,0.24286877420715006,0.20604513706859068,0.2712665113121716,0.44097881321873744,0.26701854021781724,0.21066885573157332,0.36051062491739166,0.2159352156593361,0.4117053762982214,0.39896950343836335,0.3721851390522322,0.29322619906306174,0.3183554848701864,0.41168969228301466,0.058981687379740674,0.19432954143279557,0.2047959726542388,0.07112160168869892,0.3550550495837367,0.38463046356108077,0.46462847746654246,0.18682303870664582,0.24317335419770772,0.4495184131545316,0.09622695673786776,0.4299143813587515,0.3802902561869498,0.2820566413101296,0.12033539024243084,0.14321902974132042,0.1480226346510452,0.07070474422230981,0.07709422554769964,0.22960829550181752,0.12638638353057913,0.24886698132485854,0.2252484599280437,0.36833338999365506,0.30097867539344836,0.17350960390652737,0.2939272904521442,0.17376223692557557,0.3883954705030593,0.1853752401678335,0.4411861774847298,0.379832134238726,0.09583856960823987,0.2907601159179362,0.30452501503416524,0.3483505032826247,0.21833341449001795,0.23904678208940483,0.19858390501538772,0.27188889564487745,0.35418619212700353,0.20329814326403067,0.3769826708681015,0.3459226312369195,0.2830933969603779,0.07641094183910019,0.39038830408433206,0.3955257653509068,0.275925823937154,0.3512546013049167,0.2953959305561649,0.3744402991320947,0.17516446913021924,0.3721655757028581,0.12631011975279435,0.1016212592140722,0.08328792424151765,0.13185812913634762,0.20319528520401184,0.4274122224418234,0.3505283437345699,0.10535299000803322,0.13155938253277724,0.17421218366333643,0.21066028177952129,0.18798536657589188,0.19050371018612255,0.025545804856312443,0.163444713986427,0.1254258286615392,0.31057170197744216,0.2144741138559336,0.3043155626432988,0.2525662774905431,0.31298776824843993,0.29862668462934955,0.3475118802186013,0.11140777592588878,0.23566857124666385,0.3593769440421112,0.20321197202178062,0.22047348360363414,0.23352089776698345,0.3111199590364853,0.30258068073315164,0.178497914559999,0.02747801180037331,0.3264791493348192,0.20964377005454468,0.6379671185646187,0.18765472290621169,0.2701143359974165,0.5273870814993148,0.4583414946366068,0.30920207256279925,0.3500349268950936,0.3196180895270036,0.1080193949978969,0.7625169592652997,0.3093082212228049,0.3843258704742186,0.32908888382762197
BHMG.L,0.1733136574304194,-0.03409434191548536,0.11161582335114582,0.16734218963115038,0.054022898033068915,0.05010530630879961,0.08894360796483357,-0.009766334526120439,0.052529638266008156,0.07758424672018661,0.0725528055267802,0.12922776259543528,0.06702698570767344,1.0,0.11873347644989371,0.09675610401879833,0.09111405387629004,0.08340498313090088,0.13153017222201394,0.08196246596021566,0.018704868667511008,0.1400151976478008,0.0740809980456855,0.009752806829367239,0.1725497466871453,0.04057123111726348,0.09205995616082378,0.04522285170882575,0.03826128345787994,0.18594219091972766,0.007265954228691296,0.0958083383321004,0.022265609773946017,0.08495997454120757,0.1388367974483504,0.1120212377923795,0.07514028943694219,0.10246780603439787,0.06817864727864144,0.13188687563466142,0.1923686307361705,0.09978503078607062,0.03029810985334806,0.06879412798665556,0.07217081474350048,0.181091864559308,0.12805162900562533,0.08135813185634638,0.05362614943342813,0.051969613494930206,0.07767825648027617,0.036513460432369436,0.09276690420084854,0.09986322005266153,0.010995575354604385,0.04325236185875303,0.10056351174879483,0.10158402867518258,0.01341518619871857,0.0818877923500292,0.07862038385509153,0.06606388331184154,0.07458551890176932,0.05439791692378987,0.08971772582588504,0.05067426973526034,0.10602215512070749,-0.0013045620130137804,0.02522764222160551,0.030652461086716334,0.08050309932367151,0.04013097928325659,0.036395635397909416,0.1421418129373431,0.10051992053754162,0.045622923348420594,0.17281020834124142,0.04988595122599334,0.06668509798160169,0.1379125284831091,0.05403808784440083,0.06864066448319305,0.06402162562387761,-0.006530907028192676,0.1527356951804949,0.14337015011803264,0.13782093915394186,0.07524108174430388,0.11384717616000968,0.1310809777895737,0.03740867853224485,0.07141992590322631,0.012456869904650648,0.17202698342829745,0.1073911768256671,0.07529125147596913,0.004765037985890131,0.20614532578605066,0.07309221869485334,0.07364589594516979,0.18089789964238367,0.08611981225456675,0.07715593272784962,0.006086734962691548,0.17350199125061366,0.008008713178820199,0.01702696151710754,0.03382883894810975,0.028313418784789074,0.07564812383508393,0.08934527217655355,0.03949929471074871,0.006692222719959688,0.0733601308759649,0.07635367692162194,0.0569156577892992,0.014690639978909585,0.03023286093232933,0.06752268860559672,0.06437182680122418,0.07205668559668438,0.054887752812043306,0.06280205190111288,0.12112564619752965,0.08648873510263547,0.17404315054354424,0.08972658421565279,0.11006547240489079,0.05050354664340291,0.017398479297403326,0.0712319054095282,0.042641934283220995,0.09803235036660803,0.11117520540602421,0.10523433812314782,0.06977509303551997,0.044530385220669204,0.03344600357274974,0.0649872515164414,0.06375520661492802,0.04895582563891059,0.08469053245263694,0.08139031215961304,0.11507878310615714,0.1583572382831113,0.06706956462067647,0.055628640233947035,0.0801906382959477,0.08450674224494233,0.07599956161142148,0.0810117397531902,0.05632974439238372,0.04800233790758474
BYG.L,0.1621980711157049,0.06717236646349167,0.3132877258380589,0.37851100263018345,0.2086847022125914,0.07573835906460158,0.34893513008300925,0.04652623254831625,0.12401487339810134,0.21224267745249872,0.26903418887583197,0.19924441780443056,0.3384113953383993,0.11873347644989371,1.0,0.3014474331494048,0.2815657034090858,0.2959943453589822,0.34265394789681014,0.318351566659979,0.047887951528220944,0.5182042119065362,0.24970779343304242,0.161069274665382,0.30394354318328964,0.05859982610592709,0.33671641057071955,0.15676922800818852,0.08056715116304027,0.4138803182953929,0.09878774382248376,0.26119034263643204,0.096774257536059,0.20285901880490578,0.1963226984654252,0.5301468619478296,0.09828249246360049,0.22047300037269182,0.16421510256024,0.19784736671731615,0.3804405140717581,0.30732412038397033,0.17564738683452932,0.35076161080689966,0.25913160660877366,0.3927545839742266,0.3728076748146471,0.3587744689437177,0.27485256970341454,0.27184548797649416,0.2524364147654155,0.06008927763401038,0.21006611303732733,0.24806004351791253,0.05179175821295153,0.3033800214069892,0.36096471883303816,0.5124003637170818,0.15245478729695322,0.19084415017058678,0.5098335595960937,0.09742269607096983,0.3194602639109222,0.3681852401886029,0.27174795508747657,0.1057214241572108,0.11513195879487989,0.15564270619285075,0.039031113406924764,0.11526357236052878,0.24688566881057153,0.14173478183750415,0.21588378743036238,0.27246372668076607,0.3362255483778168,0.27370052975069054,0.12015878347780679,0.25018944655509245,0.23717096311263586,0.38016340705036533,0.17776337494681677,0.319979633567939,0.3316595999608853,0.13119949984349039,0.33535665719280183,0.3593268083147478,0.3435402594124226,0.2720954955016972,0.3198570493401101,0.24431480349866155,0.24946129872805206,0.2313478897949465,0.15426677472592976,0.3446566475758794,0.3219714854536138,0.23338492986947965,0.07062643675061518,0.3948987225658336,0.3387637461014376,0.23605303774885775,0.3490748827357285,0.24078544937584095,0.3627791218707342,0.12023341972714492,0.3684584494656212,0.10034043237953477,0.06958060986042577,0.06891013723431148,0.1066502640372624,0.2530612559099766,0.3083778564644504,0.27494636096665354,0.14914177761028508,0.18458866817195152,0.1574756306807898,0.21975242200826559,0.1398658599041726,0.12105013927747982,0.02995568989437768,0.13852540601656915,0.21289747921943916,0.2088685502166899,0.19266608265906787,0.28232716669638,0.2833922758793281,0.2978331382210517,0.23516232395424225,0.30802718742715834,0.09848199283409519,0.2960858326870821,0.328849623529899,0.24728720949101726,0.2815723848646584,0.28269327651816506,0.2919280921936084,0.28728757677930994,0.14000045621550672,0.0022730891367953375,0.3191921261382165,0.18249097205828627,0.3579104437825778,0.1416819132280106,0.2588276007425693,0.3781360760658649,0.43705954913213,0.39420622623520557,0.3184836158223871,0.3158011611938781,0.17298073676542325,0.3532017582257056,0.25822528541163015,0.24114007397984863,0.3738667136071793
BRGE.L,0.16808247071249124,0.1078184626340441,0.3987048950913114,0.41533156470032356,0.42122262626437396,0.15208804745906931,0.3617496426448843,0.09201763139591768,0.11314692257024259,0.4299343129795299,0.31832697404415006,0.2260969104706174,0.29121343576068803,0.09675610401879833,0.3014474331494048,1.0,0.4381552572487283,0.4194043719353954,0.46633850285673195,0.375935357567999,0.09257686423951803,0.36458133344584154,0.45619413190233654,0.20456306159319523,0.4217468002128434,0.18203655792682488,0.3815597373718035,0.21002575953865338,0.12606283808603194,0.5699618734570321,0.1603475841353891,0.3375813177453119,0.09407418506919316,0.2024680552004398,0.15934813229130215,0.33659764490266336,0.14072272882743295,0.20132548836303965,0.23652966942555145,0.18342558774942444,0.5249475392322882,0.48085872720412076,0.2479532782683182,0.5774319067634612,0.3705744994923884,0.6115356821833806,0.5038165584916341,0.5282715696439151,0.24710938663254642,0.2605200159183915,0.23848782420094444,0.07082426469879276,0.2233935294384677,0.4044050229271394,0.16058941624928946,0.26713718961888433,0.259077085522448,0.34315902218513233,0.17589837357920662,0.17647352454193127,0.3582645338111913,0.12396312457458296,0.3735260873123354,0.46380113556677316,0.4466944339673356,0.18559110485523406,0.12132455108107741,0.1674453489515292,0.10231097516545674,0.19799025168663356,0.3378201291291286,0.23346760610336958,0.2155633686605412,0.3671253602231223,0.3386712214962962,0.286622857876062,0.11072953194540988,0.2801896764377557,0.43092134840347895,0.4545732282836425,0.19698707401966656,0.35233787683671003,0.43059833703462963,0.11747521477341061,0.5283506213205482,0.5232798678368139,0.5718541964474614,0.46355519971839954,0.40582025842317526,0.38657943179421916,0.2724451439050818,0.24841734226811385,0.18295216156696698,0.48909264511357775,0.3806498857796248,0.20500338227666634,0.11942126518374525,0.5163042925111789,0.28967264982724894,0.2013781186578384,0.5131403230677676,0.2204336589946536,0.399597539177172,0.1344006146474721,0.5023946344999513,0.11894798469596497,0.08762546806360699,0.10631436351424274,0.12215988441408591,0.4260723758365757,0.3690136934154384,0.3056644379593418,0.1689475675441657,0.23608692837421438,0.163040921583311,0.2532372864962273,0.13318449307772653,0.23937553158881356,0.08001626988874495,0.1870180986687018,0.12759423591035968,0.273213379008767,0.17859206020603152,0.2578016492044704,0.28434578505482333,0.373680957621903,0.3139688570460888,0.3726691964008125,0.24613059668860335,0.1829114391353479,0.23987088197879844,0.4204562562385825,0.4682484989241561,0.42841198260263913,0.5028496072714299,0.30428131838465744,0.21024206466338802,0.0730995465010711,0.35965555553412354,0.2548722979022291,0.2834419313861772,0.1340926474851872,0.25210067433293487,0.351832928772187,0.4807225441060425,0.26788094646684824,0.3787069020292674,0.3406522423766274,0.2001726534239701,0.29342970133127977,0.2421509990531335,0.2623461862377038,0.23341219951547407
BRSC.L,0.1375516858306792,0.1331413318715176,0.3365573498018743,0.5194808826210575,0.3996028640304201,0.14111371868576578,0.34020360460895704,0.10228959464593629,0.11822305880607024,0.35721368260411546,0.31439748504873244,0.20667976352759465,0.3291803061264627,0.09111405387629004,0.2815657034090858,0.4381552572487283,1.0,0.5342806200845112,0.35120441732403673,0.3316179954913754,0.13992794887553917,0.3549316084487515,0.39353178982057313,0.18683925579213267,0.36298237602882183,0.153039600967162,0.3200932124040059,0.1762157271645852,0.17733462749619877,0.45944481475618926,0.19025218779594463,0.3641948593141304,0.07471397282031594,0.21724396925400435,0.1918743128870171,0.3573687100698309,0.13860055511070712,0.21164934506445907,0.20424440699365687,0.19368779078489004,0.4356991639251439,0.4602152784221542,0.21674354486933625,0.48730949875352475,0.2819784761356922,0.4387947125071596,0.49286863548589743,0.4704151591159235,0.2297547606790068,0.26482883644849503,0.2565755159603657,0.03968240444973348,0.24504795067889315,0.3893407507279976,0.170749548008336,0.2833400085517287,0.275633657725858,0.3313970242777681,0.19790682029427858,0.20297235308019032,0.3285473080414319,0.1046539940781403,0.3875718476671885,0.5806149922801183,0.4580816654212054,0.2429855708477978,0.1328278702762357,0.2122406069287218,0.14009105752602163,0.11422454775214469,0.2742485042981702,0.23297487081659443,0.19596426475961015,0.2724805162724654,0.2869122835686789,0.26450523464635056,0.098245985106205,0.25125053763292987,0.3678912677928597,0.34615755243772284,0.1966554695891719,0.32156351346289624,0.3517129708360534,0.08532846185897221,0.41993611707251066,0.3749379284754589,0.4424401277828295,0.3690601608646166,0.2900413522249625,0.326258462716795,0.25288692887330627,0.2909862053476088,0.2122996779655303,0.4079197153065603,0.30809291788458637,0.22533884107071495,0.09313465451287271,0.42034174166242033,0.2788516909367112,0.21959340104128272,0.4119566707506582,0.2511445630876368,0.3680574334944531,0.17961633061050752,0.3890203174465513,0.18438808950074947,0.12231995659161575,0.13088728158569232,0.150053230488572,0.3473815957846957,0.3532878984481049,0.31654474033083274,0.15398360851783843,0.2534214061511029,0.16733826127745358,0.21994450911678248,0.12774467720131724,0.20712145976166083,0.05662366283153263,0.16736581470737175,0.13276499359761307,0.23834718997366675,0.1508402297589948,0.23845510653808372,0.28315385557967226,0.35242070656029373,0.2911928079648497,0.3247626939077443,0.22866185445947027,0.2127726801757571,0.2772393081007962,0.34509781014899193,0.37378538224776947,0.38736035057545765,0.4269286211418261,0.25673770670270246,0.2029143080990293,0.06940640160943157,0.3022228141517384,0.2064908522336276,0.30834279115680024,0.1438401210381889,0.23948140638379295,0.35019212040715986,0.4600956236982822,0.2682723772910612,0.3217248330770347,0.28336935721424256,0.17087471038468172,0.34606453697881945,0.250482806088154,0.28961721152177394,0.2554101907330627
THRG.L,0.1794428660360052,0.11580183278043658,0.3605638781359527,0.5245100429442608,0.3725384335833765,0.1323337365919915,0.32547900110319944,0.10388281416954179,0.12456170976531436,0.32577731014709765,0.34841590396360833,0.202422463843424,0.3374455540825744,0.08340498313090088,0.2959943453589822,0.4194043719353954,0.5342806200845112,1.0,0.4086937789699142,0.3702715537186902,0.14420237988493118,0.367943884353938,0.4177768264022569,0.19378808619014404,0.3711392528315426,0.18429171696231017,0.2982812031829378,0.1684878500752538,0.20278752210741688,0.500634370426022,0.20786262944641126,0.362803716391676,0.09078981429332611,0.20240741048844715,0.18539113468141186,0.3397921000960802,0.1190185217415935,0.19806231955456272,0.20207085877270647,0.22533986316537508,0.4714723705410085,0.45369753605304364,0.2182334418652624,0.47499430014032873,0.2917697433330354,0.4633299719282245,0.4678002953256759,0.47626444770765725,0.22622696771011022,0.27287740037084224,0.29052140483907773,0.07120589813893967,0.27423318041185435,0.38690774071045275,0.1796050177123594,0.3049871018442357,0.31646334393074227,0.3434114677978823,0.1842341278458685,0.2321606657703783,0.3488143205359235,0.10350016076928398,0.41221309758757113,0.5564946629136228,0.4454952743103565,0.20891349334412107,0.14940771773140885,0.1724111526362395,0.10569281211546899,0.14837473181732114,0.3257831783742574,0.2577037793536462,0.20285102319736883,0.3053334439933534,0.3131877440102783,0.2830245368466493,0.12699177924086066,0.258403714437383,0.3378457462313406,0.3742171870220562,0.21929608601333409,0.34028940475759556,0.37269372492115466,0.14091918602737444,0.3772509398799213,0.4119675613443474,0.4498473052813482,0.3869576982468885,0.31525774594198935,0.3005552458157766,0.2668880155928379,0.28776532899288304,0.20305439248849816,0.42581314517825514,0.3419292583730163,0.281630519813496,0.1114974812099803,0.47001860228205744,0.3077821358335943,0.2709327045902583,0.4459483554058114,0.2528025212514529,0.39445776990112635,0.16728458284535894,0.4464998279555735,0.1567944744279599,0.11727055806518702,0.133137847671943,0.14400078632942517,0.3359105252291464,0.35968894178900285,0.3359215451968415,0.16858100121525463,0.25405431793588057,0.18342092994163642,0.21047460158445477,0.21052162184172146,0.21275202836131307,0.09308188452113085,0.17243005824269542,0.15597802496778845,0.268864928272132,0.17715756619003584,0.30477489910491184,0.29491244177123743,0.32255828649832025,0.30198908547948144,0.33656589740218257,0.2062223657424669,0.2100724581940485,0.28955779893870226,0.33789088838056913,0.36212973959222694,0.3829630924438687,0.41435314084638625,0.3039708799700223,0.19366103023428088,0.07097704361568816,0.326358872335719,0.2196798200447739,0.3369119857690067,0.19467184954112177,0.2530588165772625,0.38017559710731624,0.4720378938615612,0.26063390037094175,0.3442484595956,0.31761628150469146,0.1961368338112322,0.35353633923542055,0.24431436988604016,0.2732196292271356,0.2890049038948889
BRWM.L,0.20141338149691082,0.051588309340537944,0.44297192707250765,0.46043183865669074,0.3536457122378825,0.13787302799554635,0.45521966964747307,0.12590879210609315,0.11909182740878886,0.3593447277325867,0.34302150486792515,0.2130658775795074,0.2935748348154488,0.13153017222201394,0.34265394789681014,0.46633850285673195,0.35120441732403673,0.4086937789699142,1.0,0.4435965571723864,0.04998071555423108,0.3881168071048719,0.3597385523950788,0.2200361025781896,0.42908886109136946,0.09732311268425953,0.38373692105307217,0.2215654099608423,0.08576577751380939,0.6397272219578105,0.14685967676375933,0.32278800651005446,0.0928338760828116,0.2510373874941446,0.1561061532564509,0.34819460565027793,0.10169239038353793,0.19824535599324528,0.2997427988780398,0.21359964959650335,0.5822358514320563,0.4719986089217327,0.24051626585787664,0.4508016876397169,0.3875684260724546,0.5728473970603766,0.5431452353209925,0.47968424783913366,0.29868244593231996,0.2827106306626302,0.2304703848866341,0.06294235224213955,0.25091140545262447,0.33187384966178385,0.11695356264996831,0.293038530424029,0.29216871628733365,0.3668568300205088,0.141660972935262,0.17485427290170943,0.38599478516345903,0.15911467068969176,0.3708033333008761,0.42787313582935704,0.3992476275204023,0.1484533919494937,0.1733433275669701,0.14429752126051898,0.04973528501415145,0.37733396232503247,0.46636021038490016,0.17243768512252244,0.22206061163483853,0.3860293780037824,0.36763789288669807,0.3273526855636619,0.15767195695028638,0.27863201984524916,0.4159058285355318,0.5493409267736369,0.13140325280499646,0.32460799026623227,0.4979188341883131,0.11564824804709402,0.4914795467667241,0.6238827061415125,0.5100410900236086,0.4160249907065338,0.4622759035153949,0.3807416785119578,0.27693535375200257,0.24270059631445814,0.17535586300499623,0.4967831592138845,0.4230509620930409,0.2300472588411891,0.09094756677180445,0.5918234513438998,0.3134152201420018,0.25081490156999303,0.583603893129501,0.2323252110779643,0.4524930444207374,0.14485515273675048,0.575051704731993,0.08893247269571627,0.07123127706222389,0.08672137927730204,0.10672539463470111,0.3989019058876516,0.3889910662872079,0.30627695452444714,0.13375647358859852,0.20231237305703853,0.18280556600750822,0.24072719717893162,0.13132986383790368,0.18694341027187247,0.0411696289670192,0.1616301890195989,0.1794383181263407,0.2961445835985277,0.17407629949754175,0.2917596506463439,0.31773011187972017,0.42537482708374064,0.40829195454516637,0.3836862746316776,0.2048224772380161,0.1840992181668136,0.2445363993838481,0.400401731768412,0.48203737746589037,0.43808866914283767,0.47983733494434694,0.3417060029096623,0.23124455365672505,0.037846815205767714,0.38067521330107995,0.2433527455188312,0.29736503199542075,0.147805467756582,0.3053566738612427,0.3940844171864515,0.45323186969973134,0.2671583302403624,0.45682007387273005,0.401987843952129,0.2527926756290972,0.3267645331663734,0.24152465627840686,0.24881817810426266,0.2421129942399092
BOY.L,0.18160722779405897,0.05942144769733757,0.3788507359557594,0.43609542096905624,0.2848555253182227,0.09623142406989478,0.39949182935241206,0.10613596656871918,0.12539371412272107,0.24580221067505637,0.37833553393271924,0.19336800805065277,0.3617358043856004,0.08196246596021566,0.318351566659979,0.375935357567999,0.3316179954913754,0.3702715537186902,0.4435965571723864,1.0,0.0913868880626534,0.37765024354717974,0.2792432735519669,0.19402951891128448,0.3317152628800009,0.08910240348056024,0.35119458325737707,0.24858825768978274,0.13438300202109327,0.5042366851419091,0.1258704827881998,0.36147928701827736,0.04896053621588948,0.23706193900299471,0.1515893686153639,0.3941000753947948,0.12018775086887223,0.25363009605151915,0.21115357809869092,0.21696982985167765,0.4552940820073198,0.3678806928523267,0.302650388801974,0.4289735106992809,0.2916000763470085,0.4800126646074447,0.423791226133722,0.43750021438428494,0.31321451834612646,0.25524468127035604,0.3245596839481222,0.06352733874981473,0.24751338884666121,0.26138961691463775,0.08783219053622926,0.3089813053103528,0.3219736147436799,0.3752722342421458,0.15585433218512745,0.2066659101651296,0.36924236156482454,0.11915482592777397,0.4351277500671662,0.4076499559058626,0.3624034072492481,0.14144851099779235,0.12082931039859969,0.14826619945285605,0.021315406700439955,0.19154131779638028,0.3655867354966959,0.15187016650263088,0.19829768146563315,0.30001322959989707,0.39857832426499734,0.31817590673053664,0.1378115658712979,0.31794116026615754,0.2640258440322583,0.4325661488856369,0.17730587631456154,0.39364716394187416,0.4544979754965859,0.09904081104242073,0.39606436915912613,0.42277097485505577,0.4382612292268137,0.3331376221019759,0.30817690881054083,0.2569070318118717,0.28342567801610447,0.2834376136166939,0.19361645292074828,0.4134822784799058,0.3559140832204605,0.2151853954407944,0.08166573077764822,0.437518375419411,0.36498365795663584,0.2722755522990487,0.4395084934112757,0.26667521398909605,0.5420211906540293,0.18937344867005476,0.43525192177502825,0.11949791370668691,0.056218773016757276,0.06477578214768233,0.1542972193139358,0.2975544863987215,0.4345083526919342,0.33281930667453624,0.10480489222732257,0.18018904994159068,0.15699097348794575,0.203663762589366,0.1892850373971692,0.19561101306447812,0.04781834129704895,0.16560914688131084,0.12176416749806719,0.30802707343420427,0.1623649477921142,0.26831768491418906,0.3894874159272459,0.32259268368590244,0.41269279625341915,0.4123823391278108,0.17808344215647398,0.18308502804366064,0.29189279242468974,0.3057808687627742,0.3304280380906919,0.3067346886455261,0.36582164515266297,0.40531523723206947,0.22859726286502846,0.0644013945836913,0.4550979323675196,0.24294148113711309,0.29739146288207624,0.16130517513136852,0.2761848244328869,0.44970969533942534,0.4262888562480598,0.29400631926771026,0.4742197148444502,0.39432197882804426,0.15185793639478143,0.3858382815340643,0.2655622248520024,0.29961418625400504,0.2869295780134968
BREE.L,0.03658382400013498,0.038711879660505606,0.10658503118155786,0.145597971276935,0.09337089949683842,0.023611354271528013,0.07012030684646736,0.043135832415141344,0.007827738898008675,0.054893614268811335,0.1359332042862398,0.026169386113207484,0.1099965737892406,0.018704868667511008,0.047887951528220944,0.09257686423951803,0.13992794887553917,0.14420237988493118,0.04998071555423108,0.0913868880626534,1.0,0.07876238734508585,0.05736899435134273,0.04508708715177916,0.044885494046744696,0.01857943543040536,0.04485406584040088,0.07392944581542744,0.11925938061977247,0.0818971522578867,0.08913493622427411,0.13638400712309104,-0.00405015669884749,0.05113113938138097,0.03391249202761065,0.10862857240117656,0.01939436357905379,0.07970935954888829,0.045940089279394115,0.019881221932589652,0.09151804041463317,0.08323536227529385,0.06601712776316446,0.11667612411115345,0.034721874064351003,0.11140010026617758,0.0990304773655932,0.07810564796613842,0.05465186608791394,0.06798365578360399,0.10480402322923901,0.02802303540186365,0.03725687261185999,0.11078346016067321,0.036079648564372006,0.07383485834376981,0.0533499664272599,0.09082154245798255,0.027988737569614584,0.10294462042324136,0.09226926193004764,0.05161244997143198,0.1419865525114364,0.15189460521644146,0.1310206393383593,0.06426234844706707,0.04581544077857657,0.04251385187211402,0.026174526582996238,0.00850214381102693,0.07874509352218098,0.04182416960500454,0.0501753521941199,0.05047138005029799,0.051811842435313414,0.0412509199406469,0.035652893923111426,0.0653518099205313,0.07298856565337149,0.07703017721760065,0.09966946740021496,0.09255511225937292,0.06821566149835286,0.06887228692941293,0.046065089661197975,0.05131201548133945,0.11148618323876874,0.0583814745513297,0.03980934326510594,0.034287111611180636,0.10068180556343283,0.10382405210491412,0.08292173935934638,0.0690417853501603,0.05863170386023504,0.10020578633419643,0.08457495633226494,0.08246654945560244,0.07417886457020068,0.047493534789187775,0.08829073621402381,0.06807338689962444,0.09163330422179868,0.04855704495461045,0.05924381867997088,0.06180806029396389,0.07114953518428128,0.048372299469257564,0.0477942037505509,0.0800932519008451,0.10599312772462477,0.05455519663030769,0.10150078781137749,0.06844274926126342,0.05867160268115936,0.04567212091209309,0.09282708973913051,0.05608165733586688,0.04994139920844591,0.02425449973208605,0.05591701676042568,0.08191601982584336,0.04444681213110807,0.0750598931063804,0.06293259239108571,0.05792633036825424,0.08601528313240606,0.08576381525348656,0.05323800333404309,0.05197524647609623,0.11621833966619612,0.0710691698767484,0.06763185471105541,0.07011263391385031,0.05074668318740909,0.04971600537207122,0.08281544643060701,0.05957976548168623,0.08880308593700852,0.02582761588690567,0.08879811203448505,0.0614399915772842,0.06736868984903531,0.09417913270358678,0.13565071360770134,0.05346541248827745,0.0520309439880523,0.06398690855674344,0.02146739201592325,0.1168606317032383,0.07813053946249068,0.1071096162957902,0.06543558208866278
BLND.L,0.1803034282143053,0.0832445814498127,0.48703013995447825,0.46412505487992683,0.24434951503218189,0.07002306811011828,0.4143305356645881,0.0781396482368543,0.12427606447529012,0.22695806858412834,0.3355082816554869,0.22433366990538667,0.4889723945666708,0.1400151976478008,0.5182042119065362,0.36458133344584154,0.3549316084487515,0.367943884353938,0.3881168071048719,0.37765024354717974,0.07876238734508585,1.0,0.30897531118739296,0.20207509421429312,0.36682920508647826,0.07328260421378706,0.41828042323375103,0.1768583660768109,0.12416621395835083,0.5578516023854669,0.14179438737868155,0.36685673107135897,0.08274581977836605,0.23831029081929814,0.2203536612456963,0.7098343031790878,0.09290153742892575,0.25859649508905247,0.22998518763094614,0.25573971427106496,0.5370140003903335,0.3673353763068933,0.22011998564119806,0.4304720758986035,0.2894990546076087,0.4873029736969264,0.46658600307455006,0.4554054591335065,0.3213697757239489,0.33024530092813564,0.35107000580831427,0.04357618522652693,0.2514379855219914,0.26875059124903516,0.09732609307332395,0.38117532894790407,0.42254984979111565,0.6847615169741942,0.17642241545711992,0.22632943445416376,0.7713298545613055,0.1369349946748603,0.42572209608289396,0.4148090826416513,0.33181136731176114,0.18928719911475064,0.12115140328117542,0.14929398646308262,0.055836843804541174,0.11363110794229817,0.28369059081941406,0.20533643499978443,0.21070745900027155,0.29695947205192397,0.38500529149919893,0.3453451131705023,0.15781795735377924,0.29006010711117164,0.2748019251760371,0.479559579114829,0.16514186965758915,0.43284964834009587,0.4323442493230868,0.11728865230528443,0.40852732509159173,0.42225621552829373,0.42585174364869766,0.31064857126204626,0.30449875784304065,0.27215824580218795,0.26711079803666554,0.3304418582815007,0.1517387555055498,0.43534112970447986,0.39896047294630005,0.2567950173472706,0.07974216633424606,0.5044571637565004,0.406394259207055,0.2552168102957587,0.42298186795799736,0.2813069048675091,0.39774925695679647,0.15586371401873128,0.43766139859170694,0.13209335760031557,0.08035938092843588,0.09444457725775016,0.1156347856312851,0.26173550964282555,0.4063891320001408,0.3788458719511386,0.15783884437053694,0.178290774905355,0.19661880490291694,0.33894995561871016,0.15845308611271497,0.1911015852633109,0.05222872683076897,0.17847060096754136,0.2082865978906061,0.2610272161867419,0.22443021378273992,0.3218516669447242,0.3020583347642145,0.36725510200245376,0.31668804793140093,0.35419793766859736,0.12054445015309401,0.26713007844780967,0.39154336994899924,0.25723158272210067,0.3063750722763882,0.31994039707815036,0.40043528170198844,0.2991347237034619,0.20558453239057878,0.0222695400121796,0.3475311364415105,0.2797529670049289,0.45467701836150204,0.18499347403426117,0.3023808184133897,0.5024545946714678,0.5825729033261836,0.3781083795658705,0.38081466158443017,0.3463519280128438,0.18270381187536433,0.4848261504504198,0.26697403962599514,0.3175646344524335,0.3937493354027591
BUT.L,0.11692986393420017,0.12641417242583206,0.34051128438423756,0.3530326536518156,0.37608709135438906,0.1712228831326759,0.2693584349438111,0.07497492545808067,0.08932613501030427,0.39026316816030343,0.21885770525614187,0.20124949910773746,0.25585138616588177,0.0740809980456855,0.24970779343304242,0.45619413190233654,0.39353178982057313,0.4177768264022569,0.3597385523950788,0.2792432735519669,0.05736899435134273,0.30897531118739296,1.0,0.1280410425086631,0.3021158037484585,0.2197673004460416,0.31949244825903544,0.16938794720496947,0.142595095119395,0.439516896267047,0.14920685053834545,0.24519770079254857,0.07659180871797763,0.17219641800598282,0.16336763233906848,0.29358637673913157,0.0923302938518439,0.16847139759929994,0.16862401482788544,0.19619928425968983,0.38977456173295255,0.4850277444111736,0.1561980678981913,0.45479029829321965,0.2729187104956201,0.4155472899128112,0.40295631939943777,0.4419145013663765,0.2063199733190327,0.21595894190555306,0.23979627600108047,0.07770608756235023,0.19113070618093528,0.38195485196168766,0.17284784348061752,0.200830172191535,0.2113109825685867,0.2807356262419089,0.12042110201147029,0.1640731270062389,0.30548350554172177,0.09761369792949438,0.30279176467486874,0.4376558858058174,0.3651504694961105,0.21674706157050533,0.07508716978821055,0.12948273901088406,0.11809239076063642,0.10562743887777339,0.23876459234361583,0.23366468623678216,0.1518025066492367,0.32170842493740737,0.27096640854197196,0.22774375884212025,0.06563389054270478,0.21304174031008033,0.3844793134749871,0.36896582082118445,0.1634511019793686,0.260960783579161,0.30665057154482245,0.11107958931140077,0.40389681320548704,0.4208124639234635,0.44085373826617164,0.4055242454219665,0.3100301032590805,0.3593297773518171,0.218715324038885,0.20584960152548587,0.16672888950427814,0.401032205614577,0.2907657548990831,0.15922443527540592,0.1097007530975888,0.4218098726374997,0.25964506046522856,0.18888225793023738,0.4220547006281927,0.2131364646314422,0.30109024931495937,0.12395192232083907,0.38762427049324333,0.08845653539719096,0.07332781021233911,0.11334601842571546,0.14321219206972596,0.41629717132557587,0.30640342814629135,0.2679036305743299,0.1293425080151104,0.2557274226755792,0.14989135174775448,0.1758320929155153,0.12276213969592252,0.14429434096104665,0.06312862148754032,0.12208078831803693,0.09083116030106529,0.206161678354139,0.163088647260253,0.21342458133886108,0.23067475666959045,0.323398009274046,0.23835411256158992,0.2720267858958554,0.22794440670437638,0.13775952274546122,0.2300318991083463,0.39318574275456253,0.4124832989390222,0.409240106112737,0.4442685174732012,0.2672613997609118,0.15558700293695726,0.06308073452487142,0.2463637527505135,0.19402644056649487,0.2374804992837093,0.15949520617102705,0.2225531765874624,0.29785791122984073,0.36888898398951175,0.20854304012794475,0.27583686667466534,0.2490648911163433,0.2091186000980026,0.2739052110761591,0.1982886864903765,0.21131913736703528,0.2256224355320102
CCR.L,0.045322237671450376,0.023623440039327984,0.12723616245403913,0.2357546972299858,0.13597812215743285,0.05302668014539862,0.17318022440196937,0.09440478055301511,0.09694650629734691,0.10616130334413576,0.17730120063485288,0.11874191957799009,0.21321195207506544,0.009752806829367239,0.161069274665382,0.20456306159319523,0.18683925579213267,0.19378808619014404,0.2200361025781896,0.19402951891128448,0.04508708715177916,0.20207509421429312,0.1280410425086631,1.0,0.18670062771069307,0.05183447753080157,0.20166401144926488,0.10159531601486589,0.05924149824074617,0.24693842892452622,0.06308993681915916,0.14788676958671004,0.00043685820728024016,0.11693243781595929,0.10176739884574798,0.1638119216161895,0.012907650027352106,0.12966480794410182,0.1264751305884208,0.06279776095132214,0.21614772495265772,0.18563910160369274,0.12831949661259828,0.23481482733988174,0.1706751962054869,0.22711643085822794,0.21135225313349176,0.22551500638262165,0.17287840540887486,0.16101147984106945,0.13820395867378465,0.007320527922583878,0.0776072823275304,0.13823659378875025,0.03918710040388578,0.21809976618562205,0.156929276770679,0.14311485945790267,0.16431740207663884,0.0925200013706574,0.194474233580277,0.05238108462837525,0.1949070219846491,0.20256823943495386,0.1896620585105131,0.04970909290114907,0.08772296126681899,0.08083854147719992,0.041212682411258444,0.059143378884020964,0.14691956008621976,0.1127109112568809,0.1550799401622711,0.14462450250801945,0.20237050162242393,0.15374364142880356,0.0680477036010971,0.14768420653778208,0.1421326384006112,0.2231044421133075,0.05748926424078881,0.2302089118296109,0.2339281608742064,0.04187956071189195,0.2036880643954223,0.20461269959843564,0.21858735583826983,0.17009622141221992,0.1814638728749752,0.11953299517701782,0.11055672844905776,0.12838723677003794,0.07815057344481005,0.16704069574847552,0.15728740269767238,0.10458006981121674,0.06372000025160693,0.23521716955360245,0.17802065854538734,0.10901066393237807,0.19869184610136154,0.12097528204190103,0.23637003719953176,0.12054917148386539,0.2043360083148699,0.0504942072672994,0.03593107501047657,0.030976255293749796,0.08938250100287769,0.1327902881882202,0.1778705308689418,0.19417169927261538,0.04672105246935623,0.10241886313425162,0.06371672832812662,0.1605733544133734,0.09840033422330904,0.1345876600345188,0.03298463926908892,0.09607625396373701,0.04873047128404276,0.13876908881197028,0.08131573976469937,0.09919399759067801,0.1814152701698269,0.17477246687692202,0.1639457706764673,0.2175640167021964,0.082479523673033,0.08499671033265421,0.11389024534388516,0.15548503214298992,0.18796000924912112,0.17954124688972917,0.18861843598485606,0.20627368340692354,0.07816193029932528,0.01986464399526605,0.17677175757425456,0.11937603274484877,0.18790174967320683,0.04634805022174141,0.09352472385191907,0.22338922865142322,0.19625757960926232,0.17919975217288545,0.21156191570274974,0.20101979925264415,0.11660973343526747,0.17779160931687554,0.15110058844000795,0.1961979920341608,0.15644056859071473
CLDN.L,0.25783179400675343,0.0506523993144406,0.3426471082859697,0.5156054810980999,0.27130502440771714,0.10233638619119513,0.3199383046580709,0.09791979716946654,0.1590478714856124,0.3244146709235596,0.3209228458402461,0.2618594000983228,0.3118410212338297,0.1725497466871453,0.30394354318328964,0.4217468002128434,0.36298237602882183,0.3711392528315426,0.42908886109136946,0.3317152628800009,0.044885494046744696,0.36682920508647826,0.3021158037484585,0.18670062771069307,1.0,0.08772643559353667,0.3631112818641775,0.22788755489052628,0.1128346206263643,0.5676236907041019,0.14207697003921502,0.34705685060973707,0.09705723003840383,0.22414502751956492,0.2409908425334965,0.33846283773222346,0.1284715543382647,0.22211718836772085,0.21842407468273622,0.19162381898106917,0.5652502982895276,0.3860679841337486,0.21616430915353546,0.4060229564836028,0.3367329919591005,0.527684024309639,0.5118478531112198,0.42222267935144625,0.2571572774518931,0.26730342644443955,0.23645694171458995,0.07398636834579961,0.30089390208102695,0.34687700683657735,0.10184154938908202,0.2658958542143048,0.27865982565359354,0.3271742671132012,0.1493345953167394,0.20474766433609146,0.32858611890201184,0.10288759116563655,0.342141209710941,0.4018452681496725,0.4053480232589289,0.15204261125466084,0.2399832686651466,0.13178821240969504,0.05702165436085029,0.18550648797191924,0.29353919942165874,0.19912754619875522,0.20508740363241068,0.3393102388509901,0.2969170816933504,0.2646698016580605,0.22997726693714074,0.26686557483488677,0.3285249870394432,0.4004738044030887,0.17791808976457266,0.33661906696428723,0.38300884824913406,0.09110398921060206,0.4878459717458417,0.5089244280443425,0.4932272266642889,0.35521585153703644,0.4273600455032731,0.3163016783916965,0.2672411997419399,0.24564547252681365,0.17601291039166309,0.5101788370825081,0.32745442598443775,0.2079751475255185,0.09075556909819235,0.5199756733339531,0.30151850582834505,0.277657671813663,0.5445096620413551,0.22825301648094154,0.4134999940267375,0.14422007170689227,0.5559767133694643,0.09831450912362283,0.06776009836563461,0.060448953012013994,0.09644236605915947,0.2990200910551068,0.342139641385619,0.28710768046683965,0.12542253398423825,0.18418238571405818,0.20588664595799294,0.2628413764018324,0.16463270384373233,0.20997289638278605,0.08112790486256459,0.1845777877047379,0.14297664988067454,0.2931371808498194,0.23925212032470775,0.30357360279932594,0.2841180207948947,0.4729993817337733,0.3314294565461085,0.36397289383511766,0.17461625707319112,0.24084788818021516,0.2553297273033011,0.3054368810968824,0.37573164319647107,0.33255187805246367,0.42960888373077183,0.28786407847789025,0.19863976375992548,0.07999584243011149,0.3236019233999113,0.2346671782313457,0.2806227676964823,0.1630034095443332,0.28582889851205595,0.3715527194465463,0.5096470136165082,0.25744664229712183,0.3629526205756942,0.34879587360724124,0.17381968134621337,0.31097374520652493,0.2757472151817911,0.27201778062143067,0.24269604736050082
CGT.L,0.039126475382272145,0.05908276206429174,0.09564667856666256,0.09661790919974779,0.1653007084575147,0.07352982816733378,0.07432847713971624,0.013059250958191184,0.059631865554880537,0.154551498188443,0.055046180467451446,0.062424138993097796,0.08205381275295115,0.04057123111726348,0.05859982610592709,0.18203655792682488,0.153039600967162,0.18429171696231017,0.09732311268425953,0.08910240348056024,0.01857943543040536,0.07328260421378706,0.2197673004460416,0.05183447753080157,0.08772643559353667,1.0,0.11442861294831011,0.07085474236658072,0.090929042425982,0.11435170907075314,0.04248458380411213,0.0743061632158096,0.028197909094734318,0.03244787412393893,0.05408260194593158,0.07223088939598324,0.013308317915217138,0.038745990807257165,0.00860425329180644,0.05562907583880666,0.1053309829758307,0.18732149782662172,0.06649568659391335,0.14046882555495957,0.1084981978836136,0.12302570668865329,0.12646208074911922,0.16214751071619402,0.026157327304398487,0.04885747829950763,0.05306925479982019,0.004994390848396357,0.08357618730486308,0.15748947912391553,0.14453565322679027,0.04637328167140231,0.04688550421934225,0.060458225380759144,0.02538193635392237,0.06798094198164402,0.09042374833447601,-0.021640405937012063,0.09650444598491377,0.1465568844065547,0.12447434191068456,0.0861160443740866,0.03580728910692032,0.030930593238385422,0.025459478414049826,0.03533661081736623,0.06364022060591444,0.06659556233754493,0.02906327861493899,0.1052529534059559,0.06964077575543018,0.04349005443032824,0.020936568052701256,0.05650000699417138,0.1541361677241497,0.07208751416238438,0.07336526827419619,0.06354576784747705,0.10075249650762395,0.03650372155053299,0.10626434742094704,0.12627315125917618,0.11639206185089881,0.13769525147149822,0.0928369132835807,0.1229864871875215,0.0947948907042041,0.06620426849115053,0.04621907983374201,0.14693599518285913,0.0737058807512802,0.07255978434680824,0.08899771049172352,0.1190285043401152,0.06629044801970928,0.042948199774131605,0.1189103810403647,0.057175717489440656,0.09653579700375714,0.00936570787467768,0.13298442926879764,0.04661821946515969,0.018766662396105104,0.008154249082617651,0.04793618554173451,0.16019763564164535,0.08283208854146053,0.07041400632504181,0.01673547278383052,0.1616681737300179,0.013238159981649391,0.06722966428330938,0.02786745328561444,0.038410655316564575,0.018286925836994518,0.08965914645083148,-0.004666325258077262,0.090006598436024,0.02057287362896566,0.06113752397149357,0.05802130116238626,0.10006221496277297,0.06098517310355894,0.07978758837413925,0.18405168244375966,0.060944145717978536,0.08478581246853895,0.16965601558791607,0.1322130903304562,0.13369151027112158,0.1708867414514278,0.07932064941972199,0.028289968293856965,0.03773075103020532,0.06138157659459049,0.08605754676836164,0.06870008028007009,0.030785120549171766,0.02179330388744626,0.09642934210595963,0.10099143181588918,0.04763250020329478,0.06595069361442836,0.06904204598058723,0.05060000074760607,0.06705776587077893,0.03724512298556714,0.07004687433643508,0.05698197076407078
CCL.L,0.1710442550294432,0.0723661248988845,0.38564034799677754,0.4130840011806989,0.28430724316787975,0.07948914004034034,0.3272468255013351,0.06625359252905906,0.10805228688386209,0.3012260091604986,0.3093495596354654,0.19760683291539238,0.35503399878360353,0.09205995616082378,0.33671641057071955,0.3815597373718035,0.3200932124040059,0.2982812031829378,0.38373692105307217,0.35119458325737707,0.04485406584040088,0.41828042323375103,0.31949244825903544,0.20166401144926488,0.3631112818641775,0.11442861294831011,1.0,0.19184302256736788,0.09941267398163303,0.5310299996352509,0.11597060583987392,0.3007498993671502,0.10197914780006531,0.22064416924796026,0.15286292052785025,0.36721823299714235,0.10820421635699506,0.24257762760039978,0.13988412953038376,0.21363013425140398,0.4970507947231489,0.37546459369324736,0.1963602700215575,0.44103745172444325,0.28289693502629937,0.47669007750729275,0.4414977727339616,0.46886999667099016,0.28565606345415423,0.22590171556533004,0.252836717591642,0.028999720711257775,0.20282616114011895,0.29911270912595694,0.05707593946734469,0.27699247592514703,0.2683357921202264,0.3706016879835918,0.12630792490441767,0.17445425517761498,0.3982781034034257,0.11767101358120376,0.36569998018813243,0.36141205660024595,0.3323608983539172,0.1393339854023675,0.14655643885194822,0.14246468617268787,0.06589890928213935,0.07034835780693133,0.21088403214828785,0.15959425359973342,0.22463371112033156,0.29249154850551007,0.3467702314215162,0.2656993116240536,0.11286333914868751,0.29448627163489505,0.28911048292633457,0.42851949019683744,0.14274402383484236,0.36763744882396115,0.44603482948968,0.08396504881397927,0.4911040812633108,0.43407118795943533,0.4145030567785927,0.3873470682730585,0.3547413050580705,0.30853063931728464,0.21322639286541584,0.2368395222652023,0.16128502469983722,0.4190689955627105,0.37934222326440886,0.18080082219828447,0.1231453808727649,0.4724224411754247,0.3697136062239352,0.2104971959149328,0.4819402521161001,0.23269302897847727,0.3835596657344313,0.10974967818586608,0.44310422323335874,0.09740554304005859,0.05393609649915327,0.08271849860125768,0.11016472773918262,0.2949604687632672,0.3823187838593672,0.2929357048761211,0.1026054133383032,0.1704183898969584,0.17510507453572885,0.25166682828182196,0.11123123794660417,0.19580206874784348,-0.013899518671470745,0.1151063554833721,0.08951495739787178,0.24926845669095266,0.1804192645665329,0.2528493814761654,0.2727329455633736,0.38138587831754434,0.29543378611893106,0.3510819193516157,0.15491096662311377,0.1815324520003187,0.2430117395220237,0.27275829614152197,0.3439764394346744,0.3441334085217737,0.42424858540279303,0.30123106053498405,0.19236935501474456,0.01526951328990927,0.3417617459073409,0.25769876318764184,0.332911717958338,0.14851249583894782,0.29602868420941414,0.4314070470407964,0.39234961429527065,0.2623744249951022,0.3568215301603339,0.3532428504247853,0.14961926684906188,0.3304496046147037,0.2799196301897103,0.26618671828328777,0.24414902568942687
CHG.L,0.05936251185758756,0.040303150520872445,0.1824607272090904,0.22369900094906425,0.14324209944459526,0.0703140738450991,0.2264514383390185,0.0472114229789897,0.09563124608939837,0.1524365933123409,0.2232926629235993,0.16298754619664,0.18969042172338343,0.04522285170882575,0.15676922800818852,0.21002575953865338,0.1762157271645852,0.1684878500752538,0.2215654099608423,0.24858825768978274,0.07392944581542744,0.1768583660768109,0.16938794720496947,0.10159531601486589,0.22788755489052628,0.07085474236658072,0.19184302256736788,1.0,0.06531259890963323,0.2541086116776738,0.06260331579112857,0.1913616066716639,0.006917557415443757,0.14176544562121218,0.15099702146598712,0.18148495870515088,0.060864817528207264,0.1266046689922346,0.1358306342350477,0.10866300178312474,0.2387877030643235,0.18063158608847368,0.1317464808635846,0.19068010662390342,0.14791373406356936,0.24146205221452827,0.24291434130510095,0.2133711699375177,0.17026158714422693,0.13921050335051854,0.12707338244686744,0.02514767974366695,0.1399375286741723,0.14414938114193612,0.05240194709480429,0.13179433501655152,0.13879841947017466,0.2053361702435951,0.08109137034900843,0.10209116113583376,0.17947186966239298,0.0611678204664351,0.22469298606428745,0.19955395361216324,0.1963204086343453,0.07488928259570671,0.09217951485528147,0.08379605068836725,0.011509712268080083,0.09027888061697252,0.21190298960705176,0.07708888489008078,0.12825555643976974,0.18470723717376042,0.1796332981833173,0.15483172089991512,0.06102101984297169,0.14246415521696543,0.1300315655585555,0.21852103597691505,0.1032481547002172,0.19160125892497853,0.24964775194299768,0.046642084339867954,0.2207906936107038,0.21591731725087457,0.23498351465184006,0.19304657242171577,0.17413285976371365,0.15959026267463108,0.1761766420698521,0.15514025579152763,0.09245154852207309,0.23003754700219245,0.15997271485460257,0.06481934415975434,0.054421444892429845,0.244367996094086,0.1978006570631206,0.17498546040065707,0.2257547958959601,0.08183873622369552,0.25790893969412776,0.08483800786860578,0.22912185839471785,0.055811462283570264,0.014006269687961847,0.024202958899913807,0.12425387197671649,0.1552228487489258,0.266713443389956,0.1694932866539837,0.07813016294956998,0.087654327239872,0.08204320259120096,0.11119818810608015,0.06834274089107809,0.1210177547216638,-0.00990973823213243,0.06584521299343485,0.05684335073497911,0.18746236180638215,0.10940640560764248,0.1602255697680175,0.1727618057190929,0.19585340141471222,0.21368566256318386,0.2141600424032471,0.08590572939647557,0.13120577977607092,0.1435059997404855,0.12506848602070866,0.17696334329298205,0.1603757309176953,0.21578760395557484,0.2256652211526239,0.1812033368011253,0.02680807868536094,0.2321337718781311,0.10198121718196355,0.17130984530172036,0.11091175668333755,0.17029306398373698,0.21624106234276802,0.21351925547127487,0.08598013058472281,0.22392953753792497,0.21638700485989049,0.063400066209407,0.18809134174088052,0.16278303495872654,0.14633134861006677,0.12342768698947955
CSN.L,0.041151934669852355,0.09700851415701191,0.13333786847944262,0.1858986610680447,0.14487358906139272,0.04304874682872521,0.07765112172642402,0.036921160736685055,-0.003763399058508373,0.1085798359672381,0.1468344728174257,0.13632773659018005,0.14396442929885034,0.03826128345787994,0.08056715116304027,0.12606283808603194,0.17733462749619877,0.20278752210741688,0.08576577751380939,0.13438300202109327,0.11925938061977247,0.12416621395835083,0.142595095119395,0.05924149824074617,0.1128346206263643,0.090929042425982,0.09941267398163303,0.06531259890963323,1.0,0.162441814768154,0.1321982222012502,0.19484211920848843,0.006154937671953496,0.11077148852159578,0.12596224220497504,0.13627342155502373,0.0340554445098349,0.09191420583925404,0.06333220115132697,0.09961247989827261,0.1544693312316115,0.14859111038215253,0.13659161194654865,0.19359988602139827,0.10621232334971514,0.14807992359872418,0.1565608382343221,0.1628587390742595,0.10195334229705272,0.11167878359919055,0.15388633440943497,0.03371331609669246,0.10673406317765165,0.14113773557656278,0.05265462937568134,0.12275342368949813,0.1302440980936014,0.11618654588951328,0.08311899235881756,0.09649789602282571,0.10834650485741046,0.025759140924985928,0.13801609989515265,0.1763189695025998,0.17324067292472325,0.1087439186121278,0.08012966917162129,0.09780769989866346,0.040176224040078354,-0.0025593228695573074,0.1126415147061794,0.09270907208695142,0.06613569781327087,0.08775813525189832,0.0858667280910155,0.09107045104397295,0.05751376970848499,0.12718398104919115,0.11154148244384365,0.12824046363769462,0.11637646594060234,0.11761421613957801,0.122777382032416,0.05393084118795821,0.13208890198265325,0.12135372072427424,0.18009580584320942,0.11303202947892906,0.12930231279065346,0.0804297346203641,0.10662746798569615,0.13996547688057345,0.11234738407806623,0.13531572017122778,0.09104841342769011,0.16804039441791996,0.06967990789569106,0.1468341759643849,0.09036469314350437,0.1153236295444519,0.1544947595635741,0.09538069269835732,0.13488588352200342,0.12022304916260311,0.1407014511355661,0.0656759586849251,0.048189690096625194,0.043544504057213905,0.08195163341636548,0.15640686256362238,0.1366199363951808,0.13901706666431995,0.04228520320243478,0.09429020746031143,0.05599067378012762,0.09055985622331386,0.12210343028163706,0.09347128111187775,0.0021031238301279665,0.04525119877307429,0.06291174215406918,0.12733164942016828,0.10151670511847502,0.1421859576990909,0.11006248366645398,0.13675187772021763,0.1187348305881848,0.09218040835464787,0.05843645170452078,0.10343453088706654,0.10783717660008114,0.11420499520579962,0.10274547283843204,0.121537545222773,0.11771400731099253,0.11105595596264925,0.08377861835015064,0.017756669346072458,0.12097029809909916,0.09128271322346454,0.1537437439217853,0.09366927777652195,0.11508784599087264,0.13893580855205426,0.19099064533831395,0.10191891002357817,0.10411729066293128,0.11832083406752147,0.0761233151887319,0.1520365634156765,0.11072092353865647,0.12308185482176967,0.14893707131385078
CTY.L,0.28878276078841303,0.05329415987530621,0.5767759993608134,0.6259725090232092,0.3990593697083626,0.14565478900799028,0.5022828934930184,0.11574344640425754,0.1605949236262347,0.41265512826404754,0.44917400668755414,0.32951282125166426,0.4484044334431459,0.18594219091972766,0.4138803182953929,0.5699618734570321,0.45944481475618926,0.500634370426022,0.6397272219578105,0.5042366851419091,0.0818971522578867,0.5578516023854669,0.439516896267047,0.24693842892452622,0.5676236907041019,0.11435170907075314,0.5310299996352509,0.2541086116776738,0.162441814768154,1.0,0.17436336695454976,0.4711184972661707,0.09893381209433487,0.2894282576313429,0.25249977761825465,0.49925107931628515,0.1439920474876633,0.3267192415334351,0.3279416918716155,0.3125349441380812,0.8101026298981368,0.5100913528565945,0.278551000605727,0.599144582188068,0.4208622349194442,0.7305475142702201,0.6778610120866652,0.658627415364942,0.3723807530140255,0.3566404858879952,0.33617780087555377,0.07984962998415071,0.35660973180761335,0.42188058160290876,0.11119464608673893,0.3880118446329801,0.38828838703939195,0.49347419091805506,0.21768791206600582,0.2944226360988375,0.5149318820529126,0.16736871159812614,0.5011031147830965,0.5373874057702492,0.4854062327477997,0.2066883396592379,0.25618160706659493,0.18328094337979348,0.10427187554102585,0.2613812796580151,0.44476406302322813,0.2317907241676143,0.2798232442799398,0.4292839176853967,0.4399081850154347,0.383001911535536,0.27861488811701673,0.3854851560926733,0.3979946444063865,0.6041293219490221,0.2009936654108461,0.46296262275154365,0.5902628820678065,0.11806140316869043,0.6494629042412616,0.6774891553741339,0.6356069068182563,0.4842961770179929,0.5270287481026302,0.452962643886641,0.32055964449630053,0.35280631242905497,0.24939743044092164,0.6457655885152309,0.4985078354088445,0.2878988358439045,0.12053058151526218,0.7852037894683248,0.42688413804229985,0.34386188527810924,0.7092031408287978,0.32872591449117594,0.5365182229472463,0.195128320588198,0.7655616707772928,0.14592160426660378,0.07908867035422411,0.09505734931930983,0.14160728880141468,0.39118537922331703,0.5032536215812017,0.4124420888377778,0.15272283434857453,0.23093024968625628,0.2394217528873629,0.3842733904571547,0.17947518454323055,0.2526723836454254,0.03302059068009279,0.21106761045586606,0.16495258685089578,0.40382954056899667,0.2583902700435394,0.37991732229909964,0.4158577697839427,0.5866409582429408,0.4573684503839648,0.4926119659308681,0.21085768429513665,0.2314590539305158,0.3579073713161207,0.39259310186678625,0.47247535396785206,0.48698642726827607,0.6089618405800566,0.412210626334993,0.28430394025494166,0.08774309411185313,0.47383780194144237,0.35147520308221564,0.42557109154811906,0.21770723563116856,0.361904378187378,0.5299900523428177,0.6277546257071485,0.3657349646252119,0.5101950075451772,0.4773985076525815,0.19820068497983773,0.4574935157494209,0.3464720004386218,0.3688029232668263,0.3444755384257663
CKN.L,0.069033430601003,0.03180842374434539,0.15484031305006313,0.21191512052111133,0.1350208016088841,0.07119933023353882,0.13396396472407654,-0.010464975394283404,0.020751972681116608,0.13426510300160843,0.13528068361778048,0.08593024622944428,0.15844056680950905,0.007265954228691296,0.09878774382248376,0.1603475841353891,0.19025218779594463,0.20786262944641126,0.14685967676375933,0.1258704827881998,0.08913493622427411,0.14179438737868155,0.14920685053834545,0.06308993681915916,0.14207697003921502,0.04248458380411213,0.11597060583987392,0.06260331579112857,0.1321982222012502,0.17436336695454976,1.0,0.17616710596227889,0.03487678738279769,0.13283290128622052,0.07185772002113817,0.1630607018534296,0.03638104539403126,0.09590368209170902,0.06859818379401869,0.07407990376731935,0.1904730452062037,0.16733541906258836,0.09849418508379934,0.218782864735068,0.12794098585591082,0.18611994481411762,0.20657539761949514,0.19459113918100332,0.09310556903121495,0.15898520489947426,0.16291449180013723,0.019413792185407244,0.11940750365087384,0.14911655931585072,0.06404026884691141,0.12917016263995876,0.11462756711082923,0.17854585215217658,0.09426629378890325,0.126219280469741,0.1413636246292305,0.06197105537663603,0.17784325695398606,0.20849114291921178,0.16112433029299073,0.10327364411016868,0.07362974358706155,0.10159988437295868,0.08559208847158879,0.023391985364892925,0.16862963397216868,0.006696695087664152,0.09158972170247658,0.13549845494449536,0.08883892467138688,0.12135567421232611,0.08118174836636735,0.1041433709051912,0.13404795854770632,0.1515471822989779,0.1008319145601911,0.11963968668159886,0.1339746862469173,0.03225869691315729,0.15420001952069723,0.16558996215231084,0.18293354797071743,0.09403527077100281,0.10600385969051507,0.12933541657779835,0.1326169124258759,0.13179426046743864,0.07734811108261594,0.1373036108361338,0.143577391053181,0.12258820717984914,0.06943398710290129,0.1409163144876688,0.14141640001978026,0.09342560416682022,0.1647472075234461,0.15018992656460237,0.1737076337092127,0.09923181290126312,0.1391373582490605,0.09158219283070063,0.058382601451171065,0.05935541146097407,0.06329133241357233,0.14971968989298914,0.1494431469433354,0.13196778828069258,0.08853520869945504,0.1034583349101048,0.08134721389389589,0.11776906261084608,0.10625570907591886,0.11774222326264251,-0.0038279685935248557,0.04382159185588453,0.12678290403205933,0.10316456365343477,0.12789527749514074,0.1559604780528085,0.12612835527375987,0.13719277732963753,0.11753187175402041,0.12076253759921926,0.07920797613401348,0.12466234844149933,0.12534030823873568,0.1460540066957547,0.16365111293379714,0.1619268110472934,0.16381346743424072,0.12599614995625227,0.1148741541555575,0.0328801524727615,0.11006929522799767,0.07226320916540901,0.14734449906769143,0.12022502231430715,0.1270739403124824,0.12700162580474456,0.18393375843327328,0.12310815294178926,0.12860589890772786,0.1136585915139875,0.10017469456274217,0.15811602114065457,0.1153756630411744,0.10596295055915786,0.133242610918224
CBG.L,0.13473888656502012,0.10205429897228845,0.41065054834166015,0.4386527695756566,0.2884412908862534,0.07434005875667693,0.3662173882307294,0.06542579453027265,0.0788887427449857,0.24461361680899293,0.3929724403918276,0.24863632454076798,0.4039177469190833,0.0958083383321004,0.26119034263643204,0.3375813177453119,0.3641948593141304,0.362803716391676,0.32278800651005446,0.36147928701827736,0.13638400712309104,0.36685673107135897,0.24519770079254857,0.14788676958671004,0.34705685060973707,0.0743061632158096,0.3007498993671502,0.1913616066716639,0.19484211920848843,0.4711184972661707,0.17616710596227889,1.0,0.03211045410952406,0.22444085755726004,0.18929164302828266,0.36862968327200024,0.11885367243150757,0.2717087054751416,0.213207117603175,0.2489026518703918,0.45723315725812225,0.28272764118461546,0.24648862741747288,0.40391023830639056,0.2629189873170026,0.4362281083720075,0.4231999035244169,0.4131904325566675,0.2881289363220519,0.31053618912053105,0.3317266073173672,0.06925157069703401,0.23356956120225253,0.23308140792026044,0.07596767574274836,0.29294680019621155,0.28743000106219985,0.3637269276898228,0.17677620216622092,0.27012960688341364,0.31622440197065577,0.08643841474304553,0.4430997125444526,0.38813045447800726,0.34903147443585986,0.14433053565370382,0.15225018427094011,0.17167161352610566,0.08955658517721522,0.1052596807097391,0.27119292162297204,0.13245357113070622,0.23990428843675335,0.22388601817556347,0.323924181221423,0.2905064009720999,0.12659867767577274,0.2817883389118859,0.2063974689084821,0.4110415723683598,0.16346011595696308,0.3762651131392157,0.369703870237475,0.075964372821999,0.38308622629970046,0.33314054335867677,0.38968377838114077,0.2621644340425589,0.25960077630385814,0.20435259711592257,0.28442382439493774,0.3116987238403095,0.23889071208060972,0.3799067438866996,0.36525456803986245,0.19701809099132273,0.11974414724501053,0.40136297994120274,0.33671529606652667,0.2783387361482397,0.40054271649362966,0.24724624381402363,0.3616788910698159,0.1724420742930972,0.38563570278335774,0.13106527564500994,0.07406330337081253,0.06944236345039356,0.11918306291741916,0.2298372579337514,0.3825495124193605,0.37916425951046456,0.0799942708316312,0.11526448879899376,0.16590990050675294,0.2274320369257224,0.16332073786115506,0.2293985772301932,0.04748568978166767,0.13708644071386716,0.11076943142342835,0.308392050702102,0.18887198821350085,0.30852802795428375,0.2464174697862771,0.31963624252070666,0.3212244933330826,0.3378691389339557,0.1400314523081745,0.22814633404835286,0.2923919270730835,0.22110472214610152,0.24808808519709605,0.27151913371989556,0.3250844800393168,0.2761465121773259,0.2181011979918008,0.04133357211790835,0.30278901658666185,0.18034177535526572,0.35770151602826294,0.1718853766385258,0.2910299446633919,0.41303181259214833,0.4277377597792913,0.20654192068822835,0.3119119979353357,0.3333449047329909,0.10862261167621381,0.42292099673084055,0.2645384729172074,0.32866537499209253,0.27113813303437023
COA.L,0.045253395038179524,0.08120296598754964,0.06813187236507137,0.07269297929119432,0.09988482363198517,-0.007061679240487387,0.08333868905617092,0.07977716973514408,-0.03249151346437029,0.08595666059414225,0.05655031596490583,-0.0006666658531580414,-0.00076093247997223,0.022265609773946017,0.096774257536059,0.09407418506919316,0.07471397282031594,0.09078981429332611,0.0928338760828116,0.04896053621588948,-0.00405015669884749,0.08274581977836605,0.07659180871797763,0.00043685820728024016,0.09705723003840383,0.028197909094734318,0.10197914780006531,0.006917557415443757,0.006154937671953496,0.09893381209433487,0.03487678738279769,0.03211045410952406,1.0,0.08649808884994169,0.032479507729908694,0.07993434733928308,0.11307974649032017,0.04074137694835678,0.06133124913591049,0.04209857077418639,0.09912848644126196,0.10788356385736896,0.03260511913718658,0.09781084945576855,0.08196754168152613,0.08481831733783571,0.06875555420419184,0.0816395536281856,0.07897614018559872,0.034281307889485246,0.03454244382268589,0.031380899523800986,0.06494351704869959,0.10966876778622019,0.022004131050717704,0.02677099073199523,0.10816624827850584,0.07024909895258881,0.03528067978837586,0.03442204157714041,0.09434985972702617,0.03579352921086478,0.0544971803482262,0.11203494645362255,0.09579968689745953,0.017824500434189344,0.006061525739550383,0.02372509161755495,0.016681624219321522,0.017648162270443146,0.05092861670966547,0.0638667425211301,0.01842570728660429,0.04669923593385694,0.07964744194502549,0.015008974593450438,0.014730288836647162,0.058535374665742296,0.07854960339625087,0.08928243113914648,0.04943510354903359,0.023507690289133513,0.077912096577474,0.09032455670396236,0.1238887136668752,0.07529518540257854,0.05218965894335189,0.11159945636234678,0.062009412779956696,0.046216851697338614,0.04510912872726621,0.02469551317941068,0.024426204139228337,0.05380038370549247,0.07474126511185782,-0.002137051199794316,0.049764217810374003,0.07570309678791233,0.036835354711160444,0.045986450136316616,0.06593836782134772,0.040424302720316455,0.06421562015791213,0.0377254186705752,0.06439022520596224,0.032283146029860245,0.0634069110656187,0.01820453570863513,0.026740060822510965,0.08425879376299825,0.06896502611415568,0.04810484020523361,0.15860232465670776,0.04227104281621509,0.006212469449592461,0.03296855331147024,0.027283505968371126,0.03553229955972774,-0.007751656794125604,0.05335633670602335,0.07115311333621156,0.014469107093318565,0.0443757880739671,0.03378155991776916,0.07024486715619989,0.029223060049929635,0.04427966565908859,0.050906873069345916,0.01841258090339051,0.057084186738906084,0.045276540053539226,0.1311881015510316,0.09954053290298893,0.05051985649810089,0.0745051631125061,0.0692107311906106,0.06304964377924083,0.011319270157341705,0.03777107753842236,0.05148246393112677,-0.008704953643887976,0.026341748264221008,0.02710448709221422,0.06647769817770935,0.09079210528512172,0.07776811705145725,0.11535799068210704,0.031345524592161236,0.05214469578330443,0.02446006203129079,0.04699196908828145,0.061375200891514,0.09547505095186581
CCC.L,0.12034436244104398,0.05072413970050288,0.2003856922024073,0.292778614912633,0.14735612389321515,0.02721433467932698,0.2063107334477841,0.03361506042212041,0.12222654945537396,0.14147926215344162,0.2017187009398234,0.1522630120568847,0.2539887177399392,0.08495997454120757,0.20285901880490578,0.2024680552004398,0.21724396925400435,0.20240741048844715,0.2510373874941446,0.23706193900299471,0.05113113938138097,0.23831029081929814,0.17219641800598282,0.11693243781595929,0.22414502751956492,0.03244787412393893,0.22064416924796026,0.14176544562121218,0.11077148852159578,0.2894282576313429,0.13283290128622052,0.22444085755726004,0.08649808884994169,1.0,0.15244132258869125,0.24631437491964311,0.029041435930694727,0.139210839334448,0.12295979777837467,0.1786227453844958,0.3043601548990381,0.19956781836123685,0.15391750162691364,0.23509345837196996,0.18098861989125287,0.2871734142887582,0.2654329057960781,0.2605301297189749,0.18762239479164314,0.2008833356910049,0.19978591709644813,0.01894245461035468,0.13377948729332173,0.1516516238337525,0.06428294735996841,0.17879176419535134,0.21629138713850526,0.25383608447499756,0.15105266233554224,0.1716424340024569,0.22901810010876958,0.11422589741795978,0.22609202886201407,0.2588057042531576,0.2136719499332453,0.0819383788089339,0.1104335813379386,0.11115325473935213,0.017938502217788328,0.10219079996181926,0.1706378475339959,0.08102266343474411,0.14078990773723798,0.1595425441950715,0.20752485488639139,0.18201295647072954,0.10107123248345887,0.176902845402547,0.17845492067746035,0.24102735334554273,0.11522618712256294,0.20196963209984958,0.212647076931626,0.03744365813883291,0.2331757420221096,0.2593456755355316,0.2700384701131172,0.2090533685199372,0.1802307920996286,0.120550897360821,0.2022496050486838,0.20858593944268783,0.12193822427653489,0.2870430882973034,0.18453283309628002,0.17653481047050867,0.0943452627859987,0.2614704966289798,0.2442645795509883,0.16724217435749747,0.2572769030128669,0.19905609908768407,0.21195145528677084,0.14259555399643314,0.2575284154290274,0.09466984152619314,0.0571180945133297,0.0560189005359672,0.1336774498779661,0.14572090263172563,0.24151824093420923,0.22010868434217098,0.09456504138598779,0.05497039606032732,0.1480793963446598,0.1385878663026451,0.11169855883660557,0.15217766395800583,0.054160643824305806,0.09882357946368013,0.13123220008430447,0.17496565811716883,0.11649763583067503,0.21358449973549928,0.20942003668986356,0.19510303927046146,0.1956876355414796,0.22749685604682873,0.06518352646986861,0.16783172202232902,0.19741815403859175,0.1664929809092771,0.21025148317269812,0.1805910074669938,0.21705633416558107,0.17818985904150453,0.12138471004335677,0.034761167053795484,0.2116549772962793,0.11859178687704901,0.2106739402568131,0.13125836552574502,0.19436049330844193,0.2372393604687361,0.2496595837709266,0.16237676302714105,0.20601671063907584,0.22431679606166618,0.08817592541727182,0.2579250541925954,0.1437519323803472,0.2018072710591639,0.15871141555701668
CWK.L,0.1316555266291227,0.05497852065878802,0.1395564619705676,0.29152969976431414,0.16036305357787525,0.06691709649241703,0.16070269321785566,0.05877977779568556,0.06367769066347796,0.14894460205417343,0.13032089018459025,0.2669467205166246,0.1795822650154622,0.1388367974483504,0.1963226984654252,0.15934813229130215,0.1918743128870171,0.18539113468141186,0.1561061532564509,0.1515893686153639,0.03391249202761065,0.2203536612456963,0.16336763233906848,0.10176739884574798,0.2409908425334965,0.05408260194593158,0.15286292052785025,0.15099702146598712,0.12596224220497504,0.25249977761825465,0.07185772002113817,0.18929164302828266,0.032479507729908694,0.15244132258869125,1.0,0.21177598338499476,0.06374378801490264,0.14421004836741536,0.11586828786806959,0.17490919174665356,0.2493959186311847,0.16162868859335897,0.11110210188192861,0.1855094088924188,0.1470927066153179,0.2235440414973489,0.2945589934907818,0.2325746815933751,0.12902527107176143,0.13833677768905858,0.14903265049234465,0.03102299681845174,0.18964023954318923,0.12890389677686875,0.08222847254512937,0.11402570684635502,0.15978386016061918,0.2091592124276723,0.11095820171233498,0.16312939878644994,0.18230292195634806,0.06690848654571976,0.13728115695030058,0.1854350601051957,0.17333114205783356,0.11453796724079968,0.1620236979163994,0.16485221282745344,0.07667526556720314,0.022486653488926932,0.1077484190617989,0.11773606734598269,0.09006522928342357,0.15698529814049503,0.18204841741946273,0.11268028636610913,0.1507831638790517,0.11944193645698872,0.13730667045379968,0.19577197819894354,0.1498159842480555,0.16737250633113943,0.14374499805227992,0.008420307011127098,0.26068667743011675,0.2090137248714833,0.22643130812702675,0.14624019464420673,0.16489283932199764,0.19627833879782478,0.17748225346780808,0.14646287921779372,0.1171035487474548,0.22482932378185463,0.13886606802410598,0.14725502460385778,0.062000151189397015,0.2368141444894342,0.20273698754040814,0.14614375910786745,0.24357418098228534,0.13752958324342657,0.1838082340844674,0.09050669709512053,0.23335877963458526,0.11796717151732923,0.03968086050058056,0.05376969375526583,0.0781845801464792,0.15174094520631035,0.15269370593384723,0.16101610358747656,0.006511391101566196,0.0912495482338108,0.16117247952976418,0.1416805605867162,0.05244658201381297,0.11972758228292348,0.024483039577497295,0.060161429039391257,0.10439707227888068,0.1030674364064983,0.1718076348912394,0.1900124259928306,0.1621166793578991,0.2648243757627833,0.16647953083614883,0.19928322896202028,0.0754112710586012,0.13321845073083052,0.1554863770994684,0.10941740042559314,0.1442087784163027,0.14008483642543662,0.19320312091562172,0.1273431683263906,0.10206502567927891,-0.024635321682381757,0.11801758105712434,0.1488592502954293,0.1469025909440256,0.18469653772306333,0.150225915560862,0.16882923957154913,0.24769346907813003,0.1254719859936222,0.17105251863421153,0.18695484534722123,0.049076692855752065,0.1739831119348909,0.17931738327599245,0.17635891264452397,0.14021512526234367
DLN.L,0.18515809413580142,0.08661353244598391,0.45506652140459236,0.46538425665949745,0.24304290629651917,0.0996785191648642,0.41209072919171286,0.10140922436770998,0.1393389212039849,0.21885931740608766,0.34578878455734785,0.2260880649988798,0.4866084573295847,0.1120212377923795,0.5301468619478296,0.33659764490266336,0.3573687100698309,0.3397921000960802,0.34819460565027793,0.3941000753947948,0.10862857240117656,0.7098343031790878,0.29358637673913157,0.1638119216161895,0.33846283773222346,0.07223088939598324,0.36721823299714235,0.18148495870515088,0.13627342155502373,0.49925107931628515,0.1630607018534296,0.36862968327200024,0.07993434733928308,0.24631437491964311,0.21177598338499476,1.0,0.12981209129716675,0.2574651976319688,0.21625303825763376,0.2503488733028141,0.47600617929983924,0.3337580368582302,0.19902652896999298,0.41862103607231993,0.2956211685105112,0.4763367183904475,0.4488353379247885,0.42349371253372237,0.3340111907429299,0.33873967240744324,0.3561294765819906,0.028502575180687766,0.24763668086550492,0.2644440737776877,0.05614582052883485,0.3863874285586174,0.4478574771413316,0.7569088215156022,0.2006884808265607,0.2716776031895491,0.6678608118267633,0.13864530419360352,0.4298517170357777,0.3995089185756989,0.31488333830581344,0.14329491976788625,0.15354739238340345,0.19493529662112918,0.04383701811970741,0.10808809399189255,0.2839696611681044,0.1898990386993869,0.2067413228471689,0.2840274062665375,0.41434653975925984,0.3208613066016637,0.13947194689386597,0.29444050056136684,0.2343578202095342,0.43783400502163755,0.20075544882022445,0.4526133491110872,0.3951150345858539,0.13527622819655516,0.3751953514895437,0.38038541057399405,0.4120195537095873,0.2785514655549246,0.2890022973540317,0.25140540163141695,0.2721612232194574,0.31975190632552025,0.17685498200064603,0.3922498345843343,0.3666561409613893,0.2919641829489471,0.09681752221892417,0.4458933119614736,0.3887117791795956,0.24120183833014444,0.3929039248757084,0.27816475904684596,0.42158893863108027,0.18105890641625738,0.40972582372971766,0.1292222998204656,0.1361257950660442,0.0696853535489952,0.12056742379425463,0.2322616552468549,0.42466557216031814,0.35828941423297894,0.1659025687060791,0.18731856102403127,0.18860967235163517,0.2752183736610948,0.2136334020853824,0.1781741883682948,0.023497567660566623,0.15853607888261367,0.21621764540187458,0.2850206691320318,0.21031662737136347,0.31345769979793753,0.2901403894796895,0.33516848131262955,0.299169829775599,0.3466596658472245,0.12155704000164447,0.29986077130978855,0.4251163766143161,0.2565054936973285,0.27366750542460744,0.2779504950408668,0.34160350661610966,0.3193763551812952,0.1899470585306846,0.03002749544370128,0.3384801943061265,0.24696463123688894,0.47001595414699465,0.17849218865552133,0.3128777263153839,0.47478329062731905,0.5593978299123858,0.4564311099445783,0.39409324312798055,0.33600623085430176,0.23637014580650842,0.47089082681773037,0.27270503672815083,0.3187019383350393,0.4394457504528731
DSCV.L,0.05513726512535657,0.03940867207063141,0.07430977314040273,0.1593412007316264,0.09620554370836924,0.04215591042269665,0.12242596173297036,0.027958031034708442,0.058087263721456235,0.09170463374027034,0.13169549833859015,0.06674925685727068,0.11426458118781828,0.07514028943694219,0.09828249246360049,0.14072272882743295,0.13860055511070712,0.1190185217415935,0.10169239038353793,0.12018775086887223,0.01939436357905379,0.09290153742892575,0.0923302938518439,0.012907650027352106,0.1284715543382647,0.013308317915217138,0.10820421635699506,0.060864817528207264,0.0340554445098349,0.1439920474876633,0.03638104539403126,0.11885367243150757,0.11307974649032017,0.029041435930694727,0.06374378801490264,0.12981209129716675,1.0,0.0811720152766606,0.041710873916954695,0.087675136677613,0.13825729433444225,0.13320501851296898,0.0877012103792208,0.1247302119568509,0.07993518248888977,0.10918977987112348,0.1447083224842466,0.1274885466611467,0.06127836554252371,0.08979714858932744,0.09245982744461559,0.09597628803609379,0.07990121989303664,0.1213541539822317,0.07213711958465895,0.044316637975218065,0.10333850383142434,0.10068474890951015,0.033492052421892286,0.08515485906430317,0.07012379926662812,0.06135351515543829,0.10474639832371627,0.15706437970859788,0.14955015099946473,0.05093794062520487,0.03398897670504599,0.04784534115487173,0.02880179786576021,0.032868026588445357,0.10872907992048014,0.06657539102198484,0.03656205246434632,0.08103008059576126,0.09757523484120602,0.07933190979777925,0.06223892877153462,0.0913137490499527,0.06259151049724285,0.10359350111775074,0.06337199094830816,0.09868528224860412,0.08477787481734994,0.036099527571066915,0.12271530599196957,0.10401348729246528,0.118581492692517,0.10716986815500068,0.08838216017434661,0.10054437112749894,0.08566997849091552,0.05634894319994438,0.05885486019371217,0.13260062666193848,0.07751731076150885,0.08030399531620569,0.07799256115349618,0.1319515309874581,0.07136508118295759,0.05290382930918092,0.12965043467418955,0.057116380610409884,0.08546082118335331,0.040246600299543175,0.1178260365195829,0.05781393629261185,0.08490400386780175,0.054714448517024145,0.06198681185154167,0.09562782242566979,0.13966392754586024,0.12183582276584018,0.03693523216031711,0.1021071949404729,0.030271281609826072,0.03879501330775433,0.08925369049716679,0.06724445525318168,0.051161605147345225,0.05079991555485901,0.05783268542572417,0.058631546059995786,0.03958376074237013,0.09376944466173037,0.07942748953750185,0.09926252019441988,0.08794980975489705,0.10506358022564366,0.059892120294528936,0.059073993825734146,0.08058463753471264,0.10051049608342065,0.09430146627515433,0.10359605956617832,0.10746915168790891,0.09913133546638872,0.05747216858518598,0.04029971743769749,0.10680651515591795,0.0425830907801966,0.11445215556120605,0.030455633839193433,0.09118853376858865,0.13192819725230207,0.12887186630991068,0.06171365595022847,0.08930587902576277,0.11027279898831943,0.05645538780475731,0.10430850885671472,0.06707750565861595,0.07034061812482988,0.08685986826946974
DOM.L,0.11605867712192221,0.044091312713812336,0.2612735565879179,0.27469398179432913,0.17616404910155462,0.04978919227485357,0.2468269204232313,0.0707897409286613,0.05528055623264092,0.15885934679157038,0.247751079998549,0.1251460020878227,0.24286877420715006,0.10246780603439787,0.22047300037269182,0.20132548836303965,0.21164934506445907,0.19806231955456272,0.19824535599324528,0.25363009605151915,0.07970935954888829,0.25859649508905247,0.16847139759929994,0.12966480794410182,0.22211718836772085,0.038745990807257165,0.24257762760039978,0.1266046689922346,0.09191420583925404,0.3267192415334351,0.09590368209170902,0.2717087054751416,0.04074137694835678,0.139210839334448,0.14421004836741536,0.2574651976319688,0.0811720152766606,1.0,0.13289381762766375,0.18835467482548215,0.30841960203941776,0.193497634215378,0.17585940557709134,0.24776821042942984,0.15026136520443603,0.26579486119978085,0.2718444057293674,0.2922871570839604,0.19640768555331584,0.1988952658392289,0.18046382420261872,0.035185011935497335,0.18682420352026244,0.1283107904290794,0.04777710106709353,0.1483949883553548,0.18623324375097672,0.26886024830491934,0.1233698530133802,0.20473299167655287,0.23711384307705732,0.09584990571982287,0.2534323787555122,0.25737399158654706,0.2269110847709741,0.07569788724605328,0.08090305409566015,0.062081734276577,0.054233479497226504,0.08713757803517391,0.1518573811570861,0.07372895883887726,0.17865146436206264,0.14731406259048482,0.21510545011329668,0.16177798712051822,0.08212720192179414,0.21887858178231206,0.1437364149995301,0.23565047001164532,0.1341633075444564,0.23075786924602903,0.2559405222776468,0.07763820888962618,0.2227427910159878,0.2245174812148169,0.24154895362376916,0.18096539667927833,0.19946009847816304,0.17095834853678324,0.16636118310204856,0.1773731769934192,0.15429902542270796,0.24933544142325884,0.23208245876666886,0.16116291854214906,0.0463894666199091,0.26816305123460743,0.25064053256470564,0.18566339239325513,0.2572586741707359,0.1934596386993969,0.26177690445184454,0.0828519589283025,0.2416998604219181,0.08968128851909539,0.05028232030141839,0.08641003199131185,0.08295915252507155,0.151235069389002,0.2566188202702758,0.19223064759323807,0.03483161727504832,0.0719992475525179,0.10199777293852544,0.1990657544188019,0.10444984583382129,0.1542136801273234,0.04235158403781521,0.11014873386394229,0.08206427862814027,0.184806329078232,0.1554901467252996,0.17373593477085558,0.20259268989125476,0.20190593322215883,0.2125027858026134,0.25078627053716807,0.0978901943806005,0.1461885332311926,0.17849021642347032,0.16606696016313865,0.17652429901868658,0.18603279971367578,0.21107504491804036,0.20021741528043605,0.19027102954716277,0.04307105732546386,0.2220359443111001,0.15668192795927763,0.20206356637961723,0.12105848408677986,0.19864305213522795,0.2719248024234707,0.2807492951557215,0.19865765586320552,0.20206363724053006,0.2408410024114017,0.11971807858061263,0.2617880612608727,0.22623418328060285,0.22942953358723256,0.1864148589565936
DRX.L,0.1874922128235609,0.06183089597900206,0.2653084584262341,0.25373932431912605,0.18397519043502727,0.06554359883089103,0.2496076610980069,0.05932479186716851,0.05719377874928766,0.16944968571591634,0.20393091051000098,0.12706746076313022,0.20604513706859068,0.06817864727864144,0.16421510256024,0.23652966942555145,0.20424440699365687,0.20207085877270647,0.2997427988780398,0.21115357809869092,0.045940089279394115,0.22998518763094614,0.16862401482788544,0.1264751305884208,0.21842407468273622,0.00860425329180644,0.13988412953038376,0.1358306342350477,0.06333220115132697,0.3279416918716155,0.06859818379401869,0.213207117603175,0.06133124913591049,0.12295979777837467,0.11586828786806959,0.21625303825763376,0.041710873916954695,0.13289381762766375,1.0,0.14466897751583832,0.2936332017778174,0.20399043035865094,0.13239183984474043,0.21652644321265183,0.18982965966085888,0.2859656900021232,0.268460017162899,0.2686236754356358,0.17065457173307835,0.14619056515073486,0.16053959254894484,0.011201234539184837,0.14774679212507416,0.16184705821893267,0.07549152573070808,0.1595919277638464,0.18306797566436125,0.2018254729414602,0.08488300294534137,0.13429200583519832,0.19881629196427253,0.04606907961846124,0.21083994597616043,0.22374806716004156,0.20610942688201092,0.0643292877163587,0.10005828731640494,0.06369062828260272,0.004851796064284305,0.11790493202302692,0.2813877434631176,0.09486618070089416,0.05374183288084277,0.1311785706215044,0.1919132407913118,0.16459072052680354,0.07958459021546314,0.15762795344833586,0.1659364239903344,0.2549587901767864,0.08779845000623633,0.208490089101838,0.2183308457009398,0.07443747865694746,0.2189197019830511,0.2632104732936746,0.22478803168872924,0.21909416295159453,0.16430097959191106,0.14142740352734567,0.16743855817385297,0.16630503306368993,0.10310644947633694,0.22815495115239076,0.19777248806735037,0.11826063037982633,0.06614877727380719,0.29136540215615697,0.20225300339943755,0.18509752986304123,0.24798851940142336,0.1372106050255334,0.23111219498151803,0.09397790902424688,0.2654482743487544,0.08147424636709458,0.046000061396143106,0.03747925233695125,0.11059342367244895,0.15008515379503684,0.21298246341248192,0.2260012115295587,0.07865389086050849,0.060305224848088035,0.09236314226155352,0.2691549488973683,0.12955000760566174,0.10677404678725198,-0.0028520899475115618,0.09407959851802566,0.07247339046900081,0.18702166307557958,0.09029221004484463,0.14340489384586702,0.11716093774265463,0.21612453931423753,0.23688167713462513,0.209418670631962,0.08639206415716791,0.12805020573796252,0.14518143496335342,0.14992600146468166,0.1963101931746624,0.18251978461688015,0.2361879714079338,0.17474089011377705,0.17952980290053097,0.010727656465732035,0.21716428886449693,0.13822930666390865,0.20222691206241,0.13727375303782863,0.13497917090028397,0.19365266629323197,0.23695768485569496,0.169268953079312,0.22431926261777554,0.1741481693799188,0.06740002714975829,0.23100887172652473,0.17158752316767736,0.1684208920785383,0.1621970324410313
DNLM.L,0.10904462037932244,0.008276556093513762,0.22503270054595642,0.2998236573307525,0.1528436244163072,0.06645850282575275,0.22848339953952038,0.07561604145692821,0.057710901744094406,0.1373576526575905,0.1999272188421891,0.15726544282751795,0.2712665113121716,0.13188687563466142,0.19784736671731615,0.18342558774942444,0.19368779078489004,0.22533986316537508,0.21359964959650335,0.21696982985167765,0.019881221932589652,0.25573971427106496,0.19619928425968983,0.06279776095132214,0.19162381898106917,0.05562907583880666,0.21363013425140398,0.10866300178312474,0.09961247989827261,0.3125349441380812,0.07407990376731935,0.2489026518703918,0.04209857077418639,0.1786227453844958,0.17490919174665356,0.2503488733028141,0.087675136677613,0.18835467482548215,0.14466897751583832,1.0,0.2826461720782018,0.21238932820818668,0.1398807399879434,0.21946254095026138,0.14858638987163655,0.2602650088625635,0.3070505471028027,0.2358677923320694,0.15821288325608193,0.24115294333275117,0.19876461681745233,0.008963926547475862,0.16194717699071284,0.1587999246053445,0.053775397820382924,0.17849688799281643,0.20376524911758412,0.2499679409958968,0.10212280537554012,0.14720218910505428,0.23796610125298642,0.08783738214978244,0.21958916961644825,0.24082027354553046,0.2070977186293252,0.07764100932769619,0.12464250435276818,0.11060088924798106,0.07277100872137071,0.06599496163125128,0.13335375542674008,0.1085108999199341,0.1223050784988516,0.173431876434258,0.24527120445575265,0.15627353817693043,0.08927103735159389,0.1788447657966792,0.12343494100414217,0.22468427209095884,0.09812456254061218,0.25212104472412483,0.21353143065227734,0.042491081966825266,0.2590204957163223,0.21811603568633836,0.21764487995932266,0.1744466355846665,0.17124796701555528,0.1851850249692071,0.15719030774586987,0.19033944234945696,0.14648449048067855,0.2678168841345383,0.21244162337090478,0.16701499918032137,0.06952955774832921,0.2672786963364186,0.24652525128717162,0.1920204296128568,0.2623402429865957,0.17210839027318148,0.2265505885743295,0.11854644263658108,0.2564135149730151,0.10432531074345634,0.032152576041958855,0.05915196172102956,0.10803281348159045,0.13503391913054896,0.23635021081081306,0.20859100827926325,0.04203887092816363,0.0824167015666321,0.12041278985727999,0.15686062556494332,0.13038299208058293,0.08921685546220025,0.03342945971543155,0.0909199010713937,0.061014460353073785,0.16993738386232535,0.11835345804966976,0.1927566772796452,0.16548807953994155,0.23198027880376848,0.13904172976741902,0.20462154165895408,0.08369558854947688,0.12459384800114309,0.21344404859751037,0.10312105736135813,0.15803207612103454,0.16346712557352894,0.21690465068636766,0.19657712906723135,0.13880854378312757,0.005194876441443954,0.18578230321493225,0.12775342854192187,0.220584855945087,0.11607024192032976,0.1768198847755262,0.2695738134028214,0.2717963526631438,0.1380901136199818,0.2006026457052319,0.1709838858384781,0.11244857202604805,0.2798518233190237,0.1969004108036532,0.271706866449533,0.1703309934615487
EDIN.L,0.3006236265714088,0.05000971523927744,0.5280324292398807,0.6230623257145913,0.36403911078744905,0.11509909711882707,0.44728818000537496,0.10170014004811963,0.14424006007309248,0.38308101658130544,0.42446585598760883,0.3126188765651634,0.44097881321873744,0.1923686307361705,0.3804405140717581,0.5249475392322882,0.4356991639251439,0.4714723705410085,0.5822358514320563,0.4552940820073198,0.09151804041463317,0.5370140003903335,0.38977456173295255,0.21614772495265772,0.5652502982895276,0.1053309829758307,0.4970507947231489,0.2387877030643235,0.1544693312316115,0.8101026298981368,0.1904730452062037,0.45723315725812225,0.09912848644126196,0.3043601548990381,0.2493959186311847,0.47600617929983924,0.13825729433444225,0.30841960203941776,0.2936332017778174,0.2826461720782018,1.0,0.4761820608812212,0.26892150860287933,0.5735488235348374,0.35822274626694495,0.6828178276223335,0.6441129006646433,0.6298982741174137,0.3510111596275108,0.35538865240482875,0.31626307398264597,0.05843556806859837,0.36043014271354806,0.38484220744200615,0.09871517036835413,0.349385609909752,0.3760761497426018,0.4655576080662233,0.19740905772103381,0.2802778795971847,0.4780571378656349,0.15890913238149312,0.4636631017133056,0.4978572279574606,0.45304655802490723,0.19441968953621974,0.24445815326281534,0.1772962071484623,0.10361897855351125,0.2264013746625373,0.4047097976104456,0.21341538527156123,0.2705036945170941,0.38731397355675534,0.41275101696597777,0.34374565630879894,0.26108554474057016,0.31139845807650873,0.368266582823081,0.572402192552196,0.23895743374456663,0.44308161195123813,0.536075704871938,0.13367219412507356,0.6118897652807137,0.6189205953377893,0.5924173523654698,0.4594594754311121,0.49255121227480253,0.3952926921237467,0.3145723094684795,0.35005356746672395,0.23023255401665982,0.6168188360858355,0.45104697817419465,0.2577047308163035,0.10396511720426052,0.7430859912313854,0.43468882870655196,0.33241241762121276,0.6690108057848342,0.31627361337757476,0.5061847098195603,0.18394219890512928,0.7238982813084881,0.14189654461170628,0.06650939239208105,0.09256942128702365,0.1142860553835138,0.3526774597650115,0.4688550357073475,0.38863152061006817,0.14924428541743567,0.19756626936708166,0.24486840273527782,0.3730989753209927,0.17814226253765592,0.24779883403071182,0.019637243711155328,0.1807789802200173,0.16769505228423398,0.38973607678772876,0.24585803740182144,0.37313575762381984,0.38732817667577324,0.5499459617801222,0.40945337280083294,0.466086155031352,0.19528644550361296,0.2340799072652882,0.33638707103946563,0.36480122775053675,0.4325429845112332,0.4510741156446484,0.565590157362131,0.3697848670377378,0.273490557837233,0.06021126562254591,0.43866704746126356,0.3345330459921634,0.41175148510797077,0.21851815684611753,0.3535359272326394,0.4962881180720875,0.6022086988049097,0.3364029848402992,0.4591991477310831,0.4543673056871002,0.1918649949388178,0.4254735147925519,0.3216344605719404,0.36983088934753044,0.3152240431191475
EWI.L,0.15349888709929277,0.11773990416072869,0.3710813013947258,0.42678534291511994,0.44895363950196127,0.18511693832609438,0.33821575878332155,0.11989208355815409,0.11644173755999683,0.42630292184031626,0.25360624964383194,0.18358884458199437,0.26701854021781724,0.09978503078607062,0.30732412038397033,0.48085872720412076,0.4602152784221542,0.45369753605304364,0.4719986089217327,0.3678806928523267,0.08323536227529385,0.3673353763068933,0.4850277444111736,0.18563910160369274,0.3860679841337486,0.18732149782662172,0.37546459369324736,0.18063158608847368,0.14859111038215253,0.5100913528565945,0.16733541906258836,0.28272764118461546,0.10788356385736896,0.19956781836123685,0.16162868859335897,0.3337580368582302,0.13320501851296898,0.193497634215378,0.20399043035865094,0.21238932820818668,0.4761820608812212,1.0,0.21752206946119115,0.5034561682226384,0.3515692302205986,0.5015296435966508,0.494839537810653,0.534135489206078,0.2258952403718136,0.24898074415163463,0.23385950324110424,0.07258943234385049,0.228255477118253,0.4547916855005982,0.1658167708520076,0.2703440627961591,0.27670003868177345,0.33733814219396296,0.1458763910217736,0.14545437498130187,0.35163249959123327,0.13899100476074824,0.360797068087493,0.4812697211588113,0.43865817959666026,0.22541223194779456,0.11628112371815363,0.1603485006117083,0.0981586779825482,0.1731643423933636,0.33359289287680804,0.2732580015720879,0.18693481050337574,0.4048061430361601,0.3129822381162809,0.275587368690126,0.07261947522513193,0.26618937670347115,0.44745216937049864,0.4357438441482096,0.1482804468238362,0.2785346508065961,0.40335649802897466,0.13578414976158662,0.49498511253990896,0.509321749171956,0.5098431931273758,0.4898943742223484,0.4085208180605172,0.38062445662514227,0.23811335121267374,0.22113350157350625,0.14553030140092918,0.4737952851886581,0.35443876816156955,0.19811448951717897,0.12513275321637243,0.4849397017574389,0.2643851418351948,0.20793548545851256,0.5189732683636636,0.20119289233662077,0.39163290329284356,0.1747247382861308,0.46447103933322387,0.13503276945477333,0.0755215748954326,0.1259267103662811,0.1253132484543323,0.48760747608853555,0.3450020338708081,0.31275530708937693,0.13904717919877221,0.2544904433320142,0.17032839740438946,0.204899000867499,0.1364912898218817,0.17349861452615142,0.0705653126745871,0.14610812264026532,0.14739080624739534,0.2581240706913208,0.16405210411964075,0.2490148617705568,0.27539032364492294,0.3705022822049042,0.3100031788700906,0.3424433039373238,0.26687586759134657,0.2128608336719362,0.22624670156087684,0.4451911758967545,0.46147845474522936,0.4476884119557702,0.4906766816268325,0.332437446870919,0.1694027750248627,0.09540382829744566,0.3416290609167102,0.23115204957627455,0.2632403798841151,0.16131998167266834,0.25176293124969057,0.3383048823673124,0.4402045685990609,0.28124172208036996,0.4006476648625402,0.3384018439625035,0.26025712840732973,0.26813633157374167,0.20124648771201933,0.22519851474895503,0.24568724994431484
ELM.L,0.06239251098156049,0.07438493549141431,0.23819020902478116,0.25474221426145127,0.19430547435684128,0.10429149962802983,0.24567128931721194,0.06598103457500783,0.0412362473890208,0.18988218009633873,0.21794452493459196,0.09264162638438708,0.21066885573157332,0.03029810985334806,0.17564738683452932,0.2479532782683182,0.21674354486933625,0.2182334418652624,0.24051626585787664,0.302650388801974,0.06601712776316446,0.22011998564119806,0.1561980678981913,0.12831949661259828,0.21616430915353546,0.06649568659391335,0.1963602700215575,0.1317464808635846,0.13659161194654865,0.278551000605727,0.09849418508379934,0.24648862741747288,0.03260511913718658,0.15391750162691364,0.11110210188192861,0.19902652896999298,0.0877012103792208,0.17585940557709134,0.13239183984474043,0.1398807399879434,0.26892150860287933,0.21752206946119115,1.0,0.2751758469825369,0.20337867468553783,0.2640598312839038,0.24086241734800315,0.27834184247906135,0.15393998210212084,0.14422116685725067,0.16961650152108557,0.04764957491456943,0.15660829183893862,0.20876867048932624,0.07690423609202279,0.20744457675394343,0.1458149718457313,0.19607133809986613,0.0963534262197053,0.13095671587907487,0.22348281516614424,0.05070601873185629,0.27423686526496127,0.2575412259723371,0.2266903474612657,0.08794043842003592,0.08863791260913959,0.12262028468065458,0.04399905465766306,0.10615815726868559,0.24394921286449373,0.13325157209932414,0.10299530246874722,0.11833821954949579,0.21758838338549005,0.1929904379435932,0.0382480598502633,0.21715817432716342,0.2005941573623642,0.24907154025652067,0.15067425913941343,0.22485748174406195,0.2871731096296845,0.017344534621031797,0.25847697698546057,0.25721614445118274,0.23373845751460462,0.21493291235366427,0.1930084464933638,0.15445702011480703,0.17220951126269338,0.1788824039942151,0.1197488043020625,0.23990423005835007,0.18968780109964034,0.1199949758220894,0.09492803438069397,0.2436797059153642,0.18526850472038364,0.16810995663182357,0.24436012105319233,0.15134507191823265,0.260073353202195,0.09026894362288777,0.2348966156040216,0.10073450015214795,0.04344001102949446,0.03766932184700334,0.1063418065551303,0.21473484288601194,0.2434107472974711,0.21005493199185135,0.06267012621056549,0.0914500928966263,0.10196761852078039,0.12904229519201857,0.11210280193354913,0.15462742634270785,0.025973435040866924,0.05602436633764768,0.06962265681708808,0.18453656059763052,0.08301959274460001,0.16348878852779408,0.21282186893396154,0.16456687145843574,0.2680968408823417,0.24562822373601675,0.12321965167923872,0.12587347806883306,0.16888907968595276,0.17122052209457583,0.21081839019689888,0.2071829272302862,0.23179958615968893,0.24079481096620992,0.1544933430753717,0.04601467094934026,0.2866111658717626,0.11656823354454464,0.18742402976556438,0.11747493615833166,0.13605905482089847,0.24357583704110325,0.22808915849068404,0.14504015609163806,0.21773585491222097,0.32138306505336506,0.051672477340572086,0.22896114553498262,0.13021369140238565,0.21121849032011966,0.173671961252389
EOT.L,0.16154806047599263,0.10643866485485973,0.4131211478261643,0.4996144025007583,0.44118618875629223,0.15973949755451244,0.3911882764222136,0.09190564688587843,0.13735024207873475,0.423010489905537,0.3460280748727446,0.2300859396717772,0.36051062491739166,0.06879412798665556,0.35076161080689966,0.5774319067634612,0.48730949875352475,0.47499430014032873,0.4508016876397169,0.4289735106992809,0.11667612411115345,0.4304720758986035,0.45479029829321965,0.23481482733988174,0.4060229564836028,0.14046882555495957,0.44103745172444325,0.19068010662390342,0.19359988602139827,0.599144582188068,0.218782864735068,0.40391023830639056,0.09781084945576855,0.23509345837196996,0.1855094088924188,0.41862103607231993,0.1247302119568509,0.24776821042942984,0.21652644321265183,0.21946254095026138,0.5735488235348374,0.5034561682226384,0.2751758469825369,1.0,0.37787667468036146,0.6163002653056228,0.5501008264474779,0.5911590372564691,0.27946465587798497,0.2986673366428508,0.27795929934264546,0.06689348695241953,0.27550368865390884,0.4553192380883637,0.14672286037433566,0.31573008935365626,0.32518295813789,0.4155742751093542,0.22062062505498675,0.19786211524180783,0.4141645755983075,0.10781382730862382,0.4390456597828215,0.5234621856293817,0.47869926564448306,0.24191449088454733,0.1369991496778903,0.19565135301041495,0.1390819105454692,0.17525116666666637,0.3430321596532743,0.23893230306904714,0.21180304285028195,0.35058114013365044,0.3461399612322402,0.32166707607868467,0.11667292868877757,0.31542985761017484,0.4091003037222696,0.4946916076353458,0.228307723306841,0.38023407821855265,0.4565165772533374,0.15144678080945476,0.5196708449333494,0.5170048583690017,0.5537185455879563,0.47311019135919946,0.4017813622959414,0.3420693512052842,0.2822660452004166,0.281193210053223,0.2302540081188697,0.4791175785876088,0.38645787341678245,0.2380062775829948,0.13068483914557677,0.5242012780775944,0.3182078329864505,0.21700998248598616,0.5376737804377779,0.27175981597972243,0.4597551931083504,0.16686304909352975,0.5068299167068121,0.1754291887862944,0.13163393906087567,0.15149931222222462,0.16489115364209814,0.416780538344234,0.42474668111857616,0.3643356107203465,0.19279137194418156,0.27503928192523314,0.16451660262556217,0.2648591387959756,0.15333843922782814,0.20836302115884223,0.0708996434993934,0.1949974195939034,0.13754456692506536,0.2878149460994737,0.19063632078194825,0.3043887614178617,0.35118356323602345,0.38787004144668796,0.386846955697033,0.37914098878278574,0.21229981294866712,0.22233780493396296,0.2775753733312783,0.4117182388636282,0.4693646584732751,0.46582119630022956,0.5080011891871802,0.3481221744980136,0.2220467220986113,0.06664823686719597,0.4050831443324971,0.2847422780818803,0.3438780572269781,0.16563906591897393,0.26838821951414765,0.41764926067080366,0.5164643058096403,0.32149582442694724,0.3981341106288186,0.38389670957934247,0.20462286821144982,0.3581743424614382,0.2568451243944105,0.3064193513751345,0.3167446968046261
FEML.L,0.13412758935442337,0.07498114908158236,0.2869671201234731,0.33461339969300047,0.3166770512303877,0.09457901778911668,0.3134294965793852,0.056466678794557516,0.13643813327664367,0.3260456020637166,0.2261307764035287,0.143218215128913,0.2159352156593361,0.07217081474350048,0.25913160660877366,0.3705744994923884,0.2819784761356922,0.2917697433330354,0.3875684260724546,0.2916000763470085,0.034721874064351003,0.2894990546076087,0.2729187104956201,0.1706751962054869,0.3367329919591005,0.1084981978836136,0.28289693502629937,0.14791373406356936,0.10621232334971514,0.4208622349194442,0.12794098585591082,0.2629189873170026,0.08196754168152613,0.18098861989125287,0.1470927066153179,0.2956211685105112,0.07993518248888977,0.15026136520443603,0.18982965966085888,0.14858638987163655,0.35822274626694495,0.3515692302205986,0.20337867468553783,0.37787667468036146,1.0,0.4529349017188123,0.3586326395060918,0.38227898244671193,0.19949326154309183,0.18999996146952255,0.16515431520738405,0.05286138893549165,0.22731235838355324,0.33010586772376604,0.101091830241717,0.23396646692500395,0.26013580599128844,0.27223963932477613,0.14602343230347303,0.15809977560835717,0.3034083304678382,0.09614739267275944,0.29235342914733115,0.33488078322313225,0.33485028045843385,0.15730070093571613,0.1278476299789206,0.14130517982088284,0.06327663876199369,0.1799426502473758,0.27857418871363826,0.1671335001330196,0.16970677246168864,0.26859077766582856,0.25432860140390684,0.22670811399952842,0.11295027394083525,0.2030253919677799,0.3866441982794613,0.3465918725971183,0.1402021036118888,0.21836253491188104,0.31519323176989184,0.08097582796455541,0.4094982840466773,0.4781286556304234,0.37159191553740717,0.3318579531180779,0.37938403176464214,0.26976937074751334,0.1957050655482218,0.17520450403474958,0.15218913661152858,0.3667717722169774,0.2804001504485023,0.13162729825561179,0.1005977994225031,0.3826587744332156,0.1978611274663709,0.19288848751374238,0.39264716428202734,0.1670817592852337,0.2996187100306198,0.10230925650125312,0.38326036700191757,0.06888381045881588,0.0525957790854144,0.0485966977565955,0.10604264333898542,0.37273262571244425,0.2725028646489617,0.2518255882569997,0.11909939358130377,0.15079946310186407,0.11663143678866462,0.2075110186915531,0.09972867802781686,0.17007501861491756,0.05112301936003152,0.11603413051819385,0.1122880837225899,0.21553797900348107,0.16652925195886026,0.2191318269889317,0.24067169338871897,0.30907430237063516,0.276871042829071,0.2880392272006007,0.20601731089193717,0.1784433772674822,0.19382842389552457,0.35683156264633953,0.4445505823850353,0.35981283427205346,0.35685570068980116,0.29935214827562856,0.15642517438026865,0.015595372404240576,0.2890665151800583,0.21205386799235457,0.20691358213548694,0.109089998104267,0.202382606053195,0.26533808575503803,0.34742654854787935,0.2449304889483635,0.2966191695131964,0.2867277310066674,0.19191676518708886,0.21696560288426975,0.17433344728960928,0.19262896872194193,0.21176628522769672
FEV.L,0.25306412659673816,0.07515380101343888,0.5106236093341842,0.5885577846613775,0.3853154528648589,0.14918718481760093,0.4766388771497962,0.12064891056272105,0.14016014938972468,0.4018556188758904,0.4142289060771083,0.2955083862041083,0.4117053762982214,0.181091864559308,0.3927545839742266,0.6115356821833806,0.4387947125071596,0.4633299719282245,0.5728473970603766,0.4800126646074447,0.11140010026617758,0.4873029736969264,0.4155472899128112,0.22711643085822794,0.527684024309639,0.12302570668865329,0.47669007750729275,0.24146205221452827,0.14807992359872418,0.7305475142702201,0.18611994481411762,0.4362281083720075,0.08481831733783571,0.2871734142887582,0.2235440414973489,0.4763367183904475,0.10918977987112348,0.26579486119978085,0.2859656900021232,0.2602650088625635,0.6828178276223335,0.5015296435966508,0.2640598312839038,0.6163002653056228,0.4529349017188123,1.0,0.5989236998711218,0.6219559960253708,0.33421039580435064,0.348967654517478,0.3022465391489684,0.08485596390632323,0.30256982495757556,0.39917534760783163,0.11060229234041007,0.3589736671218563,0.38097933331274275,0.4493388350660822,0.22017091778956582,0.25302117115568246,0.4705341351946745,0.16463267029433132,0.4761635693327868,0.5050027094868056,0.4854223182759035,0.18878076361247612,0.2264241136553988,0.17243220121732372,0.09531186501719141,0.2214260264409398,0.3971592538043691,0.19535762766939993,0.2171754964865337,0.43365984700962823,0.41637546825530186,0.347076795338666,0.19733695729376152,0.34152449827685016,0.4057358574924496,0.5592254616929425,0.20896606010472388,0.4513869437741478,0.5353777113844838,0.12893428801628387,0.605590586192373,0.6359771611350336,0.6561835440066959,0.4852181791560861,0.49248401720467794,0.41133232861826147,0.3166202459090001,0.32847034267284736,0.23204811147603469,0.5887317160269798,0.44625940170515604,0.25279144992890656,0.13142126980146332,0.6327100272941136,0.39637674665681755,0.33226963104089646,0.6733492060809959,0.2889975825190693,0.5092111256007288,0.16022320386825592,0.6422342979778121,0.11868724032931614,0.07324701887792347,0.09263663734338123,0.12020537909981995,0.3925863273551447,0.48110151007855595,0.3787537019788681,0.1696721216488119,0.21272284728433985,0.2180771240360423,0.32679487155358516,0.18693380173176166,0.24850448429368968,0.07968179045401447,0.2083549268996397,0.16808010380883404,0.3725862145947826,0.23061397044954737,0.33745620138748883,0.3861604750877256,0.5078137316335473,0.4203845242851237,0.4576700073116963,0.21094714808820403,0.23121426605141013,0.328865150841271,0.4056002034029479,0.4764793779335369,0.4461079375167313,0.5300491575980361,0.3831528562511034,0.2629700601316151,0.08436852385081713,0.4611582415901311,0.30594783160805905,0.36160480943232093,0.1793691229539693,0.3385574435721434,0.47156753202339435,0.6012313333366757,0.3480516897139255,0.4918704966911875,0.45804658134023724,0.21272106130697344,0.4069501739361939,0.29583513122604554,0.33601244129211877,0.32231956432411163
FSV.L,0.21233183782065257,0.09631567708513322,0.4766009079758159,0.5969605078351476,0.38820421746408923,0.18027647404014233,0.43960693698382336,0.10739220176363179,0.16734471746989943,0.38710815026653095,0.3674853890932992,0.31760771623447653,0.39896950343836335,0.12805162900562533,0.3728076748146471,0.5038165584916341,0.49286863548589743,0.4678002953256759,0.5431452353209925,0.423791226133722,0.0990304773655932,0.46658600307455006,0.40295631939943777,0.21135225313349176,0.5118478531112198,0.12646208074911922,0.4414977727339616,0.24291434130510095,0.1565608382343221,0.6778610120866652,0.20657539761949514,0.4231999035244169,0.06875555420419184,0.2654329057960781,0.2945589934907818,0.4488353379247885,0.1447083224842466,0.2718444057293674,0.268460017162899,0.3070505471028027,0.6441129006646433,0.494839537810653,0.24086241734800315,0.5501008264474779,0.3586326395060918,0.5989236998711218,1.0,0.56524009551528,0.3297697328383615,0.33751548772144246,0.331972448233,0.06171271442998036,0.32939087552890195,0.4118847971135403,0.14181686369392976,0.33282712520280455,0.3387476085541308,0.4560339067641276,0.18098950769682867,0.2439006506790891,0.46473830898168206,0.16865306246737385,0.4312155997412947,0.552627158672572,0.4586536834637618,0.23164941790661675,0.2211101461270531,0.1931421519941886,0.12355946852641815,0.18657718050321603,0.37814993539203345,0.2701967940843474,0.23468110101688286,0.42730891271813093,0.3959328985734826,0.2902753350224605,0.17729848755131436,0.303064237781283,0.39011429077659054,0.5176438416373079,0.18757014167909777,0.41592946564966,0.49460163605395635,0.11650753928655105,0.589503347196149,0.5770509513154516,0.5987197106355558,0.47245186946866496,0.44897442854422126,0.4368326703203161,0.2986570809783509,0.3168159206812726,0.21069395391207263,0.5781233659407803,0.42041805579947633,0.257076781328967,0.10609927534328963,0.6361737560903383,0.3749314233200717,0.3149669269870035,0.6216767176353232,0.32050004106579477,0.48658612261565193,0.21550295168129194,0.6349323915801605,0.13821359880872947,0.08892074232982213,0.11653962576574178,0.1355840363724593,0.38749311772350226,0.4284351967760067,0.3939015303965012,0.15851405822710557,0.2366704744454685,0.25374119587621147,0.2979058445480955,0.16402772445303967,0.22863390814022533,0.04009801739274311,0.18341011607693808,0.16118914217136157,0.310630350959758,0.24045684985222854,0.34777554436119923,0.33529741570276705,0.5109783391444153,0.3931144519224305,0.44512347030609,0.21514498662802675,0.25164626859118033,0.3120314419390171,0.38992484352818363,0.45024827343551765,0.46484297136451114,0.5517313450582279,0.3683814071795159,0.2475541143710031,0.02068007739365727,0.38720600552238227,0.291249235199906,0.38839213787615146,0.2111558949945718,0.32592739872431503,0.4421999494892238,0.5485012684988212,0.3419680554658313,0.44584604307713893,0.41832186296621965,0.24961566162015936,0.4010491231033214,0.2973030366771129,0.3324143475163861,0.31960372114120505
FGT.L,0.17712068840906559,0.1000948429312442,0.4552989872461219,0.5124581702322282,0.4265174793865383,0.1876627803770865,0.4186230490643282,0.11486628211184483,0.09410813947077945,0.42770025643842374,0.36550902972201393,0.2661630712701347,0.3721851390522322,0.08135813185634638,0.3587744689437177,0.5282715696439151,0.4704151591159235,0.47626444770765725,0.47968424783913366,0.43750021438428494,0.07810564796613842,0.4554054591335065,0.4419145013663765,0.22551500638262165,0.42222267935144625,0.16214751071619402,0.46886999667099016,0.2133711699375177,0.1628587390742595,0.658627415364942,0.19459113918100332,0.4131904325566675,0.0816395536281856,0.2605301297189749,0.2325746815933751,0.42349371253372237,0.1274885466611467,0.2922871570839604,0.2686236754356358,0.2358677923320694,0.6298982741174137,0.534135489206078,0.27834184247906135,0.5911590372564691,0.38227898244671193,0.6219559960253708,0.56524009551528,1.0,0.29751826747611176,0.3170502798797576,0.31665876778665125,0.06956353033262108,0.29619391585407795,0.44572298043311387,0.11928086883883382,0.31817019684412146,0.3211996492979892,0.39422487595179273,0.21763603304817883,0.27342078781369117,0.42460533556812236,0.1373830058376997,0.47539225461352336,0.5397982770668476,0.45596197474673383,0.21350405600792197,0.1342053894932929,0.19498426125043508,0.1289687382601605,0.1507454272618652,0.36632849942180273,0.24375979732532452,0.24300816338031395,0.3422849560065313,0.3735678736460352,0.3256382984637233,0.13730038234772626,0.29101842598012634,0.44920394759195337,0.5033195789431976,0.21320102433360325,0.41158206914482615,0.4877590499103884,0.12206648071034777,0.5724703433956941,0.5569550622355453,0.5503652122126026,0.5128908890013479,0.4304671574420372,0.3555562865636369,0.2961999094740042,0.2995300122820028,0.2384346770939314,0.5134862744154193,0.42555168228942863,0.23807735995858548,0.14016053768765463,0.5999326946792103,0.37024244867459444,0.28846706504737507,0.570282732592293,0.2800147351635288,0.4560988846573915,0.1770597408295978,0.5769583227690619,0.1586175772181656,0.08646598550845296,0.12305160148820836,0.14707177717348266,0.42201778840624316,0.42998422882632975,0.36679353802194253,0.11794294226959934,0.23367704996326244,0.1798630764228298,0.30221237419546615,0.17019568610013067,0.2373747901184515,0.04399661853226302,0.17169599532487498,0.15041289314338294,0.32875397875582707,0.18780965553948134,0.30658471148264776,0.34249070443022467,0.42960295585036246,0.3970711282527317,0.4247804714497322,0.256058307032057,0.20621549043310078,0.31267588703793997,0.42652681921871,0.47234572799740115,0.469973517403491,0.5613597760544952,0.37207762737447053,0.2503567779008552,0.03652036560937187,0.40837193833831553,0.3031426771899131,0.34484477511088424,0.20656156147692004,0.2948936044732121,0.41979163563016636,0.5230156135507847,0.30770017028544244,0.407868626619693,0.4285075173750787,0.18310387432049557,0.38069345791369785,0.2605764865322249,0.3482773869056593,0.2793189896276489
FGP.L,0.14336548651098444,0.05934604269397237,0.324937779376912,0.3304236753327213,0.18250282968957873,0.06639980057786025,0.28611368090956935,0.08259670281639957,0.10740163298711071,0.16785918546614217,0.27672190212240005,0.20005217406576997,0.29322619906306174,0.05362614943342813,0.27485256970341454,0.24710938663254642,0.2297547606790068,0.22622696771011022,0.29868244593231996,0.31321451834612646,0.05465186608791394,0.3213697757239489,0.2063199733190327,0.17287840540887486,0.2571572774518931,0.026157327304398487,0.28565606345415423,0.17026158714422693,0.10195334229705272,0.3723807530140255,0.09310556903121495,0.2881289363220519,0.07897614018559872,0.18762239479164314,0.12902527107176143,0.3340111907429299,0.06127836554252371,0.19640768555331584,0.17065457173307835,0.15821288325608193,0.3510111596275108,0.2258952403718136,0.15393998210212084,0.27946465587798497,0.19949326154309183,0.33421039580435064,0.3297697328383615,0.29751826747611176,1.0,0.1902235166879254,0.22045437445101104,0.01728126367354655,0.17530420195907953,0.18111046639936723,0.07722316142861935,0.2279567843925602,0.24134317805356081,0.3071898802140008,0.14878983465859172,0.16241128448244374,0.30193598681707495,0.10224000597468941,0.27634484905001855,0.288118237966742,0.22863213769320734,0.09178419056474116,0.09661231973091852,0.1224066949419033,0.02695414474760265,0.1202272952168026,0.22824630928874312,0.10961843308169067,0.18404832164451335,0.1801697736782561,0.31509447193741835,0.21909954633003914,0.11179188119571883,0.23777556239939632,0.16258616186247807,0.33981010575979187,0.13140037272816382,0.3262465001299658,0.2891628722310044,0.09250578141607807,0.27091735927844574,0.2572825688062731,0.27418618586018545,0.20132038979338274,0.20802591257500785,0.17593332970154146,0.2002020335557696,0.22540897982005687,0.13492872616266852,0.30226789017406397,0.29518481805116425,0.1549337593874404,0.07873951497543588,0.32505651154351617,0.3100256829408529,0.2112524731443714,0.2852989743848204,0.19967976877560395,0.3022036831206807,0.11628224299965359,0.3110203422558489,0.07900550018708113,0.02804729001383444,0.04802546517074123,0.08932377602669347,0.16053597808844533,0.2968491800351027,0.2803245059705157,0.12378708041457076,0.1339920421435027,0.14320681136105495,0.21296434559381355,0.144538613371585,0.14711280433421892,0.022974712589503253,0.12412562950659539,0.10044075536505812,0.21572349889356257,0.15080092352430552,0.19037831600058844,0.21328733614759432,0.24949212869648163,0.2067985345663767,0.2740103825521828,0.08705015330464501,0.16437718313442545,0.2377721725349675,0.15474785472596866,0.2007278102564127,0.16807223165211535,0.26664959953524786,0.2605630938164375,0.17243650867902635,0.0008124019159556451,0.2662987651262706,0.1806437492801431,0.275664510380048,0.11559616279185397,0.22203208332773913,0.34885802803791266,0.3211084367934667,0.23954926952333816,0.2932724474337488,0.23856416405624306,0.137503325734865,0.29195204985648343,0.24595791621874208,0.2545043954231642,0.25386198999384885
FRAS.L,0.10289017217786095,0.013672309429242947,0.29343616136829304,0.3447615824151461,0.19770979126694188,0.058079691671465275,0.26126438243144523,0.08631196594094544,0.11335009329392039,0.17333037758457243,0.2430686050515243,0.18729971068256202,0.3183554848701864,0.051969613494930206,0.27184548797649416,0.2605200159183915,0.26482883644849503,0.27287740037084224,0.2827106306626302,0.25524468127035604,0.06798365578360399,0.33024530092813564,0.21595894190555306,0.16101147984106945,0.26730342644443955,0.04885747829950763,0.22590171556533004,0.13921050335051854,0.11167878359919055,0.3566404858879952,0.15898520489947426,0.31053618912053105,0.034281307889485246,0.2008833356910049,0.13833677768905858,0.33873967240744324,0.08979714858932744,0.1988952658392289,0.14619056515073486,0.24115294333275117,0.35538865240482875,0.24898074415163463,0.14422116685725067,0.2986673366428508,0.18999996146952255,0.348967654517478,0.33751548772144246,0.3170502798797576,0.1902235166879254,1.0,0.23809008681108684,0.04125037627933506,0.16768719451178038,0.2263315099973285,0.05205718042429809,0.27409441096727316,0.2446436000261677,0.32148742187394963,0.17211345230428005,0.1617575853843358,0.3017102037858123,0.058641152250184105,0.31605044751807543,0.3109482032002807,0.2839102777895714,0.1106390735518279,0.13336574858976816,0.11891231177312053,0.06575011250455992,0.1162119309007341,0.2382754445487061,0.11284527723398399,0.12760241478064308,0.2375576809488869,0.25148508360469224,0.21756350265373334,0.13736829343148954,0.2205615517815484,0.1554554715490907,0.2660864243040611,0.15517001847502948,0.2968305796282007,0.2677658623464613,0.10700723338015537,0.2595149539782597,0.2690742915852123,0.31549233090543816,0.212239198627474,0.22759633117364095,0.19338038721824471,0.17037178467159828,0.1979055961808707,0.14319073914093153,0.3052128238616846,0.23111742503230429,0.17956162254754493,0.08320139535782298,0.337820577541636,0.27902397956085057,0.2346552403251525,0.3048962988942774,0.20306107087281067,0.2927355715735886,0.13594751960991397,0.337766800580099,0.09065429045431729,0.07483858392263922,0.06539338925994598,0.10873237442320494,0.18818994512084844,0.3018307063758368,0.2662871893951982,0.07365893893175843,0.09478371901731025,0.17492433554986989,0.1809373469541111,0.13610764144606896,0.15042987164269145,0.02145507606895901,0.12182726981825405,0.09933053804985185,0.237230417419309,0.12471246191711767,0.17616755781389828,0.19532085137130892,0.2643565612420065,0.22889083382763073,0.24078929556800704,0.12423344315375123,0.16775466058617455,0.23816794671500757,0.15763588848691398,0.19260580503436112,0.2002831235773557,0.2542056848425077,0.23415377523862815,0.15630252333861572,0.03245251234546788,0.24958681898589638,0.16817643638566723,0.3390351945515999,0.14989342281049076,0.2264103137899513,0.313490169318872,0.32731950994393827,0.2030006386165311,0.26896472608716004,0.25608875472051545,0.10218564981192726,0.33122500852358916,0.2008894970045561,0.29108381151680696,0.2085269210231821
GFRD.L,0.11956513042005118,0.051338345910211164,0.29961879006359277,0.3682361509373828,0.20696219863060655,0.06491618643738824,0.24657551345203343,0.07048242601807218,0.08320012488471965,0.15670712105345652,0.2925594019503174,0.17346189109970217,0.41168969228301466,0.07767825648027617,0.2524364147654155,0.23848782420094444,0.2565755159603657,0.29052140483907773,0.2304703848866341,0.3245596839481222,0.10480402322923901,0.35107000580831427,0.23979627600108047,0.13820395867378465,0.23645694171458995,0.05306925479982019,0.252836717591642,0.12707338244686744,0.15388633440943497,0.33617780087555377,0.16291449180013723,0.3317266073173672,0.03454244382268589,0.19978591709644813,0.14903265049234465,0.3561294765819906,0.09245982744461559,0.18046382420261872,0.16053959254894484,0.19876461681745233,0.31626307398264597,0.23385950324110424,0.16961650152108557,0.27795929934264546,0.16515431520738405,0.3022465391489684,0.331972448233,0.31665876778665125,0.22045437445101104,0.23809008681108684,1.0,0.05850128397722699,0.1658661212354629,0.17019817163759018,0.06305368463781456,0.24275294101428052,0.27316672463586267,0.33930625182606966,0.13169696744424247,0.22959774969919317,0.30899376128509554,0.07885064237862859,0.30176464999706504,0.3414510305892882,0.24595096504034253,0.1355919688943634,0.14170863510176243,0.1705893915131731,0.0673663435355221,0.06547854917914085,0.17991424174759854,0.11999416246376116,0.18330910825563432,0.20335670580131082,0.24692932248740057,0.23184539637033294,0.06166658041488962,0.2271190526861008,0.1618628840810036,0.2806514568449956,0.18603675958732135,0.3261256583094711,0.2303050198441149,0.01509275217109841,0.2608316226183251,0.23202288513696193,0.27724897842736185,0.1902919121381246,0.15293165013469642,0.14829692183181017,0.25683600610624047,0.2970571879346344,0.1541337712193194,0.27673836593231244,0.22796225373670934,0.26393411934193,0.08312895305852845,0.2889652927753814,0.3062124369632058,0.20228191714626428,0.250012856950697,0.22075776347967585,0.32845119821859814,0.17003270680952384,0.25377842026678515,0.12743853592014906,0.078775079941385,0.09800010970309007,0.11431896015911695,0.18497641834842873,0.2929783305856004,0.3179752043102329,0.12057122444036592,0.12836486102935524,0.1203314564939304,0.18353739684358025,0.12571813510885466,0.1765344404650401,0.07846933595013605,0.0983838951591454,0.09452424201050637,0.23505632497403617,0.1705454624662733,0.25979567351653365,0.18979948508196223,0.23719398699328745,0.22611164088975266,0.2602444472819863,0.11527805193830343,0.20643050587345702,0.30027322345538515,0.1954893035058809,0.19434780838470758,0.21384942983277808,0.245156346236784,0.24464466936807966,0.14411020154262366,0.013320870401904298,0.24264286660356013,0.14378146644072676,0.36877541198814384,0.14723602172429942,0.15616515602011183,0.3429826485456922,0.34300734239588576,0.20255912786262983,0.254962228383898,0.24790267780820857,0.1456730941715063,0.43711595353204746,0.23832276865832183,0.25863655273120917,0.25429680461699533
FUTR.L,0.011833870065455198,0.04290273658436783,0.06642441127110606,0.06458951684149547,0.08536417655629144,0.036091273494812594,0.04386003199244469,0.026146213354216855,0.03857285944022664,0.05045464887050451,0.059541042997400574,0.008011992997145691,0.058981687379740674,0.036513460432369436,0.06008927763401038,0.07082426469879276,0.03968240444973348,0.07120589813893967,0.06294235224213955,0.06352733874981473,0.02802303540186365,0.04357618522652693,0.07770608756235023,0.007320527922583878,0.07398636834579961,0.004994390848396357,0.028999720711257775,0.02514767974366695,0.03371331609669246,0.07984962998415071,0.019413792185407244,0.06925157069703401,0.031380899523800986,0.01894245461035468,0.03102299681845174,0.028502575180687766,0.09597628803609379,0.035185011935497335,0.011201234539184837,0.008963926547475862,0.05843556806859837,0.07258943234385049,0.04764957491456943,0.06689348695241953,0.05286138893549165,0.08485596390632323,0.06171271442998036,0.06956353033262108,0.01728126367354655,0.04125037627933506,0.05850128397722699,1.0,0.046469691532002096,0.08261682483624087,0.060210021133275685,0.05304599974096939,0.02060968182155899,0.05063990828780028,-0.027704434274297772,0.03926145053911083,0.04648472883374399,0.02787903855606694,0.052748267506754924,0.09802663607533732,0.07172185348956857,0.019137855498898643,0.03322483075581938,0.05679373707672739,0.011050214117300755,0.06984931826540305,0.02832248695108397,0.060436772903126004,0.0140062487825956,0.06149882801287606,0.05546151660337991,0.029123955712943704,0.006734864517991967,0.06930166590011469,0.07570045969993483,0.0680999244478804,0.0459705744710699,0.037218943833005044,0.06482681766078315,-0.021361735648338324,0.08011946405600094,0.06624685735230779,0.10736411971291009,0.09432966526554426,0.05979113283366899,0.07606445377202731,0.03502709665653746,0.03598920639417074,0.03321735085501637,0.07368420860072811,0.03171815856182267,0.023883531323895188,0.05677752500816779,0.06012697439015059,0.032044674195471516,0.0578666781680876,0.08202267929447994,0.009111113090517545,0.05397431606038043,0.00833241882618469,0.06332307556562246,0.03630422118377823,0.020228891886021113,0.04530368620409418,0.023796324674218456,0.12282611177112218,0.04075853057466545,0.06268802620918167,0.04604423970777779,0.08382479733171148,-0.004002099539207305,0.042903504096730744,0.051234054296138996,0.017628300240358344,0.05508491003106683,0.059774029803601844,0.007191433789051578,0.03325662881793974,-0.0072775273323117794,0.05714971095152815,0.04901538091245562,0.04041659511835507,0.07327828370399754,0.0637387246518949,0.05229181142928891,0.07224918403368462,0.01174703218635226,0.05991686794317693,0.0813846758005868,0.04738405698936681,0.0653040632721221,0.032693637919200484,0.03436129252933502,-0.010812293714964425,0.04468540397841868,0.039680003450543594,0.026707167741319444,0.02581176352336781,0.017796867570532206,0.0500395832085582,0.05528356964998183,-0.008486510648490483,0.060956702255374556,0.07136257911102786,0.05657351697029707,0.06075377383862368,0.04743791681577221,0.04269957196126928,0.04716336313388944
GNS.L,0.117683171139086,0.04823733095520368,0.22629132641158214,0.34525780519443233,0.21544374294004337,0.055282107094750094,0.22550126731843764,0.054725599343748675,0.08835122802910006,0.1949294711778471,0.23248343820783826,0.1840689701222989,0.19432954143279557,0.09276690420084854,0.21006611303732733,0.2233935294384677,0.24504795067889315,0.27423318041185435,0.25091140545262447,0.24751338884666121,0.03725687261185999,0.2514379855219914,0.19113070618093528,0.0776072823275304,0.30089390208102695,0.08357618730486308,0.20282616114011895,0.1399375286741723,0.10673406317765165,0.35660973180761335,0.11940750365087384,0.23356956120225253,0.06494351704869959,0.13377948729332173,0.18964023954318923,0.24763668086550492,0.07990121989303664,0.18682420352026244,0.14774679212507416,0.16194717699071284,0.36043014271354806,0.228255477118253,0.15660829183893862,0.27550368865390884,0.22731235838355324,0.30256982495757556,0.32939087552890195,0.29619391585407795,0.17530420195907953,0.16768719451178038,0.1658661212354629,0.046469691532002096,1.0,0.20300473792861365,0.11108688159584124,0.14981060887436862,0.1788219973098403,0.25300087963882384,0.08368150934628703,0.20555949222859538,0.25353925676743844,0.04767357064321353,0.25162390653049915,0.2866357974190274,0.27579205032234533,0.10278006026981776,0.14895644827633855,0.11713316219971762,0.06733138408712112,0.13590178303495695,0.21531972424888268,0.1224662012253098,0.11303766309317885,0.22787054118407565,0.17928030319538116,0.14281118502128268,0.1627554188053164,0.18092950004576747,0.20155016849376808,0.23555144001272732,0.1536961422778334,0.20099449745287112,0.24864270737219885,0.03077330693146279,0.32377236626826655,0.29931738580958933,0.28904515927725255,0.23234805455734353,0.2587710375943883,0.21866264506765992,0.20421984281366223,0.18281732943334048,0.1616465620902698,0.2979255372071251,0.18566852087021152,0.11798560038665575,0.06861826723802603,0.31380405309971915,0.2257084006277246,0.22088479861171445,0.31325324662440773,0.1706988647575642,0.26180223655101603,0.09827702123553786,0.32326225367685635,0.09183444093053995,0.04665089129368465,0.06391104682264306,0.12914832964303877,0.20019585609079898,0.2320971909815843,0.19260352899949473,0.07909971303568093,0.11715186595187467,0.18383994287056385,0.2222265422808862,0.09697100477094003,0.1336455771608272,0.029982333472701,0.08265658272538208,0.12299469936279828,0.1964712780688738,0.17344898621964086,0.23117650002738313,0.20539689893021543,0.30066413218231736,0.23760478354992207,0.23802739346746588,0.1304745271218073,0.15254667335004848,0.1770174731001333,0.17730911469913968,0.2363996942821865,0.20490453079139845,0.2675783100319335,0.2171508767432971,0.16211475006342138,0.04672951109419674,0.23988473838047206,0.17617054408353974,0.17914318674262936,0.1344507504343983,0.14638390237276733,0.2107964201959721,0.3056676459194162,0.16696870912846762,0.22645927773351618,0.23666724064398037,0.11673427491585132,0.22575549438221743,0.16588575405079384,0.19979127258098464,0.18293971841060133
GSCT.L,0.12543368967983215,0.09932545676821272,0.2882044496350588,0.36296922473797477,0.3792755982412164,0.18697733301421413,0.28350719114824835,0.10147779078816617,0.11198320859409829,0.3744052525196065,0.22364300687626004,0.14546843016241387,0.2047959726542388,0.09986322005266153,0.24806004351791253,0.4044050229271394,0.3893407507279976,0.38690774071045275,0.33187384966178385,0.26138961691463775,0.11078346016067321,0.26875059124903516,0.38195485196168766,0.13823659378875025,0.34687700683657735,0.15748947912391553,0.29911270912595694,0.14414938114193612,0.14113773557656278,0.42188058160290876,0.14911655931585072,0.23308140792026044,0.10966876778622019,0.1516516238337525,0.12890389677686875,0.2644440737776877,0.1213541539822317,0.1283107904290794,0.16184705821893267,0.1587999246053445,0.38484220744200615,0.4547916855005982,0.20876867048932624,0.4553192380883637,0.33010586772376604,0.39917534760783163,0.4118847971135403,0.44572298043311387,0.18111046639936723,0.2263315099973285,0.17019817163759018,0.08261682483624087,0.20300473792861365,1.0,0.15427693525891525,0.22540757231822547,0.25038197415699315,0.25242050088274565,0.16870174530876073,0.14893666092548297,0.28982092717683333,0.09743593010746651,0.2946943054421606,0.40229662527528043,0.4215561715902561,0.1895579560904873,0.10279782805568281,0.14435718619472715,0.08037140592465869,0.09479439816330187,0.2508693149678202,0.23857074634303907,0.1344802108271444,0.30564406488175055,0.23447403698999222,0.1951997352660208,0.10849962311538895,0.2074443154401984,0.3706873025262884,0.3044246109252007,0.17821473987500383,0.22947655253902974,0.2965716141187272,0.12442296189330235,0.42602550122673305,0.3966397728999244,0.4127945930073374,0.4236494202592915,0.3195956392314246,0.336723978199875,0.20050739283109456,0.18700323548878872,0.13513987833116572,0.3841532692909064,0.2792718517147898,0.18507337260453866,0.09654271949650697,0.40587301867885794,0.19202283541206977,0.1978721060606719,0.4180237269471571,0.15233274276761807,0.3209703591253732,0.11286351537662435,0.373379577003416,0.12593101035168958,0.08432123559343116,0.09571005142179626,0.10813021782563949,0.39134191014745145,0.26354400428223484,0.24748337369723533,0.1927508610946323,0.24313396201200801,0.14156528397751306,0.1777590980041485,0.11876933794517451,0.17959235610992175,0.05229226866386371,0.14057686912455436,0.11707988133498091,0.21029216793470848,0.12678764084981758,0.20543522602133474,0.22151048507093538,0.3122671841221608,0.25718157532239844,0.28125462300015436,0.24636256531745498,0.16288683701314868,0.2025649067315515,0.35352888795371695,0.4188975175170655,0.3821093473227235,0.45349682605147995,0.2673241763534929,0.12278493445863455,0.08712828972965625,0.29936506863480056,0.22634705895292145,0.23319205219991607,0.1393769680274238,0.15809379619353198,0.24150374824139115,0.35471101655569043,0.2715033612550263,0.27288509107441267,0.2408542130510161,0.17219285224009956,0.22576419061318637,0.1843574075767176,0.23830812671677276,0.17754462761123596
GDWN.L,0.05407182515560821,0.09495126168165127,0.1154203906766273,0.11916777467003002,0.14230047766737167,0.07843399212443404,0.10010412841375711,0.047331699697796464,0.029379136100144292,0.1282308332240098,0.04601517816970313,0.05069792942452484,0.07112160168869892,0.010995575354604385,0.05179175821295153,0.16058941624928946,0.170749548008336,0.1796050177123594,0.11695356264996831,0.08783219053622926,0.036079648564372006,0.09732609307332395,0.17284784348061752,0.03918710040388578,0.10184154938908202,0.14453565322679027,0.05707593946734469,0.05240194709480429,0.05265462937568134,0.11119464608673893,0.06404026884691141,0.07596767574274836,0.022004131050717704,0.06428294735996841,0.08222847254512937,0.05614582052883485,0.07213711958465895,0.04777710106709353,0.07549152573070808,0.053775397820382924,0.09871517036835413,0.1658167708520076,0.07690423609202279,0.14672286037433566,0.101091830241717,0.11060229234041007,0.14181686369392976,0.11928086883883382,0.07722316142861935,0.05205718042429809,0.06305368463781456,0.060210021133275685,0.11108688159584124,0.15427693525891525,1.0,0.07307382294772855,0.07942289252150386,0.06341422089711618,0.01071500178579121,0.06336320947414097,0.06017197224734372,0.04174527718247785,0.11407907419852942,0.17470159077347955,0.11480757514443635,0.10305925525212478,0.052251194960428085,0.03983924438725381,0.03667260819853564,0.04535835574926688,0.10977002950300216,0.11011878634779798,0.05349930544140231,0.11967501758379358,0.07240198776155012,0.07615606680035117,0.026114558399652005,0.05679800095266798,0.18280692181390235,0.09186295672580964,0.07731865307396596,0.05297636956930998,0.07752236092468917,0.026387195090190142,0.09838294362780295,0.11396797461805251,0.1270185112518318,0.1313617131439627,0.10459658672038874,0.10893304859536848,0.0895420727923765,0.05738818665166165,0.07184431920480698,0.08069030602211782,0.07016802453851537,0.07986577602358624,0.06442090236938933,0.1030946935790691,0.08806918219787147,0.05411850849920752,0.08462053081967882,0.05264742026762311,0.06531379580651353,0.01689419477703548,0.09437952942204358,0.0803405226439935,0.031136946171882892,0.04814346086231488,0.05043867921858832,0.20496014542233013,0.12006464762308754,0.08376408422714211,0.060639543657505124,0.1565743275593293,0.048395251938184274,0.0604738002758907,0.04244997631305027,0.040481778512904756,0.043784677262540525,0.07923897655949827,0.03590111292953941,0.049751236483247016,0.022890612457779704,0.054637166780315126,0.11948612985330219,0.10599751407379683,0.06572839726825463,0.07436766406732723,0.12745541663769144,0.04891315316826784,0.06788268033898663,0.1661761001795914,0.13051890935161514,0.13142093209768574,0.14969017707508403,0.092020581252674,0.06923365704108661,0.006851777847102697,0.10079098640365662,0.06842902324981597,0.06032306774702826,0.0224968273377712,0.024127083290716084,0.06976805827786482,0.11765166456316278,0.06236927897589735,0.09655967120356432,0.13548456025923675,0.07591907388041962,0.06844691181987056,0.02491275747370604,0.07650283829734225,0.051389321237836294
GFTU.L,0.09224283557350063,0.04875627083648095,0.3228364698001592,0.347733490500047,0.2088022010399545,0.04395525566215059,0.2859258419794247,0.10474712880233411,0.08655591957985517,0.16031884709262947,0.2885402132346759,0.15892221611692,0.3550550495837367,0.04325236185875303,0.3033800214069892,0.26713718961888433,0.2833400085517287,0.3049871018442357,0.293038530424029,0.3089813053103528,0.07383485834376981,0.38117532894790407,0.200830172191535,0.21809976618562205,0.2658958542143048,0.04637328167140231,0.27699247592514703,0.13179433501655152,0.12275342368949813,0.3880118446329801,0.12917016263995876,0.29294680019621155,0.02677099073199523,0.17879176419535134,0.11402570684635502,0.3863874285586174,0.044316637975218065,0.1483949883553548,0.1595919277638464,0.17849688799281643,0.349385609909752,0.2703440627961591,0.20744457675394343,0.31573008935365626,0.23396646692500395,0.3589736671218563,0.33282712520280455,0.31817019684412146,0.2279567843925602,0.27409441096727316,0.24275294101428052,0.05304599974096939,0.14981060887436862,0.22540757231822547,0.07307382294772855,1.0,0.27462316909737006,0.37867328297001424,0.17263806757010103,0.1957881399620235,0.3562170149328846,0.12973431791926,0.3346541230527111,0.32498666137306814,0.24893784071008596,0.09645118619599417,0.07183886759130258,0.16778189054606887,0.07421009951265961,0.08907536632909076,0.2180925855514748,0.14755149930874012,0.1637086762456913,0.18414626139729512,0.2868516265242801,0.22798412584646607,0.08958391430870957,0.2317259023933483,0.17377353204439977,0.3025030435972695,0.14080698285570412,0.29222633287116395,0.29867671278924507,0.14241742477990027,0.2511689406729051,0.2728208433230924,0.3089393438765714,0.21165199020130646,0.2270808173410096,0.17496935448823892,0.2178862082464179,0.2291758273396627,0.09968219351262769,0.27271761608794565,0.2674819957129141,0.25958990191186754,0.07710533314144807,0.3249900451385642,0.3062293125147429,0.18947547410743557,0.32339274687093533,0.23078322830542483,0.33400927407463715,0.12960222442663252,0.2866743918642857,0.11867309050121008,0.0496162327753336,0.08768570219622275,0.08406979380974629,0.19965055935610498,0.34352826799689373,0.3044333061822756,0.12606082573247526,0.1568234700637128,0.12609891036569942,0.15840392211190685,0.18638275363711804,0.1421672056628695,0.01274120038323263,0.13802618968381763,0.12590897387298972,0.27062232203190517,0.16602230467321155,0.22510605203013534,0.21925200432068037,0.25251205788658865,0.22534697957827457,0.2911802454217411,0.08702735252112404,0.17115439382887826,0.2715911686654859,0.1972818622301987,0.21582614665961827,0.2086476999234719,0.2459467985775881,0.2653638522241899,0.14800581383577957,0.04039576072938875,0.2756478460281008,0.19164939828544456,0.36296116440779835,0.11783334802893987,0.22478195891761155,0.46014734176672706,0.36180688712717785,0.26628135526154484,0.3026543524053104,0.2668231839477854,0.17116612673740125,0.3557373797536556,0.2210547204605348,0.24829583449477538,0.27834438564195585
GRI.L,0.18016626086747015,0.08346580094432204,0.2881860184897571,0.35250335228802854,0.22342402176736337,0.09235222130402496,0.31952343449662424,0.08987615329709936,0.0715786464597228,0.20310638211205384,0.272747619048377,0.14003284057584672,0.38463046356108077,0.10056351174879483,0.36096471883303816,0.259077085522448,0.275633657725858,0.31646334393074227,0.29216871628733365,0.3219736147436799,0.0533499664272599,0.42254984979111565,0.2113109825685867,0.156929276770679,0.27865982565359354,0.04688550421934225,0.2683357921202264,0.13879841947017466,0.1302440980936014,0.38828838703939195,0.11462756711082923,0.28743000106219985,0.10816624827850584,0.21629138713850526,0.15978386016061918,0.4478574771413316,0.10333850383142434,0.18623324375097672,0.18306797566436125,0.20376524911758412,0.3760761497426018,0.27670003868177345,0.1458149718457313,0.32518295813789,0.26013580599128844,0.38097933331274275,0.3387476085541308,0.3211996492979892,0.24134317805356081,0.2446436000261677,0.27316672463586267,0.02060968182155899,0.1788219973098403,0.25038197415699315,0.07942289252150386,0.27462316909737006,1.0,0.42001734176019667,0.15212981409714388,0.1739037523364194,0.3858376268529482,0.1465569221645103,0.2978843831165958,0.33709710340954474,0.26700553568624924,0.1151347278491839,0.12361910689704315,0.14039168468050958,0.07209809919144045,0.1288419804503166,0.22654259751165234,0.10982781759585308,0.16320002280584414,0.21236966621063294,0.28274106644406327,0.25463660015723777,0.14168772196216117,0.24931409846750707,0.20534435203877816,0.32132427777148875,0.1701052491916025,0.3514976730564304,0.3067118443839835,0.1174575132159093,0.2559711087428661,0.3203179042609079,0.31782077271635173,0.2195489148429903,0.23649269729350114,0.2401564281090414,0.19946578978754748,0.2431996368926364,0.1307221866374153,0.31807622927945345,0.2846881323066099,0.233644111905872,0.10469392092042414,0.35486427433648177,0.2630458066831848,0.2182231812577259,0.3255548772856876,0.2416820147648642,0.33803800663004874,0.1207630144281735,0.3424060854268918,0.11759712174221251,0.09101245759842821,0.06609675431075276,0.09874310287033528,0.19879088696275637,0.32481749881977734,0.3038920096373694,0.15924124136087947,0.1638775959606326,0.1572240167293571,0.18428935864040197,0.2150969554270644,0.15345332073036863,0.023894696244312598,0.1602215192614681,0.21212989644857685,0.22893020467302364,0.16831849175541308,0.2527993522946515,0.28490009169752273,0.23932631595464085,0.24216624184344349,0.27496593904541294,0.13042910590371845,0.2306856427886597,0.3221366591287761,0.22986420653675216,0.23690573393925635,0.23077274332833225,0.28237991050768096,0.26350106404905144,0.12363285823093711,0.08803785011301428,0.2934345098414658,0.19378032073187812,0.35472986305019666,0.12438382295360506,0.23792973149858523,0.36182782767904875,0.394036672109389,0.3964288638008188,0.3374422620440656,0.2901818502915665,0.15997605422740296,0.390514939875418,0.2325892509097131,0.2509342583396321,0.3813668396347259
GPE.L,0.16717703683826352,0.10233093674176127,0.43192667646635635,0.44926537025952135,0.24846960758833847,0.08804699981063872,0.38433378676280083,0.06110836106776459,0.1385019033189369,0.1980509768178377,0.3530149416423543,0.22903120482251504,0.46462847746654246,0.10158402867518258,0.5124003637170818,0.34315902218513233,0.3313970242777681,0.3434114677978823,0.3668568300205088,0.3752722342421458,0.09082154245798255,0.6847615169741942,0.2807356262419089,0.14311485945790267,0.3271742671132012,0.060458225380759144,0.3706016879835918,0.2053361702435951,0.11618654588951328,0.49347419091805506,0.17854585215217658,0.3637269276898228,0.07024909895258881,0.25383608447499756,0.2091592124276723,0.7569088215156022,0.10068474890951015,0.26886024830491934,0.2018254729414602,0.2499679409958968,0.4655576080662233,0.33733814219396296,0.19607133809986613,0.4155742751093542,0.27223963932477613,0.4493388350660822,0.4560339067641276,0.39422487595179273,0.3071898802140008,0.32148742187394963,0.33930625182606966,0.05063990828780028,0.25300087963882384,0.25242050088274565,0.06341422089711618,0.37867328297001424,0.42001734176019667,1.0,0.20415186356071277,0.2320024589046424,0.669023224302988,0.11814691390949472,0.4104068882819903,0.3903935818451792,0.3111485517590837,0.15305480410198552,0.1455963135649414,0.20503644501259022,0.07582275507465253,0.11945197410684705,0.2721516948266909,0.1456116062881831,0.20112672011063135,0.2727066605637251,0.40254809519043994,0.3210981295227901,0.1461722258977464,0.2842185185060833,0.24602633478466499,0.4309955584123646,0.1751902563984267,0.4096173631873739,0.43563338984341465,0.14964681899055174,0.37462496427114483,0.37634898198200384,0.42587167319592395,0.2681929929601235,0.29469702194451747,0.24684304343328728,0.27830065020014916,0.2982977179556979,0.2031269229024173,0.41444732846454235,0.35773245626782324,0.29606322598310675,0.09263381005895083,0.4441051124595282,0.3881985770133681,0.250050689638777,0.3868167572997627,0.2707651872252307,0.4075735587327222,0.16938122833063182,0.4138798688283597,0.1135998200181305,0.08259812811088844,0.08265393748973257,0.1574470393491187,0.23419782323705557,0.4285086364882288,0.3621849324270364,0.16814261557901572,0.16225475018374452,0.2218639942255324,0.27477096776342386,0.1755933568916048,0.21171483218107043,0.030979886679415952,0.16833032497524314,0.2101923165435848,0.29180376908514805,0.19591448720902,0.3290013923639202,0.2789819134022744,0.335691765097113,0.3177704852758115,0.334125607439267,0.10499615136533014,0.30524827535580523,0.3831740746996907,0.24743214270513667,0.2757516847764312,0.297503239809202,0.3467092402164262,0.2855891214164213,0.24634884165545148,0.04618105643385834,0.33534543350362245,0.24458437281403483,0.4421611577745758,0.19279066614005178,0.3411955483430182,0.484128823912511,0.5411608237890205,0.4317282114363274,0.3549338340635937,0.3303905181292634,0.21830441980917042,0.4710415450942847,0.2710605579264296,0.3209371012553394,0.42976156385968395
GNC.L,0.0542011382809722,0.04439602428124039,0.1683619104506958,0.21384022980085224,0.1500412134094979,0.07456949935019225,0.1375038768573481,0.03107776996821267,0.05321110087188355,0.12900536989115946,0.16320450769779232,0.09062079555703056,0.18682303870664582,0.01341518619871857,0.15245478729695322,0.17589837357920662,0.19790682029427858,0.1842341278458685,0.141660972935262,0.15585433218512745,0.027988737569614584,0.17642241545711992,0.12042110201147029,0.16431740207663884,0.1493345953167394,0.02538193635392237,0.12630792490441767,0.08109137034900843,0.08311899235881756,0.21768791206600582,0.09426629378890325,0.17677620216622092,0.03528067978837586,0.15105266233554224,0.11095820171233498,0.2006884808265607,0.033492052421892286,0.1233698530133802,0.08488300294534137,0.10212280537554012,0.19740905772103381,0.1458763910217736,0.0963534262197053,0.22062062505498675,0.14602343230347303,0.22017091778956582,0.18098950769682867,0.21763603304817883,0.14878983465859172,0.17211345230428005,0.13169696744424247,-0.027704434274297772,0.08368150934628703,0.16870174530876073,0.01071500178579121,0.17263806757010103,0.15212981409714388,0.20415186356071277,1.0,0.08972939327427357,0.17619263075923194,0.05465976652984145,0.17106816623120202,0.193220274396684,0.16579675102571753,0.03229521595681548,0.029557409349536812,0.0858543726399617,0.050691991608533334,0.03974547642348686,0.11065564213196584,0.09192544113002149,0.11155481831827803,0.10485089864307776,0.1329832006719762,0.115411769124783,0.04400726248000492,0.15030847484533244,0.10226173857324054,0.1525738739424256,0.09179626954521976,0.21672684390150143,0.18128181063628862,0.06167239758433781,0.1776841888823614,0.16851305553994597,0.18660072853517645,0.13072852020120693,0.1525813613279314,0.0908142570076685,0.11964494918236511,0.16108047694622374,0.08028958896259744,0.19490545643929072,0.1580455697707342,0.1012814090858495,0.0968607743126903,0.17847696168125782,0.13779429415388744,0.1335531279625272,0.1996139978106537,0.13773750303625074,0.18807795054765444,0.08111868499868144,0.18226764448246438,0.05670039012494593,0.03623713392440807,0.0748255051286737,0.09428648743619514,0.10200655836287893,0.1620591425806122,0.19019783620873215,0.11181100058560879,0.050985132353354064,0.07668684010467856,0.12885296361246895,0.07555566446867615,0.14273397950379527,0.035820223284907186,0.12826017779836585,0.10646836742736622,0.14723965732058555,0.10322579948310077,0.1396051844117156,0.11679655341990511,0.1579192001277337,0.14724101243479013,0.1617733099832601,0.05780977249764494,0.11047877663663222,0.16757056608763615,0.09818971234268037,0.14214833448023642,0.1486416050139635,0.17366435458411306,0.15326980110120378,0.11331619929131809,0.0031417606825418715,0.14550578086364718,0.15600177382103103,0.2015586594216194,0.08572250697233635,0.1531717973628316,0.19362693790802024,0.17731350621327802,0.14525912354303921,0.12515642646324968,0.15888324689928857,0.09619722662014711,0.17666106799362416,0.125094789475911,0.18825202356275292,0.15441103457926805
GRG.L,0.15569855283304215,0.0453162924481056,0.2278966016426646,0.29979332980610135,0.1442393991557966,0.03203032591960792,0.21546003894986238,0.0718463057350925,0.07757513308258793,0.14705495839349378,0.21099359875078263,0.156152339455261,0.24317335419770772,0.0818877923500292,0.19084415017058678,0.17647352454193127,0.20297235308019032,0.2321606657703783,0.17485427290170943,0.2066659101651296,0.10294462042324136,0.22632943445416376,0.1640731270062389,0.0925200013706574,0.20474766433609146,0.06798094198164402,0.17445425517761498,0.10209116113583376,0.09649789602282571,0.2944226360988375,0.126219280469741,0.27012960688341364,0.03442204157714041,0.1716424340024569,0.16312939878644994,0.2716776031895491,0.08515485906430317,0.20473299167655287,0.13429200583519832,0.14720218910505428,0.2802778795971847,0.14545437498130187,0.13095671587907487,0.19786211524180783,0.15809977560835717,0.25302117115568246,0.2439006506790891,0.27342078781369117,0.16241128448244374,0.1617575853843358,0.22959774969919317,0.03926145053911083,0.20555949222859538,0.14893666092548297,0.06336320947414097,0.1957881399620235,0.1739037523364194,0.2320024589046424,0.08972939327427357,1.0,0.23038023811588604,0.10149257192486963,0.2466683718132052,0.2516053038702014,0.207061988176773,0.0736249817343543,0.13920292905847123,0.09339914177599448,0.031935912440164485,0.08674136373449837,0.14232500355315225,0.0633524821412591,0.15074695247602057,0.1335791052731563,0.15935606014264778,0.14484016863850693,0.1335326149301849,0.16813574236811588,0.11324307364375767,0.2135878068674271,0.10821043400493695,0.23751248355497545,0.1844479714530961,0.03322041783256117,0.2191666007966721,0.22570974183476372,0.25099341313969037,0.13436680615856833,0.18122118153595929,0.1427375676166647,0.14879682251124768,0.1905786361226499,0.12444866851022203,0.24635783015450036,0.20824986857441355,0.1640105985597385,0.09304865691894798,0.2525519869376217,0.23285931077325614,0.18275913688478426,0.22133574901415484,0.20223477214098048,0.22146024289072516,0.10090903744386787,0.2611424582136591,0.11304406141199401,0.08130642596598475,0.05553203576907406,0.07199102898097681,0.1377763237613825,0.26695025419659457,0.18390923564853165,0.043479721372521506,0.06982120988608245,0.10246661649835642,0.172536906938713,0.12486719265071874,0.13103624527300897,0.03874954436485056,0.05124716375667051,0.09267560763856404,0.22344106202416583,0.1337114181111283,0.24443532661416967,0.16076446948207623,0.2200364749690684,0.1721359936324602,0.18105913279330507,0.08420162507913043,0.17287928057457427,0.2369567784607305,0.1399889845820806,0.16155165127696866,0.1673381024593923,0.16730365805002334,0.1586523254670989,0.12439937555069851,0.04614725892099791,0.1857897188517869,0.14042377185291458,0.19676854042251254,0.10722170738368818,0.14807407392040653,0.25587703317164057,0.268069768808308,0.15497907655406581,0.17870424155042655,0.17579879550172633,0.0574458357421265,0.24511110523396865,0.19992431153464238,0.23433890349900502,0.19068831211067735
HMSO.L,0.1888943050015169,0.0841993384599727,0.4506888952018806,0.43591547721270935,0.23579495695595132,0.09024234005478719,0.3904145101434286,0.10285965287447478,0.1063917035498103,0.22965521675044032,0.33268628207763906,0.18168088033726293,0.4495184131545316,0.07862038385509153,0.5098335595960937,0.3582645338111913,0.3285473080414319,0.3488143205359235,0.38599478516345903,0.36924236156482454,0.09226926193004764,0.7713298545613055,0.30548350554172177,0.194474233580277,0.32858611890201184,0.09042374833447601,0.3982781034034257,0.17947186966239298,0.10834650485741046,0.5149318820529126,0.1413636246292305,0.31622440197065577,0.09434985972702617,0.22901810010876958,0.18230292195634806,0.6678608118267633,0.07012379926662812,0.23711384307705732,0.19881629196427253,0.23796610125298642,0.4780571378656349,0.35163249959123327,0.22348281516614424,0.4141645755983075,0.3034083304678382,0.4705341351946745,0.46473830898168206,0.42460533556812236,0.30193598681707495,0.3017102037858123,0.30899376128509554,0.04648472883374399,0.25353925676743844,0.28982092717683333,0.06017197224734372,0.3562170149328846,0.3858376268529482,0.669023224302988,0.17619263075923194,0.23038023811588604,1.0,0.13222051826248918,0.402407779761397,0.38914792505801554,0.3210535624769225,0.15743183346363918,0.13540219735065995,0.1676879248365335,0.05851325005578934,0.13439660669679762,0.2809311314434391,0.17845716118294788,0.22199039184953592,0.2808033338557591,0.40497196940653635,0.330489123456834,0.1525353578781824,0.3045839765437799,0.2782776354898818,0.45094434253182136,0.1543569067313486,0.3943042528214213,0.4224191681903886,0.11451685724566414,0.38951541272129575,0.416913856093344,0.416486038209938,0.29460874912994306,0.314543124336706,0.2709502332304516,0.25519059082274465,0.3115924688953328,0.1640939221834828,0.41897744075018206,0.37860002499227896,0.22923320264843702,0.086864517392915,0.45565440499172877,0.37409035010502784,0.263184657353625,0.40455155738793586,0.27470328413135947,0.4004597033796313,0.17161367200263897,0.4231854766857941,0.08979678931716312,0.09463138297472674,0.0795445339698089,0.11068195845492296,0.258722124031646,0.3950776441435056,0.3359396627416104,0.187275649999291,0.15558028059207518,0.17769099718082557,0.29916858218103576,0.14666580442712865,0.18074458294595347,0.036666343056037165,0.17134147597458463,0.19672094030672418,0.26255717949888496,0.1942900468642531,0.2977661532580525,0.2698759598477337,0.3685495783713677,0.2867813988144314,0.34675563427199807,0.12021158932605572,0.28143749332305795,0.3309298160232211,0.26878249379926294,0.3118228582249926,0.3042325506866903,0.3542065877138149,0.3068606448821993,0.21528960073991785,0.06486779606271799,0.35456666581852586,0.2715134850691074,0.4175761821469842,0.16148842827726792,0.2852471220026001,0.45755277677859285,0.5450303673229151,0.4231215571726886,0.3790828084981467,0.3490423291783294,0.19093142345739028,0.4410918039542945,0.25102337712345657,0.30434195196717584,0.39528151357812247
HWG.L,0.10481992099955716,0.006821111049857481,0.12051652809297274,0.1385844947585447,0.07426362459070374,0.08107049963441561,0.12728648798572342,0.054684183400463014,0.036586923032193096,0.06047116818421226,0.11304201041250884,0.02424648321323202,0.09622695673786776,0.06606388331184154,0.09742269607096983,0.12396312457458296,0.1046539940781403,0.10350016076928398,0.15911467068969176,0.11915482592777397,0.05161244997143198,0.1369349946748603,0.09761369792949438,0.05238108462837525,0.10288759116563655,-0.021640405937012063,0.11767101358120376,0.0611678204664351,0.025759140924985928,0.16736871159812614,0.06197105537663603,0.08643841474304553,0.03579352921086478,0.11422589741795978,0.06690848654571976,0.13864530419360352,0.06135351515543829,0.09584990571982287,0.04606907961846124,0.08783738214978244,0.15890913238149312,0.13899100476074824,0.05070601873185629,0.10781382730862382,0.09614739267275944,0.16463267029433132,0.16865306246737385,0.1373830058376997,0.10224000597468941,0.058641152250184105,0.07885064237862859,0.02787903855606694,0.04767357064321353,0.09743593010746651,0.04174527718247785,0.12973431791926,0.1465569221645103,0.11814691390949472,0.05465976652984145,0.10149257192486963,0.13222051826248918,1.0,0.1180357160900963,0.1500126040237392,0.12327030782660539,-0.00402125967172125,0.04314549566634408,0.05478086498160697,-0.003998949019362274,0.02131214384858433,0.09531417495582355,0.09558896038161863,0.06386522958782005,0.10301761829530576,0.15447110190591842,0.08302820439165362,0.058301027317481685,0.04663823664121502,0.09078013631541139,0.10548724339209524,0.0395207325045387,0.15102377690081628,0.08792993228134605,0.07009314716055214,0.11176389536000478,0.15243434946908394,0.16482255996499007,0.10510152299346087,0.08139196982537752,0.097556889445733,0.07483124586668288,0.11268121846378691,0.04065401890820026,0.13647275479110912,0.12192001806040927,0.11233759296525746,0.029520864344709297,0.1543655506325821,0.09514367735297634,0.08824895102654483,0.1651208542854195,0.10524076207347309,0.1393107494339358,0.05599770757859774,0.1627978681706617,0.05972823142580295,0.01645084036716142,0.05384147227426094,-0.02788138194021289,0.1045810017469326,0.07063514378678944,0.07512516296814546,0.05304843391930196,0.07274078581687783,0.07587461391670777,0.07092534361843049,0.1255383398580791,0.04166030605486509,0.025298979936780704,0.06134122910662325,0.09173980463675874,0.10749269848494476,0.032415261419966944,0.09585987447146521,0.0805366607459915,0.11385059074827798,0.04846829789177488,0.09298481353550439,0.02101755165002938,0.055318571488023646,0.10676366771073635,0.12308133422477653,0.09954749396690325,0.09787728167800328,0.11988915914715252,0.07647081873008771,0.02852132789324502,0.026242596050640714,0.10424425517058539,0.06092602987345611,0.09280590238559003,0.03853026316520679,0.09357055568539921,0.1128918881957708,0.14431205278197892,0.12670883202235994,0.15452467058111524,0.1066839865434643,0.11784587734974497,0.10489985967227894,0.07191460776646502,0.10860250131295,0.07357873614282824
HAS.L,0.14772845371781232,0.05611467035631919,0.4166548760022987,0.4547136770692648,0.31144763440550954,0.09742770031791237,0.41588131480463225,0.10656448675096403,0.10276201753220572,0.26650691914170616,0.37013624955111946,0.1962186332326681,0.4299143813587515,0.07458551890176932,0.3194602639109222,0.3735260873123354,0.3875718476671885,0.41221309758757113,0.3708033333008761,0.4351277500671662,0.1419865525114364,0.42572209608289396,0.30279176467486874,0.1949070219846491,0.342141209710941,0.09650444598491377,0.36569998018813243,0.22469298606428745,0.13801609989515265,0.5011031147830965,0.17784325695398606,0.4430997125444526,0.0544971803482262,0.22609202886201407,0.13728115695030058,0.4298517170357777,0.10474639832371627,0.2534323787555122,0.21083994597616043,0.21958916961644825,0.4636631017133056,0.360797068087493,0.27423686526496127,0.4390456597828215,0.29235342914733115,0.4761635693327868,0.4312155997412947,0.47539225461352336,0.27634484905001855,0.31605044751807543,0.30176464999706504,0.052748267506754924,0.25162390653049915,0.2946943054421606,0.11407907419852942,0.3346541230527111,0.2978843831165958,0.4104068882819903,0.17106816623120202,0.2466683718132052,0.402407779761397,0.1180357160900963,1.0,0.4316643972139437,0.38204530940158654,0.13955817486133126,0.1350294384375019,0.1784165489713101,0.07587430214456684,0.14196582611298744,0.3168361570344292,0.1726840090966248,0.19192918080081028,0.2795166312412028,0.3963527638000941,0.31520580792608893,0.12264125778858999,0.32985059701977304,0.2790333868580392,0.42162315669885597,0.19242598692605373,0.3971440335239261,0.41924163163184625,0.12077005225553968,0.38830448442637094,0.4105899582744827,0.40801842376418473,0.3463266253258631,0.33550934343601163,0.2782906522217666,0.2945530581679565,0.32834648321597615,0.22518740665934062,0.4253873238334835,0.3867023070626589,0.25847691322671046,0.11649422412538915,0.4550235248987902,0.37566501206055575,0.3187431874020721,0.42847293177775975,0.26434800275604536,0.4481199036058529,0.15891972881737162,0.4333085280760414,0.12125300117569081,0.09742812380810988,0.10758594736333293,0.16780530428814794,0.30071850945545203,0.6233762146976768,0.34407567828347496,0.12946899856061522,0.15258124229679526,0.16905987296287367,0.22248480024935813,0.17823900658673,0.2095369733326075,0.05044606330207748,0.1697628229821174,0.1509263129418636,0.32630760728330005,0.18752570991171735,0.30352816920925507,0.3353709664898839,0.3499426859663483,0.35967779893019136,0.41407327769316565,0.1504254237427211,0.20402945945841244,0.34402855777894126,0.2616364719682805,0.3091701979829385,0.30319248209780125,0.3809404475468008,0.33351238834103086,0.2556457747509148,0.04085308741954668,0.429734049981782,0.21628881122487995,0.39142726483339935,0.15299297585008517,0.2800641492024102,0.45622383876438416,0.4569383125563914,0.2551830431641394,0.40043192700803826,0.378162788372077,0.14658444876900464,0.41136408561045457,0.26125043563037814,0.3579237538019553,0.2866296239747842
HSL.L,0.18125285701579874,0.12346102254089271,0.4072179382236028,0.5689862145046544,0.38740047244003156,0.14968568708141194,0.4012735884416145,0.1379597815700129,0.14385698395611796,0.3580702616523283,0.37442768222647077,0.2270290819551565,0.3802902561869498,0.05439791692378987,0.3681852401886029,0.46380113556677316,0.5806149922801183,0.5564946629136228,0.42787313582935704,0.4076499559058626,0.15189460521644146,0.4148090826416513,0.4376558858058174,0.20256823943495386,0.4018452681496725,0.1465568844065547,0.36141205660024595,0.19955395361216324,0.1763189695025998,0.5373874057702492,0.20849114291921178,0.38813045447800726,0.11203494645362255,0.2588057042531576,0.1854350601051957,0.3995089185756989,0.15706437970859788,0.25737399158654706,0.22374806716004156,0.24082027354553046,0.4978572279574606,0.4812697211588113,0.2575412259723371,0.5234621856293817,0.33488078322313225,0.5050027094868056,0.552627158672572,0.5397982770668476,0.288118237966742,0.3109482032002807,0.3414510305892882,0.09802663607533732,0.2866357974190274,0.40229662527528043,0.17470159077347955,0.32498666137306814,0.33709710340954474,0.3903935818451792,0.193220274396684,0.2516053038702014,0.38914792505801554,0.1500126040237392,0.4316643972139437,1.0,0.46586172899729555,0.18689242299401168,0.15486959542406545,0.22021324444724738,0.13126451812842604,0.16036134379920175,0.33953047925547764,0.2536600293356583,0.24827088793205815,0.3379736084487917,0.3179348799622251,0.29997383608794814,0.13399623964876453,0.3119153777331726,0.3735229344700489,0.4365693605791363,0.2384025451587088,0.39837241863744544,0.3991960494065173,0.12516792265568927,0.4276197151538129,0.45159398827396025,0.5193861348959457,0.42764806205726946,0.34633999020146006,0.3235234243982826,0.3086730439220501,0.3213905978992335,0.226376411194893,0.4829695354118709,0.35348567327201647,0.28143060261916564,0.12724068312985792,0.48791741955582585,0.3557684853594757,0.27899243677100455,0.46615595488217676,0.2766456252078969,0.44201723279206223,0.19286348182847018,0.4715562099159099,0.2035783675216291,0.13967152042344527,0.13417113563392705,0.15559365137844747,0.39341447404507207,0.4203092614562308,0.36163689135821636,0.1806559040811791,0.2878110207744612,0.20767513661845943,0.25055396724802015,0.20613106552162494,0.21927588799298658,0.06577708309294858,0.17987371394954105,0.1578377758840857,0.27913493896283165,0.21283762574750414,0.3039874505279955,0.3151237026464368,0.37217564466167996,0.3233778194227181,0.36200832964600893,0.22665080136831464,0.26197488633504357,0.31059494414521394,0.38376545132010953,0.39404942392608233,0.4191260822264474,0.4505778873636187,0.32932263504399134,0.22295239253972457,0.05716616212044212,0.35740159085799855,0.2274373226424267,0.358629028530585,0.19243439078200764,0.27232529042611203,0.4303781431662115,0.5225471102263542,0.30842266561082904,0.40305754205907646,0.33865585257231173,0.19795600512357547,0.4131529893778744,0.25569414895032033,0.2976783418443809,0.3092087247311172
HRI.L,0.1479741909507367,0.07971839881307975,0.33224776315180754,0.469159260338269,0.4254235579015419,0.13571888807206794,0.31731654249894425,0.10746986231433198,0.09791520695388682,0.3578927877968329,0.3033768475089868,0.17730059666399958,0.2820566413101296,0.08971772582588504,0.27174795508747657,0.4466944339673356,0.4580816654212054,0.4454952743103565,0.3992476275204023,0.3624034072492481,0.1310206393383593,0.33181136731176114,0.3651504694961105,0.1896620585105131,0.4053480232589289,0.12447434191068456,0.3323608983539172,0.1963204086343453,0.17324067292472325,0.4854062327477997,0.16112433029299073,0.34903147443585986,0.09579968689745953,0.2136719499332453,0.17333114205783356,0.31488333830581344,0.14955015099946473,0.2269110847709741,0.20610942688201092,0.2070977186293252,0.45304655802490723,0.43865817959666026,0.2266903474612657,0.47869926564448306,0.33485028045843385,0.4854223182759035,0.4586536834637618,0.45596197474673383,0.22863213769320734,0.2839102777895714,0.24595096504034253,0.07172185348956857,0.27579205032234533,0.4215561715902561,0.11480757514443635,0.24893784071008596,0.26700553568624924,0.3111485517590837,0.16579675102571753,0.207061988176773,0.3210535624769225,0.12327030782660539,0.38204530940158654,0.46586172899729555,1.0,0.19581860805587065,0.14314870761032913,0.16095695873291627,0.10087356370763911,0.12275568296700691,0.3252967836944356,0.20126293876431603,0.1843209494176558,0.34781492408622144,0.3005850085956646,0.2548976683614577,0.12315865605268686,0.2392905825628889,0.3962423403051867,0.3440529332837637,0.17694746476701367,0.3305871193444154,0.3746305661599734,0.11944247862356668,0.461145087715726,0.4645204119448763,0.4790287542229169,0.4173250961049913,0.3871368523368861,0.30723268473372406,0.2533580397656894,0.24442704352022973,0.20667093732636097,0.46471291189003694,0.3181725038160782,0.1886476410808434,0.09152607129558532,0.4647920244321308,0.2867016363638832,0.24056285043965075,0.49303403867067613,0.22482746077126511,0.35822700296532733,0.11991220457404049,0.44152559540368735,0.1407851251503865,0.08656871662750516,0.10738413110996793,0.1456978285362702,0.3926786314672092,0.35735915507639665,0.32015098060954933,0.16707307427165188,0.2008600692203069,0.15463774240996872,0.21704090573533877,0.1651888591612269,0.20829279386794836,0.03592672658654049,0.11846080027710515,0.12808495653736035,0.25646071418165056,0.17018122352406367,0.26173539071959834,0.2948646653199907,0.40047595831547994,0.31573046153107287,0.3258491980823186,0.2086380815418136,0.20610927437019733,0.26744758107114824,0.3609207994874936,0.44123736484267795,0.4008735117569631,0.4405591723173595,0.30827491812416524,0.19004053816447875,0.0878468563053255,0.3289472259837993,0.23338473830483147,0.2821063267340902,0.13555045572407642,0.23607122153104546,0.3293390573196265,0.4279676381292531,0.2327981646381483,0.3146840168077762,0.3249616052515747,0.17397812569200513,0.2862902442793947,0.2342049210139851,0.2669757953724388,0.2405716913515746
HGT.L,0.1120980729021145,0.07536409785678408,0.16071157261774718,0.19827008324254622,0.17064944675486357,0.07917951965719601,0.1660939809475992,0.09794280160908093,0.08950730125559876,0.14664018004824877,0.08253521187192212,0.13663152805615808,0.12033539024243084,0.05067426973526034,0.1057214241572108,0.18559110485523406,0.2429855708477978,0.20891349334412107,0.1484533919494937,0.14144851099779235,0.06426234844706707,0.18928719911475064,0.21674706157050533,0.04970909290114907,0.15204261125466084,0.0861160443740866,0.1393339854023675,0.07488928259570671,0.1087439186121278,0.2066883396592379,0.10327364411016868,0.14433053565370382,0.017824500434189344,0.0819383788089339,0.11453796724079968,0.14329491976788625,0.05093794062520487,0.07569788724605328,0.0643292877163587,0.07764100932769619,0.19441968953621974,0.22541223194779456,0.08794043842003592,0.24191449088454733,0.15730070093571613,0.18878076361247612,0.23164941790661675,0.21350405600792197,0.09178419056474116,0.1106390735518279,0.1355919688943634,0.019137855498898643,0.10278006026981776,0.1895579560904873,0.10305925525212478,0.09645118619599417,0.1151347278491839,0.15305480410198552,0.03229521595681548,0.0736249817343543,0.15743183346363918,-0.00402125967172125,0.13955817486133126,0.18689242299401168,0.19581860805587065,1.0,0.09993645080834826,0.09935357182539133,0.06099700496947134,0.03119282395778473,0.14679737689328123,0.2167751074996715,0.08291238297138166,0.1310232083476617,0.09757014065151492,0.11018165120368514,0.06615070774444994,0.10183723070349487,0.1609666630555638,0.1866177048241866,0.09189027421405686,0.12091023511518685,0.15262078452486347,0.08033476449251223,0.18222981796454316,0.16348452636782543,0.20743502527818294,0.20528660624166095,0.12760816492891666,0.13580881074887016,0.12175738771284779,0.07713047881220998,0.09593769685265295,0.15212334878836667,0.13247073278218666,0.062486471274312796,0.04721827339047681,0.17802449900452497,0.1167986656455113,0.05938929357762419,0.19881795827133933,0.07923910677270173,0.11784049082436322,0.09737216265998781,0.16395053651911246,0.06842128793730962,0.034031391448177004,0.06405334329429359,0.05667838265396175,0.2072449241954008,0.13582514375504864,0.15339393179863697,0.04079145820069781,0.15370341040976612,0.09573865162983483,0.10898829551898946,0.039986161713318535,0.06789282790012366,0.005524981067167684,0.0989321059941684,0.0807573165780201,0.10206813579747118,0.10961707934582376,0.10961696780397853,0.11512135983170432,0.16959022327925335,0.11503602774654957,0.12783341059077621,0.1163468044867351,0.12326602037313901,0.08963059094246685,0.17829038102710512,0.2042583182857259,0.20477540672283498,0.19415091556969058,0.1420363804590439,0.09707671785451526,0.06034142835126568,0.08714691695235634,0.0778801898569578,0.11392951982776846,0.06260543082904844,0.1052144532381445,0.14879063295979805,0.19477484672452497,0.13698612150223952,0.10337058727604825,0.1095382028733437,0.06445995464553217,0.11983798941383546,0.06895837298612355,0.08191047870308277,0.14786910079362836
HICL.L,0.29518109915407137,0.04541735103664508,0.11359097499600636,0.2622073611146039,0.059672762060483636,0.010273086125304911,0.15587810454700782,0.045843988055330236,0.05843592971008391,0.12002967505899145,0.14540283546502444,0.14986312213701278,0.14321902974132042,0.10602215512070749,0.11513195879487989,0.12132455108107741,0.1328278702762357,0.14940771773140885,0.1733433275669701,0.12082931039859969,0.04581544077857657,0.12115140328117542,0.07508716978821055,0.08772296126681899,0.2399832686651466,0.03580728910692032,0.14655643885194822,0.09217951485528147,0.08012966917162129,0.25618160706659493,0.07362974358706155,0.15225018427094011,0.006061525739550383,0.1104335813379386,0.1620236979163994,0.15354739238340345,0.03398897670504599,0.08090305409566015,0.10005828731640494,0.12464250435276818,0.24445815326281534,0.11628112371815363,0.08863791260913959,0.1369991496778903,0.1278476299789206,0.2264241136553988,0.2211101461270531,0.1342053894932929,0.09661231973091852,0.13336574858976816,0.14170863510176243,0.03322483075581938,0.14895644827633855,0.10279782805568281,0.052251194960428085,0.07183886759130258,0.12361910689704315,0.1455963135649414,0.029557409349536812,0.13920292905847123,0.13540219735065995,0.04314549566634408,0.1350294384375019,0.15486959542406545,0.14314870761032913,0.09993645080834826,1.0,0.10055776286801026,0.04809152412697891,0.043337890419248556,0.11900981795008439,0.07030947891164241,0.10231198885482415,0.15190026171660342,0.10125917566286313,0.10135902741183538,0.39128730412063517,0.10979923468174317,0.09996266879594712,0.1552205004510791,0.09651379435193105,0.09741652521206172,0.13949151894330622,0.008328489584016973,0.19790614008516058,0.2202608525767076,0.1763289074913864,0.11959672768081457,0.15589951421698892,0.1537617933194474,0.11030845976148358,0.11853257834466727,0.10609870792952457,0.23517026074867828,0.13795700208796316,0.14307632503590564,0.05218469911728657,0.20645608561650852,0.1198484720600089,0.14382663662261697,0.2601003697821872,0.09420833237968378,0.17071788296496546,0.10735128281946775,0.24119739107019753,0.06254197441741846,-0.008833939817781323,0.035044427464440794,0.052856111887240015,0.09038834892885618,0.13975720901861824,0.15000669672156283,0.04399511050034866,0.07350450216603513,0.11391025360078628,0.11174825732118772,0.00962946844936622,0.08171793657562135,-0.01322055566952328,0.03908334084132803,0.12193081662354989,0.12147269361561125,0.10391083510135954,0.19613979063295517,0.14825432693656765,0.23874152144052146,0.1593812342421574,0.1550128823091683,0.04710107549004284,0.08782632043583023,0.10351829202609296,0.09865786823536801,0.1340626683017356,0.14596707675253032,0.1297699716611617,0.11535569542860959,0.08303996380275705,0.04699296371513473,0.13163890544977894,0.09150418439920419,0.1417045843830522,0.0640903024674956,0.12704498367193506,0.12660352888714396,0.24524643583009817,0.0850095855525462,0.15213161915670748,0.1312529976830847,0.04153308093003338,0.13388730440388946,0.08834280656659059,0.12362433776632281,0.11235826012355044
HILS.L,0.08407006893359636,0.03037730781984097,0.14228980082127926,0.2162606233933528,0.14875190865743343,0.08111601671659219,0.13574638990915996,0.05459409450280146,0.0339894927985566,0.10982512212375913,0.1625644226206269,0.143046777961162,0.1480226346510452,-0.0013045620130137804,0.15564270619285075,0.1674453489515292,0.2122406069287218,0.1724111526362395,0.14429752126051898,0.14826619945285605,0.04251385187211402,0.14929398646308262,0.12948273901088406,0.08083854147719992,0.13178821240969504,0.030930593238385422,0.14246468617268787,0.08379605068836725,0.09780769989866346,0.18328094337979348,0.10159988437295868,0.17167161352610566,0.02372509161755495,0.11115325473935213,0.16485221282745344,0.19493529662112918,0.04784534115487173,0.062081734276577,0.06369062828260272,0.11060088924798106,0.1772962071484623,0.1603485006117083,0.12262028468065458,0.19565135301041495,0.14130517982088284,0.17243220121732372,0.1931421519941886,0.19498426125043508,0.1224066949419033,0.11891231177312053,0.1705893915131731,0.05679373707672739,0.11713316219971762,0.14435718619472715,0.03983924438725381,0.16778189054606887,0.14039168468050958,0.20503644501259022,0.0858543726399617,0.09339914177599448,0.1676879248365335,0.05478086498160697,0.1784165489713101,0.22021324444724738,0.16095695873291627,0.09935357182539133,0.10055776286801026,1.0,0.0724238763440381,0.08220956158711251,0.12957055691435662,0.0818486771118266,0.11841612504450638,0.12063712971862434,0.1529518586345078,0.15296040979140746,0.07907257874341377,0.12545822337436538,0.12381348285742814,0.14138274201270545,0.0939912941306893,0.15433948628798555,0.15118625071328223,0.030164546375964434,0.17870174606434738,0.12189124982069317,0.17818181082452852,0.1445328513771525,0.10663307864386799,0.10958509418970883,0.14901323991044718,0.11321850284520085,0.09461200670446546,0.14856688801122991,0.11865872669772216,0.11921060579341687,0.04348433281312854,0.17282942685007113,0.1383973487469177,0.1035696421217516,0.16118893745353954,0.1492525163934255,0.18675886129160355,0.07462226724135773,0.16161251358467044,0.09617434432200087,0.04654967013688268,0.05717033043453546,0.04903231134786422,0.1052048541693649,0.19230964462810968,0.1409156385927056,0.054134456730711315,0.12048599411868666,0.08771777398996197,0.07695961888483714,0.03844500684670629,0.0983588914483746,0.03190656740881642,0.07085144318279508,0.06693062449183503,0.09028486590405295,0.10681256709038524,0.1444610492057442,0.1575355463303622,0.14554694120453407,0.13715211845312414,0.13984312450017056,0.058082183715744,0.17137006535651453,0.16427057364896758,0.0973189618512072,0.12846260511692686,0.1109693976010509,0.17636145615775453,0.18121603347424803,0.10450032373991626,0.03923213986784061,0.14714168936975122,0.050182420666880306,0.15915648198631865,0.12009582540187518,0.1360733856856374,0.18985943980184058,0.19202174766635233,0.1494077116975182,0.1895296211768266,0.1322520888184256,0.04511550727827382,0.17469893440473908,0.0979131900628658,0.12870990485315434,0.13878368034345753
HFG.L,0.014936922868347444,0.055727591841473245,0.07500165834165769,0.0869336627014013,0.088518376667753,0.050961436281418186,0.062227674037232866,0.02128780194428912,0.010828376854904275,0.08589581454595369,0.0827593812170948,0.0588853720532406,0.07070474422230981,0.02522764222160551,0.039031113406924764,0.10231097516545674,0.14009105752602163,0.10569281211546899,0.04973528501415145,0.021315406700439955,0.026174526582996238,0.055836843804541174,0.11809239076063642,0.041212682411258444,0.05702165436085029,0.025459478414049826,0.06589890928213935,0.011509712268080083,0.040176224040078354,0.10427187554102585,0.08559208847158879,0.08955658517721522,0.016681624219321522,0.017938502217788328,0.07667526556720314,0.04383701811970741,0.02880179786576021,0.054233479497226504,0.004851796064284305,0.07277100872137071,0.10361897855351125,0.0981586779825482,0.04399905465766306,0.1390819105454692,0.06327663876199369,0.09531186501719141,0.12355946852641815,0.1289687382601605,0.02695414474760265,0.06575011250455992,0.0673663435355221,0.011050214117300755,0.06733138408712112,0.08037140592465869,0.03667260819853564,0.07421009951265961,0.07209809919144045,0.07582275507465253,0.050691991608533334,0.031935912440164485,0.05851325005578934,-0.003998949019362274,0.07587430214456684,0.13126451812842604,0.10087356370763911,0.06099700496947134,0.04809152412697891,0.0724238763440381,1.0,0.018263067322213035,0.023756190433933472,0.08987229408094873,-0.005386655018793186,0.08954217272734649,0.07363319640263,0.06034881083715363,0.03394057145711192,0.03544072436023203,0.0865228814337616,0.08633213098764488,0.06652158088862138,0.05247196770553283,0.0857755044039589,0.04573992635774729,0.09827679065841834,0.08322195807533225,0.10125707338007195,0.07042480101822929,0.06446137081046831,0.09854168994710451,0.05110846157356916,0.029638344106915532,0.0495215252265998,0.09735377096828447,0.06688551676636116,0.03866834832632999,0.04569744529353375,0.09444404753240082,0.031889151058805486,0.052408262945203704,0.09667035474253721,0.05027006437369366,0.050587773091007544,0.05516287960584295,0.09369674849760845,0.07863069586355134,0.024249946385678626,0.059380082242061295,0.05157323367038142,0.08805048150989367,0.07269147930752193,0.05483624233133698,0.02543762670997828,0.0782919837129012,0.037077874840924605,0.05123884677611508,0.009871047375903894,0.03697769718565275,0.0024653110088855216,0.05654928748830281,0.04855048267449901,0.023960301726612534,0.05244099082727656,0.05136221023679592,0.05356150933362939,0.062028451205498235,0.07925076196780108,0.05158433703152248,0.01676823263963854,0.07376145657383013,0.03604434988306694,0.09845042359228333,0.08083638213955334,0.0873612259090384,0.1180275691933873,0.07312752529092499,0.06458067820047306,0.029969044355629814,0.04159954813567017,0.03485703374525706,0.05935248181037778,0.03643936067437521,0.045983190273940315,0.08090555874440108,0.09469572545195008,0.05078484753773958,0.053929943993454084,0.04290059578117131,0.04577354214001036,0.06766104299749147,0.0406736075520686,0.05139221366184782,0.10568781814949539
HOC.L,0.07589425287931628,-0.012933075736097182,0.08490603706814745,0.16786469384753228,0.08391245198172928,0.059160088967206384,0.1964342043448007,0.0653942505456673,0.05361178510741788,0.09673883303914996,0.17437511124931332,0.08405111585342295,0.07709422554769964,0.030652461086716334,0.11526357236052878,0.19799025168663356,0.11422454775214469,0.14837473181732114,0.37733396232503247,0.19154131779638028,0.00850214381102693,0.11363110794229817,0.10562743887777339,0.059143378884020964,0.18550648797191924,0.03533661081736623,0.07034835780693133,0.09027888061697252,-0.0025593228695573074,0.2613812796580151,0.023391985364892925,0.1052596807097391,0.017648162270443146,0.10219079996181926,0.022486653488926932,0.10808809399189255,0.032868026588445357,0.08713757803517391,0.11790493202302692,0.06599496163125128,0.2264013746625373,0.1731643423933636,0.10615815726868559,0.17525116666666637,0.1799426502473758,0.2214260264409398,0.18657718050321603,0.1507454272618652,0.1202272952168026,0.1162119309007341,0.06547854917914085,0.06984931826540305,0.13590178303495695,0.09479439816330187,0.04535835574926688,0.08907536632909076,0.1288419804503166,0.11945197410684705,0.03974547642348686,0.08674136373449837,0.13439660669679762,0.02131214384858433,0.14196582611298744,0.16036134379920175,0.12275568296700691,0.03119282395778473,0.043337890419248556,0.08220956158711251,0.018263067322213035,1.0,0.21950371163948604,0.05932149359534701,0.08189908624244639,0.1405500730716145,0.12746737325565222,0.11227979904610014,0.08219095129094396,0.11527804244360104,0.15545997973808015,0.22421765140761138,0.04137815434944048,0.09495840495793277,0.20671426390634187,-0.011465860968203574,0.14396438058164512,0.24589983939738444,0.20917713832526472,0.11319250877491985,0.20503862917110705,0.1384645037664928,0.06677068332969649,0.08323514356662702,0.07459761144513162,0.16638758444219381,0.12900176764858767,0.058825761611098835,0.021569691624116705,0.24437294639063353,0.1549572464227377,0.09604298812537795,0.2008044640538493,0.07577507107167064,0.2001366026754396,0.03662090973048995,0.23744956338132678,0.014475751572296277,0.01559226681074747,0.05267618775131968,0.020139065073098348,0.137078032490182,0.1325638227001205,0.10178521255640084,-0.0019306079298046282,0.060706975206492854,0.0702939662261791,0.11310767186716018,0.05271645459474385,0.07878283336380082,0.002212355918689166,0.1454806929683876,0.06000849886413424,0.10731943110295537,0.08297738294497835,0.10356472503692486,0.11532257762098455,0.1385210505717735,0.17550010186827664,0.12595435937679333,0.06501513318465102,0.06090668220501728,0.08683452869758065,0.15598311539917348,0.1656798073599781,0.15680707903332672,0.17742000191548415,0.11375148475392324,0.10003533119449105,0.0026413709307116836,0.15894602408983796,0.1013804200257992,0.09927264248970956,0.022756462811587542,0.0997415327210459,0.12712593955544216,0.16063011022685642,0.10588652767999618,0.1911492254862872,0.17193953889288716,0.11449148729292065,0.09286609969055347,0.11808490093400699,0.07766244931494133,0.08543399138725039
HTG.L,0.15094252243505096,0.07268208968275819,0.33626341945030574,0.34260070464644854,0.2511918486579762,0.10992035181527707,0.367482066819935,0.08761903521182234,0.10985717647316075,0.24417168713234066,0.2713459643717048,0.14883916943434053,0.22960829550181752,0.08050309932367151,0.24688566881057153,0.3378201291291286,0.2742485042981702,0.3257831783742574,0.46636021038490016,0.3655867354966959,0.07874509352218098,0.28369059081941406,0.23876459234361583,0.14691956008621976,0.29353919942165874,0.06364022060591444,0.21088403214828785,0.21190298960705176,0.1126415147061794,0.44476406302322813,0.16862963397216868,0.27119292162297204,0.05092861670966547,0.1706378475339959,0.1077484190617989,0.2839696611681044,0.10872907992048014,0.1518573811570861,0.2813877434631176,0.13335375542674008,0.4047097976104456,0.33359289287680804,0.24394921286449373,0.3430321596532743,0.27857418871363826,0.3971592538043691,0.37814993539203345,0.36632849942180273,0.22824630928874312,0.2382754445487061,0.17991424174759854,0.02832248695108397,0.21531972424888268,0.2508693149678202,0.10977002950300216,0.2180925855514748,0.22654259751165234,0.2721516948266909,0.11065564213196584,0.14232500355315225,0.2809311314434391,0.09531417495582355,0.3168361570344292,0.33953047925547764,0.3252967836944356,0.14679737689328123,0.11900981795008439,0.12957055691435662,0.023756190433933472,0.21950371163948604,1.0,0.1138312908010316,0.15068163611782293,0.2500291904435063,0.2653590389136413,0.2878627067894391,0.11588621693467745,0.23182142479875037,0.2793265101010661,0.3605163569512105,0.10879458403631784,0.25102276946113855,0.3473202412193348,0.07502804573793331,0.3181182926263029,0.39021106911974346,0.35781966473977367,0.3048338968409663,0.28265802716454125,0.24243295567774487,0.251718968139938,0.2419024899223027,0.14867848793584004,0.347893491549936,0.2630067262625763,0.154423256940848,0.10421417313715631,0.42261201750733923,0.2405245133312221,0.2247409578222181,0.38145653648115846,0.1582146262670042,0.3656009305868447,0.15434538787849814,0.41553335575932954,0.0708627583794413,0.08884613598539667,0.06222355386355983,0.11551867915399777,0.26214560787065583,0.33159286807253546,0.2712702319181743,0.08407131283110844,0.15789088989176117,0.16799388491228545,0.16237352946201836,0.10892008980633185,0.16571367352882652,0.01687449445969247,0.10311678124735285,0.1229509929152251,0.2469017945172962,0.11892409447867078,0.2069087681659998,0.2798427253707376,0.3005933268904836,0.37937621593201515,0.30641909203536316,0.13138724192829773,0.14940152630464656,0.22411437586793176,0.25085485065153246,0.2921114891409772,0.2942667500335419,0.3451354787653775,0.28554219486310267,0.2541952371775804,0.05976557531571025,0.3383445655840075,0.18490400190446454,0.2282631930968735,0.13002524618727984,0.216054725810779,0.3204241688213141,0.33253812806455113,0.21248951931406793,0.34153135526839534,0.3320489386879197,0.13218037487532508,0.2534983192486876,0.188897220601774,0.17504249357210128,0.18471057567086527
ICGT.L,0.07139554730537356,0.08721125234361249,0.18553532924749871,0.21630035133161654,0.18811094614777835,0.11649163510595086,0.14279134584580208,0.06832582577366872,0.0789707616954356,0.16376186064482165,0.10463029938990608,0.1299084826027,0.12638638353057913,0.04013097928325659,0.14173478183750415,0.23346760610336958,0.23297487081659443,0.2577037793536462,0.17243768512252244,0.15187016650263088,0.04182416960500454,0.20533643499978443,0.23366468623678216,0.1127109112568809,0.19912754619875522,0.06659556233754493,0.15959425359973342,0.07708888489008078,0.09270907208695142,0.2317907241676143,0.006696695087664152,0.13245357113070622,0.0638667425211301,0.08102266343474411,0.11773606734598269,0.1898990386993869,0.06657539102198484,0.07372895883887726,0.09486618070089416,0.1085108999199341,0.21341538527156123,0.2732580015720879,0.13325157209932414,0.23893230306904714,0.1671335001330196,0.19535762766939993,0.2701967940843474,0.24375979732532452,0.10961843308169067,0.11284527723398399,0.11999416246376116,0.060436772903126004,0.1224662012253098,0.23857074634303907,0.11011878634779798,0.14755149930874012,0.10982781759585308,0.1456116062881831,0.09192544113002149,0.0633524821412591,0.17845716118294788,0.09558896038161863,0.1726840090966248,0.2536600293356583,0.20126293876431603,0.2167751074996715,0.07030947891164241,0.0818486771118266,0.08987229408094873,0.05932149359534701,0.1138312908010316,1.0,0.04819392976823909,0.2046041245949312,0.19175132479612286,0.1455447720852697,0.02488728249507642,0.12671112880515187,0.18597757949278496,0.1991755107249658,0.16584382270367998,0.15938082388815372,0.1644876301101928,0.07494429429745451,0.2047840176302558,0.21546629170370665,0.23717216547918085,0.2503545324696154,0.20662893996228995,0.1655348365800441,0.09973000388830093,0.1375739103380772,0.06688886299774803,0.20492988963664416,0.13629398232590687,0.11883372489295002,0.05476978061881258,0.22566951039158178,0.13081526684166342,0.10945002222203383,0.2242785204815278,0.1080659672855163,0.1926039371077219,0.07477451149729193,0.22610539059200813,0.08863097816144096,0.052740877733626644,0.047747730870418094,0.10334707266306616,0.22967579897634857,0.1526636898923743,0.1606335563639105,0.07080004043150585,0.2225928339140718,0.11006339665453445,0.10793989740794077,0.12247734610261343,0.044043696505019755,0.058487284975234366,0.06850670234321617,0.023635305374941087,0.05104829545587838,0.08352516538102032,0.11571724060083592,0.11201647402598601,0.15744825780699304,0.13895318776602286,0.13466208059560764,0.06559354891872522,0.08295765609222085,0.1501645426184975,0.1857163701183822,0.2124233598773092,0.2133107275464678,0.2574604509684821,0.18203595370357953,0.05916758596482677,0.023065157587228283,0.14322798465494666,0.1157653727307671,0.15080383483773369,0.0913774793085229,0.13469240588165718,0.1675124503689205,0.22719606541654627,0.13005057764927658,0.15453261928081113,0.12719958751000074,0.1338423987049985,0.12489037228711992,0.11807354394676098,0.11002183516965638,0.17366090470577664
IGG.L,0.11224783991906141,0.04412979097668913,0.1950808612645024,0.23411981297579093,0.12415692316647435,0.05839885738824978,0.20795826036151707,0.021730430785079156,0.06739450337704063,0.13935313761388074,0.20975831358764863,0.11526463229091907,0.24886698132485854,0.036395635397909416,0.21588378743036238,0.2155633686605412,0.19596426475961015,0.20285102319736883,0.22206061163483853,0.19829768146563315,0.0501753521941199,0.21070745900027155,0.1518025066492367,0.1550799401622711,0.20508740363241068,0.02906327861493899,0.22463371112033156,0.12825555643976974,0.06613569781327087,0.2798232442799398,0.09158972170247658,0.23990428843675335,0.01842570728660429,0.14078990773723798,0.09006522928342357,0.2067413228471689,0.03656205246434632,0.17865146436206264,0.05374183288084277,0.1223050784988516,0.2705036945170941,0.18693481050337574,0.10299530246874722,0.21180304285028195,0.16970677246168864,0.2171754964865337,0.23468110101688286,0.24300816338031395,0.18404832164451335,0.12760241478064308,0.18330910825563432,0.0140062487825956,0.11303766309317885,0.1344802108271444,0.05349930544140231,0.1637086762456913,0.16320002280584414,0.20112672011063135,0.11155481831827803,0.15074695247602057,0.22199039184953592,0.06386522958782005,0.19192918080081028,0.24827088793205815,0.1843209494176558,0.08291238297138166,0.10231198885482415,0.11841612504450638,-0.005386655018793186,0.08189908624244639,0.15068163611782293,0.04819392976823909,1.0,0.11543753383937701,0.17082258634424827,0.20837861432689128,0.09052947673940924,0.18078100006139075,0.12964304525303383,0.22186976523038995,0.11635780833541652,0.23303675021097758,0.26280523679332846,-0.0504435192295608,0.2223370592642125,0.19377749899067315,0.2179190100771865,0.16802573224709488,0.17570581691480688,0.15558210402906714,0.1571689178375167,0.1655248409945113,0.11454275212880918,0.20606356996131198,0.23937358982663792,0.11226451921423772,0.026549611145302212,0.24618947360975296,0.208318142334162,0.15194633956015843,0.21240132520738872,0.1775933861478576,0.22829416599904792,0.11856593597319062,0.23915587032700147,0.041604285467681905,0.05787437955257313,0.039764339026424775,0.07562883144423727,0.11624414232634052,0.2316786892678421,0.1882366897488412,0.06988313199257894,0.0693638924135589,0.09991706234472766,0.12114430649600126,0.09700481882646358,0.12385350410229287,0.0056776163730819515,0.08004828878501152,0.06823294506394784,0.1963219253804032,0.11436071289392791,0.1801160518523475,0.14513066122925455,0.20210657532811985,0.19118238731968867,0.21117051703262787,0.09679191316364563,0.11040088058721043,0.18043089022467707,0.1661694460895869,0.1782943065463072,0.15801690332658996,0.22629097871619122,0.17791754659481465,0.11405206678727656,-0.03070332592920913,0.1849683667857022,0.1348579374182644,0.23567479842385156,0.10358874630248446,0.1875689576478281,0.24826697074825566,0.23239437355596101,0.14524591526063202,0.24932856189033878,0.21131893598518436,0.13426257781341358,0.2345604670295189,0.20068287915370614,0.14495389014201188,0.17955943528582125
IEM.L,0.18846484354339635,0.04442371144660575,0.253017392601782,0.37718251792461044,0.2959757592548088,0.13224154725359316,0.2712499083140961,0.10762467563473993,0.12606717107656282,0.2844041168324915,0.22905793133204866,0.2270090089261398,0.2252484599280437,0.1421418129373431,0.27246372668076607,0.3671253602231223,0.2724805162724654,0.3053334439933534,0.3860293780037824,0.30001322959989707,0.05047138005029799,0.29695947205192397,0.32170842493740737,0.14462450250801945,0.3393102388509901,0.1052529534059559,0.29249154850551007,0.18470723717376042,0.08775813525189832,0.4292839176853967,0.13549845494449536,0.22388601817556347,0.04669923593385694,0.1595425441950715,0.15698529814049503,0.2840274062665375,0.08103008059576126,0.14731406259048482,0.1311785706215044,0.173431876434258,0.38731397355675534,0.4048061430361601,0.11833821954949579,0.35058114013365044,0.26859077766582856,0.43365984700962823,0.42730891271813093,0.3422849560065313,0.1801697736782561,0.2375576809488869,0.20335670580131082,0.06149882801287606,0.22787054118407565,0.30564406488175055,0.11967501758379358,0.18414626139729512,0.21236966621063294,0.2727066605637251,0.10485089864307776,0.1335791052731563,0.2808033338557591,0.10301761829530576,0.2795166312412028,0.3379736084487917,0.34781492408622144,0.1310232083476617,0.15190026171660342,0.12063712971862434,0.08954217272734649,0.1405500730716145,0.2500291904435063,0.2046041245949312,0.11543753383937701,1.0,0.2470441330575145,0.20438036512476937,0.18722453173458342,0.2031160977127391,0.2944953259912926,0.3458667832631228,0.12300787663844835,0.26951247397066924,0.33484641185309094,0.06829483676358529,0.4418787424614301,0.4414324220491316,0.46622581939520086,0.33941137058549214,0.3566063096250814,0.32300915785790757,0.21330181431395112,0.20197967522529273,0.1373990704034693,0.4358652087535741,0.2288378692050211,0.14165345947872127,0.07179399903769729,0.4180259524346278,0.23499102141416942,0.20943119385072365,0.46586500125545344,0.20401548061470495,0.3302636726201082,0.1378564872044916,0.42468498771935503,0.0775363112271575,0.07443092855258997,0.05696517186003496,0.10340426051571924,0.3369466420174524,0.28678935194867017,0.18890792794598196,0.15174509047819548,0.2222976217236222,0.17741606589385878,0.1582269895988469,0.10244426027381698,0.11822934569911057,0.07529245984079014,0.11716082176556732,0.12430606987002643,0.17121588232823318,0.14844134421793131,0.22320593044047313,0.20922774762751645,0.36118953580348795,0.27044226304106195,0.255118047216378,0.16234267152382179,0.17934757984993283,0.1964396652432322,0.293131226911782,0.35649811806444387,0.3498674406337513,0.36769838741711164,0.23944730552385846,0.13914230386706575,0.049018455543289936,0.2879454985276674,0.18667084153897953,0.22236256655283,0.13112025831778276,0.2249688104663252,0.27392866174796837,0.35422297475383324,0.20599677136589936,0.2996716081537533,0.281882622905603,0.2215208490762279,0.2116458416501573,0.19667928763290748,0.19088640677330326,0.20753867132223985
INCH.L,0.16416103057627418,0.10624332811950568,0.37113353129705295,0.3924309484535088,0.2274555821468397,0.0992269348698039,0.3561523533534222,0.11044272314216479,0.1371275559200319,0.18513234495966044,0.29982504769235235,0.15384603851410805,0.36833338999365506,0.10051992053754162,0.3362255483778168,0.3386712214962962,0.2869122835686789,0.3131877440102783,0.36763789288669807,0.39857832426499734,0.051811842435313414,0.38500529149919893,0.27096640854197196,0.20237050162242393,0.2969170816933504,0.06964077575543018,0.3467702314215162,0.1796332981833173,0.0858667280910155,0.4399081850154347,0.08883892467138688,0.323924181221423,0.07964744194502549,0.20752485488639139,0.18204841741946273,0.41434653975925984,0.09757523484120602,0.21510545011329668,0.1919132407913118,0.24527120445575265,0.41275101696597777,0.3129822381162809,0.21758838338549005,0.3461399612322402,0.25432860140390684,0.41637546825530186,0.3959328985734826,0.3735678736460352,0.31509447193741835,0.25148508360469224,0.24692932248740057,0.05546151660337991,0.17928030319538116,0.23447403698999222,0.07240198776155012,0.2868516265242801,0.28274106644406327,0.40254809519043994,0.1329832006719762,0.15935606014264778,0.40497196940653635,0.15447110190591842,0.3963527638000941,0.3179348799622251,0.3005850085956646,0.09757014065151492,0.10125917566286313,0.1529518586345078,0.07363319640263,0.12746737325565222,0.2653590389136413,0.19175132479612286,0.17082258634424827,0.2470441330575145,1.0,0.30632846160391414,0.11851688071568105,0.32554016061596575,0.22281737873150453,0.431563037555147,0.15153709058929912,0.42953973920598465,0.38239355489165683,0.12791829359149723,0.37976486456158937,0.37536192996635026,0.35957150661677495,0.30978949836232605,0.3153636780025817,0.23576034095187215,0.22622841932009663,0.24121144525126406,0.17309107129656434,0.3439851655576893,0.34641974113607776,0.20768738862828443,0.12111111896183734,0.3803686977927916,0.3596107029304504,0.2717432113653902,0.3876174601221586,0.2439478045599149,0.45328350928922057,0.15498763239599725,0.38327541825033123,0.10809036344178928,0.07565626896597523,0.09167548196846032,0.12032412306712202,0.2539539376520719,0.36185430093926996,0.2913884348531569,0.07175777514166293,0.18347092859282582,0.14591796762208495,0.1919157199794713,0.3015870448594798,0.19859675150759948,0.06860015594344827,0.15768912227861107,0.12487207602563676,0.2661271315451685,0.1756654585104169,0.2624147180446777,0.29465096640806926,0.3037602920466457,0.26789789700941463,0.36912699014778316,0.1289766238100944,0.19022744078976325,0.3093572403753838,0.210883732409369,0.2882422383256016,0.24473323377166972,0.331756423851385,0.3079952049643054,0.16124526343080667,0.03115938064548337,0.3472639013634107,0.19114967780039985,0.3317897556263938,0.14958337133917796,0.2648272258897227,0.44537086951989585,0.408760813988614,0.3181396029792746,0.45264246949751197,0.3416562425304826,0.21369066327279487,0.3657510265529532,0.2676680071779424,0.34269929426070544,0.29551803021990836
IPF.L,0.12056589878955613,0.06255972401398086,0.33292047474448017,0.3249068460560851,0.19882034973136206,0.098935111197066,0.3196605665947289,0.09237001971173335,0.09499732140366296,0.17084491854276088,0.25481402781991735,0.1612314999070182,0.30097867539344836,0.045622923348420594,0.27370052975069054,0.286622857876062,0.26450523464635056,0.2830245368466493,0.3273526855636619,0.31817590673053664,0.0412509199406469,0.3453451131705023,0.22774375884212025,0.15374364142880356,0.2646698016580605,0.04349005443032824,0.2656993116240536,0.15483172089991512,0.09107045104397295,0.383001911535536,0.12135567421232611,0.2905064009720999,0.015008974593450438,0.18201295647072954,0.11268028636610913,0.3208613066016637,0.07933190979777925,0.16177798712051822,0.16459072052680354,0.15627353817693043,0.34374565630879894,0.275587368690126,0.1929904379435932,0.32166707607868467,0.22670811399952842,0.347076795338666,0.2902753350224605,0.3256382984637233,0.21909954633003914,0.21756350265373334,0.23184539637033294,0.029123955712943704,0.14281118502128268,0.1951997352660208,0.07615606680035117,0.22798412584646607,0.25463660015723777,0.3210981295227901,0.115411769124783,0.14484016863850693,0.330489123456834,0.08302820439165362,0.31520580792608893,0.29997383608794814,0.2548976683614577,0.11018165120368514,0.10135902741183538,0.15296040979140746,0.06034881083715363,0.11227979904610014,0.2878627067894391,0.1455447720852697,0.20837861432689128,0.20438036512476937,0.30632846160391414,1.0,0.11060756197338752,0.22506819125654054,0.22435784647814264,0.3538390024009394,0.14351389701168327,0.2907694942881726,0.32832237915520646,0.054417930449495694,0.27443408098989275,0.3230175168989381,0.2953205687733527,0.24035596350465369,0.2386879097638154,0.1936204623524665,0.20805734075872032,0.2073516212898234,0.14003219642345877,0.3090230286787868,0.3011739530664752,0.18947752332791792,0.1099556613673244,0.3192577348107612,0.2537426189912367,0.2053676114734108,0.2946120784337644,0.19554554552483913,0.3512104949047984,0.14549510494026446,0.30647106494951365,0.05871526516854157,0.0766627723635891,0.07974223126446726,0.13270891943845034,0.20979102889492343,0.3176998088137998,0.313407640502767,0.09764823482909206,0.14465296717742337,0.14096332859016944,0.10872509024877187,0.10803185913848257,0.1313241268385829,0.02394354407735989,0.11122687748372298,0.11121625821643782,0.20785108355769927,0.14490138399768487,0.23214801737088822,0.22468318769249954,0.2807639957564885,0.2533480853754928,0.2761840694035859,0.06863169493567788,0.1683530092505091,0.2374343096046339,0.21565566767551586,0.2613014405290375,0.2633401304703084,0.25669093305627133,0.25501756550179633,0.15165884782421216,0.006675365623817032,0.2911196015687263,0.17469090207155577,0.338208746904449,0.11908173173599404,0.19967123194660474,0.36791608454060104,0.3456658755198997,0.2059635287065161,0.35057074252601533,0.29063572461218734,0.134543188182736,0.30675382408419904,0.1824684232342211,0.1944902194030847,0.20325095751736472
INPP.L,0.302318573054079,0.024878460227757738,0.11518521152844512,0.27319497986733043,0.05086587364945179,0.022636506967168294,0.14578751401431395,0.0574028499545201,0.08326895592381155,0.10706925538704223,0.09180935054329888,0.16168189108691122,0.17350960390652737,0.17281020834124142,0.12015878347780679,0.11072953194540988,0.098245985106205,0.12699177924086066,0.15767195695028638,0.1378115658712979,0.035652893923111426,0.15781795735377924,0.06563389054270478,0.0680477036010971,0.22997726693714074,0.020936568052701256,0.11286333914868751,0.06102101984297169,0.05751376970848499,0.27861488811701673,0.08118174836636735,0.12659867767577274,0.014730288836647162,0.10107123248345887,0.1507831638790517,0.13947194689386597,0.06223892877153462,0.08212720192179414,0.07958459021546314,0.08927103735159389,0.26108554474057016,0.07261947522513193,0.0382480598502633,0.11667292868877757,0.11295027394083525,0.19733695729376152,0.17729848755131436,0.13730038234772626,0.11179188119571883,0.13736829343148954,0.06166658041488962,0.006734864517991967,0.1627554188053164,0.10849962311538895,0.026114558399652005,0.08958391430870957,0.14168772196216117,0.1461722258977464,0.04400726248000492,0.1335326149301849,0.1525353578781824,0.058301027317481685,0.12264125778858999,0.13399623964876453,0.12315865605268686,0.06615070774444994,0.39128730412063517,0.07907257874341377,0.03394057145711192,0.08219095129094396,0.11588621693467745,0.02488728249507642,0.09052947673940924,0.18722453173458342,0.11851688071568105,0.11060756197338752,1.0,0.10276834348184191,0.07570447163805846,0.12362290236153586,0.0882390520519181,0.14030448194677106,0.10876461463532493,0.0016752633367864078,0.18739396228283592,0.21704740346053106,0.18525656048240427,0.08015666862050576,0.16747325929787654,0.1846307811275153,0.13264394035103963,0.14720900534247128,0.041829460539512066,0.2619590816976759,0.1334741860366507,0.0685562778213077,0.050620703868542664,0.24240092640225935,0.13937645680945315,0.13202642160931782,0.21432185713655302,0.1292088937491602,0.147498798018261,0.09142684273342257,0.246842859353603,0.0589485642553014,0.033447827679953086,0.021496178395329642,0.05102059722114107,0.06894569609938597,0.0859163524617777,0.09741073886200238,0.050785811512539476,0.10931320622908716,0.15789302423383714,0.08697528014092816,0.07562878623619061,0.08611728490660583,-0.017417314516180244,0.08783764416067986,0.03375691201460142,0.12814505609294025,0.10733081574228034,0.16802066822422876,0.14293575716508117,0.27075435294365313,0.14087165505171473,0.12751192520868015,0.044295478972032884,0.11601816391925282,0.11067819451782238,0.09460503687261529,0.10401993538606347,0.08362423027473342,0.13656252252812476,0.0939749778473292,0.046418831718673545,0.08274040576734039,0.12175939776468522,0.10260404773604853,0.16741717824289853,0.07059462179813719,0.07805034775365678,0.1305687597265162,0.2117718772485205,0.10292582548338146,0.12456653608871511,0.1274242949391913,0.09444710114369523,0.141883076607324,0.1245403819217565,0.13714897081865146,0.07589268111227461
IWG.L,0.08899560340648736,0.08200773179192823,0.31454750255093306,0.33194723815701227,0.22775802695254313,0.082322169139854,0.29139281038759907,0.08611187618553336,0.05196038895738239,0.19426802374941313,0.2744330913019447,0.14158297784536542,0.2939272904521442,0.04988595122599334,0.25018944655509245,0.2801896764377557,0.25125053763292987,0.258403714437383,0.27863201984524916,0.31794116026615754,0.0653518099205313,0.29006010711117164,0.21304174031008033,0.14768420653778208,0.26686557483488677,0.05650000699417138,0.29448627163489505,0.14246415521696543,0.12718398104919115,0.3854851560926733,0.1041433709051912,0.2817883389118859,0.058535374665742296,0.176902845402547,0.11944193645698872,0.29444050056136684,0.0913137490499527,0.21887858178231206,0.15762795344833586,0.1788447657966792,0.31139845807650873,0.26618937670347115,0.21715817432716342,0.31542985761017484,0.2030253919677799,0.34152449827685016,0.303064237781283,0.29101842598012634,0.23777556239939632,0.2205615517815484,0.2271190526861008,0.06930166590011469,0.18092950004576747,0.2074443154401984,0.05679800095266798,0.2317259023933483,0.24931409846750707,0.2842185185060833,0.15030847484533244,0.16813574236811588,0.3045839765437799,0.04663823664121502,0.32985059701977304,0.3119153777331726,0.2392905825628889,0.10183723070349487,0.10979923468174317,0.12545822337436538,0.03544072436023203,0.11527804244360104,0.23182142479875037,0.12671112880515187,0.18078100006139075,0.2031160977127391,0.32554016061596575,0.22506819125654054,0.10276834348184191,1.0,0.22028516095802103,0.3319390991759598,0.12438786168390607,0.28935081833559106,0.31357632462969676,0.0580204873484225,0.2853970273283128,0.2892607595772461,0.2985738572120458,0.24622646272475882,0.2413758352975759,0.2203341983740313,0.22538493547996494,0.24196735147300016,0.17377387973637912,0.29537037737977034,0.25784584893722334,0.17691325908572575,0.1084816598139757,0.32845570702422733,0.26928320163319314,0.22113668936340192,0.3070762953732993,0.20532088319602784,0.3388198797036748,0.13070117325605016,0.3142847073579537,0.06938267682864385,0.07100996389725674,0.04276384404753546,0.09523167863653205,0.19029135484531007,0.33777517033136323,0.2874490500628654,0.0714963742123701,0.11170542361306222,0.13272684023292874,0.19758822924511926,0.14677414207852635,0.1668721434076117,0.018875411177340238,0.13645471059632663,0.07039796213706165,0.23155883619091389,0.11694628910502251,0.2271176054011016,0.22896603396534815,0.2793256828227544,0.24215310549104888,0.3015258574788493,0.1293257641906059,0.1918003536734822,0.2348819093582911,0.19777727959364597,0.24424163225333154,0.24496064778921617,0.2607419627346108,0.23768372298069088,0.1947319732023318,0.01518192838042631,0.293043917321987,0.18215470626883706,0.2836002058255438,0.12107154716191444,0.2160119181067352,0.3278934225678003,0.3482379560730531,0.2094579871225589,0.31989294938010754,0.2831857416874694,0.09265670450538407,0.2988116367670747,0.2626988552842132,0.24681243765843475,0.2081849186733346
IAD.L,0.1285102575976672,0.09939137922695412,0.25643219249114113,0.3089002133047109,0.3855689406442651,0.1480263728792057,0.2976135507692808,0.06582637614980438,0.08110734434756146,0.41205523765411256,0.17661987271357546,0.12451478995032289,0.17376223692557557,0.06668509798160169,0.23717096311263586,0.43092134840347895,0.3678912677928597,0.3378457462313406,0.4159058285355318,0.2640258440322583,0.07298856565337149,0.2748019251760371,0.3844793134749871,0.1421326384006112,0.3285249870394432,0.1541361677241497,0.28911048292633457,0.1300315655585555,0.11154148244384365,0.3979946444063865,0.13404795854770632,0.2063974689084821,0.07854960339625087,0.17845492067746035,0.13730667045379968,0.2343578202095342,0.06259151049724285,0.1437364149995301,0.1659364239903344,0.12343494100414217,0.368266582823081,0.44745216937049864,0.2005941573623642,0.4091003037222696,0.3866441982794613,0.4057358574924496,0.39011429077659054,0.44920394759195337,0.16258616186247807,0.1554554715490907,0.1618628840810036,0.07570045969993483,0.20155016849376808,0.3706873025262884,0.18280692181390235,0.17377353204439977,0.20534435203877816,0.24602633478466499,0.10226173857324054,0.11324307364375767,0.2782776354898818,0.09078013631541139,0.2790333868580392,0.3735229344700489,0.3962423403051867,0.1609666630555638,0.09996266879594712,0.12381348285742814,0.0865228814337616,0.15545997973808015,0.2793265101010661,0.18597757949278496,0.12964304525303383,0.2944953259912926,0.22281737873150453,0.22435784647814264,0.07570447163805846,0.22028516095802103,1.0,0.37336829989999554,0.14583271471062273,0.23080905907819704,0.32090010381702644,0.09678052742301803,0.4244764570197889,0.5461402132480373,0.4050630594806326,0.4521249195862965,0.4698496287287303,0.36339740659182346,0.1917113125741652,0.14909305737197026,0.12631228831292884,0.36980981434210697,0.2765547966564846,0.140620689495561,0.07609471007107749,0.38305885564639813,0.1811044743220138,0.14794276195347325,0.4211314725702749,0.15415015250249528,0.2821028684152322,0.10865091624346555,0.38102046499105485,0.09647910539973654,0.06526072228221695,0.09330646397541957,0.10068342208189801,0.5731976048713182,0.27368967736727734,0.23094772245723189,0.16108527222314667,0.25926651930055356,0.12208834416420056,0.1756785379535215,0.09343825416292985,0.1671326914213408,0.04424003239197107,0.10166987768264385,0.12958825067817994,0.1597244578659744,0.1000584646629535,0.17717935069711513,0.2318042442981553,0.30323020011276564,0.2792252378357865,0.2829889745845075,0.23251543159527466,0.14268449100588343,0.1752006889885726,0.49137882218431417,0.6167610400716838,0.4921069013817017,0.4174921593188849,0.21552705137358857,0.12782393612187468,0.07606228285504837,0.2561868873666251,0.2099162329110277,0.15235541660990767,0.10954197054221544,0.15712543336161247,0.22810404713872467,0.3423864740854774,0.17604269219216617,0.2807199526825912,0.3025243426380361,0.1982318880490916,0.18847318740859045,0.13988621001620616,0.17022541586281073,0.14729985136376297
INVP.L,0.17750417481352546,0.08571531062978754,0.5023310239382273,0.4450048165324678,0.34545362204692737,0.1114074980380957,0.4761304827860474,0.11675362989577488,0.1219719787856947,0.3036315177349338,0.34093195518448577,0.21259678748406466,0.3883954705030593,0.1379125284831091,0.38016340705036533,0.4545732282836425,0.34615755243772284,0.3742171870220562,0.5493409267736369,0.4325661488856369,0.07703017721760065,0.479559579114829,0.36896582082118445,0.2231044421133075,0.4004738044030887,0.07208751416238438,0.42851949019683744,0.21852103597691505,0.12824046363769462,0.6041293219490221,0.1515471822989779,0.4110415723683598,0.08928243113914648,0.24102735334554273,0.19577197819894354,0.43783400502163755,0.10359350111775074,0.23565047001164532,0.2549587901767864,0.22468427209095884,0.572402192552196,0.4357438441482096,0.24907154025652067,0.4946916076353458,0.3465918725971183,0.5592254616929425,0.5176438416373079,0.5033195789431976,0.33981010575979187,0.2660864243040611,0.2806514568449956,0.0680999244478804,0.23555144001272732,0.3044246109252007,0.09186295672580964,0.3025030435972695,0.32132427777148875,0.4309955584123646,0.1525738739424256,0.2135878068674271,0.45094434253182136,0.10548724339209524,0.42162315669885597,0.4365693605791363,0.3440529332837637,0.1866177048241866,0.1552205004510791,0.14138274201270545,0.08633213098764488,0.22421765140761138,0.3605163569512105,0.1991755107249658,0.22186976523038995,0.3458667832631228,0.431563037555147,0.3538390024009394,0.12362290236153586,0.3319390991759598,0.37336829989999554,1.0,0.1974323018468376,0.41332855252964823,0.47867391119630004,0.12886953053821978,0.48841703367726164,0.5277879640737122,0.49348248618131696,0.3993759045230656,0.40126770489458785,0.3384966466677332,0.273921746315885,0.2883767834786765,0.20270394974764328,0.4552188654212617,0.48314294503049066,0.21228276669179372,0.08095413172102907,0.5358381570017233,0.3615924645184181,0.26342771970607226,0.49440608237884076,0.2559928658417957,0.4485689732406584,0.18195096736186378,0.5035709417738993,0.11013604705321767,0.07128945756404684,0.09378574639833867,0.11276923667465615,0.36368271712328726,0.42540987073907716,0.33407509243295813,0.1178718957136279,0.20410029027045287,0.18881136363441697,0.27120170888349676,0.1306770326975344,0.21959199234060148,0.034533745121148415,0.17001484222509006,0.1791375448295956,0.31168189116188105,0.1815809089399178,0.323994203680204,0.3244413372277649,0.39517502306404806,0.3753834694956199,0.4251049633355352,0.17004790697598754,0.19309920422359997,0.30519667270530454,0.3491361260397535,0.4231350364792446,0.4325894869744476,0.4493191159366187,0.33219263513481356,0.24042166282556096,0.03515002624673957,0.3682156076416129,0.25434199228826837,0.29833717492029727,0.16873490661768015,0.3924858942016948,0.4506484103379727,0.48648819221435846,0.30707976585949187,0.4468305486487069,0.38519804143323205,0.17845747770446355,0.37592477685841985,0.23631149051986516,0.2884136849931283,0.29402707511773013
IPO.L,0.09664228031841579,0.041317466927215836,0.16956929904193616,0.2275356179868206,0.15016697266559584,0.0781020535319652,0.13951777183763778,0.04872631499829536,0.06280001977296748,0.1689693337335631,0.13596896922948778,0.13750404681881137,0.1853752401678335,0.05403808784440083,0.17776337494681677,0.19698707401966656,0.1966554695891719,0.21929608601333409,0.13140325280499646,0.17730587631456154,0.09966946740021496,0.16514186965758915,0.1634511019793686,0.05748926424078881,0.17791808976457266,0.07336526827419619,0.14274402383484236,0.1032481547002172,0.11637646594060234,0.2009936654108461,0.1008319145601911,0.16346011595696308,0.04943510354903359,0.11522618712256294,0.1498159842480555,0.20075544882022445,0.06337199094830816,0.1341633075444564,0.08779845000623633,0.09812456254061218,0.23895743374456663,0.1482804468238362,0.15067425913941343,0.228307723306841,0.1402021036118888,0.20896606010472388,0.18757014167909777,0.21320102433360325,0.13140037272816382,0.15517001847502948,0.18603675958732135,0.0459705744710699,0.1536961422778334,0.17821473987500383,0.07731865307396596,0.14080698285570412,0.1701052491916025,0.1751902563984267,0.09179626954521976,0.10821043400493695,0.1543569067313486,0.0395207325045387,0.19242598692605373,0.2384025451587088,0.17694746476701367,0.09189027421405686,0.09651379435193105,0.0939912941306893,0.06652158088862138,0.04137815434944048,0.10879458403631784,0.16584382270367998,0.11635780833541652,0.12300787663844835,0.15153709058929912,0.14351389701168327,0.0882390520519181,0.12438786168390607,0.14583271471062273,0.1974323018468376,1.0,0.19445582466838596,0.12494032403813125,0.09751018921587988,0.17477524164905478,0.16374700369845685,0.18483570161958732,0.17639494542288098,0.1378091487454009,0.1309871609525418,0.14276701149077933,0.1451620083608517,0.10147768560995957,0.18601172106467434,0.14151442258438643,0.1394991819278254,0.09905362594808538,0.16077228620494674,0.1606759292461628,0.13404121872793373,0.17930046366023644,0.11135573446416545,0.18358072024903763,0.08173172806175658,0.1841556605557476,0.13155047130724382,0.03484716910708213,0.08366149403262962,0.1064505579708253,0.16645172304717387,0.16443507717156028,0.16799171271449223,0.0974149434595352,0.11711988362435324,0.1306389180747714,0.11026948683890579,0.11846965783620558,0.12457965687413372,0.04031844022852132,0.04410536821203632,0.07938160775271026,0.11976908575430444,0.11944977064277176,0.16945098590548452,0.1556798678922714,0.1365551258035739,0.15119129278213625,0.14940197093445992,0.08571615890180372,0.14366751756176105,0.13644901807780677,0.12937252431798274,0.1275695866434418,0.15666727168589467,0.14277616810732296,0.16196764943272327,0.13211121564585296,0.026326650843891346,0.16768611472874734,0.11107300307789388,0.17860417690392721,0.09879228318409683,0.10952284997735283,0.20210681922748922,0.25137946262652466,0.12823862461440266,0.13699638254119478,0.17830692341417773,0.08876857642239241,0.16832324214363578,0.14130118133814262,0.17193782153389386,0.1903494523986651
ITV.L,0.15441435792673136,0.07093472838680824,0.4026911498159047,0.4111520016196435,0.24341686435755036,0.11635001051051873,0.3423092854121188,0.0799719104912129,0.11324685778009086,0.20319836487117915,0.34617192212048026,0.17914714055190462,0.4411861774847298,0.06864066448319305,0.319979633567939,0.35233787683671003,0.32156351346289624,0.34028940475759556,0.32460799026623227,0.39364716394187416,0.09255511225937292,0.43284964834009587,0.260960783579161,0.2302089118296109,0.33661906696428723,0.06354576784747705,0.36763744882396115,0.19160125892497853,0.11761421613957801,0.46296262275154365,0.11963968668159886,0.3762651131392157,0.023507690289133513,0.20196963209984958,0.16737250633113943,0.4526133491110872,0.09868528224860412,0.23075786924602903,0.208490089101838,0.25212104472412483,0.44308161195123813,0.2785346508065961,0.22485748174406195,0.38023407821855265,0.21836253491188104,0.4513869437741478,0.41592946564966,0.41158206914482615,0.3262465001299658,0.2968305796282007,0.3261256583094711,0.037218943833005044,0.20099449745287112,0.22947655253902974,0.05297636956930998,0.29222633287116395,0.3514976730564304,0.4096173631873739,0.21672684390150143,0.23751248355497545,0.3943042528214213,0.15102377690081628,0.3971440335239261,0.39837241863744544,0.3305871193444154,0.12091023511518685,0.09741652521206172,0.15433948628798555,0.05247196770553283,0.09495840495793277,0.25102276946113855,0.15938082388815372,0.23303675021097758,0.26951247397066924,0.42953973920598465,0.2907694942881726,0.14030448194677106,0.28935081833559106,0.23080905907819704,0.41332855252964823,0.19445582466838596,1.0,0.40473594829487775,0.09634999461392298,0.3658486930538708,0.34990798746835694,0.39478233429747506,0.2918710485069537,0.24824082849131307,0.2447376229553426,0.2593466597249629,0.3107555882131112,0.1623029388880077,0.39143379673555484,0.34836131308907187,0.20843131966523154,0.11616122101164911,0.4114575494569763,0.37856765767987116,0.27423592295380783,0.3911722155595066,0.28903558367776094,0.43633858437720163,0.1730245826179574,0.4019640581605773,0.13604667311085555,0.07713031719693979,0.08822690320359361,0.1177660053014127,0.22388950212385889,0.4265838238477978,0.35443255007188024,0.14384984936610107,0.18252858024362678,0.1602836830577865,0.2564502328363608,0.1925853746632709,0.22619124554180456,0.06479049277060746,0.14897868554058555,0.11848898449824263,0.3098394628260965,0.17324618468634462,0.26669875933361537,0.28141791089581225,0.3545521464450069,0.29452094000073087,0.3550863420243052,0.1265154301233556,0.20358495459227016,0.33808797227007453,0.23725079390252185,0.2731085677413962,0.2383061019181822,0.3617001209733871,0.31516869347576265,0.19145006729605812,0.013961036026314827,0.35387912554517953,0.22416999154102504,0.38610487951017997,0.16035845400270818,0.2598898925867299,0.46549147266462676,0.42653665278779107,0.3134146797343043,0.39310427703134615,0.30019200689791503,0.16687554842479035,0.42475609093110667,0.2925239310776674,0.3418100895134945,0.30148886522564283
JMAT.L,0.1259856166035994,0.07048754662461214,0.4283399149815612,0.44182453917479586,0.31610738904687363,0.09186497517148684,0.3912781490362483,0.06926304363505657,0.11573197069015603,0.3033577714961336,0.40333570275993724,0.19196471707750587,0.379832134238726,0.06402162562387761,0.3316595999608853,0.43059833703462963,0.3517129708360534,0.37269372492115466,0.4979188341883131,0.4544979754965859,0.06821566149835286,0.4323442493230868,0.30665057154482245,0.2339281608742064,0.38300884824913406,0.10075249650762395,0.44603482948968,0.24964775194299768,0.122777382032416,0.5902628820678065,0.1339746862469173,0.369703870237475,0.077912096577474,0.212647076931626,0.14374499805227992,0.3951150345858539,0.08477787481734994,0.2559405222776468,0.2183308457009398,0.21353143065227734,0.536075704871938,0.40335649802897466,0.2871731096296845,0.4565165772533374,0.31519323176989184,0.5353777113844838,0.49460163605395635,0.4877590499103884,0.2891628722310044,0.2677658623464613,0.2303050198441149,0.06482681766078315,0.24864270737219885,0.2965716141187272,0.07752236092468917,0.29867671278924507,0.3067118443839835,0.43563338984341465,0.18128181063628862,0.1844479714530961,0.4224191681903886,0.08792993228134605,0.41924163163184625,0.3991960494065173,0.3746305661599734,0.15262078452486347,0.13949151894330622,0.15118625071328223,0.0857755044039589,0.20671426390634187,0.3473202412193348,0.1644876301101928,0.26280523679332846,0.33484641185309094,0.38239355489165683,0.32832237915520646,0.10876461463532493,0.31357632462969676,0.32090010381702644,0.47867391119630004,0.12494032403813125,0.40473594829487775,1.0,0.0953000973007224,0.4540901660535939,0.4713318875169225,0.4689492126327422,0.3899050457871861,0.3866953666289175,0.3428517830275775,0.2625506864684319,0.27279399015383343,0.20292750577677957,0.4352732280760216,0.39201608870866084,0.1777290143034528,0.09632128358614096,0.5342295835927364,0.3309375127615932,0.2981701490703397,0.5177567721167353,0.24237922608228604,0.47130935940524926,0.14540223873726515,0.4992798276434258,0.05076883056945445,0.04875908973717075,0.06642295223531981,0.1361255806218832,0.3261002024923428,0.45143425332350956,0.32313319308929,0.1253599949454488,0.17817639253216253,0.18047247370296138,0.25388152161146366,0.1199114514463342,0.20134021741183084,0.02805202914993611,0.1411556737722926,0.11864556862680385,0.33909757130343543,0.16693186869171414,0.26388097583807774,0.3285313200458505,0.39507328203848446,0.4290231645360504,0.41852077077192734,0.16980039098113517,0.19533923238822587,0.2709039101578449,0.3369903651327243,0.3789372409620832,0.3792308685206185,0.45424227107891435,0.32681934333922724,0.2934312724067244,0.026423372622650494,0.4380399890055055,0.27469375861552114,0.34194143061336923,0.13984681867828092,0.34869373271630694,0.4954923473788947,0.43398363677499135,0.28030332798394697,0.4408762610228057,0.4634971665659581,0.18648434155584787,0.348676133208153,0.2805008955491533,0.29560250432838975,0.26758899971344624
JSG.L,0.02425131064945364,0.05593132683035709,0.14366750575178056,0.09562291276648842,0.10274477196496451,0.018565528752191966,0.1275948654769461,0.017431485923164694,0.07219642663555817,0.0689923703649252,0.1081391713067776,0.007684728766647324,0.09583856960823987,-0.006530907028192676,0.13119949984349039,0.11747521477341061,0.08532846185897221,0.14091918602737444,0.11564824804709402,0.09904081104242073,0.06887228692941293,0.11728865230528443,0.11107958931140077,0.04187956071189195,0.09110398921060206,0.03650372155053299,0.08396504881397927,0.046642084339867954,0.05393084118795821,0.11806140316869043,0.03225869691315729,0.075964372821999,0.09032455670396236,0.03744365813883291,0.008420307011127098,0.13527622819655516,0.036099527571066915,0.07763820888962618,0.07443747865694746,0.042491081966825266,0.13367219412507356,0.13578414976158662,0.017344534621031797,0.15144678080945476,0.08097582796455541,0.12893428801628387,0.11650753928655105,0.12206648071034777,0.09250578141607807,0.10700723338015537,0.01509275217109841,-0.021361735648338324,0.03077330693146279,0.12442296189330235,0.026387195090190142,0.14241742477990027,0.1174575132159093,0.14964681899055174,0.06167239758433781,0.03322041783256117,0.11451685724566414,0.07009314716055214,0.12077005225553968,0.12516792265568927,0.11944247862356668,0.08033476449251223,0.008328489584016973,0.030164546375964434,0.04573992635774729,-0.011465860968203574,0.07502804573793331,0.07494429429745451,-0.0504435192295608,0.06829483676358529,0.12791829359149723,0.054417930449495694,0.0016752633367864078,0.0580204873484225,0.09678052742301803,0.12886953053821978,0.09751018921587988,0.09634999461392298,0.0953000973007224,1.0,0.07217416356242573,0.0862739150347279,0.11264350197883465,0.12596429436373863,0.09851978868536122,0.03606003231603002,0.09429904697615968,0.09227046301054753,0.029120848635266292,0.10579891581688612,0.1160850188597061,0.09209862139973331,0.03927547045912339,0.13117640345224862,0.050221081013096205,0.06954186374267579,0.14092404976135664,0.054800359707384665,0.12823677083791502,0.08330001894279049,0.11232795143898856,0.03641683034243492,0.029718087565539588,0.02283525956658008,0.03230539839229557,0.12818402296149772,0.09800344790005061,0.04986576355611908,0.08576592141231061,0.08248939623347444,0.08060619379841774,0.08898569113478264,0.12169639395173908,0.06725494536082997,0.023181381239586425,0.06022652924271556,0.08964265162890105,0.06239492555383483,0.052346073695660994,0.06204821177204664,0.07565541787673502,0.019139151782107403,0.07234998694599344,0.08302843455855545,0.023401804445468192,0.08026716755401896,0.07596298525972896,0.11874723745951452,0.134043104754828,0.10086103642371944,0.09930529242345956,0.12030608354335444,0.03249830280911973,0.02726223236524368,0.08368858477730261,0.05064119959374353,0.11685856409114796,0.01776495306924329,0.17603109692660715,0.12502077872885722,0.14291111923282074,0.17877693138256412,0.0915531216986093,0.07241719084347596,0.08799958688920319,0.12078802435516722,0.050498708977261275,0.12984629434717235,0.150628706486695
JAM.L,0.21127271887441793,0.061556791622546334,0.40661180070637526,0.5080982670268038,0.4693454989386098,0.14054643214646406,0.37187631662536186,0.10133745156020603,0.120087580647782,0.4079042269442882,0.31210709561856176,0.3079586266636644,0.2907601159179362,0.1527356951804949,0.33535665719280183,0.5283506213205482,0.41993611707251066,0.3772509398799213,0.4914795467667241,0.39606436915912613,0.046065089661197975,0.40852732509159173,0.40389681320548704,0.2036880643954223,0.4878459717458417,0.10626434742094704,0.4911040812633108,0.2207906936107038,0.13208890198265325,0.6494629042412616,0.15420001952069723,0.38308622629970046,0.1238887136668752,0.2331757420221096,0.26068667743011675,0.3751953514895437,0.12271530599196957,0.2227427910159878,0.2189197019830511,0.2590204957163223,0.6118897652807137,0.49498511253990896,0.25847697698546057,0.5196708449333494,0.4094982840466773,0.605590586192373,0.589503347196149,0.5724703433956941,0.27091735927844574,0.2595149539782597,0.2608316226183251,0.08011946405600094,0.32377236626826655,0.42602550122673305,0.09838294362780295,0.2511689406729051,0.2559711087428661,0.37462496427114483,0.1776841888823614,0.2191666007966721,0.38951541272129575,0.11176389536000478,0.38830448442637094,0.4276197151538129,0.461145087715726,0.18222981796454316,0.19790614008516058,0.17870174606434738,0.09827679065841834,0.14396438058164512,0.3181182926263029,0.2047840176302558,0.2223370592642125,0.4418787424614301,0.37976486456158937,0.27443408098989275,0.18739396228283592,0.2853970273283128,0.4244764570197889,0.48841703367726164,0.17477524164905478,0.3658486930538708,0.4540901660535939,0.07217416356242573,1.0,0.6089066338896912,0.5596349683629696,0.5014717515642065,0.4742758363243292,0.4798855952230046,0.2919850957235289,0.2749959882579178,0.1930275390061179,0.5716555905892602,0.38418562418057234,0.18506334647260025,0.07087956825663469,0.6044105124438338,0.3221631820026702,0.24835054221550368,0.6513457025015039,0.2637414057016006,0.4292429438940906,0.1899082545430399,0.5711118327136889,0.11164915665849633,0.05164132522534987,0.0809119994251592,0.12814185460277253,0.40592326804620016,0.3843560409562268,0.30333589688136847,0.1223012843460097,0.1584908624887282,0.20657770903001724,0.282249829822284,0.12290952591619174,0.2026158855664435,0.04681611230263958,0.15048910855655323,0.12775694877497648,0.2710235380994668,0.2146297389326205,0.3239819893466225,0.29905387851633397,0.514612134291415,0.34645755644507115,0.3979564092003719,0.23610210225676803,0.1827169234336886,0.2641524223382637,0.36933545766358183,0.5015395470571653,0.46029115954300404,0.5476872313597863,0.3081762448016145,0.2036516917730967,0.024783050705458484,0.3613377891446434,0.2725729129534386,0.2932363950683384,0.1955539823341272,0.28395711760358094,0.37818577757175853,0.5029127695023701,0.2725615583069356,0.40143513091802746,0.39776595639970697,0.21247279729205093,0.29180736647740535,0.2813745721095883,0.3057912988954261,0.25777760353973606
JMG.L,0.25577647032072015,0.06855131837422239,0.42406895317180043,0.5006131284532085,0.4073802332818443,0.13346287362326764,0.4327931759403217,0.0751785075850665,0.1284789919538336,0.44010031060914095,0.30708125261085767,0.24416603601578635,0.30452501503416524,0.14337015011803264,0.3593268083147478,0.5232798678368139,0.3749379284754589,0.4119675613443474,0.6238827061415125,0.42277097485505577,0.05131201548133945,0.42225621552829373,0.4208124639234635,0.20461269959843564,0.5089244280443425,0.12627315125917618,0.43407118795943533,0.21591731725087457,0.12135372072427424,0.6774891553741339,0.16558996215231084,0.33314054335867677,0.07529518540257854,0.2593456755355316,0.2090137248714833,0.38038541057399405,0.10401348729246528,0.2245174812148169,0.2632104732936746,0.21811603568633836,0.6189205953377893,0.509321749171956,0.25721614445118274,0.5170048583690017,0.4781286556304234,0.6359771611350336,0.5770509513154516,0.5569550622355453,0.2572825688062731,0.2690742915852123,0.23202288513696193,0.06624685735230779,0.29931738580958933,0.3966397728999244,0.11396797461805251,0.2728208433230924,0.3203179042609079,0.37634898198200384,0.16851305553994597,0.22570974183476372,0.416913856093344,0.15243434946908394,0.4105899582744827,0.45159398827396025,0.4645204119448763,0.16348452636782543,0.2202608525767076,0.12189124982069317,0.08322195807533225,0.24589983939738444,0.39021106911974346,0.21546629170370665,0.19377749899067315,0.4414324220491316,0.37536192996635026,0.3230175168989381,0.21704740346053106,0.2892607595772461,0.5461402132480373,0.5277879640737122,0.16374700369845685,0.34990798746835694,0.4713318875169225,0.0862739150347279,0.6089066338896912,1.0,0.5689648357049952,0.4834322030764566,0.6254876781679269,0.4509164616129366,0.2814919915451996,0.264606402214707,0.1935467231608177,0.6083030185472783,0.4079958083836966,0.23212172798578554,0.10311223599444275,0.6115789614435997,0.32525327188239433,0.24974469325138096,0.6754828821559405,0.2714189469095999,0.4525209044080869,0.15641299030691805,0.6381990855954646,0.08821615751593082,0.04872182684714349,0.09516293129781934,0.10308270998026653,0.5099515907861268,0.39280334991039234,0.32417303201945225,0.16485513290166595,0.20420613369047824,0.22832190290059232,0.27848901455160435,0.2078012070985759,0.21020857041970137,0.05012238361301677,0.1310377845573503,0.16307231000215705,0.30425214762741437,0.21513024125755367,0.32714974397353774,0.3643294977132755,0.5058741408059869,0.409091851193374,0.39175708682064475,0.23565660270432276,0.1723334789276154,0.2619482335748852,0.5027904758845348,0.5994139214859335,0.5362974249497994,0.5406419287633045,0.3471850940194694,0.20878962352065866,0.09340639937171004,0.4088308266156873,0.29661017533751566,0.30971538372399876,0.15645523873799372,0.28342197755771853,0.3852166237959581,0.5173682609017964,0.2948915027956027,0.46580877661704423,0.43732206982482064,0.2675603975565975,0.3120733438632354,0.25779642028655775,0.2690473567221957,0.24462462517111452
JEDT.L,0.24324366997518684,0.07722514548386347,0.4182941677689677,0.5321957858761057,0.40019704641431797,0.15005731465566421,0.4089710542118567,0.10070778348653289,0.14735263368444826,0.4040303204542118,0.3648403871325707,0.2648776128572901,0.3483505032826247,0.13782093915394186,0.3435402594124226,0.5718541964474614,0.4424401277828295,0.4498473052813482,0.5100410900236086,0.4382612292268137,0.11148618323876874,0.42585174364869766,0.44085373826617164,0.21858735583826983,0.4932272266642889,0.11639206185089881,0.4145030567785927,0.23498351465184006,0.18009580584320942,0.6356069068182563,0.18293354797071743,0.38968377838114077,0.05218965894335189,0.2700384701131172,0.22643130812702675,0.4120195537095873,0.118581492692517,0.24154895362376916,0.22478803168872924,0.21764487995932266,0.5924173523654698,0.5098431931273758,0.23373845751460462,0.5537185455879563,0.37159191553740717,0.6561835440066959,0.5987197106355558,0.5503652122126026,0.27418618586018545,0.31549233090543816,0.27724897842736185,0.10736411971291009,0.28904515927725255,0.4127945930073374,0.1270185112518318,0.3089393438765714,0.31782077271635173,0.42587167319592395,0.18660072853517645,0.25099341313969037,0.416486038209938,0.16482255996499007,0.40801842376418473,0.5193861348959457,0.4790287542229169,0.20743502527818294,0.1763289074913864,0.17818181082452852,0.10125707338007195,0.20917713832526472,0.35781966473977367,0.23717216547918085,0.2179190100771865,0.46622581939520086,0.35957150661677495,0.2953205687733527,0.18525656048240427,0.2985738572120458,0.4050630594806326,0.49348248618131696,0.18483570161958732,0.39478233429747506,0.4689492126327422,0.11264350197883465,0.5596349683629696,0.5689648357049952,1.0,0.46308251480812324,0.4558214329448344,0.42712672269956053,0.2778920502621241,0.2799763439925467,0.2084117093295751,0.5635441508097357,0.3894756676726607,0.2344112626038612,0.12348485259334817,0.5946943949557192,0.358859979823345,0.30326363782509064,0.6106133991762966,0.25759879527236995,0.4563866258755297,0.1870478903747264,0.6020830513596244,0.12199095415758265,0.1029733698599116,0.09097092050437407,0.12142938468684938,0.4114397363818537,0.4372744909243003,0.33856761303876287,0.1562907440894595,0.23114461148168838,0.23172015552199107,0.2834109586248611,0.22036600155246194,0.22272991933824324,0.07292943079078747,0.1822867967576574,0.1642253050130106,0.33055339838089387,0.19848442333251512,0.3323006929491553,0.3399181888747545,0.47213745215748165,0.3885840115941558,0.409991761712519,0.2092871800999582,0.23080928397267383,0.27483434538628815,0.37869280696053154,0.46216618003189885,0.42299911141314644,0.5241902243528506,0.3472034853551315,0.2298017293385257,0.07198494251028409,0.39495458775862474,0.2868134350915617,0.32439166916993306,0.18020861935564012,0.31581145577263403,0.41512607752190867,0.5548746415806863,0.30716762042923745,0.4228122184569481,0.3807983771191519,0.24387792643622838,0.3505226882032839,0.267064326110922,0.2890320187177999,0.28114689022008094
JGGI.L,0.13112113387930052,0.07555906627014818,0.3531462640659409,0.39000755457755487,0.4251484550936115,0.14152042863074524,0.3324919913253476,0.09081672417969473,0.1385518058952456,0.3879706813317024,0.2554659585638115,0.15806767746809725,0.21833341449001795,0.07524108174430388,0.2720954955016972,0.46355519971839954,0.3690601608646166,0.3869576982468885,0.4160249907065338,0.3331376221019759,0.0583814745513297,0.31064857126204626,0.4055242454219665,0.17009622141221992,0.35521585153703644,0.13769525147149822,0.3873470682730585,0.19304657242171577,0.11303202947892906,0.4842961770179929,0.09403527077100281,0.2621644340425589,0.11159945636234678,0.2090533685199372,0.14624019464420673,0.2785514655549246,0.10716986815500068,0.18096539667927833,0.21909416295159453,0.1744466355846665,0.4594594754311121,0.4898943742223484,0.21493291235366427,0.47311019135919946,0.3318579531180779,0.4852181791560861,0.47245186946866496,0.5128908890013479,0.20132038979338274,0.212239198627474,0.1902919121381246,0.09432966526554426,0.23234805455734353,0.4236494202592915,0.1313617131439627,0.21165199020130646,0.2195489148429903,0.2681929929601235,0.13072852020120693,0.13436680615856833,0.29460874912994306,0.10510152299346087,0.3463266253258631,0.42764806205726946,0.4173250961049913,0.20528660624166095,0.11959672768081457,0.1445328513771525,0.07042480101822929,0.11319250877491985,0.3048338968409663,0.2503545324696154,0.16802573224709488,0.33941137058549214,0.30978949836232605,0.24035596350465369,0.08015666862050576,0.24622646272475882,0.4521249195862965,0.3993759045230656,0.17639494542288098,0.2918710485069537,0.3899050457871861,0.12596429436373863,0.5014717515642065,0.4834322030764566,0.46308251480812324,1.0,0.37657361156560476,0.3477892854075908,0.21183173295302885,0.19140263832795093,0.15782243794948855,0.44667312257612213,0.3118750146857895,0.1574650861109358,0.11385633094762938,0.4630267157252229,0.26468950320854,0.21254445083222506,0.5237499549848779,0.19804617127040788,0.3702201173573711,0.154042282654001,0.45633167142147757,0.10660848716885703,0.05906622569721357,0.0874514977919935,0.1380163628896922,0.44633607725967983,0.3310768076493397,0.25253283637572216,0.1406048638111402,0.2258060887016924,0.18440114423312676,0.2204853350553912,0.12298897576922786,0.20665613882737824,0.031352489797229426,0.12931762789456439,0.10314379960850907,0.2180418763861632,0.12013649411944194,0.24879363001158106,0.2645404118825144,0.35670734112564434,0.29585219465148144,0.3241702452933422,0.2536315291061195,0.15118818674227044,0.21690567246148504,0.39312181238711097,0.4772171156809084,0.45018079857880866,0.4964416207540862,0.2943134458867503,0.21588482743215573,0.05288656042838311,0.304943051806692,0.2237701872864948,0.22246846274580964,0.15016832803897995,0.22538956224101056,0.3254553247075653,0.39779003572167776,0.2067277981502197,0.33859648347239735,0.32559962213574045,0.20465447645375381,0.2274610083567874,0.1776215228563645,0.23472327524349604,0.17997051994640914
JII.L,0.17079056327455386,0.04768701491027781,0.3077964682403283,0.4044408481377712,0.3164324500228907,0.1442352730463904,0.32627315253678757,0.08515686955791975,0.11210912477950476,0.3581031210827501,0.2267216259500134,0.19899499108869476,0.23904678208940483,0.11384717616000968,0.3198570493401101,0.40582025842317526,0.2900413522249625,0.31525774594198935,0.4622759035153949,0.30817690881054083,0.03980934326510594,0.30449875784304065,0.3100301032590805,0.1814638728749752,0.4273600455032731,0.0928369132835807,0.3547413050580705,0.17413285976371365,0.12930231279065346,0.5270287481026302,0.10600385969051507,0.25960077630385814,0.062009412779956696,0.1802307920996286,0.16489283932199764,0.2890022973540317,0.08838216017434661,0.19946009847816304,0.16430097959191106,0.17124796701555528,0.49255121227480253,0.4085208180605172,0.1930084464933638,0.4017813622959414,0.37938403176464214,0.49248401720467794,0.44897442854422126,0.4304671574420372,0.20802591257500785,0.22759633117364095,0.15293165013469642,0.05979113283366899,0.2587710375943883,0.3195956392314246,0.10459658672038874,0.2270808173410096,0.23649269729350114,0.29469702194451747,0.1525813613279314,0.18122118153595929,0.314543124336706,0.08139196982537752,0.33550934343601163,0.34633999020146006,0.3871368523368861,0.12760816492891666,0.15589951421698892,0.10663307864386799,0.06446137081046831,0.20503862917110705,0.28265802716454125,0.20662893996228995,0.17570581691480688,0.3566063096250814,0.3153636780025817,0.2386879097638154,0.16747325929787654,0.2413758352975759,0.4698496287287303,0.40126770489458785,0.1378091487454009,0.24824082849131307,0.3866953666289175,0.09851978868536122,0.4742758363243292,0.6254876781679269,0.4558214329448344,0.37657361156560476,1.0,0.3729532598820978,0.20188706478679005,0.19452008909477173,0.17801008519358114,0.4644863751421799,0.30685488647296905,0.16930511110730662,0.09560074788212408,0.5190646487388358,0.2618550760731591,0.1998779949365492,0.5359123046073371,0.19725846208906872,0.35016502024430063,0.11147819270524592,0.5257129701158825,0.050181198858867834,0.027261830265639886,0.060000259867054456,0.09723291162382962,0.4242631902233445,0.3182057326374255,0.23188513423809415,0.11956762757994435,0.19177589644388107,0.17583977412561155,0.1867954357784767,0.15049498028721706,0.15021053227834066,0.009044151196906445,0.10948691559376679,0.09974385402619083,0.24772273094974334,0.16653663419247225,0.20690835219479026,0.3071632428909505,0.4055582154002873,0.3128758169670332,0.32245226247540554,0.1995841499069546,0.1750169495356269,0.19390845624372954,0.37345477180333,0.5126565966793647,0.42365800309637497,0.42260728820369176,0.2641015069136689,0.18550682532021331,0.04922847790412252,0.32437778318635124,0.2572187095183833,0.24379445720110066,0.12971148979021324,0.2294186393740655,0.297966342213208,0.4152279780697795,0.2294401077080471,0.3035145759642691,0.3661702981183038,0.19833235508489494,0.23515574845880474,0.20885755400562223,0.21323436664708495,0.1906221173247997
JFJ.L,0.12591406198722457,0.02358109802527888,0.3001588037336614,0.3340790959902972,0.34373614052025575,0.12911982159247537,0.2987243173812083,0.08431389137605672,0.11224367482439117,0.543408559543199,0.1874802060655344,0.22598862194468683,0.19858390501538772,0.1310809777895737,0.24431480349866155,0.38657943179421916,0.326258462716795,0.3005552458157766,0.3807416785119578,0.2569070318118717,0.034287111611180636,0.27215824580218795,0.3593297773518171,0.11953299517701782,0.3163016783916965,0.1229864871875215,0.30853063931728464,0.15959026267463108,0.0804297346203641,0.452962643886641,0.12933541657779835,0.20435259711592257,0.046216851697338614,0.120550897360821,0.19627833879782478,0.25140540163141695,0.10054437112749894,0.17095834853678324,0.14142740352734567,0.1851850249692071,0.3952926921237467,0.38062445662514227,0.15445702011480703,0.3420693512052842,0.26976937074751334,0.41133232861826147,0.4368326703203161,0.3555562865636369,0.17593332970154146,0.19338038721824471,0.14829692183181017,0.07606445377202731,0.21866264506765992,0.336723978199875,0.10893304859536848,0.17496935448823892,0.2401564281090414,0.24684304343328728,0.0908142570076685,0.1427375676166647,0.2709502332304516,0.097556889445733,0.2782906522217666,0.3235234243982826,0.30723268473372406,0.13580881074887016,0.1537617933194474,0.10958509418970883,0.09854168994710451,0.1384645037664928,0.24243295567774487,0.1655348365800441,0.15558210402906714,0.32300915785790757,0.23576034095187215,0.1936204623524665,0.1846307811275153,0.2203341983740313,0.36339740659182346,0.3384966466677332,0.1309871609525418,0.2447376229553426,0.3428517830275775,0.03606003231603002,0.4798855952230046,0.4509164616129366,0.42712672269956053,0.3477892854075908,0.3729532598820978,1.0,0.1967932461969225,0.15861407740102412,0.1629563940401781,0.4129449211389038,0.28865988111479696,0.12761425226481987,0.0802062282078197,0.44444199366670595,0.24777267938692657,0.19302638255047808,0.4615812420779716,0.17302840712619727,0.279257183522174,0.12787087088140264,0.4083529980000609,0.05107428588763601,0.058437813047836684,0.0976889558252445,0.09962892115771477,0.351449869870082,0.26166980468868173,0.21879585402372856,0.10755848084535533,0.13591660219281765,0.17545956424380765,0.1482983156132131,0.061866196895110366,0.13755799708801986,0.02271901506420983,0.11794051059058636,0.08490072198556749,0.1946816876543415,0.11723107614595389,0.25122873331005807,0.24543448672495793,0.3588021508414782,0.25536099635125054,0.25687238608011953,0.2600467586868252,0.12779285610676167,0.17543648985520735,0.3216953923711402,0.4009329396524826,0.3798518726013407,0.4138789169010737,0.22355153709752537,0.12954193680381063,-0.001823514989099105,0.24666824344990926,0.2268767094515867,0.20972793908437692,0.1383021467563609,0.195064371409508,0.25127478720050955,0.3347316854408384,0.14459031940078035,0.2644728617436613,0.2783976842304389,0.18900421434880754,0.188167341950401,0.18792887545319048,0.15864479523977534,0.17037243631882446
KLR.L,0.12194785712468928,0.07941525664990565,0.2534209003334243,0.33150324708308854,0.2185198156622613,0.0751244381689102,0.23994958468505653,0.07152168280338737,0.10134778524701603,0.21087540874248734,0.29541002937967864,0.1619113725214503,0.27188889564487745,0.03740867853224485,0.24946129872805206,0.2724451439050818,0.25288692887330627,0.2668880155928379,0.27693535375200257,0.28342567801610447,0.10068180556343283,0.26711079803666554,0.218715324038885,0.11055672844905776,0.2672411997419399,0.0947948907042041,0.21322639286541584,0.1761766420698521,0.10662746798569615,0.32055964449630053,0.1326169124258759,0.28442382439493774,0.04510912872726621,0.2022496050486838,0.17748225346780808,0.2721612232194574,0.08566997849091552,0.16636118310204856,0.16743855817385297,0.15719030774586987,0.3145723094684795,0.23811335121267374,0.17220951126269338,0.2822660452004166,0.1957050655482218,0.3166202459090001,0.2986570809783509,0.2961999094740042,0.2002020335557696,0.17037178467159828,0.25683600610624047,0.03502709665653746,0.20421984281366223,0.20050739283109456,0.0895420727923765,0.2178862082464179,0.19946578978754748,0.27830065020014916,0.11964494918236511,0.14879682251124768,0.25519059082274465,0.07483124586668288,0.2945530581679565,0.3086730439220501,0.2533580397656894,0.12175738771284779,0.11030845976148358,0.14901323991044718,0.05110846157356916,0.06677068332969649,0.251718968139938,0.09973000388830093,0.1571689178375167,0.21330181431395112,0.22622841932009663,0.20805734075872032,0.13264394035103963,0.22538493547996494,0.1917113125741652,0.273921746315885,0.14276701149077933,0.2593466597249629,0.2625506864684319,0.09429904697615968,0.2919850957235289,0.2814919915451996,0.2778920502621241,0.21183173295302885,0.20188706478679005,0.1967932461969225,1.0,0.2529503711365465,0.1266002123904755,0.29483486233143014,0.2187429456865172,0.20285778367609947,0.07407628958766865,0.30310804494671867,0.2608623834959392,0.23014964799363552,0.28612603701843764,0.16881414894385766,0.2960878209139387,0.14165482789960018,0.29034252821890677,0.18129109940397528,0.06642994739032618,0.04427596011611425,0.08305860794227272,0.18408092037920173,0.27499369575033944,0.24715521997362738,0.10802418326401415,0.10961823633705581,0.16705141112596852,0.17859792329102286,0.11323279996624203,0.1474803687732579,0.05163577612545993,0.13502165806974686,0.08610776836546588,0.16844365251633908,0.1589889913843834,0.26919686468396997,0.2553017659864015,0.25230793172693816,0.25010968781145365,0.2577548801610587,0.1418997259447179,0.13422064483494386,0.24790291503246678,0.19296786062240642,0.23018851871280996,0.21307501802867432,0.2462558599502871,0.22190707176394617,0.1814732833897675,0.01894439674786303,0.2733467517351226,0.12514970406243311,0.24068437402901713,0.11826986374623742,0.22081913741011813,0.27897287392701575,0.3041655806262735,0.18863143374735764,0.2681783414065021,0.25194043866704363,0.14443665121056418,0.28587900189247073,0.21529077365831395,0.2408534932268937,0.1859827549794247
KIE.L,0.13858786958007724,0.037896470875054586,0.281736734212545,0.3550077795624638,0.1830166439628827,0.0681278389614996,0.23227138326529337,0.07472010152435564,0.04292155548669939,0.15219139577493423,0.3697806155110609,0.18231829732939958,0.35418619212700353,0.07141992590322631,0.2313478897949465,0.24841734226811385,0.2909862053476088,0.28776532899288304,0.24270059631445814,0.2834376136166939,0.10382405210491412,0.3304418582815007,0.20584960152548587,0.12838723677003794,0.24564547252681365,0.06620426849115053,0.2368395222652023,0.15514025579152763,0.13996547688057345,0.35280631242905497,0.13179426046743864,0.3116987238403095,0.02469551317941068,0.20858593944268783,0.14646287921779372,0.31975190632552025,0.05634894319994438,0.1773731769934192,0.16630503306368993,0.19033944234945696,0.35005356746672395,0.22113350157350625,0.1788824039942151,0.281193210053223,0.17520450403474958,0.32847034267284736,0.3168159206812726,0.2995300122820028,0.22540897982005687,0.1979055961808707,0.2970571879346344,0.03598920639417074,0.18281732943334048,0.18700323548878872,0.05738818665166165,0.2291758273396627,0.2431996368926364,0.2982977179556979,0.16108047694622374,0.1905786361226499,0.3115924688953328,0.11268121846378691,0.32834648321597615,0.3213905978992335,0.24442704352022973,0.07713047881220998,0.11853257834466727,0.11321850284520085,0.029638344106915532,0.08323514356662702,0.2419024899223027,0.1375739103380772,0.1655248409945113,0.20197967522529273,0.24121144525126406,0.2073516212898234,0.14720900534247128,0.24196735147300016,0.14909305737197026,0.2883767834786765,0.1451620083608517,0.3107555882131112,0.27279399015383343,0.09227046301054753,0.2749959882579178,0.264606402214707,0.2799763439925467,0.19140263832795093,0.19452008909477173,0.15861407740102412,0.2529503711365465,1.0,0.17615568244443602,0.3189281492968245,0.2359354284122421,0.212640233441791,0.07438167923851732,0.32434933634841623,0.2659359601206755,0.27427923626424033,0.28992868486521384,0.21734073543544635,0.30166472733730915,0.2039016694820382,0.31073273731538964,0.07971241884638997,0.07580294293244239,0.0529929165011515,0.06380769184451827,0.14583271689699323,0.28857883844136034,0.2197511614578162,0.1109617338460384,0.10898251383415339,0.14329985653969435,0.17495436339232479,0.1266780021279,0.1486091597560375,0.050427464785320786,0.11255764532845161,0.12295581102364073,0.20296759600401673,0.17456782770312962,0.23897277899369448,0.16228670857296001,0.24796978887576537,0.2440143409904064,0.26350233283022995,0.10455106131645982,0.15611877422507223,0.2814899172894625,0.16430981644496429,0.18655527226142118,0.21219424065624984,0.25309538408003135,0.22646204886258856,0.20070761316947008,0.03850715132212518,0.23283608127614705,0.15881761949224357,0.2955789959613181,0.146627989298117,0.1915407907542616,0.3213513129823496,0.34258014093539185,0.21735229170488177,0.2638973123045789,0.21954389893481366,0.08476920899064878,0.3618994540662145,0.22389514849006656,0.24607912007422372,0.22762627933285157
LRE.L,0.09605619793279378,0.0621457656212382,0.21538139406063087,0.21735517599135518,0.16061891299720635,0.04768174160733649,0.1922717231066653,0.019018857429398708,0.04212040985767189,0.1756933723288273,0.22147748687704674,0.09832342279957608,0.20329814326403067,0.012456869904650648,0.15426677472592976,0.18295216156696698,0.2122996779655303,0.20305439248849816,0.17535586300499623,0.19361645292074828,0.08292173935934638,0.1517387555055498,0.16672888950427814,0.07815057344481005,0.17601291039166309,0.04621907983374201,0.16128502469983722,0.09245154852207309,0.11234738407806623,0.24939743044092164,0.07734811108261594,0.23889071208060972,0.024426204139228337,0.12193822427653489,0.1171035487474548,0.17685498200064603,0.05885486019371217,0.15429902542270796,0.10310644947633694,0.14648449048067855,0.23023255401665982,0.14553030140092918,0.1197488043020625,0.2302540081188697,0.15218913661152858,0.23204811147603469,0.21069395391207263,0.2384346770939314,0.13492872616266852,0.14319073914093153,0.1541337712193194,0.03321735085501637,0.1616465620902698,0.13513987833116572,0.07184431920480698,0.09968219351262769,0.1307221866374153,0.2031269229024173,0.08028958896259744,0.12444866851022203,0.1640939221834828,0.04065401890820026,0.22518740665934062,0.226376411194893,0.20667093732636097,0.09593769685265295,0.10609870792952457,0.09461200670446546,0.0495215252265998,0.07459761144513162,0.14867848793584004,0.06688886299774803,0.11454275212880918,0.1373990704034693,0.17309107129656434,0.14003219642345877,0.041829460539512066,0.17377387973637912,0.12631228831292884,0.20270394974764328,0.10147768560995957,0.1623029388880077,0.20292750577677957,0.029120848635266292,0.1930275390061179,0.1935467231608177,0.2084117093295751,0.15782243794948855,0.17801008519358114,0.1629563940401781,0.1266002123904755,0.17615568244443602,1.0,0.20130961052682075,0.16893577540371008,0.12294694922609802,0.03760379148732369,0.2105824204906637,0.1838619857591321,0.15632709545232526,0.2243407166636105,0.1526399996233874,0.18606625340865873,0.0715252118293137,0.21775549682470374,0.05265103072579928,0.06631429592060116,0.045639524800365885,0.0745370213992916,0.14442367870572712,0.20072771260624325,0.19753591863578826,0.04488667270003435,0.04884276680180702,0.10353499196552482,0.15144653769079439,0.04826784524306406,0.1353814858372323,0.012917839146270007,0.08301784686640727,0.033495408359505145,0.17704246923201772,0.11484926887385154,0.19053170107064749,0.15960665652737374,0.1808642614884339,0.21477391441082247,0.17834283230174708,0.13634194015743567,0.08883053469724535,0.14957790238140686,0.1396921022140052,0.18081919668310598,0.19659031204624083,0.17043323070600516,0.1648354736490604,0.13116194107524853,-0.000489128196007314,0.17508810758866442,0.1891992466370901,0.17741595684365452,0.11816328222325215,0.13626746669511772,0.18767111876149545,0.22523803044609136,0.12228658185372226,0.15375294179262428,0.14085870516068474,0.06638433790590527,0.1978268309435015,0.16149590926652851,0.16349944237177128,0.14766407151725994
LWDB.L,0.2589122400207659,0.08684118299047945,0.42909529391419265,0.5533438739448003,0.36091638371615303,0.14840583917752728,0.3980302371405397,0.09382377042389516,0.15655021449756212,0.37580456508422827,0.33857102237175685,0.3173266942329619,0.3769826708681015,0.17202698342829745,0.3446566475758794,0.48909264511357775,0.4079197153065603,0.42581314517825514,0.4967831592138845,0.4134822784799058,0.0690417853501603,0.43534112970447986,0.401032205614577,0.16704069574847552,0.5101788370825081,0.14693599518285913,0.4190689955627105,0.23003754700219245,0.13531572017122778,0.6457655885152309,0.1373036108361338,0.3799067438866996,0.05380038370549247,0.2870430882973034,0.22482932378185463,0.3922498345843343,0.13260062666193848,0.24933544142325884,0.22815495115239076,0.2678168841345383,0.6168188360858355,0.4737952851886581,0.23990423005835007,0.4791175785876088,0.3667717722169774,0.5887317160269798,0.5781233659407803,0.5134862744154193,0.30226789017406397,0.3052128238616846,0.27673836593231244,0.07368420860072811,0.2979255372071251,0.3841532692909064,0.08069030602211782,0.27271761608794565,0.31807622927945345,0.41444732846454235,0.19490545643929072,0.24635783015450036,0.41897744075018206,0.13647275479110912,0.4253873238334835,0.4829695354118709,0.46471291189003694,0.15212334878836667,0.23517026074867828,0.14856688801122991,0.09735377096828447,0.16638758444219381,0.347893491549936,0.20492988963664416,0.20606356996131198,0.4358652087535741,0.3439851655576893,0.3090230286787868,0.2619590816976759,0.29537037737977034,0.36980981434210697,0.4552188654212617,0.18601172106467434,0.39143379673555484,0.4352732280760216,0.10579891581688612,0.5716555905892602,0.6083030185472783,0.5635441508097357,0.44667312257612213,0.4644863751421799,0.4129449211389038,0.29483486233143014,0.3189281492968245,0.20130961052682075,1.0,0.3765918946185229,0.2284549226276556,0.13699431541764542,0.6231900828868552,0.3616806021183728,0.3039237461139184,0.6252751828316208,0.2940330250895432,0.44190107199300693,0.1791938716091312,0.6392621564457476,0.1029972192353973,0.09124270006140078,0.08317360579780599,0.14287036043092968,0.3617007361286651,0.41387794355344387,0.35331930908069986,0.15251534505893327,0.1822922144095851,0.2490583679873414,0.27862046549667463,0.15522200010637144,0.2239776310958348,0.0424023392517256,0.16918727862680802,0.15486321368747705,0.31266114804239387,0.2315397885813054,0.3616958727577089,0.33281055067530224,0.5211908253888216,0.38674580004076764,0.4033240847637057,0.19240929086338363,0.21074153187835415,0.3084987302365481,0.3574397126636325,0.4251130441515099,0.41476645088213954,0.48400268491556325,0.3757671743301091,0.20345659100591773,0.08867525191099827,0.3979348296893744,0.2894525721494558,0.354399330381894,0.18125625781769808,0.29910411748027904,0.4220672692987979,0.5253782953585789,0.2918007467641531,0.4090493881133793,0.40217532454654964,0.20329297196496743,0.37567735567444,0.30703774019668567,0.3201285902029983,0.27471263888859765
EMG.L,0.1645044919306449,0.06476527505235811,0.4704679238009912,0.38522653648562655,0.2728437729095093,0.06199783996602231,0.39769776606720425,0.05810120808005458,0.09492649796532225,0.27013053218507593,0.30742593859507744,0.1667963248999397,0.3459226312369195,0.1073911768256671,0.3219714854536138,0.3806498857796248,0.30809291788458637,0.3419292583730163,0.4230509620930409,0.3559140832204605,0.05863170386023504,0.39896047294630005,0.2907657548990831,0.15728740269767238,0.32745442598443775,0.0737058807512802,0.37934222326440886,0.15997271485460257,0.09104841342769011,0.4985078354088445,0.143577391053181,0.36525456803986245,0.07474126511185782,0.18453283309628002,0.13886606802410598,0.3666561409613893,0.07751731076150885,0.23208245876666886,0.19777248806735037,0.21244162337090478,0.45104697817419465,0.35443876816156955,0.18968780109964034,0.38645787341678245,0.2804001504485023,0.44625940170515604,0.42041805579947633,0.42555168228942863,0.29518481805116425,0.23111742503230429,0.22796225373670934,0.03171815856182267,0.18566852087021152,0.2792718517147898,0.07016802453851537,0.2674819957129141,0.2846881323066099,0.35773245626782324,0.1580455697707342,0.20824986857441355,0.37860002499227896,0.12192001806040927,0.3867023070626589,0.35348567327201647,0.3181725038160782,0.13247073278218666,0.13795700208796316,0.11865872669772216,0.06688551676636116,0.12900176764858767,0.2630067262625763,0.13629398232590687,0.23937358982663792,0.2288378692050211,0.34641974113607776,0.3011739530664752,0.1334741860366507,0.25784584893722334,0.2765547966564846,0.48314294503049066,0.14151442258438643,0.34836131308907187,0.39201608870866084,0.1160850188597061,0.38418562418057234,0.4079958083836966,0.3894756676726607,0.3118750146857895,0.30685488647296905,0.28865988111479696,0.2187429456865172,0.2359354284122421,0.16893577540371008,0.3765918946185229,1.0,0.2043238291222455,0.09274190082431408,0.4499292171925953,0.32372987411182774,0.21755481047549372,0.4495048866539558,0.2465063936531792,0.3699135617302805,0.12053232007433537,0.43204867754991816,0.0820205950554315,0.052847355466354405,0.0837987421244755,0.0872997099358699,0.2617957920635491,0.3546287059126235,0.3173231110692691,0.08947044586399565,0.20449357219711567,0.15039420762706587,0.22207681380532363,0.15383114592419161,0.20234508388746741,0.0169629435812007,0.14689308828506528,0.1414282254066245,0.2725239160523045,0.15224296377543833,0.2825014304908154,0.2898850489843347,0.3206035799132187,0.2702098628243461,0.3509536165834524,0.12036701610189182,0.1783774862638189,0.2417420983639159,0.2652955651136001,0.31877258473438863,0.29196172997759856,0.35587443896481474,0.28782353907045916,0.16172884808930316,0.03535858497417189,0.30851843405334445,0.230241381310088,0.3336756590032325,0.14334579628732827,0.3384115273583302,0.369793734774723,0.3760242794395302,0.2959145573483948,0.3519640229536729,0.30713833774346644,0.1717571093999965,0.33892471829710363,0.22278756096139915,0.30250360510089286,0.26841366195754296
MSLH.L,0.14727952996361227,0.07386918401255958,0.24216578514211545,0.31134202094730756,0.16107667215085367,0.08206803314662399,0.20842056020230396,0.053629836093463244,0.07587810448335464,0.13406341004103767,0.2393339460976729,0.1648442965279019,0.2830933969603779,0.07529125147596913,0.23338492986947965,0.20500338227666634,0.22533884107071495,0.281630519813496,0.2300472588411891,0.2151853954407944,0.10020578633419643,0.2567950173472706,0.15922443527540592,0.10458006981121674,0.2079751475255185,0.07255978434680824,0.18080082219828447,0.06481934415975434,0.16804039441791996,0.2878988358439045,0.12258820717984914,0.19701809099132273,-0.002137051199794316,0.17653481047050867,0.14725502460385778,0.2919641829489471,0.08030399531620569,0.16116291854214906,0.11826063037982633,0.16701499918032137,0.2577047308163035,0.19811448951717897,0.1199949758220894,0.2380062775829948,0.13162729825561179,0.25279144992890656,0.257076781328967,0.23807735995858548,0.1549337593874404,0.17956162254754493,0.26393411934193,0.023883531323895188,0.11798560038665575,0.18507337260453866,0.07986577602358624,0.25958990191186754,0.233644111905872,0.29606322598310675,0.1012814090858495,0.1640105985597385,0.22923320264843702,0.11233759296525746,0.25847691322671046,0.28143060261916564,0.1886476410808434,0.062486471274312796,0.14307632503590564,0.11921060579341687,0.03866834832632999,0.058825761611098835,0.154423256940848,0.11883372489295002,0.11226451921423772,0.14165345947872127,0.20768738862828443,0.18947752332791792,0.0685562778213077,0.17691325908572575,0.140620689495561,0.21228276669179372,0.1394991819278254,0.20843131966523154,0.1777290143034528,0.09209862139973331,0.18506334647260025,0.23212172798578554,0.2344112626038612,0.1574650861109358,0.16930511110730662,0.12761425226481987,0.20285778367609947,0.212640233441791,0.12294694922609802,0.2284549226276556,0.2043238291222455,1.0,0.053472931285959535,0.22975717309761123,0.23875130744013065,0.15527122404364868,0.2598734186360501,0.1763394675184917,0.2529508335497224,0.13055338387363,0.24140197956096643,0.12002816971137106,0.08841807925555749,0.07373538713918641,0.05832591580411174,0.1521438180027539,0.2877840000805201,0.21844220341302173,0.1301393937259759,0.12258608990394444,0.15790847612208908,0.1271112168328122,0.1407238644364743,0.11042303243044792,0.012997739606730407,0.11933289899293344,0.13058721829943085,0.11283701463606197,0.1424467920434976,0.22135560410035723,0.14395152800886216,0.20448666671657223,0.17401688832342296,0.20787385567857783,0.08727893791525214,0.12835785563963276,0.24126290491494598,0.1661467162990961,0.15646320372212286,0.1541095868103996,0.1696041143821126,0.15292184265573433,0.09803184370129514,0.0475233461244188,0.1926766589780259,0.11730148734686188,0.2547393277410937,0.10926248995891999,0.18476223770383104,0.26749612135636924,0.30833366758433534,0.24592536899897124,0.20344775710868873,0.16857073153732569,0.12739188612414185,0.3004869716701606,0.17924112423163235,0.19289659127534012,0.22427932821087893
MEGP.L,0.03627470447194769,0.0082954631355657,0.11250430237280372,0.13490374742497369,0.09908586575148931,0.08825781625760244,0.11182055427261166,0.08028620142454351,0.062356994029842586,0.1053375460632903,0.10403010133065929,0.07103174536990976,0.07641094183910019,0.004765037985890131,0.07062643675061518,0.11942126518374525,0.09313465451287271,0.1114974812099803,0.09094756677180445,0.08166573077764822,0.08457495633226494,0.07974216633424606,0.1097007530975888,0.06372000025160693,0.09075556909819235,0.08899771049172352,0.1231453808727649,0.054421444892429845,0.06967990789569106,0.12053058151526218,0.06943398710290129,0.11974414724501053,0.049764217810374003,0.0943452627859987,0.062000151189397015,0.09681752221892417,0.07799256115349618,0.0463894666199091,0.06614877727380719,0.06952955774832921,0.10396511720426052,0.12513275321637243,0.09492803438069397,0.13068483914557677,0.1005977994225031,0.13142126980146332,0.10609927534328963,0.14016053768765463,0.07873951497543588,0.08320139535782298,0.08312895305852845,0.05677752500816779,0.06861826723802603,0.09654271949650697,0.06442090236938933,0.07710533314144807,0.10469392092042414,0.09263381005895083,0.0968607743126903,0.09304865691894798,0.086864517392915,0.029520864344709297,0.11649422412538915,0.12724068312985792,0.09152607129558532,0.04721827339047681,0.05218469911728657,0.04348433281312854,0.04569744529353375,0.021569691624116705,0.10421417313715631,0.05476978061881258,0.026549611145302212,0.07179399903769729,0.12111111896183734,0.1099556613673244,0.050620703868542664,0.1084816598139757,0.07609471007107749,0.08095413172102907,0.09905362594808538,0.11616122101164911,0.09632128358614096,0.03927547045912339,0.07087956825663469,0.10311223599444275,0.12348485259334817,0.11385633094762938,0.09560074788212408,0.0802062282078197,0.07407628958766865,0.07438167923851732,0.03760379148732369,0.13699431541764542,0.09274190082431408,0.053472931285959535,1.0,0.10023343356585761,0.09303630788471205,0.09640269629701781,0.12460111349622013,0.06676401211098278,0.09857559896882061,0.04469058795734887,0.1036830017198183,0.05527409902719522,0.05811710791028002,0.04756713212280006,0.0868649025185808,0.10769822118416351,0.09652677051252764,0.11818017255304607,0.05745679482100441,0.08634853655677079,0.073683770055454,0.06693404569578647,0.13122184157250405,0.06367299475537475,0.0002476414566891026,0.05355884738126097,0.05026385500873002,0.10324457271578327,0.07940527766536323,0.14879043789494667,0.11917583821748638,0.08647467504305964,0.09932792781004282,0.09314882074666724,0.0750196622901824,0.05852486887395845,0.10139685248773418,0.08400403364537444,0.11628263389007151,0.11688340475956739,0.10290302239205505,0.10457855442386574,0.07888274044322069,0.059151454314896934,0.09876421262757018,0.06811651712426174,0.07818690808069757,0.08956023969308416,0.030780301549013782,0.1039331826516541,0.11184048548647475,0.046791958570448995,0.10081575056064519,0.08306216062407533,0.0919515979942678,0.09732739132549191,0.09503259283345275,0.09693020119273939,0.08090654107174551
MRCH.L,0.251705176782258,0.01200955681995118,0.5218950741217215,0.5676081454790926,0.37610042294946056,0.15476891797085568,0.44674365890257783,0.09581780839053497,0.1478526496038595,0.39411164917269764,0.3941494704604034,0.30188461567534763,0.39038830408433206,0.20614532578605066,0.3948987225658336,0.5163042925111789,0.42034174166242033,0.47001860228205744,0.5918234513438998,0.437518375419411,0.08246654945560244,0.5044571637565004,0.4218098726374997,0.23521716955360245,0.5199756733339531,0.1190285043401152,0.4724224411754247,0.244367996094086,0.1468341759643849,0.7852037894683248,0.1409163144876688,0.40136297994120274,0.07570309678791233,0.2614704966289798,0.2368141444894342,0.4458933119614736,0.1319515309874581,0.26816305123460743,0.29136540215615697,0.2672786963364186,0.7430859912313854,0.4849397017574389,0.2436797059153642,0.5242012780775944,0.3826587744332156,0.6327100272941136,0.6361737560903383,0.5999326946792103,0.32505651154351617,0.337820577541636,0.2889652927753814,0.06012697439015059,0.31380405309971915,0.40587301867885794,0.1030946935790691,0.3249900451385642,0.35486427433648177,0.4441051124595282,0.17847696168125782,0.2525519869376217,0.45565440499172877,0.1543655506325821,0.4550235248987902,0.48791741955582585,0.4647920244321308,0.17802449900452497,0.20645608561650852,0.17282942685007113,0.09444404753240082,0.24437294639063353,0.42261201750733923,0.22566951039158178,0.24618947360975296,0.4180259524346278,0.3803686977927916,0.3192577348107612,0.24240092640225935,0.32845570702422733,0.38305885564639813,0.5358381570017233,0.16077228620494674,0.4114575494569763,0.5342295835927364,0.13117640345224862,0.6044105124438338,0.6115789614435997,0.5946943949557192,0.4630267157252229,0.5190646487388358,0.44444199366670595,0.30310804494671867,0.32434933634841623,0.2105824204906637,0.6231900828868552,0.4499292171925953,0.22975717309761123,0.10023343356585761,1.0,0.4122843473622436,0.33809456563463214,0.6574874701951106,0.29578023605629056,0.4759252464719152,0.19068109339241554,0.7529864858180387,0.10903275927457375,0.07279797822952973,0.09105609659219531,0.1478944393440702,0.37734470066408404,0.4566501967676708,0.3657489503954272,0.1552664756792845,0.23591003464115057,0.23973571718051412,0.33034354416665285,0.16522642488833825,0.23255632785973648,0.06907235526836164,0.1605758554521428,0.15665281146470128,0.37034397792636853,0.2333308222498683,0.33617037877040534,0.37401119169648306,0.5353466451797652,0.40844634828604487,0.4546987209262418,0.20981752522851788,0.2098859492329746,0.32412857272846446,0.36251649018119186,0.4455794897923673,0.4420490975269288,0.5895916493585869,0.37171215950971476,0.25869095439082246,0.05072289281331062,0.44329040534393904,0.28894065931616175,0.3784945504804325,0.18158152699691987,0.33859775771501244,0.4728030207302922,0.5646691678418098,0.338451614971797,0.4179654896700079,0.4462693806426155,0.1929604967187087,0.39393889311385105,0.3182744213965917,0.3264579742868932,0.2972831889216237
MAB.L,0.16198440491641,0.03704580415599636,0.37933956238256866,0.4293289454368551,0.22380124109825375,0.0545795344177486,0.32461173536433924,0.07824845061537834,0.12591904124046444,0.2238823839140443,0.32667785130941807,0.238374957633274,0.3955257653509068,0.07309221869485334,0.3387637461014376,0.28967264982724894,0.2788516909367112,0.3077821358335943,0.3134152201420018,0.36498365795663584,0.07417886457020068,0.406394259207055,0.25964506046522856,0.17802065854538734,0.30151850582834505,0.06629044801970928,0.3697136062239352,0.1978006570631206,0.09036469314350437,0.42688413804229985,0.14141640001978026,0.33671529606652667,0.036835354711160444,0.2442645795509883,0.20273698754040814,0.3887117791795956,0.07136508118295759,0.25064053256470564,0.20225300339943755,0.24652525128717162,0.43468882870655196,0.2643851418351948,0.18526850472038364,0.3182078329864505,0.1978611274663709,0.39637674665681755,0.3749314233200717,0.37024244867459444,0.3100256829408529,0.27902397956085057,0.3062124369632058,0.032044674195471516,0.2257084006277246,0.19202283541206977,0.08806918219787147,0.3062293125147429,0.2630458066831848,0.3881985770133681,0.13779429415388744,0.23285931077325614,0.37409035010502784,0.09514367735297634,0.37566501206055575,0.3557684853594757,0.2867016363638832,0.1167986656455113,0.1198484720600089,0.1383973487469177,0.031889151058805486,0.1549572464227377,0.2405245133312221,0.13081526684166342,0.208318142334162,0.23499102141416942,0.3596107029304504,0.2537426189912367,0.13937645680945315,0.26928320163319314,0.1811044743220138,0.3615924645184181,0.1606759292461628,0.37856765767987116,0.3309375127615932,0.050221081013096205,0.3221631820026702,0.32525327188239433,0.358859979823345,0.26468950320854,0.2618550760731591,0.24777267938692657,0.2608623834959392,0.2659359601206755,0.1838619857591321,0.3616806021183728,0.32372987411182774,0.23875130744013065,0.09303630788471205,0.4122843473622436,1.0,0.276020510382423,0.3539486604301466,0.24033448764962784,0.38364270918588145,0.11023173838040695,0.38644773764490703,0.10098903745039825,0.059705470997751614,0.07724097967840277,0.12251769032716639,0.2034973397306466,0.36258733287781075,0.3173390346391044,0.08149475574068232,0.11607910064445014,0.192676461525097,0.20424570763089642,0.1576113218266782,0.2072521898185911,0.024231208875385258,0.11404350126143713,0.1177693020725554,0.2798877605001654,0.2065087381616336,0.27420333853163686,0.28358039591865947,0.3563723812805709,0.27131770541813977,0.3438645341688521,0.10651697283482647,0.1844712964822013,0.3015742012465857,0.1571774380342036,0.20725224871414957,0.23384858996943408,0.33212335705195295,0.2588932271754713,0.1845795996770383,0.012464698974934848,0.30764940420452724,0.19254916252055723,0.3408717687260801,0.17686805923553392,0.25129244583166527,0.4121979361311866,0.38032084985329434,0.23210212823693196,0.32203769518143777,0.30495895071007,0.12673917022530343,0.3843727132426613,0.3928914830918206,0.29551295960561547,0.22993485360117266
MTO.L,0.14367032008542013,0.04438409224590552,0.2784980941457098,0.325767049980851,0.17503610532749533,0.07107566023997772,0.27156686222344023,0.04269928461986906,0.09314447223298927,0.18614334914397654,0.28943609673415904,0.1352167408853445,0.275925823937154,0.07364589594516979,0.23605303774885775,0.2013781186578384,0.21959340104128272,0.2709327045902583,0.25081490156999303,0.2722755522990487,0.047493534789187775,0.2552168102957587,0.18888225793023738,0.10901066393237807,0.277657671813663,0.042948199774131605,0.2104971959149328,0.17498546040065707,0.1153236295444519,0.34386188527810924,0.09342560416682022,0.2783387361482397,0.045986450136316616,0.16724217435749747,0.14614375910786745,0.24120183833014444,0.05290382930918092,0.18566339239325513,0.18509752986304123,0.1920204296128568,0.33241241762121276,0.20793548545851256,0.16810995663182357,0.21700998248598616,0.19288848751374238,0.33226963104089646,0.3149669269870035,0.28846706504737507,0.2112524731443714,0.2346552403251525,0.20228191714626428,0.0578666781680876,0.22088479861171445,0.1978721060606719,0.05411850849920752,0.18947547410743557,0.2182231812577259,0.250050689638777,0.1335531279625272,0.18275913688478426,0.263184657353625,0.08824895102654483,0.3187431874020721,0.27899243677100455,0.24056285043965075,0.05938929357762419,0.14382663662261697,0.1035696421217516,0.052408262945203704,0.09604298812537795,0.2247409578222181,0.10945002222203383,0.15194633956015843,0.20943119385072365,0.2717432113653902,0.2053676114734108,0.13202642160931782,0.22113668936340192,0.14794276195347325,0.26342771970607226,0.13404121872793373,0.27423592295380783,0.2981701490703397,0.06954186374267579,0.24835054221550368,0.24974469325138096,0.30326363782509064,0.21254445083222506,0.1998779949365492,0.19302638255047808,0.23014964799363552,0.27427923626424033,0.15632709545232526,0.3039237461139184,0.21755481047549372,0.15527122404364868,0.09640269629701781,0.33809456563463214,0.276020510382423,1.0,0.2957781380704655,0.17432935973071922,0.30540311672226195,0.12684987559998528,0.3328892367023225,0.07290420079053583,0.05555559894967834,0.09175939496809692,0.07395821931375268,0.165172567976599,0.29699600536398474,0.26022998149051146,0.08936987549756382,0.11570976342957873,0.16773906699803684,0.19779863225263558,0.13013937940388387,0.1511603746570705,0.030951498151532007,0.10869093133784535,0.12663661468254767,0.24258154120507727,0.12176376810614593,0.21477067559710183,0.2328634189218879,0.24735662045312237,0.25031563594307565,0.2905656119584045,0.08093696512630592,0.16214517302404707,0.23546931141525318,0.14604832573430937,0.18085225935248475,0.20320051355941546,0.250039054458105,0.22160244540390164,0.2296719411667633,0.04405621719486595,0.2843408635982671,0.1840829562381305,0.24320086914202754,0.13090859581031902,0.18439264479413883,0.29456642219053986,0.30541789086172344,0.1514195208908497,0.27021686043769666,0.2616351172119383,0.08944135516516925,0.2634394375228308,0.189607667300776,0.25901756771512185,0.22697495244423255
MNKS.L,0.25709920234161004,0.05899513829297031,0.4736399398472772,0.5689403511569112,0.43757583095082364,0.14360934451102067,0.44026736131383004,0.10676363096606563,0.14920097990089948,0.4209998401128372,0.3867623958843201,0.2934854824369276,0.3512546013049167,0.18089789964238367,0.3490748827357285,0.5131403230677676,0.4119566707506582,0.4459483554058114,0.583603893129501,0.4395084934112757,0.08829073621402381,0.42298186795799736,0.4220547006281927,0.19869184610136154,0.5445096620413551,0.1189103810403647,0.4819402521161001,0.2257547958959601,0.1544947595635741,0.7092031408287978,0.1647472075234461,0.40054271649362966,0.06593836782134772,0.2572769030128669,0.24357418098228534,0.3929039248757084,0.12965043467418955,0.2572586741707359,0.24798851940142336,0.2623402429865957,0.6690108057848342,0.5189732683636636,0.24436012105319233,0.5376737804377779,0.39264716428202734,0.6733492060809959,0.6216767176353232,0.570282732592293,0.2852989743848204,0.3048962988942774,0.250012856950697,0.08202267929447994,0.31325324662440773,0.4180237269471571,0.08462053081967882,0.32339274687093533,0.3255548772856876,0.3868167572997627,0.1996139978106537,0.22133574901415484,0.40455155738793586,0.1651208542854195,0.42847293177775975,0.46615595488217676,0.49303403867067613,0.19881795827133933,0.2601003697821872,0.16118893745353954,0.09667035474253721,0.2008044640538493,0.38145653648115846,0.2242785204815278,0.21240132520738872,0.46586500125545344,0.3876174601221586,0.2946120784337644,0.21432185713655302,0.3070762953732993,0.4211314725702749,0.49440608237884076,0.17930046366023644,0.3911722155595066,0.5177567721167353,0.14092404976135664,0.6513457025015039,0.6754828821559405,0.6106133991762966,0.5237499549848779,0.5359123046073371,0.4615812420779716,0.28612603701843764,0.28992868486521384,0.2243407166636105,0.6252751828316208,0.4495048866539558,0.2598734186360501,0.12460111349622013,0.6574874701951106,0.3539486604301466,0.2957781380704655,1.0,0.29123519165504475,0.46312415128401924,0.17521323942356645,0.6516290840099116,0.12765765771151602,0.051625298017108585,0.11784933874217678,0.12284704537747045,0.42549717606938536,0.446024598424605,0.3752610457482506,0.16945656451819086,0.2249770595302305,0.2501097261862147,0.26318700850224075,0.18553318055140272,0.21129274677968396,0.04099314735333892,0.16540669341029263,0.15925779550261218,0.34413678900419276,0.2351005341535104,0.3386506731010637,0.37366185292127313,0.5640405260416778,0.4241095018915267,0.4239440270488312,0.2076292034044288,0.2251493905616049,0.28069006600038066,0.4055482194002991,0.4956174022737324,0.46090606044685184,0.5441117015865039,0.37159107404870473,0.26153956983843357,0.08128035865328496,0.44155168540965095,0.30985712068727067,0.32575533537807905,0.18027605419430884,0.33799621306805055,0.4215567109662468,0.571572939719172,0.2977675540228514,0.40769784267867376,0.43768144273486553,0.2198493785274664,0.36228614630479394,0.287407869068847,0.321941485466434,0.27588054558535297
MONY.L,0.1369211445364673,0.025284184226494415,0.25799890973366824,0.2889709569255749,0.17875704067941472,0.037314491537264544,0.2471886191051841,0.027283450207440173,0.07004680292530763,0.15042269344770687,0.22510928119472354,0.16723177328155286,0.2953959305561649,0.08611981225456675,0.24078544937584095,0.2204336589946536,0.2511445630876368,0.2528025212514529,0.2323252110779643,0.26667521398909605,0.06807338689962444,0.2813069048675091,0.2131364646314422,0.12097528204190103,0.22825301648094154,0.057175717489440656,0.23269302897847727,0.08183873622369552,0.09538069269835732,0.32872591449117594,0.15018992656460237,0.24724624381402363,0.040424302720316455,0.19905609908768407,0.13752958324342657,0.27816475904684596,0.057116380610409884,0.1934596386993969,0.1372106050255334,0.17210839027318148,0.31627361337757476,0.20119289233662077,0.15134507191823265,0.27175981597972243,0.1670817592852337,0.2889975825190693,0.32050004106579477,0.2800147351635288,0.19967976877560395,0.20306107087281067,0.22075776347967585,0.009111113090517545,0.1706988647575642,0.15233274276761807,0.05264742026762311,0.23078322830542483,0.2416820147648642,0.2707651872252307,0.13773750303625074,0.20223477214098048,0.27470328413135947,0.10524076207347309,0.26434800275604536,0.2766456252078969,0.22482746077126511,0.07923910677270173,0.09420833237968378,0.1492525163934255,0.05027006437369366,0.07577507107167064,0.1582146262670042,0.1080659672855163,0.1775933861478576,0.20401548061470495,0.2439478045599149,0.19554554552483913,0.1292088937491602,0.20532088319602784,0.15415015250249528,0.2559928658417957,0.11135573446416545,0.28903558367776094,0.24237922608228604,0.054800359707384665,0.2637414057016006,0.2714189469095999,0.25759879527236995,0.19804617127040788,0.19725846208906872,0.17302840712619727,0.16881414894385766,0.21734073543544635,0.1526399996233874,0.2940330250895432,0.2465063936531792,0.1763394675184917,0.06676401211098278,0.29578023605629056,0.24033448764962784,0.17432935973071922,0.29123519165504475,1.0,0.2735631643544099,0.10686185022621224,0.29309576557017947,0.13355011493870042,0.04783994505359227,0.08983210611327837,0.09386718655867214,0.16346420483555915,0.25822863648981914,0.23080326263403672,0.1281335516465848,0.10254037993638401,0.13045909996768706,0.18014283813274706,0.14022593056938124,0.1574729256089846,0.047748174325797345,0.10173050804651736,0.08723902050245512,0.16382676906936816,0.1573544775363399,0.25660720628993156,0.20839727096139846,0.24656942287898997,0.17776948662056904,0.20792303463146408,0.06466894129873982,0.1656123463539156,0.21173603109305464,0.1874460267974161,0.19589809036734498,0.1929970318905952,0.2328671410212332,0.19945856491720954,0.1097244858375158,0.04993539695830134,0.2262854887239671,0.15964004962094436,0.27034167123887637,0.12898537626154657,0.19846414811267676,0.29865143053013243,0.292670797235536,0.22712961222070835,0.2416309183536931,0.2318516397208439,0.12563410098492528,0.2863770438210763,0.21842415249222233,0.27324544687159397,0.21042470424729864
MGAM.L,0.21286335522541885,0.08136545558070034,0.3989852250106339,0.4770002916671141,0.2744184935609604,0.11991759271266629,0.4341632561198547,0.1013732638487116,0.13668970256426538,0.26964984960452637,0.38834658262138505,0.2397477601160101,0.3744402991320947,0.07715593272784962,0.3627791218707342,0.399597539177172,0.3680574334944531,0.39445776990112635,0.4524930444207374,0.5420211906540293,0.09163330422179868,0.39774925695679647,0.30109024931495937,0.23637003719953176,0.4134999940267375,0.09653579700375714,0.3835596657344313,0.25790893969412776,0.13488588352200342,0.5365182229472463,0.1737076337092127,0.3616788910698159,0.06421562015791213,0.21195145528677084,0.1838082340844674,0.42158893863108027,0.08546082118335331,0.26177690445184454,0.23111219498151803,0.2265505885743295,0.5061847098195603,0.39163290329284356,0.260073353202195,0.4597551931083504,0.2996187100306198,0.5092111256007288,0.48658612261565193,0.4560988846573915,0.3022036831206807,0.2927355715735886,0.32845119821859814,0.05397431606038043,0.26180223655101603,0.3209703591253732,0.06531379580651353,0.33400927407463715,0.33803800663004874,0.4075735587327222,0.18807795054765444,0.22146024289072516,0.4004597033796313,0.1393107494339358,0.4481199036058529,0.44201723279206223,0.35822700296532733,0.11784049082436322,0.17071788296496546,0.18675886129160355,0.050587773091007544,0.2001366026754396,0.3656009305868447,0.1926039371077219,0.22829416599904792,0.3302636726201082,0.45328350928922057,0.3512104949047984,0.147498798018261,0.3388198797036748,0.2821028684152322,0.4485689732406584,0.18358072024903763,0.43633858437720163,0.47130935940524926,0.12823677083791502,0.4292429438940906,0.4525209044080869,0.4563866258755297,0.3702201173573711,0.35016502024430063,0.279257183522174,0.2960878209139387,0.30166472733730915,0.18606625340865873,0.44190107199300693,0.3699135617302805,0.2529508335497224,0.09857559896882061,0.4759252464719152,0.38364270918588145,0.30540311672226195,0.46312415128401924,0.2735631643544099,1.0,0.19472394887888847,0.4828925293609632,0.13500005508024027,0.06424192662079643,0.09618636390080801,0.1605704514528987,0.30113412064230094,0.47049756744924554,0.3419872618859928,0.1390963809391805,0.2147535108126536,0.16619551050027442,0.24390954216588734,0.18765161795728086,0.2163051753309421,0.011999856409169011,0.16074951110328328,0.139306289506516,0.3141158859089549,0.200476478220368,0.2854434376199132,0.38222650707403044,0.3748344816784411,0.4213107265629042,0.4319069146738105,0.15743192603569203,0.22797217410118759,0.3151786076611779,0.2785686905563278,0.3377255072997531,0.33146142430190156,0.4051596099022755,0.40674054914031504,0.23526318982099798,0.06732357255420024,0.47892232514586053,0.23064224281860965,0.37688789694606517,0.1792787876979906,0.31295490172159646,0.48630036098198526,0.4718332346291547,0.32599601816864665,0.5681541705396347,0.3997173516761828,0.19074163490771276,0.3946095516864942,0.30195963748626775,0.29014006190951364,0.2865836245287983
MGNS.L,0.0166930988070064,0.06478106229415495,0.14538578142976075,0.16459387641795922,0.09820294616003254,0.1172408062901213,0.15704756446682894,0.06061196345156499,0.047166208186416994,0.09125792795575748,0.18384331497638629,0.1252761213923347,0.17516446913021924,0.006086734962691548,0.12023341972714492,0.1344006146474721,0.17961633061050752,0.16728458284535894,0.14485515273675048,0.18937344867005476,0.04855704495461045,0.15586371401873128,0.12395192232083907,0.12054917148386539,0.14422007170689227,0.00936570787467768,0.10974967818586608,0.08483800786860578,0.12022304916260311,0.195128320588198,0.09923181290126312,0.1724420742930972,0.0377254186705752,0.14259555399643314,0.09050669709512053,0.18105890641625738,0.040246600299543175,0.0828519589283025,0.09397790902424688,0.11854644263658108,0.18394219890512928,0.1747247382861308,0.09026894362288777,0.16686304909352975,0.10230925650125312,0.16022320386825592,0.21550295168129194,0.1770597408295978,0.11628224299965359,0.13594751960991397,0.17003270680952384,0.00833241882618469,0.09827702123553786,0.11286351537662435,0.01689419477703548,0.12960222442663252,0.1207630144281735,0.16938122833063182,0.08111868499868144,0.10090903744386787,0.17161367200263897,0.05599770757859774,0.15891972881737162,0.19286348182847018,0.11991220457404049,0.09737216265998781,0.10735128281946775,0.07462226724135773,0.05516287960584295,0.03662090973048995,0.15434538787849814,0.07477451149729193,0.11856593597319062,0.1378564872044916,0.15498763239599725,0.14549510494026446,0.09142684273342257,0.13070117325605016,0.10865091624346555,0.18195096736186378,0.08173172806175658,0.1730245826179574,0.14540223873726515,0.08330001894279049,0.1899082545430399,0.15641299030691805,0.1870478903747264,0.154042282654001,0.11147819270524592,0.12787087088140264,0.14165482789960018,0.2039016694820382,0.0715252118293137,0.1791938716091312,0.12053232007433537,0.13055338387363,0.04469058795734887,0.19068109339241554,0.11023173838040695,0.12684987559998528,0.17521323942356645,0.10686185022621224,0.19472394887888847,1.0,0.17718298725285603,0.0688680911047339,0.0829670514067906,0.060429741945980615,0.07997041634653192,0.12797158457504487,0.16568809478643395,0.12028847024863273,0.015729176336471636,0.0870768565772838,0.07506883418110565,0.11010279403052886,0.09233016792570976,0.09160503118292228,-0.0007428680240591533,0.07642183486462154,0.06794435126284258,0.09321829220500537,0.06653057081748773,0.1085141057413878,0.12160015461692257,0.1431163511060035,0.1196916864358804,0.1593707360921789,0.10074384419539541,0.08381708029020989,0.13324468724035002,0.13762088999215238,0.15923762628133084,0.13335192109501603,0.14799041380259068,0.12704557031938063,0.08959462137067528,-0.03082442327087018,0.10387861023508832,0.06905089553713498,0.1850563439032966,0.07078445203787984,0.10696400409721447,0.16550449005044454,0.18275513081252684,0.12402696963614791,0.1908910139490084,0.13570461123170974,0.07541752510849867,0.18372013483964608,0.09334620306941796,0.12583025073549536,0.12447162830871106
MUT.L,0.27709304180705824,0.03493904096240571,0.49930385559456775,0.5739411541030863,0.3536511961655665,0.15524973755023658,0.43438426536248337,0.08512998660182834,0.15870579127459628,0.3739166474465814,0.3797188916886642,0.2973420660303747,0.3721655757028581,0.17350199125061366,0.3684584494656212,0.5023946344999513,0.3890203174465513,0.4464998279555735,0.575051704731993,0.43525192177502825,0.05924381867997088,0.43766139859170694,0.38762427049324333,0.2043360083148699,0.5559767133694643,0.13298442926879764,0.44310422323335874,0.22912185839471785,0.1407014511355661,0.7655616707772928,0.1391373582490605,0.38563570278335774,0.06439022520596224,0.2575284154290274,0.23335877963458526,0.40972582372971766,0.1178260365195829,0.2416998604219181,0.2654482743487544,0.2564135149730151,0.7238982813084881,0.46447103933322387,0.2348966156040216,0.5068299167068121,0.38326036700191757,0.6422342979778121,0.6349323915801605,0.5769583227690619,0.3110203422558489,0.337766800580099,0.25377842026678515,0.06332307556562246,0.32326225367685635,0.373379577003416,0.09437952942204358,0.2866743918642857,0.3424060854268918,0.4138798688283597,0.18226764448246438,0.2611424582136591,0.4231854766857941,0.1627978681706617,0.4333085280760414,0.4715562099159099,0.44152559540368735,0.16395053651911246,0.24119739107019753,0.16161251358467044,0.09369674849760845,0.23744956338132678,0.41553335575932954,0.22610539059200813,0.23915587032700147,0.42468498771935503,0.38327541825033123,0.30647106494951365,0.246842859353603,0.3142847073579537,0.38102046499105485,0.5035709417738993,0.1841556605557476,0.4019640581605773,0.4992798276434258,0.11232795143898856,0.5711118327136889,0.6381990855954646,0.6020830513596244,0.45633167142147757,0.5257129701158825,0.4083529980000609,0.29034252821890677,0.31073273731538964,0.21775549682470374,0.6392621564457476,0.43204867754991816,0.24140197956096643,0.1036830017198183,0.7529864858180387,0.38644773764490703,0.3328892367023225,0.6516290840099116,0.29309576557017947,0.4828925293609632,0.17718298725285603,1.0,0.10200115513133501,0.05814772625073076,0.07569404248492745,0.13007028075327176,0.36078973095317207,0.41626217557147954,0.3516907383808816,0.12518925669361658,0.22640724602072482,0.24738331787981752,0.32593600472481316,0.1883153223420081,0.22801868557644406,0.05882954859752235,0.15253478376588364,0.13818353740437903,0.3590475595996138,0.21968311506370286,0.35979892056374646,0.38074846431973863,0.5338664486463119,0.41497064066022565,0.4457134949319538,0.21116947410253417,0.2073197188619032,0.31109930081933723,0.35392840748073595,0.4259464251638256,0.42827425774482974,0.5539406354121682,0.35054513720396124,0.2405211121333201,0.09225245897909247,0.41153312749089604,0.30192066006091983,0.3561825257389587,0.203196239323507,0.32885802544260817,0.4451858195494494,0.5632780095441748,0.309381149664563,0.43883352283068977,0.4403455905253351,0.18109676329699426,0.3676061895761347,0.2840150462383033,0.31525634536298885,0.2675456279683208
NCC.L,0.04271288056548997,0.026215891650549196,0.09215642830621579,0.15598327740858792,0.1356065402122444,0.06900901023180006,0.08534801970476759,0.05450934675174636,0.030464679249081535,0.07380138493605179,0.06767628905218653,0.10356190655533805,0.12631011975279435,0.008008713178820199,0.10034043237953477,0.11894798469596497,0.18438808950074947,0.1567944744279599,0.08893247269571627,0.11949791370668691,0.06180806029396389,0.13209335760031557,0.08845653539719096,0.0504942072672994,0.09831450912362283,0.04661821946515969,0.09740554304005859,0.055811462283570264,0.0656759586849251,0.14592160426660378,0.09158219283070063,0.13106527564500994,0.032283146029860245,0.09466984152619314,0.11796717151732923,0.1292222998204656,0.05781393629261185,0.08968128851909539,0.08147424636709458,0.10432531074345634,0.14189654461170628,0.13503276945477333,0.10073450015214795,0.1754291887862944,0.06888381045881588,0.11868724032931614,0.13821359880872947,0.1586175772181656,0.07900550018708113,0.09065429045431729,0.12743853592014906,0.03630422118377823,0.09183444093053995,0.12593101035168958,0.0803405226439935,0.11867309050121008,0.11759712174221251,0.1135998200181305,0.05670039012494593,0.11304406141199401,0.08979678931716312,0.05972823142580295,0.12125300117569081,0.2035783675216291,0.1407851251503865,0.06842128793730962,0.06254197441741846,0.09617434432200087,0.07863069586355134,0.014475751572296277,0.0708627583794413,0.08863097816144096,0.041604285467681905,0.0775363112271575,0.10809036344178928,0.05871526516854157,0.0589485642553014,0.06938267682864385,0.09647910539973654,0.11013604705321767,0.13155047130724382,0.13604667311085555,0.05076883056945445,0.03641683034243492,0.11164915665849633,0.08821615751593082,0.12199095415758265,0.10660848716885703,0.050181198858867834,0.05107428588763601,0.18129109940397528,0.07971241884638997,0.05265103072579928,0.1029972192353973,0.0820205950554315,0.12002816971137106,0.05527409902719522,0.10903275927457375,0.10098903745039825,0.07290420079053583,0.12765765771151602,0.13355011493870042,0.13500005508024027,0.0688680911047339,0.10200115513133501,1.0,-0.0037179486896437735,0.050163078801226925,0.06913026700683192,0.10023721137676557,0.1317106655662914,0.1524474110290809,0.03874097705933348,0.08474183648399902,0.05741623128296913,0.08182449796882066,0.10150707618117297,0.09360656288174406,0.03142322459508721,0.02408770409475606,0.06945991810841579,0.08084589085833255,0.06722192539515104,0.08683313279877768,0.1113710695070846,0.11067612070250812,0.08407939991118818,0.10486719748019033,0.04309582332827326,0.1198536712332981,0.10812391797798496,0.10077806216996565,0.09334933030223931,0.09805339211846373,0.11584813529713078,0.15073875559529518,0.09522372944607808,0.01719343043382023,0.09439556905763083,0.06182100091095673,0.12020816333917916,0.08229691909545143,0.07549220614334892,0.12393233183853108,0.15701578135892755,0.08621714848861116,0.06801248165974327,0.08236804769238742,0.022077886759844973,0.1412306838909469,0.0802177065641035,0.13658072570285565,0.12937852373163777
OCI.L,0.01230892163812837,0.04374491621958477,0.08902378214412386,0.11567958883539692,0.08064564695645564,0.038891328489098216,0.06016732221383962,0.06439375454914008,0.03468382921482648,0.08115640175063077,0.09717940696513687,0.045925721698233175,0.1016212592140722,0.01702696151710754,0.06958060986042577,0.08762546806360699,0.12231995659161575,0.11727055806518702,0.07123127706222389,0.056218773016757276,0.07114953518428128,0.08035938092843588,0.07332781021233911,0.03593107501047657,0.06776009836563461,0.018766662396105104,0.05393609649915327,0.014006269687961847,0.048189690096625194,0.07908867035422411,0.058382601451171065,0.07406330337081253,0.0634069110656187,0.0571180945133297,0.03968086050058056,0.1361257950660442,0.08490400386780175,0.05028232030141839,0.046000061396143106,0.032152576041958855,0.06650939239208105,0.0755215748954326,0.04344001102949446,0.13163393906087567,0.0525957790854144,0.07324701887792347,0.08892074232982213,0.08646598550845296,0.02804729001383444,0.07483858392263922,0.078775079941385,0.020228891886021113,0.04665089129368465,0.08432123559343116,0.031136946171882892,0.0496162327753336,0.09101245759842821,0.08259812811088844,0.03623713392440807,0.08130642596598475,0.09463138297472674,0.01645084036716142,0.09742812380810988,0.13967152042344527,0.08656871662750516,0.034031391448177004,-0.008833939817781323,0.04654967013688268,0.024249946385678626,0.01559226681074747,0.08884613598539667,0.052740877733626644,0.05787437955257313,0.07443092855258997,0.07565626896597523,0.0766627723635891,0.033447827679953086,0.07100996389725674,0.06526072228221695,0.07128945756404684,0.03484716910708213,0.07713031719693979,0.04875908973717075,0.029718087565539588,0.05164132522534987,0.04872182684714349,0.1029733698599116,0.05906622569721357,0.027261830265639886,0.058437813047836684,0.06642994739032618,0.07580294293244239,0.06631429592060116,0.09124270006140078,0.052847355466354405,0.08841807925555749,0.05811710791028002,0.07279797822952973,0.059705470997751614,0.05555559894967834,0.051625298017108585,0.04783994505359227,0.06424192662079643,0.0829670514067906,0.05814772625073076,-0.0037179486896437735,1.0,0.07090686579613967,0.05350289127045946,0.0673778698099694,0.0989434864496289,0.08673689065705006,0.0652796481692199,0.06446732205946175,0.03792284390272126,0.020612942212224157,0.057203069915490665,0.047258377448878286,0.025703846285700792,0.055098230407866405,0.07099830545285836,0.02613741834992275,0.05498898021061441,0.061712257823699504,0.05692753092679193,0.050619019652783835,0.06538391116180636,0.0778599630317506,0.06958102333407269,0.0653852413161547,0.04578860314081695,0.05778546753007787,0.059102237165154316,0.0711109020781325,0.06653375826082712,0.043490599777412986,0.039392416737812526,0.008727701313789249,0.06470032705524896,0.039129038655177466,0.06428539892675682,0.07042373376832092,0.040209787623827466,0.054671165133993636,0.11029430091257936,0.06216888907767057,0.07208067014950319,0.06424936929447433,0.01836849694803576,0.12794210548841525,0.04599151311016352,0.08556862133446938,0.07624765277169887
OXB.L,0.04730275064607607,-0.005490220780680468,0.0952734751001282,0.1282278409277916,0.08887976290982612,0.06452540348835938,0.09152887499588282,0.04333603589226257,0.03856207154941997,0.0571212334501939,0.042971089971959815,0.045283875682966504,0.08328792424151765,0.03382883894810975,0.06891013723431148,0.10631436351424274,0.13088728158569232,0.133137847671943,0.08672137927730204,0.06477578214768233,0.048372299469257564,0.09444457725775016,0.11334601842571546,0.030976255293749796,0.060448953012013994,0.008154249082617651,0.08271849860125768,0.024202958899913807,0.043544504057213905,0.09505734931930983,0.05935541146097407,0.06944236345039356,0.01820453570863513,0.0560189005359672,0.05376969375526583,0.0696853535489952,0.054714448517024145,0.08641003199131185,0.03747925233695125,0.05915196172102956,0.09256942128702365,0.1259267103662811,0.03766932184700334,0.15149931222222462,0.0485966977565955,0.09263663734338123,0.11653962576574178,0.12305160148820836,0.04802546517074123,0.06539338925994598,0.09800010970309007,0.04530368620409418,0.06391104682264306,0.09571005142179626,0.04814346086231488,0.08768570219622275,0.06609675431075276,0.08265393748973257,0.0748255051286737,0.05553203576907406,0.0795445339698089,0.05384147227426094,0.10758594736333293,0.13417113563392705,0.10738413110996793,0.06405334329429359,0.035044427464440794,0.05717033043453546,0.059380082242061295,0.05267618775131968,0.06222355386355983,0.047747730870418094,0.039764339026424775,0.05696517186003496,0.09167548196846032,0.07974223126446726,0.021496178395329642,0.04276384404753546,0.09330646397541957,0.09378574639833867,0.08366149403262962,0.08822690320359361,0.06642295223531981,0.02283525956658008,0.0809119994251592,0.09516293129781934,0.09097092050437407,0.0874514977919935,0.060000259867054456,0.0976889558252445,0.04427596011611425,0.0529929165011515,0.045639524800365885,0.08317360579780599,0.0837987421244755,0.07373538713918641,0.04756713212280006,0.09105609659219531,0.07724097967840277,0.09175939496809692,0.11784933874217678,0.08983210611327837,0.09618636390080801,0.060429741945980615,0.07569404248492745,0.050163078801226925,0.07090686579613967,1.0,0.0872240045616791,0.1011551063439146,0.1219174572625375,0.092628370938163,0.04247006946543965,0.08630446254195259,0.034941498874691064,0.0535301591733181,0.03756719314601228,0.06703159949090974,0.04624199769983162,0.023418269512553182,0.06495235850800625,0.06376132935846365,0.03404502580421181,0.05348010191145993,0.05690909508660931,0.08123217268486706,0.07208961711910333,0.0716739607025753,0.0674741690005939,0.024470721079306992,0.05556423416921152,0.07492286555655558,0.0626645646748093,0.10398524297657957,0.10272184041623342,0.04950917514995443,0.10587421821138102,0.01362935586920208,0.08114410687147307,0.0005753668496284011,0.07176432429345381,0.08554103097806573,0.04788104773628158,0.09665033389050269,0.11168297645881349,0.05672086510000169,0.10156982265010062,0.0771415076126349,0.05812751183573078,0.08391062455258094,0.046890892574037536,0.10256729920156435,0.05474955938753263
OXIG.L,0.030823642379925128,0.03199614732340803,0.1092906214184594,0.16396990362302838,0.11950297426222374,0.023244487851176113,0.09147511432112074,0.03751716221404075,0.04708594711447205,0.11979612446595563,0.0791768701436471,0.10486257227979476,0.13185812913634762,0.028313418784789074,0.1066502640372624,0.12215988441408591,0.150053230488572,0.14400078632942517,0.10672539463470111,0.1542972193139358,0.0477942037505509,0.1156347856312851,0.14321219206972596,0.08938250100287769,0.09644236605915947,0.04793618554173451,0.11016472773918262,0.12425387197671649,0.08195163341636548,0.14160728880141468,0.06329133241357233,0.11918306291741916,0.026740060822510965,0.1336774498779661,0.0781845801464792,0.12056742379425463,0.06198681185154167,0.08295915252507155,0.11059342367244895,0.10803281348159045,0.1142860553835138,0.1253132484543323,0.1063418065551303,0.16489115364209814,0.10604264333898542,0.12020537909981995,0.1355840363724593,0.14707177717348266,0.08932377602669347,0.10873237442320494,0.11431896015911695,0.023796324674218456,0.12914832964303877,0.10813021782563949,0.05043867921858832,0.08406979380974629,0.09874310287033528,0.1574470393491187,0.09428648743619514,0.07199102898097681,0.11068195845492296,-0.02788138194021289,0.16780530428814794,0.15559365137844747,0.1456978285362702,0.05667838265396175,0.052856111887240015,0.04903231134786422,0.05157323367038142,0.020139065073098348,0.11551867915399777,0.10334707266306616,0.07562883144423727,0.10340426051571924,0.12032412306712202,0.13270891943845034,0.05102059722114107,0.09523167863653205,0.10068342208189801,0.11276923667465615,0.1064505579708253,0.1177660053014127,0.1361255806218832,0.03230539839229557,0.12814185460277253,0.10308270998026653,0.12142938468684938,0.1380163628896922,0.09723291162382962,0.09962892115771477,0.08305860794227272,0.06380769184451827,0.0745370213992916,0.14287036043092968,0.0872997099358699,0.05832591580411174,0.0868649025185808,0.1478944393440702,0.12251769032716639,0.07395821931375268,0.12284704537747045,0.09386718655867214,0.1605704514528987,0.07997041634653192,0.13007028075327176,0.06913026700683192,0.05350289127045946,0.0872240045616791,1.0,0.11905054620074684,0.1844812878291128,0.12534797501189265,0.04426216978097213,0.0782771233720721,0.07128959334028448,0.06951992121564388,0.04188153250305893,0.07626695545129275,0.034983671312482874,-0.011331258759633736,0.07482495868628913,0.09466031338804032,0.051451458583178296,0.1371110250884637,0.15262627524108022,0.10063407174930039,0.15744977107483338,0.15490675023407655,0.09947735083759789,0.11449256195950577,0.09962667252920955,0.10067792265903065,0.13327882422469936,0.133945236178539,0.12584359142481288,0.15365817202734705,0.11038704927723939,0.041908417449674294,0.1502699354114169,0.07423180592196593,0.11273615730809697,0.13154626572058836,0.09726299951888845,0.18404345992322246,0.12707574335916683,0.1041888274350759,0.09829592403928472,0.12062127920764788,0.03739891689106802,0.13934498597882122,0.11083285480287627,0.11852609066577065,0.12389419230803332
PHI.L,0.13073391929333017,0.11380682308390053,0.2613411783670972,0.31392308189294177,0.4084427722803623,0.16326777162425463,0.3100564311057595,0.07511613116270746,0.10959281149550273,0.4109582838663229,0.2096542952874652,0.13843558485187615,0.20319528520401184,0.07564812383508393,0.2530612559099766,0.4260723758365757,0.3473815957846957,0.3359105252291464,0.3989019058876516,0.2975544863987215,0.0800932519008451,0.26173550964282555,0.41629717132557587,0.1327902881882202,0.2990200910551068,0.16019763564164535,0.2949604687632672,0.1552228487489258,0.15640686256362238,0.39118537922331703,0.14971968989298914,0.2298372579337514,0.08425879376299825,0.14572090263172563,0.15174094520631035,0.2322616552468549,0.09562782242566979,0.151235069389002,0.15008515379503684,0.13503391913054896,0.3526774597650115,0.48760747608853555,0.21473484288601194,0.416780538344234,0.37273262571244425,0.3925863273551447,0.38749311772350226,0.42201778840624316,0.16053597808844533,0.18818994512084844,0.18497641834842873,0.12282611177112218,0.20019585609079898,0.39134191014745145,0.20496014542233013,0.19965055935610498,0.19879088696275637,0.23419782323705557,0.10200655836287893,0.1377763237613825,0.258722124031646,0.1045810017469326,0.30071850945545203,0.39341447404507207,0.3926786314672092,0.2072449241954008,0.09038834892885618,0.1052048541693649,0.08805048150989367,0.137078032490182,0.26214560787065583,0.22967579897634857,0.11624414232634052,0.3369466420174524,0.2539539376520719,0.20979102889492343,0.06894569609938597,0.19029135484531007,0.5731976048713182,0.36368271712328726,0.16645172304717387,0.22388950212385889,0.3261002024923428,0.12818402296149772,0.40592326804620016,0.5099515907861268,0.4114397363818537,0.44633607725967983,0.4242631902233445,0.351449869870082,0.18408092037920173,0.14583271689699323,0.14442367870572712,0.3617007361286651,0.2617957920635491,0.1521438180027539,0.10769822118416351,0.37734470066408404,0.2034973397306466,0.165172567976599,0.42549717606938536,0.16346420483555915,0.30113412064230094,0.12797158457504487,0.36078973095317207,0.10023721137676557,0.0673778698099694,0.1011551063439146,0.11905054620074684,1.0,0.29699754299064446,0.21264295004777922,0.16401145923258428,0.24780690406280945,0.1186194525374127,0.15404238792088001,0.13046791041027198,0.15875851094833374,0.06373074378982291,0.1318835834699304,0.11820322936802617,0.18444875509038625,0.1317918163723734,0.18604092654821888,0.22664500393263518,0.280419356208229,0.2777276449706124,0.2483796036196303,0.24614704748050217,0.12060368699213335,0.16474655728621113,0.4663161097468197,0.55044020240705,0.512006696615923,0.42229097662737114,0.24387865619108964,0.12368232957366831,0.06694386293282722,0.2860825027530548,0.204674591368592,0.18076232258921887,0.08171169917191325,0.16931761671205448,0.25573302520529895,0.3452921477648801,0.1743955940042432,0.26051591561543247,0.30017084249819154,0.22657096117862993,0.21006011586729215,0.1271604383011309,0.20465979122164976,0.1589709184490481
PAGE.L,0.1575538965849577,0.07918957785638757,0.39488087182079984,0.44237938395889964,0.31002529189602457,0.09772040715651693,0.40420613701142655,0.10493638346328231,0.14669845733290066,0.24695101310014433,0.37427020203914546,0.2148661628530239,0.4274122224418234,0.08934527217655355,0.3083778564644504,0.3690136934154384,0.3532878984481049,0.35968894178900285,0.3889910662872079,0.4345083526919342,0.10599312772462477,0.4063891320001408,0.30640342814629135,0.1778705308689418,0.342139641385619,0.08283208854146053,0.3823187838593672,0.266713443389956,0.1366199363951808,0.5032536215812017,0.1494431469433354,0.3825495124193605,0.06896502611415568,0.24151824093420923,0.15269370593384723,0.42466557216031814,0.13966392754586024,0.2566188202702758,0.21298246341248192,0.23635021081081306,0.4688550357073475,0.3450020338708081,0.2434107472974711,0.42474668111857616,0.2725028646489617,0.48110151007855595,0.4284351967760067,0.42998422882632975,0.2968491800351027,0.3018307063758368,0.2929783305856004,0.04075853057466545,0.2320971909815843,0.26354400428223484,0.12006464762308754,0.34352826799689373,0.32481749881977734,0.4285086364882288,0.1620591425806122,0.26695025419659457,0.3950776441435056,0.07063514378678944,0.6233762146976768,0.4203092614562308,0.35735915507639665,0.13582514375504864,0.13975720901861824,0.19230964462810968,0.07269147930752193,0.1325638227001205,0.33159286807253546,0.1526636898923743,0.2316786892678421,0.28678935194867017,0.36185430093926996,0.3176998088137998,0.0859163524617777,0.33777517033136323,0.27368967736727734,0.42540987073907716,0.16443507717156028,0.4265838238477978,0.45143425332350956,0.09800344790005061,0.3843560409562268,0.39280334991039234,0.4372744909243003,0.3310768076493397,0.3182057326374255,0.26166980468868173,0.27499369575033944,0.28857883844136034,0.20072771260624325,0.41387794355344387,0.3546287059126235,0.2877840000805201,0.09652677051252764,0.4566501967676708,0.36258733287781075,0.29699600536398474,0.446024598424605,0.25822863648981914,0.47049756744924554,0.16568809478643395,0.41626217557147954,0.1317106655662914,0.0989434864496289,0.1219174572625375,0.1844812878291128,0.29699754299064446,1.0,0.3307053670436452,0.11792547740684887,0.16655518439198844,0.16398162063834984,0.2054447240104019,0.17463086356015017,0.17633988519288535,0.050022145566583895,0.13415920377400764,0.15526048058069064,0.28849845628542936,0.19081299046424233,0.29284789950860735,0.31829676474493085,0.3516179482772207,0.3765746355900017,0.4239070769287977,0.1323706088834785,0.2472651652948539,0.35089479443940613,0.26070746252970606,0.3169616874380745,0.30301304391602024,0.3582429312531069,0.3504824997853625,0.30761231135219186,0.04573967115119939,0.4286507430259728,0.23376728151464726,0.3693339374555262,0.17008256004563882,0.34019574759083454,0.5406490520644235,0.44251438300259527,0.2768371371596351,0.4057863944816878,0.3790253441257805,0.14751688975501803,0.4030707112333611,0.25498332573986504,0.33985849567564275,0.2995150756656107
PAG.L,0.1614159199558237,0.10929612056423899,0.34998119102995656,0.38653895085645396,0.23503080166200585,0.0631927239745045,0.299569637344737,0.060288862354667766,0.12369371697723981,0.21140889250249087,0.2811893634145821,0.19086372454004805,0.3505283437345699,0.03949929471074871,0.27494636096665354,0.3056644379593418,0.31654474033083274,0.3359215451968415,0.30627695452444714,0.33281930667453624,0.05455519663030769,0.3788458719511386,0.2679036305743299,0.19417169927261538,0.28710768046683965,0.07041400632504181,0.2929357048761211,0.1694932866539837,0.13901706666431995,0.4124420888377778,0.13196778828069258,0.37916425951046456,0.04810484020523361,0.22010868434217098,0.16101610358747656,0.35828941423297894,0.12183582276584018,0.19223064759323807,0.2260012115295587,0.20859100827926325,0.38863152061006817,0.31275530708937693,0.21005493199185135,0.3643356107203465,0.2518255882569997,0.3787537019788681,0.3939015303965012,0.36679353802194253,0.2803245059705157,0.2662871893951982,0.3179752043102329,0.06268802620918167,0.19260352899949473,0.24748337369723533,0.08376408422714211,0.3044333061822756,0.3038920096373694,0.3621849324270364,0.19019783620873215,0.18390923564853165,0.3359396627416104,0.07512516296814546,0.34407567828347496,0.36163689135821636,0.32015098060954933,0.15339393179863697,0.15000669672156283,0.1409156385927056,0.05483624233133698,0.10178521255640084,0.2712702319181743,0.1606335563639105,0.1882366897488412,0.18890792794598196,0.2913884348531569,0.313407640502767,0.09741073886200238,0.2874490500628654,0.23094772245723189,0.33407509243295813,0.16799171271449223,0.35443255007188024,0.32313319308929,0.04986576355611908,0.30333589688136847,0.32417303201945225,0.33856761303876287,0.25253283637572216,0.23188513423809415,0.21879585402372856,0.24715521997362738,0.2197511614578162,0.19753591863578826,0.35331930908069986,0.3173231110692691,0.21844220341302173,0.11818017255304607,0.3657489503954272,0.3173390346391044,0.26022998149051146,0.3752610457482506,0.23080326263403672,0.3419872618859928,0.12028847024863273,0.3516907383808816,0.1524474110290809,0.08673689065705006,0.092628370938163,0.12534797501189265,0.21264295004777922,0.3307053670436452,1.0,0.13519645311439366,0.14899018494397262,0.163660500306001,0.2144731988763615,0.1528901405949455,0.1912283983603777,0.015444478840194481,0.1096112439822569,0.12445864532176305,0.2529897609874957,0.1825092302584368,0.2639486463107873,0.28327428943492894,0.28666799049108,0.255153198841751,0.28999928523393026,0.12679573350135653,0.20735219597503476,0.25904430619753893,0.18902569732331803,0.2661341917920168,0.2623838018805876,0.3038482116431465,0.27295855814944703,0.17141513934913177,0.021943632084492477,0.32300977105568657,0.19229892931606465,0.3718259109750276,0.15265528200489695,0.2048887571861644,0.3773771394102849,0.36136395388849796,0.22330842720844457,0.28968575022166004,0.2816256861944296,0.11270493872678387,0.37448727512758084,0.23758800199169217,0.2584444138976812,0.29253943231419943
PEY.L,0.07462567004661831,0.08146561254869304,0.15522160034943813,0.15125876471338265,0.13144258702637368,0.03648045666097102,0.09651901496933228,0.02180532192244817,0.0592775996760367,0.14336387799390077,0.13224433017086398,0.0381145092488606,0.10535299000803322,0.006692222719959688,0.14914177761028508,0.1689475675441657,0.15398360851783843,0.16858100121525463,0.13375647358859852,0.10480489222732257,0.10150078781137749,0.15783884437053694,0.1293425080151104,0.04672105246935623,0.12542253398423825,0.01673547278383052,0.1026054133383032,0.07813016294956998,0.04228520320243478,0.15272283434857453,0.08853520869945504,0.0799942708316312,0.15860232465670776,0.09456504138598779,0.006511391101566196,0.1659025687060791,0.03693523216031711,0.03483161727504832,0.07865389086050849,0.04203887092816363,0.14924428541743567,0.13904717919877221,0.06267012621056549,0.19279137194418156,0.11909939358130377,0.1696721216488119,0.15851405822710557,0.11794294226959934,0.12378708041457076,0.07365893893175843,0.12057122444036592,0.04604423970777779,0.07909971303568093,0.1927508610946323,0.060639543657505124,0.12606082573247526,0.15924124136087947,0.16814261557901572,0.11181100058560879,0.043479721372521506,0.187275649999291,0.05304843391930196,0.12946899856061522,0.1806559040811791,0.16707307427165188,0.04079145820069781,0.04399511050034866,0.054134456730711315,0.02543762670997828,-0.0019306079298046282,0.08407131283110844,0.07080004043150585,0.06988313199257894,0.15174509047819548,0.07175777514166293,0.09764823482909206,0.050785811512539476,0.0714963742123701,0.16108527222314667,0.1178718957136279,0.0974149434595352,0.14384984936610107,0.1253599949454488,0.08576592141231061,0.1223012843460097,0.16485513290166595,0.1562907440894595,0.1406048638111402,0.11956762757994435,0.10755848084535533,0.10802418326401415,0.1109617338460384,0.04488667270003435,0.15251534505893327,0.08947044586399565,0.1301393937259759,0.05745679482100441,0.1552664756792845,0.08149475574068232,0.08936987549756382,0.16945656451819086,0.1281335516465848,0.1390963809391805,0.015729176336471636,0.12518925669361658,0.03874097705933348,0.0652796481692199,0.04247006946543965,0.04426216978097213,0.16401145923258428,0.11792547740684887,0.13519645311439366,1.0,0.09338224019561511,0.07244641912814796,0.08274779409442246,0.0928946669675077,0.04454677544627644,0.061753761056277515,0.06619497196478964,0.11841842950221639,0.07162175955640325,0.08716320338061222,0.0926199669003793,0.07931834040577185,0.07525005246564118,0.09108055393660926,0.09022584655578629,0.060621771412914235,0.09315304454365014,0.08327090763650517,0.15704187733590586,0.18999150811696808,0.11993648792271148,0.13654467191741826,0.13207823680726297,0.051879257171804825,0.041819792876317874,0.13003749968270936,0.11838708779593157,0.09274467306263741,0.05547954716969815,0.09704087427345978,0.13200947151639222,0.17834401280091022,0.08491947716248732,0.11221133876913443,0.1029915320259438,0.1210423843443392,0.10968651328639961,0.07699795205970447,0.06775932130054325,0.14557047245571117
PPET.L,0.1431824898288671,0.08847218233755165,0.15995570206214424,0.23851140512670035,0.18125494114295881,0.13777872345152722,0.1495924175818981,0.031963757306356956,0.06483255077767372,0.20104568126947098,0.11198413451511659,0.03504390539080637,0.13155938253277724,0.0733601308759649,0.18458866817195152,0.23608692837421438,0.2534214061511029,0.25405431793588057,0.20231237305703853,0.18018904994159068,0.06844274926126342,0.178290774905355,0.2557274226755792,0.10241886313425162,0.18418238571405818,0.1616681737300179,0.1704183898969584,0.087654327239872,0.09429020746031143,0.23093024968625628,0.1034583349101048,0.11526448879899376,0.04227104281621509,0.05497039606032732,0.0912495482338108,0.18731856102403127,0.1021071949404729,0.0719992475525179,0.060305224848088035,0.0824167015666321,0.19756626936708166,0.2544904433320142,0.0914500928966263,0.27503928192523314,0.15079946310186407,0.21272284728433985,0.2366704744454685,0.23367704996326244,0.1339920421435027,0.09478371901731025,0.12836486102935524,0.08382479733171148,0.11715186595187467,0.24313396201200801,0.1565743275593293,0.1568234700637128,0.1638775959606326,0.16225475018374452,0.050985132353354064,0.06982120988608245,0.15558028059207518,0.07274078581687783,0.15258124229679526,0.2878110207744612,0.2008600692203069,0.15370341040976612,0.07350450216603513,0.12048599411868666,0.0782919837129012,0.060706975206492854,0.15789088989176117,0.2225928339140718,0.0693638924135589,0.2222976217236222,0.18347092859282582,0.14465296717742337,0.10931320622908716,0.11170542361306222,0.25926651930055356,0.20410029027045287,0.11711988362435324,0.18252858024362678,0.17817639253216253,0.08248939623347444,0.1584908624887282,0.20420613369047824,0.23114461148168838,0.2258060887016924,0.19177589644388107,0.13591660219281765,0.10961823633705581,0.10898251383415339,0.04884276680180702,0.1822922144095851,0.20449357219711567,0.12258608990394444,0.08634853655677079,0.23591003464115057,0.11607910064445014,0.11570976342957873,0.2249770595302305,0.10254037993638401,0.2147535108126536,0.0870768565772838,0.22640724602072482,0.08474183648399902,0.06446732205946175,0.08630446254195259,0.0782771233720721,0.24780690406280945,0.16655518439198844,0.14899018494397262,0.09338224019561511,1.0,0.10078445279607554,0.09864948899063875,0.1613700541655083,0.0890233657883266,0.07056594139067603,0.08065012410750468,0.06994232786323798,0.12484633240628303,0.0876426513266515,0.10655772070580294,0.16108016602824385,0.18784006176904108,0.14645525334737688,0.16620417408209112,0.11209864522384816,0.11447413706224908,0.14025453397043303,0.23332927942721338,0.24413599575655778,0.21031500777653303,0.2340285991956678,0.16111861354645504,0.09031698980825074,0.04822538312640466,0.13673004298509833,0.10481556890373478,0.06624302819427601,0.06947371870991746,0.10067867772053862,0.18173000151527524,0.22760727331329142,0.15573232704306503,0.1804255745176054,0.127801932374982,0.1392450709035308,0.13233208208344702,0.09166851399545822,0.15682896119597448,0.14020063219390733
PAY.L,0.14438276196639085,-0.005145489857799212,0.18657171199928832,0.2458762318502109,0.13030625634235035,0.07961153713964046,0.18579988477973539,0.008293121349163855,0.04274236243634321,0.13699757151002376,0.1422705596372541,0.18975364134646747,0.17421218366333643,0.07635367692162194,0.1574756306807898,0.163040921583311,0.16733826127745358,0.18342092994163642,0.18280556600750822,0.15699097348794575,0.05867160268115936,0.19661880490291694,0.14989135174775448,0.06371672832812662,0.20588664595799294,0.013238159981649391,0.17510507453572885,0.08204320259120096,0.05599067378012762,0.2394217528873629,0.08134721389389589,0.16590990050675294,0.006212469449592461,0.1480793963446598,0.16117247952976418,0.18860967235163517,0.030271281609826072,0.10199777293852544,0.09236314226155352,0.12041278985727999,0.24486840273527782,0.17032839740438946,0.10196761852078039,0.16451660262556217,0.11663143678866462,0.2180771240360423,0.25374119587621147,0.1798630764228298,0.14320681136105495,0.17492433554986989,0.1203314564939304,-0.004002099539207305,0.18383994287056385,0.14156528397751306,0.048395251938184274,0.12609891036569942,0.1572240167293571,0.2218639942255324,0.07668684010467856,0.10246661649835642,0.17769099718082557,0.07587461391670777,0.16905987296287367,0.20767513661845943,0.15463774240996872,0.09573865162983483,0.11391025360078628,0.08771777398996197,0.037077874840924605,0.0702939662261791,0.16799388491228545,0.11006339665453445,0.09991706234472766,0.17741606589385878,0.14591796762208495,0.14096332859016944,0.15789302423383714,0.13272684023292874,0.12208834416420056,0.18881136363441697,0.1306389180747714,0.1602836830577865,0.18047247370296138,0.08060619379841774,0.20657770903001724,0.22832190290059232,0.23172015552199107,0.18440114423312676,0.17583977412561155,0.17545956424380765,0.16705141112596852,0.14329985653969435,0.10353499196552482,0.2490583679873414,0.15039420762706587,0.15790847612208908,0.073683770055454,0.23973571718051412,0.192676461525097,0.16773906699803684,0.2501097261862147,0.13045909996768706,0.16619551050027442,0.07506883418110565,0.24738331787981752,0.05741623128296913,0.03792284390272126,0.034941498874691064,0.07128959334028448,0.1186194525374127,0.16398162063834984,0.163660500306001,0.07244641912814796,0.10078445279607554,1.0,0.12149676172871007,0.0872068746161244,0.10640913255429031,0.011720535417603492,0.05854325982747805,0.05855638259353564,0.16465794679269244,0.15572507631199323,0.19926071541724777,0.13087060007470733,0.22451020093425347,0.15123313472708533,0.14578160996436512,0.07806569510191534,0.09021337793240967,0.13291769291588637,0.11575252538905156,0.13122157170618104,0.16034359354801983,0.20706612238446415,0.07830048445002215,0.11760503524891487,0.045609437107692004,0.15235377318445562,0.10817250633630882,0.1557700082196362,0.10081846990745782,0.14275528025447942,0.1757342831739674,0.24009321286486718,0.14134382369210083,0.16968571979863578,0.16164243988035235,0.09728073353064584,0.15452306455968262,0.13487104814376843,0.11007421259065735,0.15769231455596447
PNN.L,0.14023762506061072,0.028306577327009592,0.2801681502271899,0.28944917766306844,0.18721150757813826,0.06169274599536327,0.2088695108849838,0.017731942924759443,0.056234962684576235,0.16403428904881806,0.23138164189017107,0.1416788987820339,0.21066028177952129,0.0569156577892992,0.21975242200826559,0.2532372864962273,0.21994450911678248,0.21047460158445477,0.24072719717893162,0.203663762589366,0.04567212091209309,0.33894995561871016,0.1758320929155153,0.1605733544133734,0.2628413764018324,0.06722966428330938,0.25166682828182196,0.11119818810608015,0.09055985622331386,0.3842733904571547,0.11776906261084608,0.2274320369257224,0.03296855331147024,0.1385878663026451,0.1416805605867162,0.2752183736610948,0.03879501330775433,0.1990657544188019,0.2691549488973683,0.15686062556494332,0.3730989753209927,0.204899000867499,0.12904229519201857,0.2648591387959756,0.2075110186915531,0.32679487155358516,0.2979058445480955,0.30221237419546615,0.21296434559381355,0.1809373469541111,0.18353739684358025,0.042903504096730744,0.2222265422808862,0.1777590980041485,0.0604738002758907,0.15840392211190685,0.18428935864040197,0.27477096776342386,0.12885296361246895,0.172536906938713,0.29916858218103576,0.07092534361843049,0.22248480024935813,0.25055396724802015,0.21704090573533877,0.10898829551898946,0.11174825732118772,0.07695961888483714,0.05123884677611508,0.11310767186716018,0.16237352946201836,0.10793989740794077,0.12114430649600126,0.1582269895988469,0.1919157199794713,0.10872509024877187,0.08697528014092816,0.19758822924511926,0.1756785379535215,0.27120170888349676,0.11026948683890579,0.2564502328363608,0.25388152161146366,0.08898569113478264,0.282249829822284,0.27848901455160435,0.2834109586248611,0.2204853350553912,0.1867954357784767,0.1482983156132131,0.17859792329102286,0.17495436339232479,0.15144653769079439,0.27862046549667463,0.22207681380532363,0.1271112168328122,0.06693404569578647,0.33034354416665285,0.20424570763089642,0.19779863225263558,0.26318700850224075,0.18014283813274706,0.24390954216588734,0.11010279403052886,0.32593600472481316,0.08182449796882066,0.020612942212224157,0.0535301591733181,0.06951992121564388,0.15404238792088001,0.2054447240104019,0.2144731988763615,0.08274779409442246,0.09864948899063875,0.12149676172871007,1.0,0.09433070844098188,0.15000422917530268,0.06017179199382797,0.10776164295155878,0.13046230084343233,0.22000123429250343,0.1061866527039308,0.1825302906200006,0.16237819835480458,0.24169218103266715,0.1985497575679563,0.23893827961388858,0.10278857989747149,0.17377239445584594,0.18102861906703696,0.15505942101435835,0.20458130585935888,0.20573546412005292,0.25043268140503433,0.16986773677896802,0.15784771922825028,0.027395511903270876,0.21970586627788483,0.19840788329819933,0.20318980497360228,0.13024100841843012,0.2025243047891429,0.2515600047123249,0.3170074482632261,0.18639850709747832,0.22989994672111747,0.2126541402036298,0.082392779529936,0.2336729623245091,0.19490280891521275,0.2647787124125601,0.22187550759513952
PINE.L,0.1108427484736427,0.07834614650156939,0.17194472186115373,0.2092120963177788,0.13033400282063073,0.09182081536924008,0.15929990639993888,0.015506678036623178,0.09311891978403802,0.06834834855264094,0.1693707287960768,0.05609533526576301,0.18798536657589188,0.014690639978909585,0.1398658599041726,0.13318449307772653,0.12774467720131724,0.21052162184172146,0.13132986383790368,0.1892850373971692,0.09282708973913051,0.15845308611271497,0.12276213969592252,0.09840033422330904,0.16463270384373233,0.02786745328561444,0.11123123794660417,0.06834274089107809,0.12210343028163706,0.17947518454323055,0.10625570907591886,0.16332073786115506,0.027283505968371126,0.11169855883660557,0.05244658201381297,0.2136334020853824,0.08925369049716679,0.10444984583382129,0.12955000760566174,0.13038299208058293,0.17814226253765592,0.1364912898218817,0.11210280193354913,0.15333843922782814,0.09972867802781686,0.18693380173176166,0.16402772445303967,0.17019568610013067,0.144538613371585,0.13610764144606896,0.12571813510885466,0.051234054296138996,0.09697100477094003,0.11876933794517451,0.04244997631305027,0.18638275363711804,0.2150969554270644,0.1755933568916048,0.07555566446867615,0.12486719265071874,0.14666580442712865,0.1255383398580791,0.17823900658673,0.20613106552162494,0.1651888591612269,0.039986161713318535,0.00962946844936622,0.03844500684670629,0.009871047375903894,0.05271645459474385,0.10892008980633185,0.12247734610261343,0.09700481882646358,0.10244426027381698,0.3015870448594798,0.10803185913848257,0.07562878623619061,0.14677414207852635,0.09343825416292985,0.1306770326975344,0.11846965783620558,0.1925853746632709,0.1199114514463342,0.12169639395173908,0.12290952591619174,0.2078012070985759,0.22036600155246194,0.12298897576922786,0.15049498028721706,0.061866196895110366,0.11323279996624203,0.1266780021279,0.04826784524306406,0.15522200010637144,0.15383114592419161,0.1407238644364743,0.13122184157250405,0.16522642488833825,0.1576113218266782,0.13013937940388387,0.18553318055140272,0.14022593056938124,0.18765161795728086,0.09233016792570976,0.1883153223420081,0.10150707618117297,0.057203069915490665,0.03756719314601228,0.04188153250305893,0.13046791041027198,0.17463086356015017,0.1528901405949455,0.0928946669675077,0.1613700541655083,0.0872068746161244,0.09433070844098188,1.0,0.09949168577923907,-0.00547452955729941,0.08976146575238127,0.13566590359577033,0.14967942756425628,0.07628378113909537,0.16655569902140208,0.16647130224412732,0.09515428978206351,0.09974867286219662,0.14621374972940046,0.059950964128188046,0.0989134519612335,0.1542879349295244,0.1359210204693522,0.10083210075091524,0.08320319675040407,0.13708705502151325,0.1458329845743094,0.07034307984967002,0.08457470756434966,0.12812331601513352,0.030911724799130465,0.19980600168436866,0.08278607169501098,0.13837176493412678,0.19775661543066245,0.22577212220450468,0.16822871631548172,0.21454096373011228,0.14907057429446371,0.10698263463082987,0.17089654743381527,0.1330487699429572,0.16707632750733833,0.18079704528829946
PTEC.L,0.06879296926329709,0.03336565529858397,0.20900781719120679,0.22092660021475982,0.17288210575164498,0.05804053821164422,0.19216710969655595,0.051787241731016065,0.08800320203814466,0.12982516415517767,0.1773475890691386,0.1054392050469614,0.19050371018612255,0.03023286093232933,0.12105013927747982,0.23937553158881356,0.20712145976166083,0.21275202836131307,0.18694341027187247,0.19561101306447812,0.05608165733586688,0.1911015852633109,0.14429434096104665,0.1345876600345188,0.20997289638278605,0.038410655316564575,0.19580206874784348,0.1210177547216638,0.09347128111187775,0.2526723836454254,0.11774222326264251,0.2293985772301932,0.03553229955972774,0.15217766395800583,0.11972758228292348,0.1781741883682948,0.06724445525318168,0.1542136801273234,0.10677404678725198,0.08921685546220025,0.24779883403071182,0.17349861452615142,0.15462742634270785,0.20836302115884223,0.17007501861491756,0.24850448429368968,0.22863390814022533,0.2373747901184515,0.14711280433421892,0.15042987164269145,0.1765344404650401,0.017628300240358344,0.1336455771608272,0.17959235610992175,0.040481778512904756,0.1421672056628695,0.15345332073036863,0.21171483218107043,0.14273397950379527,0.13103624527300897,0.18074458294595347,0.04166030605486509,0.2095369733326075,0.21927588799298658,0.20829279386794836,0.06789282790012366,0.08171793657562135,0.0983588914483746,0.03697769718565275,0.07878283336380082,0.16571367352882652,0.044043696505019755,0.12385350410229287,0.11822934569911057,0.19859675150759948,0.1313241268385829,0.08611728490660583,0.1668721434076117,0.1671326914213408,0.21959199234060148,0.12457965687413372,0.22619124554180456,0.20134021741183084,0.06725494536082997,0.2026158855664435,0.21020857041970137,0.22272991933824324,0.20665613882737824,0.15021053227834066,0.13755799708801986,0.1474803687732579,0.1486091597560375,0.1353814858372323,0.2239776310958348,0.20234508388746741,0.11042303243044792,0.06367299475537475,0.23255632785973648,0.2072521898185911,0.1511603746570705,0.21129274677968396,0.1574729256089846,0.2163051753309421,0.09160503118292228,0.22801868557644406,0.09360656288174406,0.047258377448878286,0.06703159949090974,0.07626695545129275,0.15875851094833374,0.17633988519288535,0.1912283983603777,0.04454677544627644,0.0890233657883266,0.10640913255429031,0.15000422917530268,0.09949168577923907,1.0,0.04191796603893219,0.05954856444123933,0.08307580382714282,0.15405206559952647,0.11030759301738602,0.15417476522391219,0.16297164376209675,0.1671708704855784,0.1764621342517296,0.20445320125911154,0.09732311194317306,0.1282385387774712,0.12796633270899252,0.14644769736095822,0.19550961591255483,0.16793029213270924,0.19618933716673728,0.1552490330279706,0.12097960451956724,0.020553233551913276,0.19104116102981283,0.12542203450919948,0.20218836568296714,0.11292659995739611,0.13991172599524535,0.19226622877459815,0.23281930455483762,0.1659685491307479,0.17460659836205994,0.1555892349202714,0.07631586313061677,0.19928033000104445,0.1532156888269735,0.17502572572974795,0.14825304741730846
PPH.L,0.028139654795744776,-0.011773820117438159,0.05576544483401381,0.04666570876387546,0.056673944090035774,0.008149799595976004,0.022434629084965494,0.02835612812396253,0.03155299678782969,0.03557439003945328,0.03918332678294859,0.0046986265751367455,0.025545804856312443,0.06752268860559672,0.02995568989437768,0.08001626988874495,0.05662366283153263,0.09308188452113085,0.0411696289670192,0.04781834129704895,0.04994139920844591,0.05222872683076897,0.06312862148754032,0.03298463926908892,0.08112790486256459,0.018286925836994518,-0.013899518671470745,-0.00990973823213243,0.0021031238301279665,0.03302059068009279,-0.0038279685935248557,0.04748568978166767,-0.007751656794125604,0.054160643824305806,0.024483039577497295,0.023497567660566623,0.051161605147345225,0.04235158403781521,-0.0028520899475115618,0.03342945971543155,0.019637243711155328,0.0705653126745871,0.025973435040866924,0.0708996434993934,0.05112301936003152,0.07968179045401447,0.04009801739274311,0.04399661853226302,0.022974712589503253,0.02145507606895901,0.07846933595013605,0.05508491003106683,0.029982333472701,0.05229226866386371,0.043784677262540525,0.01274120038323263,0.023894696244312598,0.030979886679415952,0.035820223284907186,0.03874954436485056,0.036666343056037165,0.025298979936780704,0.05044606330207748,0.06577708309294858,0.03592672658654049,0.005524981067167684,-0.01322055566952328,0.03190656740881642,0.0024653110088855216,0.002212355918689166,0.01687449445969247,0.058487284975234366,0.0056776163730819515,0.07529245984079014,0.06860015594344827,0.02394354407735989,-0.017417314516180244,0.018875411177340238,0.04424003239197107,0.034533745121148415,0.04031844022852132,0.06479049277060746,0.02805202914993611,0.023181381239586425,0.04681611230263958,0.05012238361301677,0.07292943079078747,0.031352489797229426,0.009044151196906445,0.02271901506420983,0.05163577612545993,0.050427464785320786,0.012917839146270007,0.0424023392517256,0.0169629435812007,0.012997739606730407,0.0002476414566891026,0.06907235526836164,0.024231208875385258,0.030951498151532007,0.04099314735333892,0.047748174325797345,0.011999856409169011,-0.0007428680240591533,0.05882954859752235,0.03142322459508721,0.025703846285700792,0.04624199769983162,0.034983671312482874,0.06373074378982291,0.050022145566583895,0.015444478840194481,0.061753761056277515,0.07056594139067603,0.011720535417603492,0.06017179199382797,-0.00547452955729941,0.04191796603893219,1.0,-0.0436237417474651,-0.02145352075525449,0.014725643727460647,0.036496966077979115,0.054633116475941185,0.01441744091932971,-0.00446386084422752,0.049837490192988255,0.01037982524481028,0.0264088945008314,0.03805120519592503,0.06022171422725638,0.03603410267766626,0.04803666424296008,0.04130294277084677,0.03733496166016854,-0.0004503891748717362,0.040444319661841074,0.033866934905266426,0.02189380308363729,6.09548999220017e-05,-0.0017733814771619186,0.017471838006208416,0.02070984123558072,0.03056137863316998,0.08318322900615148,0.04478254791045548,0.024958925899766834,0.04160770170437529,0.02221844791797733,0.04092707935384323,0.021968662546775437,0.07587533174081096,0.01527049196946486
PFD.L,0.09059491834434966,0.07696894767300354,0.1159955900782654,0.17956177781905852,0.09655537550475612,0.0527464309198453,0.14213499804530183,0.052469475056425824,0.055467615210368804,0.08112430266217825,0.15909612769743345,0.10422318606113853,0.163444713986427,0.06437182680122418,0.13852540601656915,0.1870180986687018,0.16736581470737175,0.17243005824269542,0.1616301890195989,0.16560914688131084,0.02425449973208605,0.17847060096754136,0.12208078831803693,0.09607625396373701,0.1845777877047379,0.08965914645083148,0.1151063554833721,0.06584521299343485,0.04525119877307429,0.21106761045586606,0.04382159185588453,0.13708644071386716,0.05335633670602335,0.09882357946368013,0.060161429039391257,0.15853607888261367,0.05079991555485901,0.11014873386394229,0.09407959851802566,0.0909199010713937,0.1807789802200173,0.14610812264026532,0.05602436633764768,0.1949974195939034,0.11603413051819385,0.2083549268996397,0.18341011607693808,0.17169599532487498,0.12412562950659539,0.12182726981825405,0.0983838951591454,0.059774029803601844,0.08265658272538208,0.14057686912455436,0.07923897655949827,0.13802618968381763,0.1602215192614681,0.16833032497524314,0.12826017779836585,0.05124716375667051,0.17134147597458463,0.06134122910662325,0.1697628229821174,0.17987371394954105,0.11846080027710515,0.0989321059941684,0.03908334084132803,0.07085144318279508,0.05654928748830281,0.1454806929683876,0.10311678124735285,0.06850670234321617,0.08004828878501152,0.11716082176556732,0.15768912227861107,0.11122687748372298,0.08783764416067986,0.13645471059632663,0.10166987768264385,0.17001484222509006,0.04410536821203632,0.14897868554058555,0.1411556737722926,0.06022652924271556,0.15048910855655323,0.1310377845573503,0.1822867967576574,0.12931762789456439,0.10948691559376679,0.11794051059058636,0.13502165806974686,0.11255764532845161,0.08301784686640727,0.16918727862680802,0.14689308828506528,0.11933289899293344,0.05355884738126097,0.1605758554521428,0.11404350126143713,0.10869093133784535,0.16540669341029263,0.10173050804651736,0.16074951110328328,0.07642183486462154,0.15253478376588364,0.02408770409475606,0.055098230407866405,0.023418269512553182,-0.011331258759633736,0.1318835834699304,0.13415920377400764,0.1096112439822569,0.06619497196478964,0.08065012410750468,0.05854325982747805,0.10776164295155878,0.08976146575238127,0.05954856444123933,-0.0436237417474651,1.0,0.04774494097050288,0.07188067636440922,0.09508854472523313,0.08450355006926216,0.13930304905283322,0.1238307770168453,0.10098279454909732,0.16202701246053097,0.047650224168230955,0.06746263201839876,0.118223867688466,0.1206523512456811,0.13817411762061177,0.11333059195429815,0.1701086518394226,0.11497249510281865,0.034393075468046895,0.02720872384175254,0.15457878924095553,0.10797570527066482,0.13001894705428343,0.02867305947604131,0.06707125087556678,0.14916556706511966,0.18729144402138667,0.12725649882124915,0.15867757448233547,0.12862184593468529,0.09538690859493511,0.1581683118361995,0.08783355710016778,0.11399866989622828,0.10296404275979645
PHP.L,0.12064337361886884,0.06174661023783453,0.1315509636079003,0.18419857793653927,0.09596740788401206,0.02197975546726904,0.11628414894133003,0.008541838285297474,0.031958339670948195,0.0863098938014191,0.14420408037732269,0.06972153175388125,0.1254258286615392,0.07205668559668438,0.21289747921943916,0.12759423591035968,0.13276499359761307,0.15597802496778845,0.1794383181263407,0.12176416749806719,0.05591701676042568,0.2082865978906061,0.09083116030106529,0.04873047128404276,0.14297664988067454,-0.004666325258077262,0.08951495739787178,0.05684335073497911,0.06291174215406918,0.16495258685089578,0.12678290403205933,0.11076943142342835,0.07115311333621156,0.13123220008430447,0.10439707227888068,0.21621764540187458,0.05783268542572417,0.08206427862814027,0.07247339046900081,0.061014460353073785,0.16769505228423398,0.14739080624739534,0.06962265681708808,0.13754456692506536,0.1122880837225899,0.16808010380883404,0.16118914217136157,0.15041289314338294,0.10044075536505812,0.09933053804985185,0.09452424201050637,0.007191433789051578,0.12299469936279828,0.11707988133498091,0.03590111292953941,0.12590897387298972,0.21212989644857685,0.2101923165435848,0.10646836742736622,0.09267560763856404,0.19672094030672418,0.09173980463675874,0.1509263129418636,0.1578377758840857,0.12808495653736035,0.0807573165780201,0.12193081662354989,0.06693062449183503,0.04855048267449901,0.06000849886413424,0.1229509929152251,0.023635305374941087,0.06823294506394784,0.12430606987002643,0.12487207602563676,0.11121625821643782,0.03375691201460142,0.07039796213706165,0.12958825067817994,0.1791375448295956,0.07938160775271026,0.11848898449824263,0.11864556862680385,0.08964265162890105,0.12775694877497648,0.16307231000215705,0.1642253050130106,0.10314379960850907,0.09974385402619083,0.08490072198556749,0.08610776836546588,0.12295581102364073,0.033495408359505145,0.15486321368747705,0.1414282254066245,0.13058721829943085,0.05026385500873002,0.15665281146470128,0.1177693020725554,0.12663661468254767,0.15925779550261218,0.08723902050245512,0.139306289506516,0.06794435126284258,0.13818353740437903,0.06945991810841579,0.07099830545285836,0.06495235850800625,0.07482495868628913,0.11820322936802617,0.15526048058069064,0.12445864532176305,0.11841842950221639,0.06994232786323798,0.05855638259353564,0.13046230084343233,0.13566590359577033,0.08307580382714282,-0.02145352075525449,0.04774494097050288,1.0,0.07329827037381265,0.0839350784645564,0.12034045054091186,0.12214961495190191,0.08341814508909758,0.09401086150610315,0.1401738299431569,0.05621088186066346,0.18592135458819353,0.1243482572841929,0.10743398930867185,0.14026037796604846,0.1300308772743009,0.12058426617849681,0.1311344809997994,0.07341996921103286,0.033003603456764466,0.11374922201586142,0.07909616792677161,0.12918922156628834,0.12528608677443615,0.1003908343838866,0.14616639400068318,0.20451920543441485,0.16658273996614173,0.16099547602464304,0.13465138986001285,0.0767685632301081,0.15506479562171277,0.11187328968822485,0.13001201244185698,0.2468091339165347
QQ.L,0.1254278470002046,0.021639325289692053,0.32718399608277615,0.33048949054720744,0.20587481525345175,0.06318618310630758,0.27898403413855843,0.03898146455104767,0.08272664829002678,0.20861942155256827,0.2811608241306385,0.13424154395363472,0.31057170197744216,0.054887752812043306,0.2088685502166899,0.273213379008767,0.23834718997366675,0.268864928272132,0.2961445835985277,0.30802707343420427,0.08191601982584336,0.2610272161867419,0.206161678354139,0.13876908881197028,0.2931371808498194,0.090006598436024,0.24926845669095266,0.18746236180638215,0.12733164942016828,0.40382954056899667,0.10316456365343477,0.308392050702102,0.014469107093318565,0.17496565811716883,0.1030674364064983,0.2850206691320318,0.058631546059995786,0.184806329078232,0.18702166307557958,0.16993738386232535,0.38973607678772876,0.2581240706913208,0.18453656059763052,0.2878149460994737,0.21553797900348107,0.3725862145947826,0.310630350959758,0.32875397875582707,0.21572349889356257,0.237230417419309,0.23505632497403617,0.03325662881793974,0.1964712780688738,0.21029216793470848,0.049751236483247016,0.27062232203190517,0.22893020467302364,0.29180376908514805,0.14723965732058555,0.22344106202416583,0.26255717949888496,0.10749269848494476,0.32630760728330005,0.27913493896283165,0.25646071418165056,0.10206813579747118,0.12147269361561125,0.09028486590405295,0.023960301726612534,0.10731943110295537,0.2469017945172962,0.05104829545587838,0.1963219253804032,0.17121588232823318,0.2661271315451685,0.20785108355769927,0.12814505609294025,0.23155883619091389,0.1597244578659744,0.31168189116188105,0.11976908575430444,0.3098394628260965,0.33909757130343543,0.06239492555383483,0.2710235380994668,0.30425214762741437,0.33055339838089387,0.2180418763861632,0.24772273094974334,0.1946816876543415,0.16844365251633908,0.20296759600401673,0.17704246923201772,0.31266114804239387,0.2725239160523045,0.11283701463606197,0.10324457271578327,0.37034397792636853,0.2798877605001654,0.24258154120507727,0.34413678900419276,0.16382676906936816,0.3141158859089549,0.09321829220500537,0.3590475595996138,0.08084589085833255,0.02613741834992275,0.06376132935846365,0.09466031338804032,0.18444875509038625,0.28849845628542936,0.2529897609874957,0.07162175955640325,0.12484633240628303,0.16465794679269244,0.22000123429250343,0.14967942756425628,0.15405206559952647,0.014725643727460647,0.07188067636440922,0.07329827037381265,1.0,0.12850602681299453,0.2134410467494521,0.23710541883354908,0.27988267902575487,0.2757514241762994,0.2986319090862374,0.11289259066457476,0.15116644313590422,0.23428073962069773,0.1720035300514338,0.20964222028395915,0.2031212234367059,0.28439555871437766,0.24643975747791128,0.17465573486039304,0.044557480988484575,0.2865662123459561,0.18376246741014035,0.27930088101757616,0.13361086012383214,0.18317154183451875,0.3280304886587508,0.3054246100877281,0.20070811622421758,0.3087003526794935,0.2646991906486795,0.09161649896263592,0.3190343799076773,0.19551133998787318,0.2784592998319284,0.1952782649215627
RNK.L,0.11457170856281865,0.052716610101058124,0.16923089444027056,0.2525447007258803,0.10472581889437854,0.08340258056787361,0.15841283125980513,0.055623591417176495,0.03714941967937097,0.1256222318040124,0.12565736332996152,0.19256563104022167,0.2144741138559336,0.06280205190111288,0.19266608265906787,0.17859206020603152,0.1508402297589948,0.17715756619003584,0.17407629949754175,0.1623649477921142,0.04444681213110807,0.22443021378273992,0.163088647260253,0.08131573976469937,0.23925212032470775,0.02057287362896566,0.1804192645665329,0.10940640560764248,0.10151670511847502,0.2583902700435394,0.12789527749514074,0.18887198821350085,0.0443757880739671,0.11649763583067503,0.1718076348912394,0.21031662737136347,0.03958376074237013,0.1554901467252996,0.09029221004484463,0.11835345804966976,0.24585803740182144,0.16405210411964075,0.08301959274460001,0.19063632078194825,0.16652925195886026,0.23061397044954737,0.24045684985222854,0.18780965553948134,0.15080092352430552,0.12471246191711767,0.1705454624662733,-0.0072775273323117794,0.17344898621964086,0.12678764084981758,0.022890612457779704,0.16602230467321155,0.16831849175541308,0.19591448720902,0.10322579948310077,0.1337114181111283,0.1942900468642531,0.032415261419966944,0.18752570991171735,0.21283762574750414,0.17018122352406367,0.10961707934582376,0.10391083510135954,0.10681256709038524,0.05244099082727656,0.08297738294497835,0.11892409447867078,0.08352516538102032,0.11436071289392791,0.14844134421793131,0.1756654585104169,0.14490138399768487,0.10733081574228034,0.11694628910502251,0.1000584646629535,0.1815809089399178,0.11944977064277176,0.17324618468634462,0.16693186869171414,0.052346073695660994,0.2146297389326205,0.21513024125755367,0.19848442333251512,0.12013649411944194,0.16653663419247225,0.11723107614595389,0.1589889913843834,0.17456782770312962,0.11484926887385154,0.2315397885813054,0.15224296377543833,0.1424467920434976,0.07940527766536323,0.2333308222498683,0.2065087381616336,0.12176376810614593,0.2351005341535104,0.1573544775363399,0.200476478220368,0.06653057081748773,0.21968311506370286,0.06722192539515104,0.05498898021061441,0.03404502580421181,0.051451458583178296,0.1317918163723734,0.19081299046424233,0.1825092302584368,0.08716320338061222,0.0876426513266515,0.15572507631199323,0.1061866527039308,0.07628378113909537,0.11030759301738602,0.036496966077979115,0.09508854472523313,0.0839350784645564,0.12850602681299453,1.0,0.200248180735675,0.14249509648019704,0.22744504754560627,0.13994437887032923,0.15406416874938547,0.014277952218209475,0.1233357070528477,0.1882770439650038,0.07500204860484752,0.13661379962816966,0.11654186956905202,0.16006899579382086,0.17476408990269987,0.06853960546039023,0.03290559814816419,0.16064949471799714,0.09774069368691872,0.18877607580348726,0.13842519098248773,0.1568409402166784,0.23318666681693845,0.24193143171763887,0.15240291945645557,0.1695701213598367,0.17547581856000247,0.10704172199445054,0.23422877034930695,0.2019811840364044,0.16788870582407608,0.14501941577877783
RAT.L,0.17430491104904927,0.05811653223595909,0.2818445125156112,0.39045225032547154,0.21682275456190905,0.04789170574112556,0.3002781870779676,0.04650384411361901,0.10019988967017228,0.2127801175493407,0.2555616350271753,0.21792106992362958,0.3043155626432988,0.12112564619752965,0.28232716669638,0.2578016492044704,0.23845510653808372,0.30477489910491184,0.2917596506463439,0.26831768491418906,0.0750598931063804,0.3218516669447242,0.21342458133886108,0.09919399759067801,0.30357360279932594,0.06113752397149357,0.2528493814761654,0.1602255697680175,0.1421859576990909,0.37991732229909964,0.1559604780528085,0.30852802795428375,0.03378155991776916,0.21358449973549928,0.1900124259928306,0.31345769979793753,0.09376944466173037,0.17373593477085558,0.14340489384586702,0.1927566772796452,0.37313575762381984,0.2490148617705568,0.16348878852779408,0.3043887614178617,0.2191318269889317,0.33745620138748883,0.34777554436119923,0.30658471148264776,0.19037831600058844,0.17616755781389828,0.25979567351653365,0.05714971095152815,0.23117650002738313,0.20543522602133474,0.054637166780315126,0.22510605203013534,0.2527993522946515,0.3290013923639202,0.1396051844117156,0.24443532661416967,0.2977661532580525,0.09585987447146521,0.30352816920925507,0.3039874505279955,0.26173539071959834,0.10961696780397853,0.19613979063295517,0.1444610492057442,0.05136221023679592,0.10356472503692486,0.2069087681659998,0.11571724060083592,0.1801160518523475,0.22320593044047313,0.2624147180446777,0.23214801737088822,0.16802066822422876,0.2271176054011016,0.17717935069711513,0.323994203680204,0.16945098590548452,0.26669875933361537,0.26388097583807774,0.06204821177204664,0.3239819893466225,0.32714974397353774,0.3323006929491553,0.24879363001158106,0.20690835219479026,0.25122873331005807,0.26919686468396997,0.23897277899369448,0.19053170107064749,0.3616958727577089,0.2825014304908154,0.22135560410035723,0.14879043789494667,0.33617037877040534,0.27420333853163686,0.21477067559710183,0.3386506731010637,0.25660720628993156,0.2854434376199132,0.1085141057413878,0.35979892056374646,0.08683313279877768,0.061712257823699504,0.05348010191145993,0.1371110250884637,0.18604092654821888,0.29284789950860735,0.2639486463107873,0.0926199669003793,0.10655772070580294,0.19926071541724777,0.1825302906200006,0.16655569902140208,0.15417476522391219,0.054633116475941185,0.08450355006926216,0.12034045054091186,0.2134410467494521,0.200248180735675,1.0,0.24517933011977802,0.305857844220222,0.2443728982641621,0.24958558116147148,0.10020417737904844,0.16628878143971892,0.26138012747113165,0.19932022494414336,0.2301028142440903,0.24443883156403473,0.2332753381691432,0.23575040148007462,0.138691599998849,0.0232954115341455,0.25564951105651673,0.1917601210251437,0.27165508057650545,0.18419067292443353,0.2363710815305223,0.33448208687266734,0.3630555042060267,0.20468799357380965,0.26926403690933953,0.2582077058792903,0.15609444241366638,0.29411225070542074,0.25419052064230285,0.23784619175113225,0.23873437813075143
RSW.L,0.17378435698694658,0.053513431822283915,0.2732917677655019,0.3740266714850438,0.2478679684554245,0.06796622630790543,0.3056134363167935,0.09186094134327538,0.1294647981532034,0.2348899418183274,0.2457307156443143,0.15894550297954735,0.2525662774905431,0.08648873510263547,0.2833922758793281,0.28434578505482333,0.28315385557967226,0.29491244177123743,0.31773011187972017,0.3894874159272459,0.06293259239108571,0.3020583347642145,0.23067475666959045,0.1814152701698269,0.2841180207948947,0.05802130116238626,0.2727329455633736,0.1727618057190929,0.11006248366645398,0.4158577697839427,0.12612835527375987,0.2464174697862771,0.07024486715619989,0.20942003668986356,0.1621166793578991,0.2901403894796895,0.07942748953750185,0.20259268989125476,0.11716093774265463,0.16548807953994155,0.38732817667577324,0.27539032364492294,0.21282186893396154,0.35118356323602345,0.24067169338871897,0.3861604750877256,0.33529741570276705,0.34249070443022467,0.21328733614759432,0.19532085137130892,0.18979948508196223,0.04901538091245562,0.20539689893021543,0.22151048507093538,0.11948612985330219,0.21925200432068037,0.28490009169752273,0.2789819134022744,0.11679655341990511,0.16076446948207623,0.2698759598477337,0.0805366607459915,0.3353709664898839,0.3151237026464368,0.2948646653199907,0.11512135983170432,0.14825432693656765,0.1575355463303622,0.05356150933362939,0.11532257762098455,0.2798427253707376,0.11201647402598601,0.14513066122925455,0.20922774762751645,0.29465096640806926,0.22468318769249954,0.14293575716508117,0.22896603396534815,0.2318042442981553,0.3244413372277649,0.1556798678922714,0.28141791089581225,0.3285313200458505,0.07565541787673502,0.29905387851633397,0.3643294977132755,0.3399181888747545,0.2645404118825144,0.3071632428909505,0.24543448672495793,0.2553017659864015,0.16228670857296001,0.15960665652737374,0.33281055067530224,0.2898850489843347,0.14395152800886216,0.11917583821748638,0.37401119169648306,0.28358039591865947,0.2328634189218879,0.37366185292127313,0.20839727096139846,0.38222650707403044,0.12160015461692257,0.38074846431973863,0.1113710695070846,0.05692753092679193,0.05690909508660931,0.15262627524108022,0.22664500393263518,0.31829676474493085,0.28327428943492894,0.07931834040577185,0.16108016602824385,0.13087060007470733,0.16237819835480458,0.16647130224412732,0.16297164376209675,0.01441744091932971,0.13930304905283322,0.12214961495190191,0.23710541883354908,0.14249509648019704,0.24517933011977802,1.0,0.2666867338911508,0.3100755610055701,0.3549493621802548,0.12552428094834567,0.16565082732930722,0.24139911827018676,0.20434227070245808,0.2924445156849147,0.2773418651935071,0.31339749497072833,0.2917137385239867,0.17015283291642397,0.08170412534877111,0.3942258906931537,0.17197807377483154,0.253007787304587,0.15635225795101879,0.2020565617189898,0.33616405263076343,0.34776350798453354,0.1997061856837658,0.3423717338447892,0.33012987423074286,0.1336352052065252,0.27605891187859743,0.15902316747358497,0.22385088230160569,0.22287401971043394
RCP.L,0.2492706976409503,0.03904406625144642,0.3790912285584876,0.5263010756801723,0.3042140160884521,0.11102137099383357,0.33327459579062474,0.10466660948896861,0.1118616884781664,0.3187034075732451,0.2997809276260723,0.29847759213829345,0.31298776824843993,0.17404315054354424,0.2978331382210517,0.373680957621903,0.35242070656029373,0.32255828649832025,0.42537482708374064,0.32259268368590244,0.05792633036825424,0.36725510200245376,0.323398009274046,0.17477246687692202,0.4729993817337733,0.10006221496277297,0.38138587831754434,0.19585340141471222,0.13675187772021763,0.5866409582429408,0.13719277732963753,0.31963624252070666,0.029223060049929635,0.19510303927046146,0.2648243757627833,0.33516848131262955,0.09926252019441988,0.20190593322215883,0.21612453931423753,0.23198027880376848,0.5499459617801222,0.3705022822049042,0.16456687145843574,0.38787004144668796,0.30907430237063516,0.5078137316335473,0.5109783391444153,0.42960295585036246,0.24949212869648163,0.2643565612420065,0.23719398699328745,0.04041659511835507,0.30066413218231736,0.3122671841221608,0.10599751407379683,0.25251205788658865,0.23932631595464085,0.335691765097113,0.1579192001277337,0.2200364749690684,0.3685495783713677,0.11385059074827798,0.3499426859663483,0.37217564466167996,0.40047595831547994,0.16959022327925335,0.23874152144052146,0.14554694120453407,0.062028451205498235,0.1385210505717735,0.3005933268904836,0.15744825780699304,0.20210657532811985,0.36118953580348795,0.3037602920466457,0.2807639957564885,0.27075435294365313,0.2793256828227544,0.30323020011276564,0.39517502306404806,0.1365551258035739,0.3545521464450069,0.39507328203848446,0.019139151782107403,0.514612134291415,0.5058741408059869,0.47213745215748165,0.35670734112564434,0.4055582154002873,0.3588021508414782,0.25230793172693816,0.24796978887576537,0.1808642614884339,0.5211908253888216,0.3206035799132187,0.20448666671657223,0.08647467504305964,0.5353466451797652,0.3563723812805709,0.24735662045312237,0.5640405260416778,0.24656942287898997,0.3748344816784411,0.1431163511060035,0.5338664486463119,0.11067612070250812,0.050619019652783835,0.08123217268486706,0.10063407174930039,0.280419356208229,0.3516179482772207,0.28666799049108,0.07525005246564118,0.18784006176904108,0.22451020093425347,0.24169218103266715,0.09515428978206351,0.1671708704855784,-0.00446386084422752,0.1238307770168453,0.08341814508909758,0.27988267902575487,0.22744504754560627,0.305857844220222,0.2666867338911508,1.0,0.3056551246494147,0.3441330434826578,0.17550861200923962,0.21511250073516228,0.25516878780005586,0.27092360080210204,0.3455596194367847,0.3714669224746038,0.4404300576620773,0.23869213519828716,0.20227489412604313,0.03630139250056187,0.3341465644381216,0.2356899265565597,0.2775340256750609,0.1860204344866138,0.24873598777073166,0.36442839546649564,0.47389687182980283,0.21818317261762427,0.34182350622956703,0.33517849384063264,0.10730163041751975,0.3298748752570188,0.2980767674881531,0.2946582856148605,0.193369000029544
ROR.L,0.16297581305540973,0.05261590453872899,0.3318585444517683,0.35997058934682713,0.2745553004289558,0.09999610635650928,0.33677169623427283,0.05488370606868476,0.09516313786293235,0.27109656174580454,0.3255309088555967,0.1656201478548147,0.29862668462934955,0.08972658421565279,0.23516232395424225,0.3139688570460888,0.2911928079648497,0.30198908547948144,0.40829195454516637,0.41269279625341915,0.08601528313240606,0.31668804793140093,0.23835411256158992,0.1639457706764673,0.3314294565461085,0.06098517310355894,0.29543378611893106,0.21368566256318386,0.1187348305881848,0.4573684503839648,0.11753187175402041,0.3212244933330826,0.04427966565908859,0.1956876355414796,0.16647953083614883,0.299169829775599,0.08794980975489705,0.2125027858026134,0.23688167713462513,0.13904172976741902,0.40945337280083294,0.3100031788700906,0.2680968408823417,0.386846955697033,0.276871042829071,0.4203845242851237,0.3931144519224305,0.3970711282527317,0.2067985345663767,0.22889083382763073,0.22611164088975266,0.07327828370399754,0.23760478354992207,0.25718157532239844,0.06572839726825463,0.22534697957827457,0.24216624184344349,0.3177704852758115,0.14724101243479013,0.1721359936324602,0.2867813988144314,0.04846829789177488,0.35967779893019136,0.3233778194227181,0.31573046153107287,0.11503602774654957,0.1593812342421574,0.13715211845312414,0.07925076196780108,0.17550010186827664,0.37937621593201515,0.13895318776602286,0.19118238731968867,0.27044226304106195,0.26789789700941463,0.2533480853754928,0.14087165505171473,0.24215310549104888,0.2792252378357865,0.3753834694956199,0.15119129278213625,0.29452094000073087,0.4290231645360504,0.07234998694599344,0.34645755644507115,0.409091851193374,0.3885840115941558,0.29585219465148144,0.3128758169670332,0.25536099635125054,0.25010968781145365,0.2440143409904064,0.21477391441082247,0.38674580004076764,0.2702098628243461,0.17401688832342296,0.09932792781004282,0.40844634828604487,0.27131770541813977,0.25031563594307565,0.4241095018915267,0.17776948662056904,0.4213107265629042,0.1196916864358804,0.41497064066022565,0.08407939991118818,0.06538391116180636,0.07208961711910333,0.15744977107483338,0.2777276449706124,0.3765746355900017,0.255153198841751,0.09108055393660926,0.14645525334737688,0.15123313472708533,0.1985497575679563,0.09974867286219662,0.1764621342517296,0.049837490192988255,0.10098279454909732,0.09401086150610315,0.2757514241762994,0.13994437887032923,0.2443728982641621,0.3100755610055701,0.3056551246494147,1.0,0.36345925843987803,0.1529348734005005,0.14006941121285826,0.2340395097946786,0.2693415192970653,0.32460525221933095,0.31053327802426667,0.34299571767505016,0.3212075285667937,0.2693617895161549,0.05811793318603964,0.38896048022313984,0.2115103101263708,0.24076773862168385,0.14471416358187236,0.2697390956308833,0.3629589958064826,0.35542125080993925,0.21600308232331192,0.3782505397854762,0.37108226225793417,0.12483858281846917,0.29865724061735127,0.2090429037201115,0.2332195039773115,0.20566997260030245
RS1.L,0.1540500252376842,0.06980770940702212,0.37212816842398794,0.43090447295106404,0.2865327962043866,0.11565361731654193,0.3474907625821678,0.10054184669123135,0.1196645884315079,0.25323578476929537,0.33320550720611825,0.21688356175405712,0.3475118802186013,0.11006547240489079,0.30802718742715834,0.3726691964008125,0.3247626939077443,0.33656589740218257,0.3836862746316776,0.4123823391278108,0.08576381525348656,0.35419793766859736,0.2720267858958554,0.2175640167021964,0.36397289383511766,0.07978758837413925,0.3510819193516157,0.2141600424032471,0.09218040835464787,0.4926119659308681,0.12076253759921926,0.3378691389339557,0.050906873069345916,0.22749685604682873,0.19928322896202028,0.3466596658472245,0.10506358022564366,0.25078627053716807,0.209418670631962,0.20462154165895408,0.466086155031352,0.3424433039373238,0.24562822373601675,0.37914098878278574,0.2880392272006007,0.4576700073116963,0.44512347030609,0.4247804714497322,0.2740103825521828,0.24078929556800704,0.2602444472819863,0.0637387246518949,0.23802739346746588,0.28125462300015436,0.07436766406732723,0.2911802454217411,0.27496593904541294,0.334125607439267,0.1617733099832601,0.18105913279330507,0.34675563427199807,0.09298481353550439,0.41407327769316565,0.36200832964600893,0.3258491980823186,0.12783341059077621,0.1550128823091683,0.13984312450017056,0.05158433703152248,0.12595435937679333,0.30641909203536316,0.13466208059560764,0.21117051703262787,0.255118047216378,0.36912699014778316,0.2761840694035859,0.12751192520868015,0.3015258574788493,0.2829889745845075,0.4251049633355352,0.14940197093445992,0.3550863420243052,0.41852077077192734,0.08302843455855545,0.3979564092003719,0.39175708682064475,0.409991761712519,0.3241702452933422,0.32245226247540554,0.25687238608011953,0.2577548801610587,0.26350233283022995,0.17834283230174708,0.4033240847637057,0.3509536165834524,0.20787385567857783,0.09314882074666724,0.4546987209262418,0.3438645341688521,0.2905656119584045,0.4239440270488312,0.20792303463146408,0.4319069146738105,0.1593707360921789,0.4457134949319538,0.10486719748019033,0.0778599630317506,0.0716739607025753,0.15490675023407655,0.2483796036196303,0.4239070769287977,0.28999928523393026,0.09022584655578629,0.16620417408209112,0.14578160996436512,0.23893827961388858,0.14621374972940046,0.20445320125911154,0.01037982524481028,0.16202701246053097,0.1401738299431569,0.2986319090862374,0.15406416874938547,0.24958558116147148,0.3549493621802548,0.3441330434826578,0.36345925843987803,1.0,0.13708924072245826,0.16182914379058982,0.27063883755972024,0.245614678808134,0.31896871786701775,0.29589557745626455,0.3484767158702997,0.3232441063319314,0.21646648581573305,0.04276673294404625,0.41049852382895574,0.2553832865379335,0.3101726983828479,0.15381889249113864,0.23389645018947577,0.3966171929632539,0.42083117964984895,0.2446217958272304,0.3851675185762158,0.3712822896990748,0.1310616894285605,0.35371786139968364,0.24455210585617113,0.3003005936761028,0.23530596804957213
RICA.L,0.0557388912650963,0.0533509397369346,0.14363990072101457,0.18073876530839533,0.25985703330791854,0.07706777850279739,0.15073476359466495,0.045685070829144706,0.050921574976463116,0.28396377781703386,0.11027320284249895,0.06364471031932155,0.11140777592588878,0.05050354664340291,0.09848199283409519,0.24613059668860335,0.22866185445947027,0.2062223657424669,0.2048224772380161,0.17808344215647398,0.05323800333404309,0.12054445015309401,0.22794440670437638,0.082479523673033,0.17461625707319112,0.18405168244375966,0.15491096662311377,0.08590572939647557,0.05843645170452078,0.21085768429513665,0.07920797613401348,0.1400314523081745,0.01841258090339051,0.06518352646986861,0.0754112710586012,0.12155704000164447,0.059892120294528936,0.0978901943806005,0.08639206415716791,0.08369558854947688,0.19528644550361296,0.26687586759134657,0.12321965167923872,0.21229981294866712,0.20601731089193717,0.21094714808820403,0.21514498662802675,0.256058307032057,0.08705015330464501,0.12423344315375123,0.11527805193830343,0.05229181142928891,0.1304745271218073,0.24636256531745498,0.12745541663769144,0.08702735252112404,0.13042910590371845,0.10499615136533014,0.05780977249764494,0.08420162507913043,0.12021158932605572,0.02101755165002938,0.1504254237427211,0.22665080136831464,0.2086380815418136,0.1163468044867351,0.04710107549004284,0.058082183715744,0.01676823263963854,0.06501513318465102,0.13138724192829773,0.06559354891872522,0.09679191316364563,0.16234267152382179,0.1289766238100944,0.06863169493567788,0.044295478972032884,0.1293257641906059,0.23251543159527466,0.17004790697598754,0.08571615890180372,0.1265154301233556,0.16980039098113517,0.023401804445468192,0.23610210225676803,0.23565660270432276,0.2092871800999582,0.2536315291061195,0.1995841499069546,0.2600467586868252,0.1418997259447179,0.10455106131645982,0.13634194015743567,0.19240929086338363,0.12036701610189182,0.08727893791525214,0.0750196622901824,0.20981752522851788,0.10651697283482647,0.08093696512630592,0.2076292034044288,0.06466894129873982,0.15743192603569203,0.10074384419539541,0.21116947410253417,0.04309582332827326,0.06958102333407269,0.0674741690005939,0.09947735083759789,0.24614704748050217,0.1323706088834785,0.12679573350135653,0.060621771412914235,0.11209864522384816,0.07806569510191534,0.10278857989747149,0.059950964128188046,0.09732311194317306,0.0264088945008314,0.047650224168230955,0.05621088186066346,0.11289259066457476,0.014277952218209475,0.10020417737904844,0.12552428094834567,0.17550861200923962,0.1529348734005005,0.13708924072245826,1.0,0.06800204340605744,0.12301628705192262,0.2352085765485408,0.25214484630942097,0.2502730373051599,0.25831839787809185,0.15112068080409863,0.0810397763264355,0.01788632585674268,0.13260236217890783,0.11163694881686384,0.10860095745474463,0.0934244219130442,0.07568270858873084,0.14873474818320168,0.18351970311092677,0.09029621091572063,0.11706206708685858,0.1637859268967173,0.1115536511729717,0.08950448578843802,0.08928519610233272,0.13515347926117813,0.05266584624494471
SAFE.L,0.06890058801444267,0.074864451495068,0.1881332210235578,0.2749659549435355,0.1732898649420376,0.03469329884808006,0.19597125757296868,0.06004138985387978,0.10377739716135422,0.14759138142817033,0.1826521350954447,0.11954227119034593,0.23566857124666385,0.017398479297403326,0.2960858326870821,0.1829114391353479,0.2127726801757571,0.2100724581940485,0.1840992181668136,0.18308502804366064,0.05197524647609623,0.26713007844780967,0.13775952274546122,0.08499671033265421,0.24084788818021516,0.060944145717978536,0.1815324520003187,0.13120577977607092,0.10343453088706654,0.2314590539305158,0.12466234844149933,0.22814633404835286,0.057084186738906084,0.16783172202232902,0.13321845073083052,0.29986077130978855,0.059073993825734146,0.1461885332311926,0.12805020573796252,0.12459384800114309,0.2340799072652882,0.2128608336719362,0.12587347806883306,0.22233780493396296,0.1784433772674822,0.23121426605141013,0.25164626859118033,0.20621549043310078,0.16437718313442545,0.16775466058617455,0.20643050587345702,0.07224918403368462,0.15254667335004848,0.16288683701314868,0.04891315316826784,0.17115439382887826,0.2306856427886597,0.30524827535580523,0.11047877663663222,0.17287928057457427,0.28143749332305795,0.055318571488023646,0.20402945945841244,0.26197488633504357,0.20610927437019733,0.12326602037313901,0.08782632043583023,0.17137006535651453,0.07376145657383013,0.06090668220501728,0.14940152630464656,0.08295765609222085,0.11040088058721043,0.17934757984993283,0.19022744078976325,0.1683530092505091,0.11601816391925282,0.1918003536734822,0.14268449100588343,0.19309920422359997,0.14366751756176105,0.20358495459227016,0.19533923238822587,0.08026716755401896,0.1827169234336886,0.1723334789276154,0.23080928397267383,0.15118818674227044,0.1750169495356269,0.12779285610676167,0.13422064483494386,0.15611877422507223,0.08883053469724535,0.21074153187835415,0.1783774862638189,0.12835785563963276,0.05852486887395845,0.2098859492329746,0.1844712964822013,0.16214517302404707,0.2251493905616049,0.1656123463539156,0.22797217410118759,0.08381708029020989,0.2073197188619032,0.1198536712332981,0.0653852413161547,0.024470721079306992,0.11449256195950577,0.12060368699213335,0.2472651652948539,0.20735219597503476,0.09315304454365014,0.11447413706224908,0.09021337793240967,0.17377239445584594,0.0989134519612335,0.1282385387774712,0.03805120519592503,0.06746263201839876,0.18592135458819353,0.15116644313590422,0.1233357070528477,0.16628878143971892,0.16565082732930722,0.21511250073516228,0.14006941121285826,0.16182914379058982,0.06800204340605744,1.0,0.17156911596659732,0.14187825825742933,0.19488406561787092,0.15495643303978432,0.1591483396719982,0.1935422948499098,0.10852075003945506,0.03358609124637857,0.1779156157038756,0.11535792060247722,0.2203010667562155,0.13549786137122272,0.13711075470058356,0.25687824760727945,0.30053916635540506,0.23370326206083006,0.16038228766286938,0.16959748098479666,0.06475313543988179,0.2534369845174739,0.1237481333336988,0.19158700810807727,0.24803566139937244
SVS.L,0.13248862353051036,0.05734758028705073,0.3219090997446312,0.37614064332801456,0.20363657530149132,0.06262979384250242,0.2784962860060067,0.058190167938864425,0.12165968246094112,0.158920998640846,0.2594070385900836,0.19123356989041554,0.3593769440421112,0.0712319054095282,0.328849623529899,0.23987088197879844,0.2772393081007962,0.28955779893870226,0.2445363993838481,0.29189279242468974,0.11621833966619612,0.39154336994899924,0.2300318991083463,0.11389024534388516,0.2553297273033011,0.08478581246853895,0.2430117395220237,0.1435059997404855,0.10783717660008114,0.3579073713161207,0.12534030823873568,0.2923919270730835,0.045276540053539226,0.19741815403859175,0.1554863770994684,0.4251163766143161,0.08058463753471264,0.17849021642347032,0.14518143496335342,0.21344404859751037,0.33638707103946563,0.22624670156087684,0.16888907968595276,0.2775753733312783,0.19382842389552457,0.328865150841271,0.3120314419390171,0.31267588703793997,0.2377721725349675,0.23816794671500757,0.30027322345538515,0.01174703218635226,0.1770174731001333,0.2025649067315515,0.06788268033898663,0.2715911686654859,0.3221366591287761,0.3831740746996907,0.16757056608763615,0.2369567784607305,0.3309298160232211,0.10676366771073635,0.34402855777894126,0.31059494414521394,0.26744758107114824,0.08963059094246685,0.10351829202609296,0.16427057364896758,0.03604434988306694,0.08683452869758065,0.22411437586793176,0.1501645426184975,0.18043089022467707,0.1964396652432322,0.3093572403753838,0.2374343096046339,0.11067819451782238,0.2348819093582911,0.1752006889885726,0.30519667270530454,0.13644901807780677,0.33808797227007453,0.2709039101578449,0.07596298525972896,0.2641524223382637,0.2619482335748852,0.27483434538628815,0.21690567246148504,0.19390845624372954,0.17543648985520735,0.24790291503246678,0.2814899172894625,0.14957790238140686,0.3084987302365481,0.2417420983639159,0.24126290491494598,0.10139685248773418,0.32412857272846446,0.3015742012465857,0.23546931141525318,0.28069006600038066,0.21173603109305464,0.3151786076611779,0.13324468724035002,0.31109930081933723,0.10812391797798496,0.04578860314081695,0.05556423416921152,0.09962667252920955,0.16474655728621113,0.35089479443940613,0.25904430619753893,0.08327090763650517,0.14025453397043303,0.13291769291588637,0.18102861906703696,0.1542879349295244,0.12796633270899252,0.06022171422725638,0.118223867688466,0.1243482572841929,0.23428073962069773,0.1882770439650038,0.26138012747113165,0.24139911827018676,0.25516878780005586,0.2340395097946786,0.27063883755972024,0.12301628705192262,0.17156911596659732,1.0,0.15687033865070255,0.2143942927567645,0.2035338820084648,0.2553004580780233,0.22910447470997655,0.1393448417506188,-0.004724388935724317,0.2831224908524909,0.1454060958100269,0.2977307765139089,0.17561682532973819,0.21023901246596102,0.3416629215103664,0.3491955371645548,0.25716359747593115,0.26636354373844434,0.26117462408145364,0.14443218833899416,0.33508096955264893,0.2506383192887702,0.27650190707720457,0.2596083809037372
ATR.L,0.13019076546108196,0.11620487679650207,0.2611283523858144,0.3125798623389709,0.35213577597941875,0.13194495005375828,0.29152336708478327,0.0925157339128252,0.06738750548723181,0.3645640105406749,0.20370909338306303,0.1089042001149406,0.20321197202178062,0.042641934283220995,0.24728720949101726,0.4204562562385825,0.34509781014899193,0.33789088838056913,0.400401731768412,0.3057808687627742,0.0710691698767484,0.25723158272210067,0.39318574275456253,0.15548503214298992,0.3054368810968824,0.16965601558791607,0.27275829614152197,0.12506848602070866,0.11420499520579962,0.39259310186678625,0.1460540066957547,0.22110472214610152,0.1311881015510316,0.1664929809092771,0.10941740042559314,0.2565054936973285,0.10051049608342065,0.16606696016313865,0.14992600146468166,0.10312105736135813,0.36480122775053675,0.4451911758967545,0.17122052209457583,0.4117182388636282,0.35683156264633953,0.4056002034029479,0.38992484352818363,0.42652681921871,0.15474785472596866,0.15763588848691398,0.1954893035058809,0.05991686794317693,0.17730911469913968,0.35352888795371695,0.1661761001795914,0.1972818622301987,0.22986420653675216,0.24743214270513667,0.09818971234268037,0.1399889845820806,0.26878249379926294,0.12308133422477653,0.2616364719682805,0.38376545132010953,0.3609207994874936,0.17829038102710512,0.09865786823536801,0.0973189618512072,0.09845042359228333,0.15598311539917348,0.25085485065153246,0.1857163701183822,0.1661694460895869,0.293131226911782,0.210883732409369,0.21565566767551586,0.09460503687261529,0.19777727959364597,0.49137882218431417,0.3491361260397535,0.12937252431798274,0.23725079390252185,0.3369903651327243,0.11874723745951452,0.36933545766358183,0.5027904758845348,0.37869280696053154,0.39312181238711097,0.37345477180333,0.3216953923711402,0.19296786062240642,0.16430981644496429,0.1396921022140052,0.3574397126636325,0.2652955651136001,0.1661467162990961,0.08400403364537444,0.36251649018119186,0.1571774380342036,0.14604832573430937,0.4055482194002991,0.1874460267974161,0.2785686905563278,0.13762088999215238,0.35392840748073595,0.10077806216996565,0.05778546753007787,0.07492286555655558,0.10067792265903065,0.4663161097468197,0.26070746252970606,0.18902569732331803,0.15704187733590586,0.23332927942721338,0.11575252538905156,0.15505942101435835,0.1359210204693522,0.14644769736095822,0.03603410267766626,0.1206523512456811,0.10743398930867185,0.1720035300514338,0.07500204860484752,0.19932022494414336,0.20434227070245808,0.27092360080210204,0.2693415192970653,0.245614678808134,0.2352085765485408,0.14187825825742933,0.15687033865070255,1.0,0.5331139412796647,0.4710210763319176,0.40627950020322184,0.2692682331364094,0.13741680917740595,0.02898796608326917,0.2510813318348555,0.2270259800214743,0.1685233673907901,0.0952762151403632,0.188760944405943,0.24835806338843447,0.35499528487120385,0.2274871223248719,0.2922521571308577,0.2796505678190146,0.21511213103523025,0.2068565415379232,0.12955422159349106,0.15345935273704273,0.1568960244542976
SDP.L,0.14265212190255266,0.06552851434275372,0.2840967750031999,0.36079558975384984,0.4089816580069619,0.13674136677954962,0.3207023691942908,0.08892858841847348,0.12645576753616047,0.4214717645179281,0.2215772788659594,0.1571379909451442,0.22047348360363414,0.09803235036660803,0.2815723848646584,0.4682484989241561,0.37378538224776947,0.36212973959222694,0.48203737746589037,0.3304280380906919,0.06763185471105541,0.3063750722763882,0.4124832989390222,0.18796000924912112,0.37573164319647107,0.1322130903304562,0.3439764394346744,0.17696334329298205,0.10274547283843204,0.47247535396785206,0.16365111293379714,0.24808808519709605,0.09954053290298893,0.21025148317269812,0.1442087784163027,0.27366750542460744,0.09430146627515433,0.17652429901868658,0.1963101931746624,0.15803207612103454,0.4325429845112332,0.46147845474522936,0.21081839019689888,0.4693646584732751,0.4445505823850353,0.4764793779335369,0.45024827343551765,0.47234572799740115,0.2007278102564127,0.19260580503436112,0.19434780838470758,0.0813846758005868,0.2363996942821865,0.4188975175170655,0.13051890935161514,0.21582614665961827,0.23690573393925635,0.2757516847764312,0.14214833448023642,0.16155165127696866,0.3118228582249926,0.09954749396690325,0.3091701979829385,0.39404942392608233,0.44123736484267795,0.2042583182857259,0.1340626683017356,0.12846260511692686,0.08083638213955334,0.1656798073599781,0.2921114891409772,0.2124233598773092,0.1782943065463072,0.35649811806444387,0.2882422383256016,0.2613014405290375,0.10401993538606347,0.24424163225333154,0.6167610400716838,0.4231350364792446,0.1275695866434418,0.2731085677413962,0.3789372409620832,0.134043104754828,0.5015395470571653,0.5994139214859335,0.46216618003189885,0.4772171156809084,0.5126565966793647,0.4009329396524826,0.23018851871280996,0.18655527226142118,0.18081919668310598,0.4251130441515099,0.31877258473438863,0.15646320372212286,0.11628263389007151,0.4455794897923673,0.20725224871414957,0.18085225935248475,0.4956174022737324,0.19589809036734498,0.3377255072997531,0.15923762628133084,0.4259464251638256,0.09334933030223931,0.059102237165154316,0.0626645646748093,0.13327882422469936,0.55044020240705,0.3169616874380745,0.2661341917920168,0.18999150811696808,0.24413599575655778,0.13122157170618104,0.20458130585935888,0.10083210075091524,0.19550961591255483,0.04803666424296008,0.13817411762061177,0.14026037796604846,0.20964222028395915,0.13661379962816966,0.2301028142440903,0.2924445156849147,0.3455596194367847,0.32460525221933095,0.31896871786701775,0.25214484630942097,0.19488406561787092,0.2143942927567645,0.5331139412796647,1.0,0.5623404131146456,0.46984653015195593,0.28538827945979767,0.17111731928746582,0.04573574074956535,0.3136861852157039,0.26347301316257943,0.18377268829929094,0.12059407795977889,0.20844582831343178,0.27674735191720895,0.38466029987302974,0.20537155134850596,0.3424365236665125,0.3381239565105846,0.21291618409608337,0.22391076968300688,0.18026766059535357,0.2139673950151448,0.21117429500112347
SOI.L,0.13915355446180933,0.05988725180737165,0.29136725214403697,0.3966453040831876,0.4001201864596906,0.16378259074206594,0.3314544683191159,0.10225211602129333,0.0736918626863704,0.4216313422739372,0.24586736458350059,0.16321606893582938,0.23352089776698345,0.11117520540602421,0.28269327651816506,0.42841198260263913,0.38736035057545765,0.3829630924438687,0.43808866914283767,0.3067346886455261,0.07011263391385031,0.31994039707815036,0.409240106112737,0.17954124688972917,0.33255187805246367,0.13369151027112158,0.3441334085217737,0.1603757309176953,0.121537545222773,0.48698642726827607,0.1619268110472934,0.27151913371989556,0.05051985649810089,0.1805910074669938,0.14008483642543662,0.2779504950408668,0.10359605956617832,0.18603279971367578,0.18251978461688015,0.16346712557352894,0.4510741156446484,0.4476884119557702,0.2071829272302862,0.46582119630022956,0.35981283427205346,0.4461079375167313,0.46484297136451114,0.469973517403491,0.16807223165211535,0.2002831235773557,0.21384942983277808,0.04738405698936681,0.20490453079139845,0.3821093473227235,0.13142093209768574,0.2086476999234719,0.23077274332833225,0.297503239809202,0.1486416050139635,0.1673381024593923,0.3042325506866903,0.09787728167800328,0.30319248209780125,0.4191260822264474,0.4008735117569631,0.20477540672283498,0.14596707675253032,0.1109693976010509,0.0873612259090384,0.15680707903332672,0.2942667500335419,0.2133107275464678,0.15801690332658996,0.3498674406337513,0.24473323377166972,0.2633401304703084,0.08362423027473342,0.24496064778921617,0.4921069013817017,0.4325894869744476,0.15666727168589467,0.2383061019181822,0.3792308685206185,0.10086103642371944,0.46029115954300404,0.5362974249497994,0.42299911141314644,0.45018079857880866,0.42365800309637497,0.3798518726013407,0.21307501802867432,0.21219424065624984,0.19659031204624083,0.41476645088213954,0.29196172997759856,0.1541095868103996,0.11688340475956739,0.4420490975269288,0.23384858996943408,0.20320051355941546,0.46090606044685184,0.1929970318905952,0.33146142430190156,0.13335192109501603,0.42827425774482974,0.09805339211846373,0.0711109020781325,0.10398524297657957,0.133945236178539,0.512006696615923,0.30301304391602024,0.2623838018805876,0.11993648792271148,0.21031500777653303,0.16034359354801983,0.20573546412005292,0.08320319675040407,0.16793029213270924,0.04130294277084677,0.11333059195429815,0.1300308772743009,0.2031212234367059,0.11654186956905202,0.24443883156403473,0.2773418651935071,0.3714669224746038,0.31053327802426667,0.29589557745626455,0.2502730373051599,0.15495643303978432,0.2035338820084648,0.4710210763319176,0.5623404131146456,1.0,0.47133482919724784,0.26486986868241913,0.16678782772654982,0.05699482637679609,0.2946112759903481,0.2516609595900519,0.2196745673615198,0.12476715114273616,0.1843491462946178,0.28904934941327526,0.4019349617069143,0.19044908473933808,0.30442838671424927,0.32986911875334235,0.18255563519676773,0.24156020506252487,0.1702497610520503,0.21088970868234228,0.17773696864765431
SAIN.L,0.17715639054779245,0.06813849623421853,0.39599541808398026,0.44329972112547,0.400405552955476,0.19024331858301027,0.35396484175669224,0.09900769496474966,0.11232745322035532,0.3772497321959389,0.2970129172142208,0.22459267340713848,0.3111199590364853,0.10523433812314782,0.2919280921936084,0.5028496072714299,0.4269286211418261,0.41435314084638625,0.47983733494434694,0.36582164515266297,0.05074668318740909,0.40043528170198844,0.4442685174732012,0.18861843598485606,0.42960888373077183,0.1708867414514278,0.42424858540279303,0.21578760395557484,0.11771400731099253,0.6089618405800566,0.16381346743424072,0.3250844800393168,0.0745051631125061,0.21705633416558107,0.19320312091562172,0.34160350661610966,0.10746915168790891,0.21107504491804036,0.2361879714079338,0.21690465068636766,0.565590157362131,0.4906766816268325,0.23179958615968893,0.5080011891871802,0.35685570068980116,0.5300491575980361,0.5517313450582279,0.5613597760544952,0.26664959953524786,0.2542056848425077,0.245156346236784,0.0653040632721221,0.2675783100319335,0.45349682605147995,0.14969017707508403,0.2459467985775881,0.28237991050768096,0.3467092402164262,0.17366435458411306,0.16730365805002334,0.3542065877138149,0.11988915914715252,0.3809404475468008,0.4505778873636187,0.4405591723173595,0.19415091556969058,0.1297699716611617,0.17636145615775453,0.1180275691933873,0.17742000191548415,0.3451354787653775,0.2574604509684821,0.22629097871619122,0.36769838741711164,0.331756423851385,0.25669093305627133,0.13656252252812476,0.2607419627346108,0.4174921593188849,0.4493191159366187,0.14277616810732296,0.3617001209733871,0.45424227107891435,0.09930529242345956,0.5476872313597863,0.5406419287633045,0.5241902243528506,0.4964416207540862,0.42260728820369176,0.4138789169010737,0.2462558599502871,0.25309538408003135,0.17043323070600516,0.48400268491556325,0.35587443896481474,0.1696041143821126,0.10290302239205505,0.5895916493585869,0.33212335705195295,0.250039054458105,0.5441117015865039,0.2328671410212332,0.4051596099022755,0.14799041380259068,0.5539406354121682,0.11584813529713078,0.06653375826082712,0.10272184041623342,0.12584359142481288,0.42229097662737114,0.3582429312531069,0.3038482116431465,0.13654467191741826,0.2340285991956678,0.20706612238446415,0.25043268140503433,0.13708705502151325,0.19618933716673728,0.03733496166016854,0.1701086518394226,0.12058426617849681,0.28439555871437766,0.16006899579382086,0.2332753381691432,0.31339749497072833,0.4404300576620773,0.34299571767505016,0.3484767158702997,0.25831839787809185,0.1591483396719982,0.2553004580780233,0.40627950020322184,0.46984653015195593,0.47133482919724784,1.0,0.30492941642532595,0.1983960223224348,0.03892248082076946,0.33590838894670133,0.25215933441305316,0.34439427757569524,0.18558122430051815,0.2761037796315793,0.3687675647367413,0.43825983526523954,0.26905600780185707,0.3967807819134249,0.3480162882359172,0.19949742012778748,0.30139641614767815,0.24654631687951487,0.2682245409414322,0.24928028412095687
SNR.L,0.12437416056427994,0.06859622577053587,0.2792878325907426,0.35410602883417575,0.23014331404735638,0.14949082036409578,0.31541891273709743,0.09619315037739504,0.13624590718655424,0.2223971937107486,0.2729889909444416,0.16275406903039014,0.30258068073315164,0.06977509303551997,0.28728757677930994,0.30428131838465744,0.25673770670270246,0.3039708799700223,0.3417060029096623,0.40531523723206947,0.04971600537207122,0.2991347237034619,0.2672613997609118,0.20627368340692354,0.28786407847789025,0.07932064941972199,0.30123106053498405,0.2256652211526239,0.11105595596264925,0.412210626334993,0.12599614995625227,0.2761465121773259,0.0692107311906106,0.17818985904150453,0.1273431683263906,0.3193763551812952,0.09913133546638872,0.20021741528043605,0.17474089011377705,0.19657712906723135,0.3697848670377378,0.332437446870919,0.24079481096620992,0.3481221744980136,0.29935214827562856,0.3831528562511034,0.3683814071795159,0.37207762737447053,0.2605630938164375,0.23415377523862815,0.24464466936807966,0.032693637919200484,0.2171508767432971,0.2673241763534929,0.092020581252674,0.2653638522241899,0.26350106404905144,0.2855891214164213,0.15326980110120378,0.1586523254670989,0.3068606448821993,0.07647081873008771,0.33351238834103086,0.32932263504399134,0.30827491812416524,0.1420363804590439,0.11535569542860959,0.18121603347424803,0.07312752529092499,0.11375148475392324,0.28554219486310267,0.18203595370357953,0.17791754659481465,0.23944730552385846,0.3079952049643054,0.25501756550179633,0.0939749778473292,0.23768372298069088,0.21552705137358857,0.33219263513481356,0.16196764943272327,0.31516869347576265,0.32681934333922724,0.12030608354335444,0.3081762448016145,0.3471850940194694,0.3472034853551315,0.2943134458867503,0.2641015069136689,0.22355153709752537,0.22190707176394617,0.22646204886258856,0.1648354736490604,0.3757671743301091,0.28782353907045916,0.15292184265573433,0.10457855442386574,0.37171215950971476,0.2588932271754713,0.22160244540390164,0.37159107404870473,0.19945856491720954,0.40674054914031504,0.12704557031938063,0.35054513720396124,0.15073875559529518,0.043490599777412986,0.04950917514995443,0.15365817202734705,0.24387865619108964,0.3504824997853625,0.27295855814944703,0.13207823680726297,0.16111861354645504,0.07830048445002215,0.16986773677896802,0.1458329845743094,0.1552490330279706,-0.0004503891748717362,0.11497249510281865,0.1311344809997994,0.24643975747791128,0.17476408990269987,0.23575040148007462,0.2917137385239867,0.23869213519828716,0.3212075285667937,0.3232441063319314,0.15112068080409863,0.1935422948499098,0.22910447470997655,0.2692682331364094,0.28538827945979767,0.26486986868241913,0.30492941642532595,1.0,0.17815012875671152,0.05005201746169682,0.3705730996178868,0.22676187722973667,0.28554687320774164,0.10405740899817549,0.20286864825710507,0.363980200757914,0.3446174168304891,0.2924657377922244,0.3628365693602294,0.33721452936977403,0.19225933672737008,0.31376237894028813,0.20257670373975914,0.20718663365900034,0.29104432332099933
SRP.L,0.09593223619431736,0.01902769359414272,0.23209064402383575,0.24980035725558813,0.14133452562507656,0.06293126005968484,0.23239385294713136,0.02918610449951787,0.04275538019067954,0.15176654816930804,0.2320081122724304,0.12972814379524314,0.178497914559999,0.044530385220669204,0.14000045621550672,0.21024206466338802,0.2029143080990293,0.19366103023428088,0.23124455365672505,0.22859726286502846,0.08281544643060701,0.20558453239057878,0.15558700293695726,0.07816193029932528,0.19863976375992548,0.028289968293856965,0.19236935501474456,0.1812033368011253,0.08377861835015064,0.28430394025494166,0.1148741541555575,0.2181011979918008,0.06304964377924083,0.12138471004335677,0.10206502567927891,0.1899470585306846,0.05747216858518598,0.19027102954716277,0.17952980290053097,0.13880854378312757,0.273490557837233,0.1694027750248627,0.1544933430753717,0.2220467220986113,0.15642517438026865,0.2629700601316151,0.2475541143710031,0.2503567779008552,0.17243650867902635,0.15630252333861572,0.14411020154262366,0.03436129252933502,0.16211475006342138,0.12278493445863455,0.06923365704108661,0.14800581383577957,0.12363285823093711,0.24634884165545148,0.11331619929131809,0.12439937555069851,0.21528960073991785,0.02852132789324502,0.2556457747509148,0.22295239253972457,0.19004053816447875,0.09707671785451526,0.08303996380275705,0.10450032373991626,0.06458067820047306,0.10003533119449105,0.2541952371775804,0.05916758596482677,0.11405206678727656,0.13914230386706575,0.16124526343080667,0.15165884782421216,0.046418831718673545,0.1947319732023318,0.12782393612187468,0.24042166282556096,0.13211121564585296,0.19145006729605812,0.2934312724067244,0.03249830280911973,0.2036516917730967,0.20878962352065866,0.2298017293385257,0.21588482743215573,0.18550682532021331,0.12954193680381063,0.1814732833897675,0.20070761316947008,0.13116194107524853,0.20345659100591773,0.16172884808930316,0.09803184370129514,0.07888274044322069,0.25869095439082246,0.1845795996770383,0.2296719411667633,0.26153956983843357,0.1097244858375158,0.23526318982099798,0.08959462137067528,0.2405211121333201,0.09522372944607808,0.039392416737812526,0.10587421821138102,0.11038704927723939,0.12368232957366831,0.30761231135219186,0.17141513934913177,0.051879257171804825,0.09031698980825074,0.11760503524891487,0.15784771922825028,0.07034307984967002,0.12097960451956724,0.040444319661841074,0.034393075468046895,0.07341996921103286,0.17465573486039304,0.06853960546039023,0.138691599998849,0.17015283291642397,0.20227489412604313,0.2693617895161549,0.21646648581573305,0.0810397763264355,0.10852075003945506,0.1393448417506188,0.13741680917740595,0.17111731928746582,0.16678782772654982,0.1983960223224348,0.17815012875671152,1.0,-0.0004006870353425121,0.22640502747029995,0.12141840422560965,0.14727737625761372,0.10350818722266736,0.2407200803452609,0.2793426960140643,0.23611543065233415,0.1475967242057934,0.19904967853834288,0.21041270699561995,0.03842423559395535,0.21596743200775553,0.123515156631257,0.19885107037014008,0.15521065097068493
SRE.L,0.14249168464749287,0.0392295859078203,0.020384795710394286,0.089948899969636,0.057612075526037594,-0.005108441318301264,0.026756144087017403,0.02051033322153732,0.03122861655414922,0.04250813240348941,0.04777404006515625,-0.03170066528632926,0.02747801180037331,0.03344600357274974,0.0022730891367953375,0.0730995465010711,0.06940640160943157,0.07097704361568816,0.037846815205767714,0.0644013945836913,0.05957976548168623,0.0222695400121796,0.06308073452487142,0.01986464399526605,0.07999584243011149,0.03773075103020532,0.01526951328990927,0.02680807868536094,0.017756669346072458,0.08774309411185313,0.0328801524727615,0.04133357211790835,0.011319270157341705,0.034761167053795484,-0.024635321682381757,0.03002749544370128,0.04029971743769749,0.04307105732546386,0.010727656465732035,0.005194876441443954,0.06021126562254591,0.09540382829744566,0.04601467094934026,0.06664823686719597,0.015595372404240576,0.08436852385081713,0.02068007739365727,0.03652036560937187,0.0008124019159556451,0.03245251234546788,0.013320870401904298,-0.010812293714964425,0.04672951109419674,0.08712828972965625,0.006851777847102697,0.04039576072938875,0.08803785011301428,0.04618105643385834,0.0031417606825418715,0.04614725892099791,0.06486779606271799,0.026242596050640714,0.04085308741954668,0.05716616212044212,0.0878468563053255,0.06034142835126568,0.04699296371513473,0.03923213986784061,0.029969044355629814,0.0026413709307116836,0.05976557531571025,0.023065157587228283,-0.03070332592920913,0.049018455543289936,0.03115938064548337,0.006675365623817032,0.08274040576734039,0.01518192838042631,0.07606228285504837,0.03515002624673957,0.026326650843891346,0.013961036026314827,0.026423372622650494,0.02726223236524368,0.024783050705458484,0.09340639937171004,0.07198494251028409,0.05288656042838311,0.04922847790412252,-0.001823514989099105,0.01894439674786303,0.03850715132212518,-0.000489128196007314,0.08867525191099827,0.03535858497417189,0.0475233461244188,0.059151454314896934,0.05072289281331062,0.012464698974934848,0.04405621719486595,0.08128035865328496,0.04993539695830134,0.06732357255420024,-0.03082442327087018,0.09225245897909247,0.01719343043382023,0.008727701313789249,0.01362935586920208,0.041908417449674294,0.06694386293282722,0.04573967115119939,0.021943632084492477,0.041819792876317874,0.04822538312640466,0.045609437107692004,0.027395511903270876,0.08457470756434966,0.020553233551913276,0.033866934905266426,0.02720872384175254,0.033003603456764466,0.044557480988484575,0.03290559814816419,0.0232954115341455,0.08170412534877111,0.03630139250056187,0.05811793318603964,0.04276673294404625,0.01788632585674268,0.03358609124637857,-0.004724388935724317,0.02898796608326917,0.04573574074956535,0.05699482637679609,0.03892248082076946,0.05005201746169682,-0.0004006870353425121,1.0,0.06225815499948247,0.026593032623444517,-0.022621435743189575,0.015561005105940176,0.023895956353376154,0.045111479367839845,0.08671378658805386,0.10869703808471927,0.046836853121230204,0.0273983507881737,-0.015317488362693858,0.05460092783972502,-0.03877730109105886,0.019519246073686766,0.03758020416962414
SXS.L,0.17147777713981652,0.03161073825663315,0.33900282761516887,0.3963818640479437,0.2613241340995582,0.10522293780926029,0.37466487155422573,0.10050247131592589,0.13293648289335327,0.24271584046123637,0.31742770383749896,0.15656009163039294,0.3264791493348192,0.0649872515164414,0.3191921261382165,0.35965555553412354,0.3022228141517384,0.326358872335719,0.38067521330107995,0.4550979323675196,0.08880308593700852,0.3475311364415105,0.2463637527505135,0.17677175757425456,0.3236019233999113,0.06138157659459049,0.3417617459073409,0.2321337718781311,0.12097029809909916,0.47383780194144237,0.11006929522799767,0.30278901658666185,0.03777107753842236,0.2116549772962793,0.11801758105712434,0.3384801943061265,0.10680651515591795,0.2220359443111001,0.21716428886449693,0.18578230321493225,0.43866704746126356,0.3416290609167102,0.2866111658717626,0.4050831443324971,0.2890665151800583,0.4611582415901311,0.38720600552238227,0.40837193833831553,0.2662987651262706,0.24958681898589638,0.24264286660356013,0.04468540397841868,0.23988473838047206,0.29936506863480056,0.10079098640365662,0.2756478460281008,0.2934345098414658,0.33534543350362245,0.14550578086364718,0.1857897188517869,0.35456666581852586,0.10424425517058539,0.429734049981782,0.35740159085799855,0.3289472259837993,0.08714691695235634,0.13163890544977894,0.14714168936975122,0.04159954813567017,0.15894602408983796,0.3383445655840075,0.14322798465494666,0.1849683667857022,0.2879454985276674,0.3472639013634107,0.2911196015687263,0.12175939776468522,0.293043917321987,0.2561868873666251,0.3682156076416129,0.16768611472874734,0.35387912554517953,0.4380399890055055,0.08368858477730261,0.3613377891446434,0.4088308266156873,0.39495458775862474,0.304943051806692,0.32437778318635124,0.24666824344990926,0.2733467517351226,0.23283608127614705,0.17508810758866442,0.3979348296893744,0.30851843405334445,0.1926766589780259,0.09876421262757018,0.44329040534393904,0.30764940420452724,0.2843408635982671,0.44155168540965095,0.2262854887239671,0.47892232514586053,0.10387861023508832,0.41153312749089604,0.09439556905763083,0.06470032705524896,0.08114410687147307,0.1502699354114169,0.2860825027530548,0.4286507430259728,0.32300977105568657,0.13003749968270936,0.13673004298509833,0.15235377318445562,0.21970586627788483,0.12812331601513352,0.19104116102981283,0.02189380308363729,0.15457878924095553,0.11374922201586142,0.2865662123459561,0.16064949471799714,0.25564951105651673,0.3942258906931537,0.3341465644381216,0.38896048022313984,0.41049852382895574,0.13260236217890783,0.1779156157038756,0.2831224908524909,0.2510813318348555,0.3136861852157039,0.2946112759903481,0.33590838894670133,0.3705730996178868,0.22640502747029995,0.06225815499948247,1.0,0.2011994206290195,0.2885803552114038,0.13085500567308367,0.2079972441216747,0.38000747297395415,0.408453448944483,0.2630756957174329,0.39385528549370985,0.4071948913115547,0.1315183589798139,0.33171582067035166,0.2389485537880361,0.30721556613395457,0.25138177902428116
TATE.L,0.08658061147897829,0.030231527387157137,0.2692324727038023,0.2607819111660153,0.19486518503203318,0.05897884041802373,0.21984255996754948,0.036267823938525776,0.10273240842181561,0.21980704161924547,0.1807497728168388,0.13082391673813035,0.20964377005454468,0.06375520661492802,0.18249097205828627,0.2548722979022291,0.2064908522336276,0.2196798200447739,0.2433527455188312,0.24294148113711309,0.02582761588690567,0.2797529670049289,0.19402644056649487,0.11937603274484877,0.2346671782313457,0.08605754676836164,0.25769876318764184,0.10198121718196355,0.09128271322346454,0.35147520308221564,0.07226320916540901,0.18034177535526572,0.05148246393112677,0.11859178687704901,0.1488592502954293,0.24696463123688894,0.0425830907801966,0.15668192795927763,0.13822930666390865,0.12775342854192187,0.3345330459921634,0.23115204957627455,0.11656823354454464,0.2847422780818803,0.21205386799235457,0.30594783160805905,0.291249235199906,0.3031426771899131,0.1806437492801431,0.16817643638566723,0.14378146644072676,0.039680003450543594,0.17617054408353974,0.22634705895292145,0.06842902324981597,0.19164939828544456,0.19378032073187812,0.24458437281403483,0.15600177382103103,0.14042377185291458,0.2715134850691074,0.06092602987345611,0.21628881122487995,0.2274373226424267,0.23338473830483147,0.0778801898569578,0.09150418439920419,0.050182420666880306,0.03485703374525706,0.1013804200257992,0.18490400190446454,0.1157653727307671,0.1348579374182644,0.18667084153897953,0.19114967780039985,0.17469090207155577,0.10260404773604853,0.18215470626883706,0.2099162329110277,0.25434199228826837,0.11107300307789388,0.22416999154102504,0.27469375861552114,0.05064119959374353,0.2725729129534386,0.29661017533751566,0.2868134350915617,0.2237701872864948,0.2572187095183833,0.2268767094515867,0.12514970406243311,0.15881761949224357,0.1891992466370901,0.2894525721494558,0.230241381310088,0.11730148734686188,0.06811651712426174,0.28894065931616175,0.19254916252055723,0.1840829562381305,0.30985712068727067,0.15964004962094436,0.23064224281860965,0.06905089553713498,0.30192066006091983,0.06182100091095673,0.039129038655177466,0.0005753668496284011,0.07423180592196593,0.204674591368592,0.23376728151464726,0.19229892931606465,0.11838708779593157,0.10481556890373478,0.10817250633630882,0.19840788329819933,0.030911724799130465,0.12542203450919948,6.09548999220017e-05,0.10797570527066482,0.07909616792677161,0.18376246741014035,0.09774069368691872,0.1917601210251437,0.17197807377483154,0.2356899265565597,0.2115103101263708,0.2553832865379335,0.11163694881686384,0.11535792060247722,0.1454060958100269,0.2270259800214743,0.26347301316257943,0.2516609595900519,0.25215933441305316,0.22676187722973667,0.12141840422560965,0.026593032623444517,0.2011994206290195,1.0,0.19718676497550575,0.09392098138935169,0.16581424606189563,0.27337096643366193,0.2556566942508714,0.19954534359102769,0.21890819933259542,0.24195487374976368,0.1678383928932002,0.21357759599799833,0.1487982682027751,0.2094642594800189,0.1657170443162254
TW.L,0.1294848385352346,0.03639374270579268,0.3734585536643312,0.41522527772549733,0.20319090015221983,0.07383676011402765,0.32498245147941324,0.07848843661818773,0.18780494385692678,0.16693891012429335,0.3387355333770185,0.21918003057382937,0.6379671185646187,0.04895582563891059,0.3579104437825778,0.2834419313861772,0.30834279115680024,0.3369119857690067,0.29736503199542075,0.29739146288207624,0.08879811203448505,0.45467701836150204,0.2374804992837093,0.18790174967320683,0.2806227676964823,0.06870008028007009,0.332911717958338,0.17130984530172036,0.1537437439217853,0.42557109154811906,0.14734449906769143,0.35770151602826294,-0.008704953643887976,0.2106739402568131,0.1469025909440256,0.47001595414699465,0.11445215556120605,0.20206356637961723,0.20222691206241,0.220584855945087,0.41175148510797077,0.2632403798841151,0.18742402976556438,0.3438780572269781,0.20691358213548694,0.36160480943232093,0.38839213787615146,0.34484477511088424,0.275664510380048,0.3390351945515999,0.36877541198814384,0.026707167741319444,0.17914318674262936,0.23319205219991607,0.06032306774702826,0.36296116440779835,0.35472986305019666,0.4421611577745758,0.2015586594216194,0.19676854042251254,0.4175761821469842,0.09280590238559003,0.39142726483339935,0.358629028530585,0.2821063267340902,0.11392951982776846,0.1417045843830522,0.15915648198631865,0.05935248181037778,0.09927264248970956,0.2282631930968735,0.15080383483773369,0.23567479842385156,0.22236256655283,0.3317897556263938,0.338208746904449,0.16741717824289853,0.2836002058255438,0.15235541660990767,0.29833717492029727,0.17860417690392721,0.38610487951017997,0.34194143061336923,0.11685856409114796,0.2932363950683384,0.30971538372399876,0.32439166916993306,0.22246846274580964,0.24379445720110066,0.20972793908437692,0.24068437402901713,0.2955789959613181,0.17741595684365452,0.354399330381894,0.3336756590032325,0.2547393277410937,0.07818690808069757,0.3784945504804325,0.3408717687260801,0.24320086914202754,0.32575533537807905,0.27034167123887637,0.37688789694606517,0.1850563439032966,0.3561825257389587,0.12020816333917916,0.06428539892675682,0.07176432429345381,0.11273615730809697,0.18076232258921887,0.3693339374555262,0.3718259109750276,0.09274467306263741,0.06624302819427601,0.1557700082196362,0.20318980497360228,0.19980600168436866,0.20218836568296714,-0.0017733814771619186,0.13001894705428343,0.12918922156628834,0.27930088101757616,0.18877607580348726,0.27165508057650545,0.253007787304587,0.2775340256750609,0.24076773862168385,0.3101726983828479,0.10860095745474463,0.2203010667562155,0.2977307765139089,0.1685233673907901,0.18377268829929094,0.2196745673615198,0.34439427757569524,0.28554687320774164,0.14727737625761372,-0.022621435743189575,0.2885803552114038,0.19718676497550575,1.0,0.13565732668960115,0.2708595444884079,0.49184838206989545,0.38923416792251286,0.3025256627402459,0.3219149403744081,0.3167719242890707,0.18464366914442423,0.5974657635164236,0.30184846025072015,0.3009519979702004,0.31857177379382134
TEP.L,0.09550234503217718,0.06166753713594478,0.16090550252375196,0.22996332961252772,0.12806279578243318,0.04213912513953042,0.15324856715131938,0.02970515691322508,0.021350901531974498,0.11367133086009208,0.13249221897858512,0.16252417109264017,0.18765472290621169,0.08469053245263694,0.1416819132280106,0.1340926474851872,0.1438401210381889,0.19467184954112177,0.147805467756582,0.16130517513136852,0.0614399915772842,0.18499347403426117,0.15949520617102705,0.04634805022174141,0.1630034095443332,0.030785120549171766,0.14851249583894782,0.11091175668333755,0.09366927777652195,0.21770723563116856,0.12022502231430715,0.1718853766385258,0.026341748264221008,0.13125836552574502,0.18469653772306333,0.17849218865552133,0.030455633839193433,0.12105848408677986,0.13727375303782863,0.11607024192032976,0.21851815684611753,0.16131998167266834,0.11747493615833166,0.16563906591897393,0.109089998104267,0.1793691229539693,0.2111558949945718,0.20656156147692004,0.11559616279185397,0.14989342281049076,0.14723602172429942,0.02581176352336781,0.1344507504343983,0.1393769680274238,0.0224968273377712,0.11783334802893987,0.12438382295360506,0.19279066614005178,0.08572250697233635,0.10722170738368818,0.16148842827726792,0.03853026316520679,0.15299297585008517,0.19243439078200764,0.13555045572407642,0.06260543082904844,0.0640903024674956,0.12009582540187518,0.03643936067437521,0.022756462811587542,0.13002524618727984,0.0913774793085229,0.10358874630248446,0.13112025831778276,0.14958337133917796,0.11908173173599404,0.07059462179813719,0.12107154716191444,0.10954197054221544,0.16873490661768015,0.09879228318409683,0.16035845400270818,0.13984681867828092,0.01776495306924329,0.1955539823341272,0.15645523873799372,0.18020861935564012,0.15016832803897995,0.12971148979021324,0.1383021467563609,0.11826986374623742,0.146627989298117,0.11816328222325215,0.18125625781769808,0.14334579628732827,0.10926248995891999,0.08956023969308416,0.18158152699691987,0.17686805923553392,0.13090859581031902,0.18027605419430884,0.12898537626154657,0.1792787876979906,0.07078445203787984,0.203196239323507,0.08229691909545143,0.07042373376832092,0.08554103097806573,0.13154626572058836,0.08171169917191325,0.17008256004563882,0.15265528200489695,0.05547954716969815,0.06947371870991746,0.10081846990745782,0.13024100841843012,0.08278607169501098,0.11292659995739611,0.017471838006208416,0.02867305947604131,0.12528608677443615,0.13361086012383214,0.13842519098248773,0.18419067292443353,0.15635225795101879,0.1860204344866138,0.14471416358187236,0.15381889249113864,0.0934244219130442,0.13549786137122272,0.17561682532973819,0.0952762151403632,0.12059407795977889,0.12476715114273616,0.18558122430051815,0.10405740899817549,0.10350818722266736,0.015561005105940176,0.13085500567308367,0.09392098138935169,0.13565732668960115,1.0,0.13052050159479747,0.19191285478790215,0.22226148800498585,0.11223306421533139,0.1619000563139586,0.1413822985847154,0.05897769358373472,0.17155548988972635,0.13434201507530227,0.17157279568117853,0.12173265561316654
TCAP.L,0.14058865937407639,0.06639473157078951,0.351682168679542,0.3156141705830306,0.18198913506930314,0.056625749992889524,0.3034274707633777,0.052814751208047496,0.06985801174247303,0.17356210645250106,0.2746411824301308,0.1815020898615647,0.2701143359974165,0.08139031215961304,0.2588276007425693,0.25210067433293487,0.23948140638379295,0.2530588165772625,0.3053566738612427,0.2761848244328869,0.06736868984903531,0.3023808184133897,0.2225531765874624,0.09352472385191907,0.28582889851205595,0.02179330388744626,0.29602868420941414,0.17029306398373698,0.11508784599087264,0.361904378187378,0.1270739403124824,0.2910299446633919,0.02710448709221422,0.19436049330844193,0.150225915560862,0.3128777263153839,0.09118853376858865,0.19864305213522795,0.13497917090028397,0.1768198847755262,0.3535359272326394,0.25176293124969057,0.13605905482089847,0.26838821951414765,0.202382606053195,0.3385574435721434,0.32592739872431503,0.2948936044732121,0.22203208332773913,0.2264103137899513,0.15616515602011183,0.017796867570532206,0.14638390237276733,0.15809379619353198,0.024127083290716084,0.22478195891761155,0.23792973149858523,0.3411955483430182,0.1531717973628316,0.14807407392040653,0.2852471220026001,0.09357055568539921,0.2800641492024102,0.27232529042611203,0.23607122153104546,0.1052144532381445,0.12704498367193506,0.1360733856856374,0.045983190273940315,0.0997415327210459,0.216054725810779,0.13469240588165718,0.1875689576478281,0.2249688104663252,0.2648272258897227,0.19967123194660474,0.07805034775365678,0.2160119181067352,0.15712543336161247,0.3924858942016948,0.10952284997735283,0.2598898925867299,0.34869373271630694,0.17603109692660715,0.28395711760358094,0.28342197755771853,0.31581145577263403,0.22538956224101056,0.2294186393740655,0.195064371409508,0.22081913741011813,0.1915407907542616,0.13626746669511772,0.29910411748027904,0.3384115273583302,0.18476223770383104,0.030780301549013782,0.33859775771501244,0.25129244583166527,0.18439264479413883,0.33799621306805055,0.19846414811267676,0.31295490172159646,0.10696400409721447,0.32885802544260817,0.07549220614334892,0.040209787623827466,0.04788104773628158,0.09726299951888845,0.16931761671205448,0.34019574759083454,0.2048887571861644,0.09704087427345978,0.10067867772053862,0.14275528025447942,0.2025243047891429,0.13837176493412678,0.13991172599524535,0.02070984123558072,0.06707125087556678,0.1003908343838866,0.18317154183451875,0.1568409402166784,0.2363710815305223,0.2020565617189898,0.24873598777073166,0.2697390956308833,0.23389645018947577,0.07568270858873084,0.13711075470058356,0.21023901246596102,0.188760944405943,0.20844582831343178,0.1843491462946178,0.2761037796315793,0.20286864825710507,0.2407200803452609,0.023895956353376154,0.2079972441216747,0.16581424606189563,0.2708595444884079,0.13052050159479747,1.0,0.36575889276379875,0.29643526238946394,0.24781886236768308,0.29102976846798695,0.23345147290237786,0.14252723794655928,0.2816950543266258,0.2104774588022383,0.23431847597489908,0.23913210927323902
TPK.L,0.17959522868079647,0.07286205470916575,0.44864455496871974,0.4802305379870556,0.2531836669804098,0.08527134915781569,0.41004707980031524,0.08011061277488943,0.15960965937506533,0.247714250053615,0.41465682942134957,0.2459840128623561,0.5273870814993148,0.11507878310615714,0.3781360760658649,0.351832928772187,0.35019212040715986,0.38017559710731624,0.3940844171864515,0.44970969533942534,0.09417913270358678,0.5024545946714678,0.29785791122984073,0.22338922865142322,0.3715527194465463,0.09642934210595963,0.4314070470407964,0.21624106234276802,0.13893580855205426,0.5299900523428177,0.12700162580474456,0.41303181259214833,0.06647769817770935,0.2372393604687361,0.16882923957154913,0.47478329062731905,0.13192819725230207,0.2719248024234707,0.19365266629323197,0.2695738134028214,0.4962881180720875,0.3383048823673124,0.24357583704110325,0.41764926067080366,0.26533808575503803,0.47156753202339435,0.4421999494892238,0.41979163563016636,0.34885802803791266,0.313490169318872,0.3429826485456922,0.0500395832085582,0.2107964201959721,0.24150374824139115,0.06976805827786482,0.46014734176672706,0.36182782767904875,0.484128823912511,0.19362693790802024,0.25587703317164057,0.45755277677859285,0.1128918881957708,0.45622383876438416,0.4303781431662115,0.3293390573196265,0.14879063295979805,0.12660352888714396,0.18985943980184058,0.08090555874440108,0.12712593955544216,0.3204241688213141,0.1675124503689205,0.24826697074825566,0.27392866174796837,0.44537086951989585,0.36791608454060104,0.1305687597265162,0.3278934225678003,0.22810404713872467,0.4506484103379727,0.20210681922748922,0.46549147266462676,0.4954923473788947,0.12502077872885722,0.37818577757175853,0.3852166237959581,0.41512607752190867,0.3254553247075653,0.297966342213208,0.25127478720050955,0.27897287392701575,0.3213513129823496,0.18767111876149545,0.4220672692987979,0.369793734774723,0.26749612135636924,0.1039331826516541,0.4728030207302922,0.4121979361311866,0.29456642219053986,0.4215567109662468,0.29865143053013243,0.48630036098198526,0.16550449005044454,0.4451858195494494,0.12393233183853108,0.054671165133993636,0.09665033389050269,0.18404345992322246,0.25573302520529895,0.5406490520644235,0.3773771394102849,0.13200947151639222,0.18173000151527524,0.1757342831739674,0.2515600047123249,0.19775661543066245,0.19226622877459815,0.03056137863316998,0.14916556706511966,0.14616639400068318,0.3280304886587508,0.23318666681693845,0.33448208687266734,0.33616405263076343,0.36442839546649564,0.3629589958064826,0.3966171929632539,0.14873474818320168,0.25687824760727945,0.3416629215103664,0.24835806338843447,0.27674735191720895,0.28904934941327526,0.3687675647367413,0.363980200757914,0.2793426960140643,0.045111479367839845,0.38000747297395415,0.27337096643366193,0.49184838206989545,0.19191285478790215,0.36575889276379875,1.0,0.46148584820997113,0.3047340563631584,0.4278939124282191,0.3646463571665881,0.1579247146163574,0.5162135449084606,0.3183198321826453,0.3591427163284084,0.3358018832210239
TRY.L,0.24764687856769518,0.07517353109234873,0.4606878095931859,0.594861829380655,0.36898708411449715,0.14578336064973607,0.42284220276995166,0.09803711284153069,0.13852045736596366,0.32620123749097824,0.391413235249284,0.27412471804263916,0.4583414946366068,0.1583572382831113,0.43705954913213,0.4807225441060425,0.4600956236982822,0.4720378938615612,0.45323186969973134,0.4262888562480598,0.13565071360770134,0.5825729033261836,0.36888898398951175,0.19625757960926232,0.5096470136165082,0.10099143181588918,0.39234961429527065,0.21351925547127487,0.19099064533831395,0.6277546257071485,0.18393375843327328,0.4277377597792913,0.09079210528512172,0.2496595837709266,0.24769346907813003,0.5593978299123858,0.12887186630991068,0.2807492951557215,0.23695768485569496,0.2717963526631438,0.6022086988049097,0.4402045685990609,0.22808915849068404,0.5164643058096403,0.34742654854787935,0.6012313333366757,0.5485012684988212,0.5230156135507847,0.3211084367934667,0.32731950994393827,0.34300734239588576,0.05528356964998183,0.3056676459194162,0.35471101655569043,0.11765166456316278,0.36180688712717785,0.394036672109389,0.5411608237890205,0.17731350621327802,0.268069768808308,0.5450303673229151,0.14431205278197892,0.4569383125563914,0.5225471102263542,0.4279676381292531,0.19477484672452497,0.24524643583009817,0.19202174766635233,0.09469572545195008,0.16063011022685642,0.33253812806455113,0.22719606541654627,0.23239437355596101,0.35422297475383324,0.408760813988614,0.3456658755198997,0.2117718772485205,0.3482379560730531,0.3423864740854774,0.48648819221435846,0.25137946262652466,0.42653665278779107,0.43398363677499135,0.14291111923282074,0.5029127695023701,0.5173682609017964,0.5548746415806863,0.39779003572167776,0.4152279780697795,0.3347316854408384,0.3041655806262735,0.34258014093539185,0.22523803044609136,0.5253782953585789,0.3760242794395302,0.30833366758433534,0.11184048548647475,0.5646691678418098,0.38032084985329434,0.30541789086172344,0.571572939719172,0.292670797235536,0.4718332346291547,0.18275513081252684,0.5632780095441748,0.15701578135892755,0.11029430091257936,0.11168297645881349,0.12707574335916683,0.3452921477648801,0.44251438300259527,0.36136395388849796,0.17834401280091022,0.22760727331329142,0.24009321286486718,0.3170074482632261,0.22577212220450468,0.23281930455483762,0.08318322900615148,0.18729144402138667,0.20451920543441485,0.3054246100877281,0.24193143171763887,0.3630555042060267,0.34776350798453354,0.47389687182980283,0.35542125080993925,0.42083117964984895,0.18351970311092677,0.30053916635540506,0.3491955371645548,0.35499528487120385,0.38466029987302974,0.4019349617069143,0.43825983526523954,0.3446174168304891,0.23611543065233415,0.08671378658805386,0.408453448944483,0.2556566942508714,0.38923416792251286,0.22226148800498585,0.29643526238946394,0.46148584820997113,1.0,0.3644569947268219,0.4184792596575278,0.3836685051364818,0.18978494477264937,0.47282006368085633,0.2901772261786371,0.3386353084771614,0.35924420361440257
UTG.L,0.16365423982650357,0.07881598870731318,0.30837921638375787,0.34186763359979433,0.19406061961940577,0.09585024159186024,0.2868672889623233,0.07928078447026735,0.09003369329086612,0.15383984220052138,0.22761720529305618,0.12130282619518713,0.30920207256279925,0.06706956462067647,0.39420622623520557,0.26788094646684824,0.2682723772910612,0.26063390037094175,0.2671583302403624,0.29400631926771026,0.05346541248827745,0.3781083795658705,0.20854304012794475,0.17919975217288545,0.25744664229712183,0.04763250020329478,0.2623744249951022,0.08598013058472281,0.10191891002357817,0.3657349646252119,0.12310815294178926,0.20654192068822835,0.07776811705145725,0.16237676302714105,0.1254719859936222,0.4564311099445783,0.06171365595022847,0.19865765586320552,0.169268953079312,0.1380901136199818,0.3364029848402992,0.28124172208036996,0.14504015609163806,0.32149582442694724,0.2449304889483635,0.3480516897139255,0.3419680554658313,0.30770017028544244,0.23954926952333816,0.2030006386165311,0.20255912786262983,-0.008486510648490483,0.16696870912846762,0.2715033612550263,0.06236927897589735,0.26628135526154484,0.3964288638008188,0.4317282114363274,0.14525912354303921,0.15497907655406581,0.4231215571726886,0.12670883202235994,0.2551830431641394,0.30842266561082904,0.2327981646381483,0.13698612150223952,0.0850095855525462,0.1494077116975182,0.05078484753773958,0.10588652767999618,0.21248951931406793,0.13005057764927658,0.14524591526063202,0.20599677136589936,0.3181396029792746,0.2059635287065161,0.10292582548338146,0.2094579871225589,0.17604269219216617,0.30707976585949187,0.12823862461440266,0.3134146797343043,0.28030332798394697,0.17877693138256412,0.2725615583069356,0.2948915027956027,0.30716762042923745,0.2067277981502197,0.2294401077080471,0.14459031940078035,0.18863143374735764,0.21735229170488177,0.12228658185372226,0.2918007467641531,0.2959145573483948,0.24592536899897124,0.046791958570448995,0.338451614971797,0.23210212823693196,0.1514195208908497,0.2977675540228514,0.22712961222070835,0.32599601816864665,0.12402696963614791,0.309381149664563,0.08621714848861116,0.06216888907767057,0.05672086510000169,0.1041888274350759,0.1743955940042432,0.2768371371596351,0.22330842720844457,0.08491947716248732,0.15573232704306503,0.14134382369210083,0.18639850709747832,0.16822871631548172,0.1659685491307479,0.04478254791045548,0.12725649882124915,0.16658273996614173,0.20070811622421758,0.15240291945645557,0.20468799357380965,0.1997061856837658,0.21818317261762427,0.21600308232331192,0.2446217958272304,0.09029621091572063,0.23370326206083006,0.25716359747593115,0.2274871223248719,0.20537155134850596,0.19044908473933808,0.26905600780185707,0.2924657377922244,0.1475967242057934,0.10869703808471927,0.2630756957174329,0.19954534359102769,0.3025256627402459,0.11223306421533139,0.24781886236768308,0.3047340563631584,0.3644569947268219,1.0,0.31849691377975375,0.25749056726920966,0.1806499474686898,0.32021384260091895,0.17024230153860892,0.232880358885743,0.36081849213304595
VSVS.L,0.21963537795695107,0.10660563932120862,0.3604680670739175,0.4310569604186887,0.26046147169655104,0.10319262026703474,0.4030730800439443,0.1084790914358415,0.12907978102650416,0.25001531945220984,0.367095703480416,0.17676949086878513,0.3500349268950936,0.055628640233947035,0.3184836158223871,0.3787069020292674,0.3217248330770347,0.3442484595956,0.45682007387273005,0.4742197148444502,0.0520309439880523,0.38081466158443017,0.27583686667466534,0.21156191570274974,0.3629526205756942,0.06595069361442836,0.3568215301603339,0.22392953753792497,0.10411729066293128,0.5101950075451772,0.12860589890772786,0.3119119979353357,0.11535799068210704,0.20601671063907584,0.17105251863421153,0.39409324312798055,0.08930587902576277,0.20206363724053006,0.22431926261777554,0.2006026457052319,0.4591991477310831,0.4006476648625402,0.21773585491222097,0.3981341106288186,0.2966191695131964,0.4918704966911875,0.44584604307713893,0.407868626619693,0.2932724474337488,0.26896472608716004,0.254962228383898,0.060956702255374556,0.22645927773351618,0.27288509107441267,0.09655967120356432,0.3026543524053104,0.3374422620440656,0.3549338340635937,0.12515642646324968,0.17870424155042655,0.3790828084981467,0.15452467058111524,0.40043192700803826,0.40305754205907646,0.3146840168077762,0.10337058727604825,0.15213161915670748,0.1895296211768266,0.053929943993454084,0.1911492254862872,0.34153135526839534,0.15453261928081113,0.24932856189033878,0.2996716081537533,0.45264246949751197,0.35057074252601533,0.12456653608871511,0.31989294938010754,0.2807199526825912,0.4468305486487069,0.13699638254119478,0.39310427703134615,0.4408762610228057,0.0915531216986093,0.40143513091802746,0.46580877661704423,0.4228122184569481,0.33859648347239735,0.3035145759642691,0.2644728617436613,0.2681783414065021,0.2638973123045789,0.15375294179262428,0.4090493881133793,0.3519640229536729,0.20344775710868873,0.10081575056064519,0.4179654896700079,0.32203769518143777,0.27021686043769666,0.40769784267867376,0.2416309183536931,0.5681541705396347,0.1908910139490084,0.43883352283068977,0.06801248165974327,0.07208067014950319,0.10156982265010062,0.09829592403928472,0.26051591561543247,0.4057863944816878,0.28968575022166004,0.11221133876913443,0.1804255745176054,0.16968571979863578,0.22989994672111747,0.21454096373011228,0.17460659836205994,0.024958925899766834,0.15867757448233547,0.16099547602464304,0.3087003526794935,0.1695701213598367,0.26926403690933953,0.3423717338447892,0.34182350622956703,0.3782505397854762,0.3851675185762158,0.11706206708685858,0.16038228766286938,0.26636354373844434,0.2922521571308577,0.3424365236665125,0.30442838671424927,0.3967807819134249,0.3628365693602294,0.19904967853834288,0.046836853121230204,0.39385528549370985,0.21890819933259542,0.3219149403744081,0.1619000563139586,0.29102976846798695,0.4278939124282191,0.4184792596575278,0.31849691377975375,1.0,0.34391339071696153,0.2048162485970219,0.36113364981478363,0.26364903789844074,0.2643674387174569,0.25875993223661997
VCT.L,0.14415639128089186,0.04097086247230764,0.31838511700124716,0.39644425746193623,0.254508359174704,0.10358168856392629,0.3575364176784836,0.0874311993809798,0.11469617891329115,0.24870612633774544,0.29747724192905184,0.20336526762890436,0.3196180895270036,0.0801906382959477,0.3158011611938781,0.3406522423766274,0.28336935721424256,0.31761628150469146,0.401987843952129,0.39432197882804426,0.06398690855674344,0.3463519280128438,0.2490648911163433,0.20101979925264415,0.34879587360724124,0.06904204598058723,0.3532428504247853,0.21638700485989049,0.11832083406752147,0.4773985076525815,0.1136585915139875,0.3333449047329909,0.031345524592161236,0.22431679606166618,0.18695484534722123,0.33600623085430176,0.11027279898831943,0.2408410024114017,0.1741481693799188,0.1709838858384781,0.4543673056871002,0.3384018439625035,0.32138306505336506,0.38389670957934247,0.2867277310066674,0.45804658134023724,0.41832186296621965,0.4285075173750787,0.23856416405624306,0.25608875472051545,0.24790267780820857,0.07136257911102786,0.23666724064398037,0.2408542130510161,0.13548456025923675,0.2668231839477854,0.2901818502915665,0.3303905181292634,0.15888324689928857,0.17579879550172633,0.3490423291783294,0.1066839865434643,0.378162788372077,0.33865585257231173,0.3249616052515747,0.1095382028733437,0.1312529976830847,0.1322520888184256,0.04290059578117131,0.17193953889288716,0.3320489386879197,0.12719958751000074,0.21131893598518436,0.281882622905603,0.3416562425304826,0.29063572461218734,0.1274242949391913,0.2831857416874694,0.3025243426380361,0.38519804143323205,0.17830692341417773,0.30019200689791503,0.4634971665659581,0.07241719084347596,0.39776595639970697,0.43732206982482064,0.3807983771191519,0.32559962213574045,0.3661702981183038,0.2783976842304389,0.25194043866704363,0.21954389893481366,0.14085870516068474,0.40217532454654964,0.30713833774346644,0.16857073153732569,0.08306216062407533,0.4462693806426155,0.30495895071007,0.2616351172119383,0.43768144273486553,0.2318516397208439,0.3997173516761828,0.13570461123170974,0.4403455905253351,0.08236804769238742,0.06424936929447433,0.0771415076126349,0.12062127920764788,0.30017084249819154,0.3790253441257805,0.2816256861944296,0.1029915320259438,0.127801932374982,0.16164243988035235,0.2126541402036298,0.14907057429446371,0.1555892349202714,0.04160770170437529,0.12862184593468529,0.13465138986001285,0.2646991906486795,0.17547581856000247,0.2582077058792903,0.33012987423074286,0.33517849384063264,0.37108226225793417,0.3712822896990748,0.1637859268967173,0.16959748098479666,0.26117462408145364,0.2796505678190146,0.3381239565105846,0.32986911875334235,0.3480162882359172,0.33721452936977403,0.21041270699561995,0.0273983507881737,0.4071948913115547,0.24195487374976368,0.3167719242890707,0.1413822985847154,0.23345147290237786,0.3646463571665881,0.3836685051364818,0.25749056726920966,0.34391339071696153,1.0,0.1733978512177078,0.3145935570141515,0.21689592677527478,0.27209655970200625,0.2206228751529173
VOF.L,0.11794040466399959,0.06268975955713373,0.14807256570655636,0.2345396930294961,0.15766319578594107,0.09605695699213905,0.17284410828236116,0.029659307620780128,0.17243824296173949,0.17171273558199857,0.12151582659543997,0.03996022783669181,0.1080193949978969,0.08450674224494233,0.17298073676542325,0.2001726534239701,0.17087471038468172,0.1961368338112322,0.2527926756290972,0.15185793639478143,0.02146739201592325,0.18270381187536433,0.2091186000980026,0.11660973343526747,0.17381968134621337,0.05060000074760607,0.14961926684906188,0.063400066209407,0.0761233151887319,0.19820068497983773,0.10017469456274217,0.10862261167621381,0.05214469578330443,0.08817592541727182,0.049076692855752065,0.23637014580650842,0.05645538780475731,0.11971807858061263,0.06740002714975829,0.11244857202604805,0.1918649949388178,0.26025712840732973,0.051672477340572086,0.20462286821144982,0.19191676518708886,0.21272106130697344,0.24961566162015936,0.18310387432049557,0.137503325734865,0.10218564981192726,0.1456730941715063,0.05657351697029707,0.11673427491585132,0.17219285224009956,0.07591907388041962,0.17116612673740125,0.15997605422740296,0.21830441980917042,0.09619722662014711,0.0574458357421265,0.19093142345739028,0.11784587734974497,0.14658444876900464,0.19795600512357547,0.17397812569200513,0.06445995464553217,0.04153308093003338,0.04511550727827382,0.04577354214001036,0.11449148729292065,0.13218037487532508,0.1338423987049985,0.13426257781341358,0.2215208490762279,0.21369066327279487,0.134543188182736,0.09444710114369523,0.09265670450538407,0.1982318880490916,0.17845747770446355,0.08876857642239241,0.16687554842479035,0.18648434155584787,0.08799958688920319,0.21247279729205093,0.2675603975565975,0.24387792643622838,0.20465447645375381,0.19833235508489494,0.18900421434880754,0.14443665121056418,0.08476920899064878,0.06638433790590527,0.20329297196496743,0.1717571093999965,0.12739188612414185,0.0919515979942678,0.1929604967187087,0.12673917022530343,0.08944135516516925,0.2198493785274664,0.12563410098492528,0.19074163490771276,0.07541752510849867,0.18109676329699426,0.022077886759844973,0.01836849694803576,0.05812751183573078,0.03739891689106802,0.22657096117862993,0.14751688975501803,0.11270493872678387,0.1210423843443392,0.1392450709035308,0.09728073353064584,0.082392779529936,0.10698263463082987,0.07631586313061677,0.02221844791797733,0.09538690859493511,0.0767685632301081,0.09161649896263592,0.10704172199445054,0.15609444241366638,0.1336352052065252,0.10730163041751975,0.12483858281846917,0.1310616894285605,0.1115536511729717,0.06475313543988179,0.14443218833899416,0.21511213103523025,0.21291618409608337,0.18255563519676773,0.19949742012778748,0.19225933672737008,0.03842423559395535,-0.015317488362693858,0.1315183589798139,0.1678383928932002,0.18464366914442423,0.05897769358373472,0.14252723794655928,0.1579247146163574,0.18978494477264937,0.1806499474686898,0.2048162485970219,0.1733978512177078,1.0,0.12741288500543085,0.13911624439987147,0.09661309723629927,0.1483731808832566
VTY.L,0.18414786002546643,0.08411487292911031,0.4116986537590807,0.4537180719416813,0.21517261328525758,0.09703322778020788,0.35355174342577506,0.09853953569010576,0.11125458048361275,0.17732050278225556,0.3805548152133969,0.20052770108919005,0.7625169592652997,0.07599956161142148,0.3532017582257056,0.29342970133127977,0.34606453697881945,0.35353633923542055,0.3267645331663734,0.3858382815340643,0.1168606317032383,0.4848261504504198,0.2739052110761591,0.17779160931687554,0.31097374520652493,0.06705776587077893,0.3304496046147037,0.18809134174088052,0.1520365634156765,0.4574935157494209,0.15811602114065457,0.42292099673084055,0.02446006203129079,0.2579250541925954,0.1739831119348909,0.47089082681773037,0.10430850885671472,0.2617880612608727,0.23100887172652473,0.2798518233190237,0.4254735147925519,0.26813633157374167,0.22896114553498262,0.3581743424614382,0.21696560288426975,0.4069501739361939,0.4010491231033214,0.38069345791369785,0.29195204985648343,0.33122500852358916,0.43711595353204746,0.06075377383862368,0.22575549438221743,0.22576419061318637,0.06844691181987056,0.3557373797536556,0.390514939875418,0.4710415450942847,0.17666106799362416,0.24511110523396865,0.4410918039542945,0.10489985967227894,0.41136408561045457,0.4131529893778744,0.2862902442793947,0.11983798941383546,0.13388730440388946,0.17469893440473908,0.06766104299749147,0.09286609969055347,0.2534983192486876,0.12489037228711992,0.2345604670295189,0.2116458416501573,0.3657510265529532,0.30675382408419904,0.141883076607324,0.2988116367670747,0.18847318740859045,0.37592477685841985,0.16832324214363578,0.42475609093110667,0.348676133208153,0.12078802435516722,0.29180736647740535,0.3120733438632354,0.3505226882032839,0.2274610083567874,0.23515574845880474,0.188167341950401,0.28587900189247073,0.3618994540662145,0.1978268309435015,0.37567735567444,0.33892471829710363,0.3004869716701606,0.09732739132549191,0.39393889311385105,0.3843727132426613,0.2634394375228308,0.36228614630479394,0.2863770438210763,0.3946095516864942,0.18372013483964608,0.3676061895761347,0.1412306838909469,0.12794210548841525,0.08391062455258094,0.13934498597882122,0.21006011586729215,0.4030707112333611,0.37448727512758084,0.10968651328639961,0.13233208208344702,0.15452306455968262,0.2336729623245091,0.17089654743381527,0.19928033000104445,0.04092707935384323,0.1581683118361995,0.15506479562171277,0.3190343799076773,0.23422877034930695,0.29411225070542074,0.27605891187859743,0.3298748752570188,0.29865724061735127,0.35371786139968364,0.08950448578843802,0.2534369845174739,0.33508096955264893,0.2068565415379232,0.22391076968300688,0.24156020506252487,0.30139641614767815,0.31376237894028813,0.21596743200775553,0.05460092783972502,0.33171582067035166,0.21357759599799833,0.5974657635164236,0.17155548988972635,0.2816950543266258,0.5162135449084606,0.47282006368085633,0.32021384260091895,0.36113364981478363,0.3145935570141515,0.12741288500543085,1.0,0.30957325442699657,0.380672966167889,0.33538528065833784
JDW.L,0.12217078411777411,0.028960416418759863,0.2661575778157416,0.33805055232737785,0.15616269502355148,0.06487656283441251,0.23427475013457014,0.04394209949146074,0.06422654653047935,0.14495385451788395,0.27346978932177096,0.22250912440393664,0.3093082212228049,0.0810117397531902,0.25822528541163015,0.2421509990531335,0.250482806088154,0.24431436988604016,0.24152465627840686,0.2655622248520024,0.07813053946249068,0.26697403962599514,0.1982886864903765,0.15110058844000795,0.2757472151817911,0.03724512298556714,0.2799196301897103,0.16278303495872654,0.11072092353865647,0.3464720004386218,0.1153756630411744,0.2645384729172074,0.04699196908828145,0.1437519323803472,0.17931738327599245,0.27270503672815083,0.06707750565861595,0.22623418328060285,0.17158752316767736,0.1969004108036532,0.3216344605719404,0.20124648771201933,0.13021369140238565,0.2568451243944105,0.17433344728960928,0.29583513122604554,0.2973030366771129,0.2605764865322249,0.24595791621874208,0.2008894970045561,0.23832276865832183,0.04743791681577221,0.16588575405079384,0.1843574075767176,0.02491275747370604,0.2210547204605348,0.2325892509097131,0.2710605579264296,0.125094789475911,0.19992431153464238,0.25102337712345657,0.07191460776646502,0.26125043563037814,0.25569414895032033,0.2342049210139851,0.06895837298612355,0.08834280656659059,0.0979131900628658,0.0406736075520686,0.11808490093400699,0.188897220601774,0.11807354394676098,0.20068287915370614,0.19667928763290748,0.2676680071779424,0.1824684232342211,0.1245403819217565,0.2626988552842132,0.13988621001620616,0.23631149051986516,0.14130118133814262,0.2925239310776674,0.2805008955491533,0.050498708977261275,0.2813745721095883,0.25779642028655775,0.267064326110922,0.1776215228563645,0.20885755400562223,0.18792887545319048,0.21529077365831395,0.22389514849006656,0.16149590926652851,0.30703774019668567,0.22278756096139915,0.17924112423163235,0.09503259283345275,0.3182744213965917,0.3928914830918206,0.189607667300776,0.287407869068847,0.21842415249222233,0.30195963748626775,0.09334620306941796,0.2840150462383033,0.0802177065641035,0.04599151311016352,0.046890892574037536,0.11083285480287627,0.1271604383011309,0.25498332573986504,0.23758800199169217,0.07699795205970447,0.09166851399545822,0.13487104814376843,0.19490280891521275,0.1330487699429572,0.1532156888269735,0.021968662546775437,0.08783355710016778,0.11187328968822485,0.19551133998787318,0.2019811840364044,0.25419052064230285,0.15902316747358497,0.2980767674881531,0.2090429037201115,0.24455210585617113,0.08928519610233272,0.1237481333336988,0.2506383192887702,0.12955422159349106,0.18026766059535357,0.1702497610520503,0.24654631687951487,0.20257670373975914,0.123515156631257,-0.03877730109105886,0.2389485537880361,0.1487982682027751,0.30184846025072015,0.13434201507530227,0.2104774588022383,0.3183198321826453,0.2901772261786371,0.17024230153860892,0.26364903789844074,0.21689592677527478,0.13911624439987147,0.30957325442699657,1.0,0.24917930558547358,0.20641612647895044
SMWH.L,0.14256316662694957,0.06661976009302051,0.2955453682627671,0.3497304546420608,0.21805598163383585,0.04301143190481748,0.29923762009989063,0.059044658966606635,0.0862081857192093,0.2025736313411232,0.3018336890127768,0.18423872423231438,0.3843258704742186,0.05632974439238372,0.24114007397984863,0.2623461862377038,0.28961721152177394,0.2732196292271356,0.24881817810426266,0.29961418625400504,0.1071096162957902,0.3175646344524335,0.21131913736703528,0.1961979920341608,0.27201778062143067,0.07004687433643508,0.26618671828328777,0.14633134861006677,0.12308185482176967,0.3688029232668263,0.10596295055915786,0.32866537499209253,0.061375200891514,0.2018072710591639,0.17635891264452397,0.3187019383350393,0.07034061812482988,0.22942953358723256,0.1684208920785383,0.271706866449533,0.36983088934753044,0.22519851474895503,0.21121849032011966,0.3064193513751345,0.19262896872194193,0.33601244129211877,0.3324143475163861,0.3482773869056593,0.2545043954231642,0.29108381151680696,0.25863655273120917,0.04269957196126928,0.19979127258098464,0.23830812671677276,0.07650283829734225,0.24829583449477538,0.2509342583396321,0.3209371012553394,0.18825202356275292,0.23433890349900502,0.30434195196717584,0.10860250131295,0.3579237538019553,0.2976783418443809,0.2669757953724388,0.08191047870308277,0.12362433776632281,0.12870990485315434,0.05139221366184782,0.07766244931494133,0.17504249357210128,0.11002183516965638,0.14495389014201188,0.19088640677330326,0.34269929426070544,0.1944902194030847,0.13714897081865146,0.24681243765843475,0.17022541586281073,0.2884136849931283,0.17193782153389386,0.3418100895134945,0.29560250432838975,0.12984629434717235,0.3057912988954261,0.2690473567221957,0.2890320187177999,0.23472327524349604,0.21323436664708495,0.15864479523977534,0.2408534932268937,0.24607912007422372,0.16349944237177128,0.3201285902029983,0.30250360510089286,0.19289659127534012,0.09693020119273939,0.3264579742868932,0.29551295960561547,0.25901756771512185,0.321941485466434,0.27324544687159397,0.29014006190951364,0.12583025073549536,0.31525634536298885,0.13658072570285565,0.08556862133446938,0.10256729920156435,0.11852609066577065,0.20465979122164976,0.33985849567564275,0.2584444138976812,0.06775932130054325,0.15682896119597448,0.11007421259065735,0.2647787124125601,0.16707632750733833,0.17502572572974795,0.07587533174081096,0.11399866989622828,0.13001201244185698,0.2784592998319284,0.16788870582407608,0.23784619175113225,0.22385088230160569,0.2946582856148605,0.2332195039773115,0.3003005936761028,0.13515347926117813,0.19158700810807727,0.27650190707720457,0.15345935273704273,0.2139673950151448,0.21088970868234228,0.2682245409414322,0.20718663365900034,0.19885107037014008,0.019519246073686766,0.30721556613395457,0.2094642594800189,0.3009519979702004,0.17157279568117853,0.23431847597489908,0.3591427163284084,0.3386353084771614,0.232880358885743,0.2643674387174569,0.27209655970200625,0.09661309723629927,0.380672966167889,0.24917930558547358,1.0,0.23248775714523018
WKP.L,0.14707929395183036,0.08639638073759798,0.29720960940215685,0.328408162111027,0.19763232387717025,0.08931734728351329,0.2615790666203037,0.07786661267335107,0.04962703759034402,0.13718270595159665,0.27056892274992017,0.192965323157235,0.32908888382762197,0.04800233790758474,0.3738667136071793,0.23341219951547407,0.2554101907330627,0.2890049038948889,0.2421129942399092,0.2869295780134968,0.06543558208866278,0.3937493354027591,0.2256224355320102,0.15644056859071473,0.24269604736050082,0.05698197076407078,0.24414902568942687,0.12342768698947955,0.14893707131385078,0.3444755384257663,0.133242610918224,0.27113813303437023,0.09547505095186581,0.15871141555701668,0.14021512526234367,0.4394457504528731,0.08685986826946974,0.1864148589565936,0.1621970324410313,0.1703309934615487,0.3152240431191475,0.24568724994431484,0.173671961252389,0.3167446968046261,0.21176628522769672,0.32231956432411163,0.31960372114120505,0.2793189896276489,0.25386198999384885,0.2085269210231821,0.25429680461699533,0.04716336313388944,0.18293971841060133,0.17754462761123596,0.051389321237836294,0.27834438564195585,0.3813668396347259,0.42976156385968395,0.15441103457926805,0.19068831211067735,0.39528151357812247,0.07357873614282824,0.2866296239747842,0.3092087247311172,0.2405716913515746,0.14786910079362836,0.11235826012355044,0.13878368034345753,0.10568781814949539,0.08543399138725039,0.18471057567086527,0.17366090470577664,0.17955943528582125,0.20753867132223985,0.29551803021990836,0.20325095751736472,0.07589268111227461,0.2081849186733346,0.14729985136376297,0.29402707511773013,0.1903494523986651,0.30148886522564283,0.26758899971344624,0.150628706486695,0.25777760353973606,0.24462462517111452,0.28114689022008094,0.17997051994640914,0.1906221173247997,0.17037243631882446,0.1859827549794247,0.22762627933285157,0.14766407151725994,0.27471263888859765,0.26841366195754296,0.22427932821087893,0.08090654107174551,0.2972831889216237,0.22993485360117266,0.22697495244423255,0.27588054558535297,0.21042470424729864,0.2865836245287983,0.12447162830871106,0.2675456279683208,0.12937852373163777,0.07624765277169887,0.05474955938753263,0.12389419230803332,0.1589709184490481,0.2995150756656107,0.29253943231419943,0.14557047245571117,0.14020063219390733,0.15769231455596447,0.22187550759513952,0.18079704528829946,0.14825304741730846,0.01527049196946486,0.10296404275979645,0.2468091339165347,0.1952782649215627,0.14501941577877783,0.23873437813075143,0.22287401971043394,0.193369000029544,0.20566997260030245,0.23530596804957213,0.05266584624494471,0.24803566139937244,0.2596083809037372,0.1568960244542976,0.21117429500112347,0.17773696864765431,0.24928028412095687,0.29104432332099933,0.15521065097068493,0.03758020416962414,0.25138177902428116,0.1657170443162254,0.31857177379382134,0.12173265561316654,0.23913210927323902,0.3358018832210239,0.35924420361440257,0.36081849213304595,0.25875993223661997,0.2206228751529173,0.1483731808832566,0.33538528065833784,0.20641612647895044,0.23248775714523018,1.0
