Date,Ticker,Open,High,Low,Close,Volume
2015-01-02,AAPL,24.69424086520776,24.70532612789623,23.79860610220979,24.23755645751953,212818400.0
2015-01-05,AAPL,24.006990190147395,24.0867993234754,23.368518814896508,23.55473899841309,257142000.0
2015-01-06,AAPL,23.619026816885736,23.816332235230767,23.19559498538538,23.55695343017578,263188400.0
2015-01-07,AAPL,23.76534271205472,23.987034348142444,23.654496894010855,23.88727378845215,160423600.0
2015-01-08,AAPL,24.21538332281689,24.8627226324375,24.097885309857276,24.805082321166992,237458000.0
2015-01-09,AAPL,24.97799781477527,25.10657937778308,24.43263655840806,24.831682205200195,214798000.0
2015-01-12,AAPL,24.962479071089444,24.969129549868345,24.12005182875888,24.219812393188477,198603200.0
2015-01-13,AAPL,24.703106992143734,25.006825239793912,24.144444634403246,24.434860229492188,268367600.0
2015-01-14,AAPL,24.17325545011891,24.494707635898926,24.05354176739019,24.34174156188965,195826400.0
2015-01-15,AAPL,24.386088182573513,24.399389143979025,23.645638680525572,23.681108474731445,240056000.0
2015-01-16,AAPL,23.727660381621178,23.84959148289938,23.321964198866382,23.497100830078125,314053200.0
2015-01-20,AAPL,23.907228064640975,24.15774072566621,23.61016204884328,24.102317810058594,199599600.0
2015-01-21,AAPL,24.15329960234341,24.621069022540446,24.00254924382437,24.28631591796875,194303600.0
2015-01-22,AAPL,24.443722313126493,24.933660666894788,24.324008616661335,24.918142318725582,215185600.0
2015-01-23,AAPL,24.895979611641817,25.217431913328245,24.72527604844397,25.046730041503903,185859200.0
2015-01-26,AAPL,25.215212472533512,25.35266192991213,25.006823433030068,25.07332992553711,222460000.0
2015-01-27,AAPL,24.922577258846545,24.935879909246182,24.171042629136025,24.1954288482666,382274800.0
2015-01-28,AAPL,26.077601106167652,26.18623128629963,25.563276290893555,25.563276290893555,585908400.0
2015-01-29,AAPL,25.78717173892857,26.42342736058845,25.61868561736439,26.3591365814209,337745600.0
2015-01-30,AAPL,26.248295420011285,26.603001772030364,25.904672637239905,25.973398208618164,334982000.0
2015-02-02,AAPL,26.17070219145008,26.41899577815114,25.73396933307641,26.29928207397461,250956400.0
2015-02-03,AAPL,26.270466381055748,26.401263671853233,26.073160903883434,26.303720474243164,207662800.0
2015-02-04,AAPL,26.27046806393836,26.716068881898615,26.228346097111075,26.505460739135746,280598800.0
2015-02-05,AAPL,26.7124451524758,26.75918563725112,26.541069601144372,26.69464111328125,168984800.0
2015-02-06,AAPL,26.71244351282826,26.763634579747897,26.363014006611284,26.469846725463867,174826400.0
2015-02-09,AAPL,26.385271236110356,26.672380657208517,26.358562632684485,26.645673751831055,155559200.0
2015-02-10,AAPL,26.745831496462507,27.1865141706232,26.743607052759444,27.15757942199707,248034000.0
2015-02-11,AAPL,27.32450317740265,27.803021749787224,27.264410937172286,27.794118881225582,294247200.0
2015-02-12,AAPL,28.0567535567603,28.37279951507212,27.947696365158095,28.145780563354492,297898000.0
2015-02-13,AAPL,28.32826888479836,28.32826888479836,27.96548603659631,28.283756256103516,217088800.0
2015-02-17,AAPL,28.375021494492632,28.68439069759659,28.24815857298114,28.450695037841797,252609600.0
2015-02-18,AAPL,28.406180388528902,28.662132370775968,28.36611832436807,28.648778915405273,179566800.0
2015-02-19,AAPL,28.595356993921015,28.7177693081782,28.56197336098585,28.588680267333984,149449600.0
2015-02-20,AAPL,28.62651465154113,28.82237434387207,28.499653457078956,28.82237434387207,195793600.0
2015-02-23,AAPL,28.93811274746554,29.60136032104492,28.857988628797777,29.60136032104492,283896400.0
2015-02-24,AAPL,29.588008958222076,29.734903752176653,29.194065063924736,29.4166316986084,276912400.0
2015-02-25,AAPL,29.2808589853591,29.2897635504534,28.52190612565482,28.66434860229492,298846800.0
2015-02-26,AAPL,28.664353084202308,29.12729205469109,28.179159489691138,29.027137756347656,365150000.0
2015-02-27,AAPL,28.93365720347011,29.06052179210405,28.541941220848713,28.590906143188477,248059200.0
2015-03-02,AAPL,28.76673062394371,28.99597393092262,28.555293050994763,28.73111915588379,192386800.0
2015-03-03,AAPL,28.702188712404517,28.826825458437774,28.508553471298843,28.791213989257812,151265200.0
2015-03-04,AAPL,28.733349484334305,28.835728218754888,28.55974780762392,28.60870933532715,126665200.0
2015-03-05,AAPL,28.617612649133473,28.655448562033296,27.989974931075334,28.1346435546875,226068400.0
2015-03-06,AAPL,28.577550244683295,28.793440119603353,28.10125955185688,28.176931381225582,291368400.0
2015-03-09,AAPL,28.479616017404823,28.837950002875996,27.83417267184496,28.29711151123047,354114000.0
2015-03-10,AAPL,28.13464212997099,28.31492051599256,27.553743221625673,27.71176528930664,275426400.0
2015-03-11,AAPL,27.76517981707428,27.769630401366676,27.177604203683053,27.2065372467041,275756000.0
2015-03-12,AAPL,27.222127064458164,27.79857558463012,27.070781670942825,27.69841957092285,193450800.0
2015-03-13,AAPL,27.687283875056004,27.90985046296152,27.282212752989896,27.507003784179688,207309200.0
2015-03-16,AAPL,27.571551892676595,27.8096981048584,27.34676083218295,27.8096981048584,143497200.0
2015-03-17,AAPL,28.021134600076984,28.33717875688107,27.965492951426334,28.27486038208008,204092400.0
2015-03-18,AAPL,28.265956952446786,28.74670160229175,28.125740611932834,28.593130111694336,261083600.0
2015-03-19,AAPL,28.65545323315789,28.76673654668471,28.354988626245177,28.37724494934082,183238000.0
2015-03-20,AAPL,28.54416261563396,28.57754624271078,27.85643272908063,28.02113151550293,274780400.0
2015-03-23,AAPL,28.292668184343317,28.455140859366967,28.15912685938606,28.312698364257812,150838800.0
2015-03-24,AAPL,28.317148521175582,28.497425221015355,28.1680276125766,28.196962356567383,131369200.0
2015-03-25,AAPL,28.16357737452431,28.225895749966423,27.46026611328125,27.46026611328125,206620800.0
2015-03-26,AAPL,27.32227287996862,27.79411292630325,27.286661413351865,27.651670455932617,190291600.0
2015-03-27,AAPL,27.725119459155888,27.7540525039436,27.35565981059288,27.431331634521484,158184800.0
2015-03-30,AAPL,27.60938564027451,28.13241677715401,27.59825663176819,28.12574005126953,188398800.0
2015-03-31,AAPL,28.06342370286021,28.152450688573246,27.67838440937046,27.6939640045166,168362400.0
2015-04-01,AAPL,27.780759208807787,27.84752985904948,27.397944436591516,27.65389633178711,162485600.0
2015-04-02,AAPL,27.8275033605238,27.945463393763433,27.640548220607812,27.89204788208008,128880400.0
2015-04-06,AAPL,27.702861871893177,28.37946446390211,27.67170268722584,28.343852996826172,148776000.0
2015-04-07,AAPL,28.40839907601747,28.51523008704785,28.038939423968984,28.045616149902344,140049200.0
2015-04-08,AAPL,28.010010249212492,28.132422575820524,27.81415222468828,27.954368591308594,149316800.0
2015-04-09,AAPL,28.010005798237135,28.17248016063967,27.74515270337457,28.168027877807617,129936000.0
2015-04-10,AAPL,28.032263697492382,28.312698100017467,27.878693892102373,28.28821563720703,160752000.0
2015-04-13,AAPL,28.57088075744273,28.615396805853468,28.179164662551088,28.232580184936523,145460400.0
2015-04-14,AAPL,28.26595484256325,28.330499352662446,28.02335809244218,28.11015892028809,102098400.0
2015-04-15,AAPL,28.13465428540901,28.294900865524006,28.04562727553469,28.217002868652344,115881600.0
2015-04-16,AAPL,28.105706900693068,28.288211424799588,28.067870990365083,28.08122444152832,113476000.0
2015-04-17,AAPL,27.94323644885431,28.07454992374797,27.700637979338687,27.765182495117188,207828000.0
2015-04-20,AAPL,27.947688056895437,28.515231871372787,27.858661076767103,28.399497985839844,188217200.0
2015-04-21,AAPL,28.51078645653832,28.533041081720025,28.192514411955095,28.24593162536621,129740400.0
2015-04-22,AAPL,28.263737144871563,28.68216181687359,28.11461790356777,28.62652015686035,150618000.0
2015-04-23,AAPL,28.55528960392939,29.02712961242716,28.51967814016832,28.860204696655273,183083600.0
2015-04-24,AAPL,29.042719794092143,29.073878985399837,28.762283676225756,28.99597930908203,178103600.0
2015-04-27,AAPL,29.447786651002964,29.630292895288548,29.189608576885387,29.52345848083496,387816800.0
2015-04-28,AAPL,29.92631195326201,29.94411429592281,28.83796121788467,29.058300018310547,475696000.0
2015-04-29,AAPL,28.96927414607103,29.28754280530617,28.555300067420788,28.630971908569336,253544400.0
2015-04-30,AAPL,28.630970767541644,28.630970767541644,27.727350805104503,27.85421371459961,332781600.0
2015-05-01,AAPL,28.065650005792723,28.96259489680037,27.88759773139169,28.69996452331543,234050400.0
2015-05-04,AAPL,28.822383082045455,29.06053104342945,28.546399195189736,28.64432907104492,203953200.0
2015-05-05,AAPL,28.521911828332453,28.58868249550376,27.99443001026383,27.998882293701172,197085600.0
2015-05-06,AAPL,28.168026736668235,28.210314931617717,27.455814336746123,27.82304954528809,288564000.0
2015-05-07,AAPL,27.88563328767848,28.178414607387104,27.718011058549237,27.995147705078125,175763600.0
2015-05-08,AAPL,28.312514986684672,28.522602081298828,28.185122147536905,28.522602081298828,222201600.0
2015-05-11,AAPL,28.47118896923365,28.50918292492606,28.07783506667492,28.23204803466797,168143200.0
2015-05-12,AAPL,28.071128599009672,28.357203525576026,27.896801797204617,28.13147354125977,192640000.0
2015-05-13,AAPL,28.19405484436593,28.426491170136035,28.13147616149344,28.162765502929688,138776800.0
2015-05-14,AAPL,28.475662422034667,28.81984519958496,28.41978835091865,28.81984519958496,180814000.0
2015-05-15,AAPL,28.846666876510024,28.94053490611256,28.65445993676693,28.779617309570312,152832000.0
2015-05-18,AAPL,28.692455210905617,29.21543571850021,28.687984330162653,29.096982955932617,203531600.0
2015-05-19,AAPL,29.208730333645796,29.25119517387914,28.974058549918123,29.07016372680664,178532800.0
2015-05-20,AAPL,29.05450764300393,29.27353297651081,28.90699932419495,29.067916870117188,145819600.0
2015-05-21,AAPL,29.070160051247793,29.418813669716776,29.016519721374767,29.36517333984375,158921600.0
2015-05-22,AAPL,29.412118235115084,29.718307114290013,29.367416241127017,29.622201919555664,182384000.0
2015-05-26,AAPL,29.635614563331306,29.70489787961476,28.85784488369443,28.969593048095703,282790400.0
2015-05-27,AAPL,29.130499798748275,29.559612180561334,29.065687388124672,29.51044273376465,183332800.0
2015-05-28,AAPL,29.470230734834253,29.490344589154365,29.30037472565793,29.45235061645508,122933200.0
2015-05-29,AAPL,29.329418658749457,29.37858811784808,29.03216816884701,29.117097854614254,203538000.0
2015-06-01,AAPL,29.117097420954007,29.36517844806299,29.06569422731027,29.17520523071289,128451200.0
2015-06-02,AAPL,29.023221293209648,29.202018963757013,28.90253482650228,29.04557228088379,134670400.0
2015-06-03,AAPL,29.20202496955987,29.264603655579336,29.032165612979068,29.081335067749023,123934000.0
2015-06-04,AAPL,28.960647495537707,29.184143768776664,28.810905401701508,28.91147804260254,153800400.0
2015-06-05,AAPL,28.942767462626342,28.98523230030165,28.687981846856992,28.75279426574707,142507200.0
2015-06-08,AAPL,28.808666178580967,28.877952882925072,28.346030699690523,28.562822341918945,210699200.0
2015-06-09,AAPL,28.316978141433584,28.625404100730464,28.07560345368376,28.477895736694336,224301600.0
2015-06-10,AAPL,28.589639414451845,28.90700367493058,28.573994745418133,28.804197311401367,156349200.0
2015-06-11,AAPL,28.871243758372724,29.094740006981706,28.71479706640286,28.739381790161133,141563600.0
2015-06-12,AAPL,28.64999095175799,28.681280297028987,28.408614540974767,28.42202377319336,147544800.0
2015-06-15,AAPL,28.18288490012055,28.437670562082815,28.095721473930386,28.366151809692383,175955600.0
2015-06-16,AAPL,28.390727023734343,28.57399387187269,28.243220392374692,28.51811981201172,125976400.0
2015-06-17,AAPL,28.54494644753539,28.58070496728181,28.325919332951088,28.451078414916992,131672400.0
2015-06-18,AAPL,28.435438210107023,28.67681294545484,28.433202769415,28.58070945739746,141628800.0
2015-06-19,AAPL,28.542712993723477,28.567297723759552,28.249933378928493,28.294631958007812,218867600.0
2015-06-22,AAPL,28.49353315649598,28.62092593613208,28.401900591212897,28.520353317260746,136157200.0
2015-06-23,AAPL,28.49130424521313,28.520358145437797,28.3572051238287,28.390729904174805,121075600.0
2015-06-24,AAPL,28.430959800526097,29.009816016287797,28.41084595504871,28.63210678100586,221123600.0
2015-06-25,AAPL,28.79973222259295,28.87572014313876,28.495777130126953,28.495777130126953,127752400.0
2015-06-26,AAPL,28.53376785827538,28.60528659515787,28.274513076504284,28.32815170288086,176267200.0
2015-06-29,AAPL,28.039854331751275,28.26558614253817,27.820828844373167,27.832002639770508,196645600.0
2015-06-30,AAPL,28.06442952719678,28.187353170768603,27.90574736331223,28.033140182495117,177482800.0
2015-07-01,AAPL,28.361681531768287,28.37062158861245,28.158299075131943,28.294631958007812,120955200.0
2015-07-02,AAPL,28.256628009390273,28.3147375057707,28.10911968130323,28.25886344909668,108844000.0
2015-07-06,AAPL,27.923628371790983,28.211938804483257,27.903512818042405,28.160533905029297,112241600.0
2015-07-07,AAPL,28.135949952635713,28.194059469897024,27.662137167931014,28.091251373291016,187787200.0
2015-07-08,AAPL,27.82081482664131,27.856573341094386,27.387231542337933,27.39393615722656,243046400.0
2015-07-09,AAPL,27.680015055804137,27.726949071884263,26.645227851428672,26.8351993560791,314380000.0
2015-07-10,AAPL,27.25313197706758,27.680008907632388,27.08997897204961,27.55261611938477,245418000.0
2015-07-13,AAPL,27.94374137892242,28.106894423880103,27.78505921472599,28.084545135498047,165762000.0
2015-07-14,AAPL,28.16947919733043,28.243233399547595,27.945982854957265,28.073375701904297,127072400.0
2015-07-15,AAPL,28.09794833927759,28.417548039483155,28.06665900122734,28.343793869018555,134596800.0
2015-07-16,AAPL,28.5494090432569,28.734913035682272,28.46224564660828,28.721500396728516,144889600.0
2015-07-17,AAPL,28.84890653106699,28.969593048095703,28.6768134030097,28.969593048095703,184658800.0
2015-07-20,AAPL,29.271309318307836,29.718301897455508,29.210964365243733,29.51715660095215,235600800.0
2015-07-21,AAPL,29.69148292265571,29.707125889309452,29.12603759259452,29.222139358520508,307025600.0
2015-07-22,AAPL,27.26431227874709,28.04878474384317,27.26431227874709,27.9862060546875,461802400.0
2015-07-23,AAPL,28.205233965707485,28.40414554749355,27.950448305776092,27.97279930114746,203998000.0
2015-07-24,AAPL,28.008555666574285,28.102423701392432,27.691191336394024,27.825288772583008,168649200.0
2015-07-27,AAPL,27.51016125614449,27.626380297617327,27.293371257702415,27.438642501831055,177822000.0
2015-07-28,AAPL,27.574970245361328,27.693424705361824,27.38946962999341,27.574970245361328,134472400.0
2015-07-29,AAPL,27.523570362234157,27.60179372812768,27.3268925221116,27.487810134887695,148046800.0
2015-07-30,AAPL,27.33806957344473,27.39394365299356,27.201736682934268,27.349245071411133,134513200.0
2015-07-31,AAPL,27.40064393710838,27.409583993039575,27.02293637857796,27.11009979248047,171540000.0
2015-08-03,AAPL,27.154795686957268,27.393936617805483,26.26527981871911,26.470897674560547,279904000.0
2015-08-04,AAPL,26.2429358209001,26.305514513708847,25.310956634838035,25.62161636352539,496554400.0
2015-08-05,AAPL,25.24390456314553,26.24740410471145,25.05393306301911,25.79147148132324,397250400.0
2015-08-06,AAPL,26.036184672313123,26.15517360004119,25.62084534827494,25.847597122192383,211612000.0
2015-08-07,AAPL,25.724112007297297,26.09903973694835,25.706150966714716,25.935148239135746,154681600.0
2015-08-10,AAPL,26.161905340226017,26.938702469492995,26.161905340226017,26.87808609008789,219806400.0
2015-08-11,AAPL,26.449282596677104,26.53235115969127,25.443487880734995,25.479408264160156,388331200.0
2015-08-12,AAPL,25.26387718521236,25.91270496835857,24.612803843156907,25.87229347229004,404870000.0
2015-08-13,AAPL,26.051902774432826,26.13272577361948,25.715140848774993,25.85209083557129,194143200.0
2015-08-14,AAPL,25.665744612966623,26.11251488140785,25.596147707869093,26.033937454223633,171718000.0
2015-08-17,AAPL,26.05189905602863,26.41335694167236,25.93066457455252,26.30334854125977,163538800.0
2015-08-18,AAPL,26.139453049931127,26.366206492782,26.04516014956673,26.155168533325195,138242800.0
2015-08-19,AAPL,26.065366702875668,26.1596596092665,25.74656589772991,25.820653915405273,193146000.0
2015-08-20,AAPL,25.611865582992177,25.67248197165876,25.06182011566237,25.29081916809082,274006400.0
2015-08-21,AAPL,24.792409069266427,25.12243597767245,23.719261511904985,23.74395751953125,513102000.0
2015-08-24,AAPL,21.29906628254227,24.426461573215043,20.654727956824967,23.151256561279297,648825200.0
2015-08-25,AAPL,24.945077073193595,24.945077073193595,23.23657153175285,23.29045295715332,414406400.0
2015-08-26,AAPL,24.042552150961185,24.67117500740738,23.584557504900065,24.62627410888672,387098400.0
2015-08-27,AAPL,25.196527298438387,25.423279088526364,24.70036323508548,25.35143661499023,338464400.0
2015-08-28,AAPL,25.183052168971024,25.43899105254729,25.04161280052923,25.43450164794922,212657600.0
2015-08-31,AAPL,25.151623970115825,25.712893814000797,25.144889006046743,25.315515518188477,224917200.0
2015-09-01,AAPL,24.729554478232146,25.117952326608343,24.103177004976818,24.18400001525879,307383600.0
2015-09-02,AAPL,24.74751360338872,25.22122383117676,24.500553472920295,25.22122383117676,247555200.0
2015-09-03,AAPL,25.254899791662,25.320007305220702,24.704855978054088,24.77894401550293,212935600.0
2015-09-04,AAPL,24.464631066021123,24.7969018657635,24.36135761675743,24.531982421875,199985200.0
2015-09-08,AAPL,25.08875937744384,25.270610239581423,24.767712992063736,25.2144832611084,219374400.0
2015-09-09,AAPL,25.540023191161584,25.598394021061996,24.644235296342114,24.729549407958984,340043200.0
2015-09-10,AAPL,24.756488740759696,25.432258091115777,24.67342190271092,25.272857666015625,251571200.0
2015-09-11,AAPL,25.09773782835175,25.64104652404785,25.091002865548305,25.64104652404785,199662000.0
2015-09-14,AAPL,26.17313221144344,26.242729114504534,25.786978337312043,25.88800621032715,233453600.0
2015-09-15,AAPL,26.0272041230639,26.161908537092778,25.688196672684565,26.10578155517578,173364800.0
2015-09-16,AAPL,26.0990495240165,26.164157035899155,25.91719863028686,26.134971618652344,148694000.0
2015-09-17,AAPL,25.966588024907814,26.152928305170427,25.53104209227515,25.575942993164062,256450400.0
2015-09-18,AAPL,25.192031518078707,25.661253924694364,25.115699653449383,25.470420837402344,297141200.0
2015-09-21,AAPL,25.519812439950503,25.901476895542967,25.51756859422172,25.865554809570312,200888000.0
2015-09-22,AAPL,25.45470878754108,25.63431581880713,25.261631828430936,25.459199905395508,201384800.0
2015-09-23,AAPL,25.510835667822036,25.755550204113632,25.436749352118696,25.665746688842773,143026800.0
2015-09-24,AAPL,25.42552389061969,25.930666749373724,25.227957522492023,25.81841278076172,200878000.0
2015-09-25,AAPL,26.141702986561604,26.19782996706325,25.598392513532445,25.75330352783203,224607600.0
2015-09-28,AAPL,25.56022862933393,25.721874620209853,25.24367332458496,25.24367332458496,208436000.0
2015-09-29,AAPL,25.331234485791757,25.483899972818953,24.2154296087803,24.484838485717773,293461600.0
2015-09-30,AAPL,24.73403842806435,25.041614911169574,24.4107481711117,24.76322555541992,265892000.0
2015-10-01,AAPL,24.48708014090755,24.61056018898512,24.091945699918924,24.601579666137695,255716400.0
2015-10-02,AAPL,24.249102442542068,24.9226262448643,24.145828998395817,24.781185150146484,232079200.0
2015-10-05,AAPL,24.66892757739279,25.00344558357738,24.48707672546084,24.87098503112793,208258800.0
2015-10-06,AAPL,24.837307632198726,25.086511530921396,24.644230706830545,24.989973068237305,192787200.0
2015-10-07,AAPL,25.086512410825627,25.093247373806907,24.56341030258716,24.87098503112793,187062400.0
2015-10-08,AAPL,24.738531102168004,24.738531102168004,24.29400461571162,24.583620071411133,247918400.0
2015-10-09,AAPL,24.69587180494445,25.20774960102577,24.581372283339036,25.171829223632812,211064400.0
2015-10-12,AAPL,25.30877735476283,25.313266759288155,25.019161946386163,25.055082321166992,121868800.0
2015-10-13,AAPL,24.879965329632665,25.24591258882878,24.84853436076229,25.09773826599121,132197200.0
2015-10-14,AAPL,24.98548808286365,25.03712394828069,24.597088604901675,24.743019104003903,177849600.0
2015-10-15,AAPL,24.904662394999537,25.167336237244093,24.80587836699943,25.113454818725582,150694000.0
2015-10-16,AAPL,25.095496735919284,25.14488875574704,24.81486181677032,24.92936134338379,156930400.0
2015-10-19,AAPL,24.875478044661843,25.08875988200489,24.72056703284584,25.08427047729492,119036800.0
2015-10-20,AAPL,24.996706898846153,25.632064619528936,24.879963553214377,25.542261123657227,195871200.0
2015-10-21,AAPL,25.593903318484763,25.948626249248292,25.526550256187043,25.540021896362305,167180800.0
2015-10-22,AAPL,25.667990214251855,25.9306640625,25.616352640382654,25.9306640625,166616400.0
2015-10-23,AAPL,26.200071793462488,26.768078231157887,26.11700496495312,26.73440170288086,237467600.0
2015-10-26,AAPL,26.509898097251355,26.521122466591017,25.800452181173895,25.881275177001953,265335200.0
2015-10-27,AAPL,25.908213816821572,26.16415270371521,25.591656833481853,25.717382431030273,279537600.0
2015-10-28,AAPL,26.251715570738316,26.78380004728634,26.05639303084757,26.777063369750977,342205600.0
2015-10-29,AAPL,26.649092296433416,27.09586433873484,26.552553811894786,27.0599422454834,204909200.0
2015-10-30,AAPL,27.163211604191947,27.21484917725064,26.817469216575585,26.82869529724121,197461200.0
2015-11-02,AAPL,27.120561084884372,27.246284988953487,26.853396075877775,27.205873489379883,128813200.0
2015-11-03,AAPL,27.1183185071268,27.724489354512645,27.098111898688657,27.517942428588867,182076000.0
2015-11-04,AAPL,27.64366222941985,27.79857325722124,27.30465647090154,27.389968872070312,179544400.0
2015-11-05,AAPL,27.473392408705557,27.662787229444895,27.096859658670287,27.26370620727539,158210800.0
2015-11-06,AAPL,27.306539331125386,27.464366877178666,27.19606004888809,27.295265197753903,132169200.0
2015-11-09,AAPL,27.272722405382584,27.46437065774008,27.06754656727019,27.184789657592773,135485600.0
2015-11-10,AAPL,26.35732262575856,26.62112090469709,26.167927798695615,26.32801055908203,236511600.0
2015-11-11,AAPL,26.23782353744832,26.47456491372113,25.9762787177279,26.179201126098633,180872000.0
2015-11-12,AAPL,26.213018152747313,26.33928020245648,26.0754819685178,26.091264724731445,130102400.0
2015-11-13,AAPL,25.974023022403507,26.057447155325946,25.313398913042832,25.329181671142575,183249600.0
2015-11-16,AAPL,25.11272591604992,25.75756711930547,25.02704835177215,25.74403953552246,152426800.0
2015-11-17,AAPL,25.910889824535648,25.940201887265182,25.550139869410955,25.633563995361328,110467600.0
2015-11-18,AAPL,26.100282388722487,26.49034265294842,26.041659988480127,26.445249557495117,186698800.0
2015-11-19,AAPL,26.524156509823968,26.99989594126869,26.325744532614053,26.781190872192383,173183200.0
2015-11-20,AAPL,26.875893047826228,27.03823093622671,26.79697927435134,26.898441314697266,137148400.0
2015-11-23,AAPL,26.89168132115932,26.99539855351517,26.45652617219215,26.548969268798828,129930000.0
2015-11-24,AAPL,26.45427511447142,26.90972168476069,26.40692683638628,26.80375099182129,171212800.0
2015-11-25,AAPL,26.878144405995045,26.882654746805976,26.587289350566007,26.612091064453125,85553200.0
2015-11-27,AAPL,26.67071820687265,26.697775095987275,26.51514410479836,26.56249237060547,52185600.0
2015-11-30,AAPL,26.603080903346495,26.9232481193852,26.548968837052,26.67297744750977,156721200.0
2015-12-01,AAPL,26.774435917960403,26.787963503541896,26.348299770228813,26.456523895263672,139409600.0
2015-12-02,AAPL,26.456527758752156,26.63013982662762,26.172438098906,26.217531204223633,133546400.0
2015-12-03,AAPL,26.27841022451549,26.332522297891774,25.753067089919973,25.97402572631836,166278000.0
2015-12-04,AAPL,25.994314909336165,26.88717172627632,25.953730430375632,26.837568283081055,231108000.0
2015-12-07,AAPL,26.82629586177749,27.024707914321493,26.562495888498777,26.668466567993164,128336800.0
2015-12-08,AAPL,26.497107776880153,26.740614633024812,26.348299178252695,26.65719223022461,137238000.0
2015-12-09,AAPL,26.524170254171413,26.53544439107156,25.946970224872715,26.068723678588867,185445600.0
2015-12-10,AAPL,26.163413887345484,26.36633626096692,26.043915634043792,26.192724227905273,116850800.0
2015-12-11,AAPL,25.971768736620955,26.01686183825899,25.44417050245979,25.51857566833496,187544800.0
2015-12-14,AAPL,25.293103113314466,25.405837571526742,24.75423254067508,25.36074447631836,257274800.0
2015-12-15,AAPL,25.238988808416057,25.432892196896464,24.880492368712535,24.91205787658691,213292400.0
2015-12-16,AAPL,25.042840027704788,25.250271080500156,24.531026190017453,25.103715896606445,224954000.0
2015-12-17,AAPL,25.257029741860972,25.3088883546166,24.571605682373047,24.571605682373047,179091200.0
2015-12-18,AAPL,24.555824854816795,24.693359335575057,23.856869714176423,23.90647315979004,385813200.0
2015-12-21,AAPL,24.18830891790171,24.208602018100272,23.802757216044903,24.199583053588867,190362400.0
2015-12-22,AAPL,24.215359862968743,24.287509841144875,24.001163378870952,24.177030563354492,131157600.0
2015-12-23,AAPL,24.186049021736263,24.54229030947934,24.17026626697252,24.488178253173828,130629600.0
2015-12-24,AAPL,24.576111739027382,24.576111739027382,24.33936869016207,24.357406616210938,54281600.0
2015-12-28,AAPL,24.25820507239708,24.28075334500743,23.94029472685302,24.0845947265625,106816800.0
2015-12-29,AAPL,24.116159728534203,24.67306833434961,24.09361317659744,24.517494201660156,123724800.0
2015-12-30,AAPL,24.48141993698703,24.50847511109567,24.16576305091705,24.197328567504883,100855200.0
2015-12-31,AAPL,24.1274331402526,24.131941762427935,23.63365558276081,23.73286247253418,163649200.0
2016-01-04,AAPL,23.13536470843741,23.757659374044465,22.997828537412097,23.753149032592773,270597600.0
2016-01-05,AAPL,23.843336986407703,23.865883533136746,23.090271660472062,23.15791130065918,223164000.0
2016-01-06,AAPL,22.67315784168351,23.08125782495581,22.517585430560796,22.704723358154297,273829600.0
2016-01-07,AAPL,22.2492696837878,22.576198879595857,21.741964691553253,21.74647331237793,324377600.0
2016-01-08,AAPL,22.21996579516317,22.346227857182512,21.8163761667038,21.861469268798828,283192000.0
2016-01-11,AAPL,22.314664816099555,22.334956198234902,21.947149284524944,22.21545791625977,198957600.0
2016-01-12,AAPL,22.670901786095747,22.70246729894013,22.285348398855252,22.53787422180176,196616800.0
2016-01-13,AAPL,22.619043858925934,22.81520245484089,21.93812842101598,21.958419799804688,249758400.0
2016-01-14,AAPL,22.0869325599188,22.655115133793224,21.58639134204552,22.438663482666016,252680400.0
2016-01-15,AAPL,21.690115035537954,22.030573674599744,21.50072191936061,21.89980125427246,319335600.0
2016-01-19,AAPL,22.18839379079983,22.242505841527446,21.53227850998704,21.7938232421875,212350800.0
2016-01-20,AAPL,21.442092378604062,22.13879218491175,21.063304551920083,21.82313537597656,289337600.0
2016-01-21,AAPL,21.884016915860396,22.06890139601609,21.40602381702413,21.712661743164062,208646000.0
2016-01-22,AAPL,22.237995587774115,22.876072947450872,22.179374916002143,22.867053985595703,263202000.0
2016-01-25,AAPL,22.889605485347495,22.891860656347266,22.36877279684545,22.420631408691406,207178000.0
2016-01-26,AAPL,22.53110818860021,22.74530296448651,22.111735879436683,22.54463577270508,300308000.0
2016-01-27,AAPL,21.654036018190727,21.78706185981396,21.045268881413524,21.06330680847168,533478800.0
2016-01-28,AAPL,21.1467310808786,21.31132243592467,20.83107423588885,21.214370727539062,222715200.0
2016-01-29,AAPL,21.37220070584501,21.947145462036133,21.27299382328388,21.947145462036133,257666000.0
2016-02-01,AAPL,21.75098330190465,21.805095351881732,21.509731667192636,21.74196434020996,163774000.0
2016-02-02,AAPL,21.51424677193742,21.654038140049035,21.257212306842064,21.30230712890625,149428800.0
2016-02-03,AAPL,21.41954953789307,21.83441156640875,21.212118523635223,21.72393226623535,183857200.0
2016-02-04,AAPL,21.730731401623157,22.06396947259922,21.57884792409105,21.898483276367188,185886800.0
2016-02-05,AAPL,21.880346722156467,21.971024015774574,21.238808631526364,21.313615798950195,185672400.0
2016-02-08,AAPL,21.11186118527786,21.69446054534972,21.09145970080707,21.53804397583008,216085600.0
2016-02-09,AAPL,21.37482622276702,21.748869022008886,21.293216821858767,21.533510208129883,177324800.0
2016-02-10,AAPL,21.74433354408901,21.841811340568256,21.33175346517059,21.370290756225582,169374400.0
2016-02-11,AAPL,21.26147872949399,21.472302714075532,20.989446833197302,21.24107551574707,200298800.0
2016-02-12,AAPL,21.352155614340887,21.42242969799724,21.084658539407094,21.30681610107422,161405600.0
2016-02-16,AAPL,21.540308544485956,21.95515600260538,21.44736557080993,21.907550811767575,196231600.0
2016-02-17,AAPL,21.91434849946307,22.263454917085824,21.796469241466266,22.243053436279297,179452800.0
2016-02-18,AAPL,22.40627425792121,22.417609568857365,21.78287020599631,21.821409225463867,156084000.0
2016-02-19,AAPL,21.7624736905448,21.934760424862233,21.717135895499908,21.771541595458984,141496800.0
2016-02-22,AAPL,21.83274333951188,21.9664927478139,21.744333446534984,21.961957931518555,137123200.0
2016-02-23,AAPL,21.853139717995155,21.87580860380392,21.43375927719513,21.465496063232425,127770400.0
2016-02-24,AAPL,21.304552307396584,21.848612678525644,21.154934494668073,21.785139083862305,145022800.0
2016-02-25,AAPL,21.773803941943285,21.934755325317383,21.59244934487425,21.934755325317383,110330800.0
2016-02-26,AAPL,22.034494979329367,22.220382630830805,21.89394683400225,21.9687557220459,115964400.0
2016-02-29,AAPL,21.957421562465143,22.26799071029583,21.909816375634232,21.91888427734375,140865200.0
2016-03-01,AAPL,22.13651325835009,22.84379244112926,22.084373245235227,22.789386749267575,201628400.0
2016-03-02,AAPL,22.78485440767674,22.870996900069787,22.58763139012787,22.83926010131836,132678400.0
2016-03-03,AAPL,22.800718872162474,23.05688062631293,22.771247757318044,23.009275436401367,147822800.0
2016-03-04,AAPL,23.206504281198356,23.519339206569647,22.97981185511094,23.351587295532227,184220400.0
2016-03-07,AAPL,23.21104186000447,23.31078710023168,22.88687155879232,23.093162536621097,143315600.0
2016-03-08,AAPL,22.84605213871981,23.06821137725737,22.7599096782186,22.90272521972656,126247600.0
2016-03-09,AAPL,22.96620422577282,23.027412136271312,22.73044394547889,22.923133850097656,108806800.0
2016-03-10,AAPL,22.988872819419413,23.17702616182926,22.70323996451378,22.934465408325195,134054400.0
2016-03-11,AAPL,23.177027607735916,23.186095510150658,23.009275736877065,23.181562423706055,109632800.0
2016-03-14,AAPL,23.102220646937305,23.32891302076485,23.072749531443367,23.240501403808594,100304400.0
2016-03-15,AAPL,23.566942910499492,23.843507929470757,23.542006606852844,23.70749282836914,160270800.0
2016-03-16,AAPL,23.714285111039615,24.09966138561468,23.709750295842124,24.02258682250977,153214000.0
2016-03-17,AAPL,23.92057924604393,24.13593804538442,23.793632066323628,23.984054565429688,137682800.0
2016-03-18,AAPL,24.10646947382068,24.1427410887273,23.845774592163977,24.011259078979492,176820800.0
2016-03-21,AAPL,24.01352242043917,24.40343356702225,23.834435243600403,24.008989334106445,142010800.0
2016-03-22,AAPL,23.85937361041647,24.32182628508781,23.850305707439503,24.192611694335938,129777600.0
2016-03-23,AAPL,24.138206406139545,24.271954085834217,24.006724405082437,24.058862686157227,102814000.0
2016-03-24,AAPL,23.90924443237095,24.08606420344629,23.777762443280135,23.95458221435547,104532000.0
2016-03-28,AAPL,24.029390140202725,24.072462242015384,23.81629876853014,23.84576988220215,77645600.0
2016-03-29,AAPL,23.77775881609776,24.435166931741907,23.77549140848676,24.41023063659668,124760400.0
2016-03-30,AAPL,24.63012897251382,25.031373749204025,24.618793660995017,24.83641815185547,182404400.0
2016-03-31,AAPL,24.8726852755449,24.913489968311293,24.682262799459924,24.707199096679688,103553600.0
2016-04-01,AAPL,24.65959187181797,24.93615679665031,24.5281099027132,24.93388938903809,103496000.0
2016-04-04,AAPL,25.031375842310005,25.43262238207788,24.997371634435904,25.190061569213867,149424800.0
2016-04-05,AAPL,24.825086423517217,25.10165144177989,24.80468320716503,24.89309310913086,106314800.0
2016-04-06,AAPL,24.988303135262203,25.158322429290177,24.75480851866221,25.15378761291504,105616400.0
2016-04-07,AAPL,24.924823690304834,25.03136937366459,24.509977995928587,24.605188369750977,127207600.0
2016-04-08,AAPL,24.689067885533632,24.884021740771797,24.52131427941791,24.632394790649418,94326800.0
2016-04-11,AAPL,24.702670934395165,25.07444632946965,24.670934136976054,24.71400451660156,117630000.0
2016-04-12,AAPL,24.786546624674372,25.04951064350252,24.632397450289883,25.03590965270996,108929200.0
2016-04-13,AAPL,25.117516811834165,25.46662156083389,25.117516811834165,25.39861488342285,133029200.0
2016-04-14,AAPL,25.30340101114977,25.477953361600637,25.2376600213753,25.412212371826172,101895600.0
2016-04-15,AAPL,25.414484023705413,25.457556131325564,24.874956757233623,24.902158737182617,187756000.0
2016-04-18,AAPL,24.6845379148746,24.698138906868433,24.24248837981555,24.36490249633789,243286000.0
2016-04-19,AAPL,24.455573599366662,24.48277730789355,24.081532551894348,24.23568344116211,129539600.0
2016-04-20,AAPL,24.174477998718213,24.50318129508087,24.04299598836283,24.28555679321289,122444000.0
2016-04-21,AAPL,24.240211254807768,24.240211254807768,23.920574234869132,24.02258682250977,126210000.0
2016-04-22,AAPL,23.804962786517727,24.13820079854611,23.716552913472476,23.956846237182617,134732400.0
2016-04-25,AAPL,23.802705026179392,23.95005545081808,23.691626220324498,23.82084083557129,112126400.0
2016-04-26,AAPL,23.5556043600705,23.87070660748999,23.5556043600705,23.65534782409668,224064800.0
2016-04-27,AAPL,21.76247250411283,22.37680875996707,21.68993099828016,22.175052642822266,458408400.0
2016-04-28,AAPL,22.12744464302586,22.18865082821075,21.365758063359937,21.49724006652832,328970800.0
2016-04-29,AAPL,21.306818058140756,21.472304270094504,20.971314276778763,21.250144958496097,274126000.0
2016-05-02,AAPL,21.30228885494852,21.327225161700568,20.94638179347284,21.227479934692383,192640400.0
2016-05-03,AAPL,21.354420761938123,21.70352722254671,21.236541489426717,21.576580047607425,227325200.0
2016-05-04,AAPL,21.58111374246276,21.739799445136008,21.268278882746426,21.352155685424805,164102000.0
2016-05-05,AAPL,21.438821402530515,21.454786412696137,21.137765682224863,21.265485763549805,143562000.0
2016-05-06,AAPL,21.29513624976754,21.31338073272175,20.9484649728036,21.146888732910156,174799600.0
2016-05-09,AAPL,21.210752093520146,21.38636723232578,21.117241490999312,21.162857055664062,131745600.0
2016-05-10,AAPL,21.286019555535972,21.340756501011796,21.007770660945,21.30654525756836,134747200.0
2016-05-11,AAPL,21.320229748069956,21.3407554490906,21.08759469616645,21.0989990234375,114876400.0
2016-05-12,AAPL,21.146886333388476,21.16057012906534,20.405650573264623,20.60407257080078,305258800.0
2016-05-13,AAPL,20.526529383073413,20.907410121790463,20.526529383073413,20.64512634277344,177571200.0
2016-05-16,AAPL,21.07162183493153,21.527766915008076,20.90284864251872,21.411449432373047,245039200.0
2016-05-17,AAPL,21.56426600852928,21.59847550804325,21.213033979719818,21.322507858276367,187667600.0
2016-05-18,AAPL,21.47531593503823,21.714791110788138,21.41373536123413,21.56654357910156,168249600.0
2016-05-19,AAPL,21.58478852575027,21.58478852575027,21.340750938214907,21.48443603515625,121768400.0
2016-05-20,AAPL,21.5847928095108,21.764970389719515,21.55742346844729,21.71707534790039,128104000.0
2016-05-23,AAPL,21.865321886590717,22.1663776641088,21.8197063202662,21.9930419921875,152074400.0
2016-05-24,AAPL,22.173214878155196,22.371636894552335,22.08654619048236,22.328304290771484,140560800.0
2016-05-25,AAPL,22.50391682241311,22.747954367555277,22.37619675843003,22.7205867767334,152675200.0
2016-05-26,AAPL,22.734274533280352,22.97375143502957,22.497078844515553,22.900768280029297,225324800.0
2016-05-27,AAPL,22.679530350421032,22.91444475108916,22.63619601785134,22.887075424194336,145364800.0
2016-05-31,AAPL,22.716032130013996,22.898490918229353,22.5381357685348,22.775331497192383,169228800.0
2016-06-01,AAPL,22.58375000198343,22.702348738474537,22.426381077872996,22.456029891967773,116693200.0
2016-06-02,AAPL,22.25988499558797,22.314621931348405,22.03865429931745,22.287254333496097,160766400.0
2016-06-03,AAPL,22.303221669284163,22.412695552210707,22.225676073826538,22.33287048339844,114019600.0
2016-06-06,AAPL,22.3488342385744,23.23831775252681,22.24848347488571,22.494800567626953,93170000.0
2016-06-07,AAPL,22.63620721418083,22.777612862996868,22.570065946511516,22.586030960083008,89638000.0
2016-06-08,AAPL,22.58375428670913,22.70691373332906,22.50621041664639,22.565509796142575,83392400.0
2016-06-09,AAPL,22.465152214648977,22.8049799182945,22.456029101389618,22.727436065673828,106405600.0
2016-06-10,AAPL,22.47199043461949,22.6590098756707,22.4605878499545,22.54041290283203,126851600.0
2016-06-13,AAPL,22.50848379096015,22.60655507133025,22.145847478873232,22.200584411621097,152082000.0
2016-06-14,AAPL,22.196022935848493,22.460587958152097,22.06602163766294,22.22795295715332,127727600.0
2016-06-15,AAPL,22.31005767157862,22.444621386336923,22.12988014100204,22.15496826171875,117780800.0
2016-06-16,AAPL,21.9976061680939,22.294101306038115,21.910939188413938,22.24848747253418,125307200.0
2016-06-17,AAPL,22.03637078578012,22.043212683988724,21.735315084213276,21.742156982421875,244032800.0
2016-06-20,AAPL,21.894966741535285,22.024968036960924,21.673736070008783,21.689701080322266,137647600.0
2016-06-21,AAPL,21.65321425041519,21.974795727174183,21.59391488432513,21.87444496154785,142185600.0
2016-06-22,AAPL,21.9519856187315,22.097951929355492,21.74671995064911,21.792335510253903,116876400.0
2016-06-23,AAPL,21.881281588943867,21.96110663556737,21.72391096841788,21.91777229309082,128960800.0
2016-06-24,AAPL,21.190227783979644,21.58935486567502,21.13092841605494,21.301982879638672,301245600.0
2016-06-27,AAPL,21.210751701755335,21.22215602772485,20.868642803339924,20.991802215576172,181958400.0
2016-06-28,AAPL,21.187948900015844,21.36128459605314,21.01461320397855,21.345317840576172,161779600.0
2016-06-29,AAPL,21.43198090475795,21.564263420522675,21.35443532170232,21.530052185058594,146124000.0
2016-06-30,AAPL,21.539178128823707,21.842513381675214,21.50724810220776,21.803741455078125,143345600.0
2016-07-01,AAPL,21.778651291589384,22.00216319705296,21.74216058175079,21.86988067626953,104106000.0
2016-07-05,AAPL,21.755846933839567,21.75812814723965,21.543739329087614,21.66461753845215,110820800.0
2016-07-06,AAPL,21.57566556484717,21.817423681146657,21.523209846255547,21.78777313232422,123796400.0
2016-07-07,AAPL,21.82654033189284,22.008999051136826,21.808295852012687,21.88127899169922,100558400.0
2016-07-08,AAPL,22.006716400971698,22.09794575463384,21.906365677993016,22.050050735473633,115648400.0
2016-07-11,AAPL,22.066021317894865,22.27128698049106,22.061460632084117,22.118478775024418,95179600.0
2016-07-12,AAPL,22.161815769108287,22.282693977670235,22.15041318229556,22.218833923339844,96670000.0
2016-07-13,AAPL,22.21655082028219,22.275848438154696,22.086547779420336,22.09339141845703,103568800.0
2016-07-14,AAPL,22.211984338387477,22.576900051205513,22.19601933032842,22.531286239624023,155676000.0
2016-07-15,AAPL,22.560940796966456,22.647609497152324,22.465150724182323,22.52901077270508,120548000.0
2016-07-18,AAPL,22.510766666065777,22.836910578907997,22.48795975231194,22.768489837646484,145975600.0
2016-07-19,AAPL,22.706907090842087,22.80725958985531,22.656730841335474,22.777610778808594,95119600.0
2016-07-20,AAPL,22.80726268602469,22.91217588557368,22.74796331582533,22.798139572143555,105104000.0
2016-07-21,AAPL,22.76849266629292,23.03533724448185,22.60884077006973,22.677263259887695,130808000.0
2016-07-22,AAPL,22.638491187953864,22.647614302543698,22.42182113157176,22.50164794921875,113254800.0
2016-07-25,AAPL,22.408131297542635,22.542693286392737,22.104794344298405,22.200584411621097,161531600.0
2016-07-26,AAPL,22.081990323216484,22.344274176203317,21.990760929996377,22.047779083251953,224959200.0
2016-07-27,AAPL,23.78113549247539,23.79938172288883,23.43446581490162,23.480079650878903,369379200.0
2016-07-28,AAPL,23.45270597053906,23.822182470398783,23.450424757314188,23.797094345092773,159479200.0
2016-07-29,AAPL,23.76288583136153,23.84499211029952,23.64656831285671,23.767446517944336,110934800.0
2016-08-01,AAPL,23.813060539248017,24.20990636833348,23.813060539248017,24.18709945678711,152671600.0
2016-08-02,AAPL,24.187104977786355,24.191665665114336,23.719555354110724,23.829030990600582,135266400.0
2016-08-03,AAPL,23.90429185885431,24.139206389987773,23.895168744822634,24.12780380249023,120810400.0
2016-08-04,AAPL,24.2103520883292,24.306661080281017,24.14155895151668,24.276851654052734,109634800.0
2016-08-05,AAPL,24.368569912754236,24.685016196080177,24.34793302444092,24.646034240722656,162213600.0
2016-08-08,AAPL,24.65520346630543,24.850116729736328,24.572654168788223,24.850116729736328,112148800.0
2016-08-09,AAPL,24.818016197928273,24.98082473744984,24.76756813648853,24.951013565063477,105260800.0
2016-08-10,AAPL,24.92808642374439,24.971655527966504,24.710244401598175,24.765277862548828,96034000.0
2016-08-11,AAPL,24.88451656835029,24.978533737890043,24.73088054686457,24.74922561645508,109938000.0
2016-08-12,AAPL,24.714823586716197,24.86616775316977,24.714823586716197,24.806547164916992,74641600.0
2016-08-15,AAPL,24.797376746684105,25.118408423021204,24.78361882109942,25.104650497436523,103472800.0
2016-08-16,AAPL,25.13905120288375,25.276637488902303,25.0427422022566,25.081724166870117,135177600.0
2016-08-17,AAPL,25.017512992462944,25.079427158262995,24.843238349169017,25.04503059387207,101424000.0
2016-08-18,AAPL,25.04733030390077,25.132173200780876,24.999174052261015,25.0129337310791,87938800.0
2016-08-19,AAPL,24.941844288290355,25.1528090954496,24.847828865633428,25.077136993408203,101472400.0
2016-08-22,AAPL,24.962480616661068,25.017514072372965,24.730878939212225,24.88222312927246,103280800.0
2016-08-23,AAPL,24.900563506780394,25.067959174544544,24.886805581848098,24.96018409729004,85030800.0
2016-08-24,AAPL,24.895982355647007,24.937257886956427,24.69189827013991,24.77215576171875,94700400.0
2016-08-25,AAPL,24.625401938248206,24.73776244120739,24.462593362679737,24.666677474975582,100344800.0
2016-08-26,AAPL,24.62998234039623,24.753807167208667,24.377742046380902,24.522207260131836,111065200.0
2016-08-29,AAPL,24.448834734835717,24.636867341334742,24.37316262808455,24.49469566345215,99881200.0
2016-08-30,AAPL,24.260796872456613,24.421311837322307,24.192003744953084,24.306657791137695,99455600.0
2016-08-31,AAPL,24.228697365586857,24.437366849936303,24.224110223369593,24.329591751098633,118649600.0
2016-09-01,AAPL,24.338757853910355,24.490102016404677,24.219518430005913,24.474050521850582,106806000.0
2016-09-02,AAPL,24.69648079890837,24.765273926274116,24.494690307841104,24.70336151123047,107210000.0
2016-09-06,AAPL,24.742342463574488,24.834066046515076,24.65291245131492,24.69647979736328,107521600.0
2016-09-07,AAPL,24.726292990221214,24.939549594471305,24.55201834332775,24.84782600402832,169457200.0
2016-09-08,AAPL,24.593296152867563,24.59788154554817,24.13238633651127,24.196592330932617,212008000.0
2016-09-09,AAPL,23.994798105717138,24.2424512597798,23.648542404174805,23.648542404174805,186228000.0
2016-09-12,AAPL,23.538479477815557,24.2424553544774,23.510961872888977,24.17824935913086,181171200.0
2016-09-13,AAPL,24.652918398875045,24.946432535510255,24.59100422192347,24.753812789916992,248704800.0
2016-09-14,AAPL,24.93267135538019,25.918695170200444,24.902860181668384,25.6297664642334,443554800.0
2016-09-15,AAPL,26.109020142677068,26.53782691516652,26.02417551671913,26.501136779785156,359934400.0
2016-09-16,AAPL,26.39794969158785,26.629549618135165,26.150296518179193,26.352087020874023,319547600.0
2016-09-19,AAPL,26.414001253586537,26.64101578835884,25.969142968725123,26.04481506347656,188092000.0
2016-09-20,AAPL,25.92328677817329,26.168646426052177,25.799460168568665,26.042526245117188,138057200.0
2016-09-21,AAPL,26.106726636746156,26.13882963054368,25.783403127933372,26.037935256958008,144012800.0
2016-09-22,AAPL,26.22138051190567,26.35667319871073,26.141123027944335,26.283294677734375,124296000.0
2016-09-23,AAPL,26.23743644977777,26.322281089744948,25.579323220417336,25.845319747924805,209924800.0
2016-09-26,AAPL,25.599958649955084,26.001247864236245,25.579321758686337,25.884300231933594,119477600.0
2016-09-27,AAPL,25.9118219829923,25.95309752161707,25.760477758207333,25.932458877563477,98429600.0
2016-09-28,AAPL,26.070040800957965,26.287882815819597,26.010420199723853,26.12965965270996,118564400.0
2016-09-29,AAPL,25.948500435464,26.095257451225304,25.63664133960083,25.723777770996097,143548000.0
2016-09-30,AAPL,25.787988030806847,25.99665923601324,25.63664559855904,25.923280715942383,145516400.0
2016-10-03,AAPL,25.845315466780058,25.92328112968327,25.74671291484719,25.801746368408203,86807200.0
2016-10-04,AAPL,25.92557929474263,26.21221448683728,25.826976718682772,25.911821365356445,118947200.0
2016-10-05,AAPL,26.003538198913336,26.06315879318401,25.840729662177427,25.923280715942383,85812400.0
2016-10-06,AAPL,26.072330939719812,26.219087987529836,25.941625389342697,26.11590003967285,115117200.0
2016-10-07,AAPL,26.212215193039594,26.269542233003012,26.028769714846103,26.154888153076172,97433600.0
2016-10-10,AAPL,26.375015348597262,26.771719108151743,26.30622397231254,26.611204147338867,144944000.0
2016-10-11,AAPL,26.98956134246819,27.21657760992724,26.64559920938925,26.66853141784668,256164000.0
2016-10-12,AAPL,26.909308417932255,27.053773657956462,26.771723891299526,26.90701484680176,150347200.0
2016-10-13,AAPL,26.780891886593427,26.92994249413023,26.53553230168768,26.824460983276367,140769600.0
2016-10-14,AAPL,27.030843500478504,27.097343072460703,26.858862391743187,26.9735164642334,142608800.0
2016-10-17,AAPL,26.904717804847675,27.021663667579364,26.77859765937409,26.95516586303711,94499600.0
2016-10-18,AAPL,27.099627595174393,27.106506557309743,26.93223193546004,26.93681907653809,98214000.0
2016-10-19,AAPL,26.886376808308796,27.00332443822551,26.09526450180172,26.8565673828125,80138400.0
2016-10-20,AAPL,26.796950654085677,26.91619012278123,26.675417614026067,26.842811584472656,96503200.0
2016-10-21,AAPL,26.785478251419725,26.80841046070586,26.66394523992373,26.737323760986328,92770800.0
2016-10-24,AAPL,26.851979661155024,26.998736713400326,26.82904919976958,26.978099822998047,94154800.0
2016-10-25,AAPL,27.046889472701864,27.14090663267976,26.90013242986774,27.11568260192871,192516000.0
2016-10-26,AAPL,26.21220418971657,26.53094225815516,25.982896126121517,26.505718231201172,264536800.0
2016-10-27,AAPL,26.45986155444408,26.567636641505395,26.16405389511046,26.251192092895508,138248000.0
2016-10-28,AAPL,26.11131039379463,26.418582365879132,26.014999675404184,26.076913833618164,151446800.0
2016-10-31,AAPL,26.060870473969867,26.19386961511233,25.95768076122874,26.035646438598633,105677600.0
2016-11-01,AAPL,26.017292738630605,26.08837767865594,25.345420040947253,25.56555557250977,175303200.0
2016-11-02,AAPL,25.544918375778984,25.762760334196265,25.505936425238065,25.58848571777344,113326800.0
2016-11-03,AAPL,25.579273297456805,25.689905316964364,25.249679068630783,25.3142147064209,107730400.0
2016-11-04,AAPL,25.014582948234988,25.411018161450443,24.91777949155612,25.08603286743164,123348000.0
2016-11-07,AAPL,25.371842049045977,25.470950875740083,25.22894041846282,25.44790267944336,130240000.0
2016-11-08,AAPL,25.424847488786884,25.749832792577863,25.284251234326657,25.59771156311035,97016800.0
2016-11-09,AAPL,25.325733713740757,25.65763323403363,24.903946791576512,25.55621910095215,236705600.0
2016-11-10,AAPL,25.604625520516883,25.604625520516883,24.392273427373706,24.844024658203125,228538000.0
2016-11-11,AAPL,24.689601721187557,25.092951253527417,24.558225086706862,24.99153709411621,136575600.0
2016-11-14,AAPL,24.82558534465877,24.84863353586414,23.988923870500464,24.364614486694336,204702000.0
2016-11-15,AAPL,24.56283546132786,24.818674463224404,24.468337336900625,24.68729782104492,129058000.0
2016-11-16,AAPL,24.592794126175125,25.406409152941595,24.569745935384784,25.351091384887695,235362000.0
2016-11-17,AAPL,25.309605348348004,25.434067695708052,25.08373060416685,25.341873168945312,110528000.0
2016-11-18,AAPL,25.2888576425902,25.477855594820124,25.27502908169611,25.36722183227539,113715600.0
2016-11-21,AAPL,25.381058330811054,25.81206499593885,25.35570479069008,25.752140045166016,117058400.0
2016-11-22,AAPL,25.802843808466104,25.911172244537415,25.67607787398223,25.768272399902344,103862000.0
2016-11-23,AAPL,25.6668528786886,25.701426038487547,25.429453211047218,25.636890411376953,109705600.0
2016-11-25,AAPL,25.613847083720533,25.78440758053936,25.57235963293547,25.765968322753903,45903600.0
2016-11-28,AAPL,25.682984112410523,25.922689101347338,25.67376448685944,25.715251922607425,108776000.0
2016-11-29,AAPL,25.533175007853924,25.821281788062535,25.369530567711134,25.689905166625977,114115200.0
2016-11-30,AAPL,25.722170274626517,25.860461162860155,25.415624270758183,25.47324562072754,144649200.0
2016-12-01,AAPL,25.43867576277433,25.570052378346286,25.1298243937763,25.23584747314453,148347600.0
2016-12-02,AAPL,25.16209193713356,25.374138093561744,25.088336675834014,25.330347061157227,106112000.0
2016-12-05,AAPL,25.353397734158637,25.360312015822757,24.95004822475157,25.148265838623047,137298000.0
2016-12-06,AAPL,25.23815542537744,25.436373042454814,25.166705502406877,25.341873168945312,104782000.0
2016-12-07,AAPL,25.182840857302892,25.627677847871382,25.159792663906146,25.59079933166504,119994800.0
2016-12-08,AAPL,25.551615523052224,25.91347758648894,25.49168881744554,25.84202766418457,108273200.0
2016-12-09,AAPL,25.885818948944532,26.436679004446273,25.885818948944532,26.26381492614746,137610400.0
2016-12-12,AAPL,26.111694973729435,26.505824854021338,25.92730592353313,26.11400032043457,105497600.0
2016-12-13,AAPL,26.23845725394427,26.717867310935716,26.21771441187894,26.54961395263672,174935200.0
2016-12-14,AAPL,26.51504079073044,26.78240294197994,26.501212229353552,26.54961395263672,136127200.0
2016-12-15,AAPL,26.59340245964421,26.90455912881031,26.55883105948255,26.69481658935547,186098000.0
2016-12-16,AAPL,26.844639540335297,26.85155382219702,26.65564154943609,26.72939682006836,177404400.0
2016-12-19,AAPL,26.690218349788257,27.05438405896238,26.678693372807253,26.883825302124023,111117600.0
2016-12-20,AAPL,26.906867133228,27.08203654281105,26.893038570893403,26.95526885986328,85700000.0
2016-12-21,AAPL,26.92070591337739,27.058996855571387,26.916095218840905,26.98063087463379,95132800.0
2016-12-22,AAPL,26.816980648070743,26.853859162610323,26.653336196346185,26.803152084350582,104343600.0
2016-12-23,AAPL,26.641811492731268,26.856163024902344,26.641811492731268,26.856163024902344,56998000.0
2016-12-27,AAPL,26.85616336574068,27.151186213418192,26.84924908372231,27.026723861694336,73187600.0
2016-12-28,AAPL,27.08664953465647,27.20189226061112,26.782408808474777,26.911481857299805,83623600.0
2016-12-29,AAPL,26.84002460619699,26.992145816977864,26.828501391069523,26.90456199645996,60158000.0
2016-12-30,AAPL,26.886119876414828,27.01288578009,26.60492743200736,26.69481658935547,122345200.0
2017-01-03,AAPL,26.690214009824704,26.812371008715775,26.45050894700677,26.770883560180664,115127600.0
2017-01-04,AAPL,26.70173320254576,26.85385441040477,26.67868501426944,26.74091529846191,84472400.0
2017-01-05,AAPL,26.717871832030987,26.934528708739055,26.692518292907092,26.876907348632812,88774400.0
2017-01-06,AAPL,26.916085022469183,27.23415600333469,26.84463511040302,27.17653465270996,127007600.0
2017-01-09,AAPL,27.18576142931688,27.526880710513986,27.183457840631203,27.425466537475582,134247600.0
2017-01-10,AAPL,27.37475522048423,27.51535148102723,27.266428539664876,27.453121185302734,97848400.0
2017-01-11,AAPL,27.367837142264168,27.642115343386156,27.335569325480893,27.60062789916992,110354400.0
2017-01-12,AAPL,27.404718252510857,27.496912777124887,27.245682741513264,27.485387802124023,108344800.0
2017-01-13,AAPL,27.453118925170525,27.57066698348872,27.38397259475647,27.43698501586914,104447600.0
2017-01-17,AAPL,27.27563851890833,27.713561084473376,27.247981399238537,27.65824508666992,137759200.0
2017-01-18,AAPL,27.658248263261992,27.773490964358917,27.59140728561009,27.655942916870117,94852000.0
2017-01-19,AAPL,27.51996391939094,27.678997688976057,27.513049637034783,27.60754776000977,102389200.0
2017-01-20,AAPL,27.761962802359385,27.761962802359385,27.596014808949015,27.65824508666992,130391600.0
2017-01-23,AAPL,27.658249892656045,27.84494251672294,27.60523747330422,27.67668914794922,88200800.0
2017-01-24,AAPL,27.554535114294993,27.681301051487395,27.54301013888461,27.651338577270508,92844000.0
2017-01-25,AAPL,27.75505753895834,28.14227316630126,27.7227897165518,28.09156608581543,129510400.0
2017-01-26,AAPL,28.04316040840509,28.220635165146643,28.02702649947078,28.105392456054688,105350400.0
2017-01-27,AAPL,28.151487415808234,28.19988914016885,28.02702508525347,28.107694625854492,82251600.0
2017-01-30,AAPL,27.87260217676784,28.0339412689209,27.810371886498583,28.0339412689209,121510000.0
2017-01-31,AAPL,27.923315458673883,27.978631479928847,27.801158439106224,27.969411849975582,196804000.0
2017-02-01,AAPL,29.27856213257431,30.076043219912517,29.273953197975487,29.67499732971191,447940000.0
2017-02-02,AAPL,29.49753023916697,29.82251382661159,29.4514320916278,29.624296188354492,134841600.0
2017-02-03,AAPL,29.57358571546973,29.77641402446415,29.539014306858704,29.751060485839844,98029200.0
2017-02-06,AAPL,29.762584945408168,30.078348861680695,29.70957076388482,30.029945373535156,107383600.0
2017-02-07,AAPL,30.08756637376908,30.444819492337015,30.06682352920845,30.31574821472168,152735200.0
2017-02-08,AAPL,30.274260408145697,30.474781592063973,30.244296179034855,30.433292388916016,92016400.0
2017-02-09,AAPL,30.474967338846795,30.660155853876027,30.352280698227577,30.65321159362793,113399600.0
2017-02-10,AAPL,30.662461058366784,30.77357271137796,30.56755149558552,30.58375358581543,80262000.0
2017-02-13,AAPL,30.80598537365048,30.977285329204832,30.729594996126632,30.854595184326172,92141600.0
2017-02-14,AAPL,30.896263918096317,31.271268010618112,30.84533700032468,31.25506591796875,132904800.0
2017-02-15,AAPL,31.37081495665184,31.544428522736045,31.162476558044563,31.368497848510746,142492400.0
2017-02-16,AAPL,31.40553423278166,31.458774733939673,31.21340147483764,31.33146095275879,90338400.0
2017-02-17,AAPL,31.273585333005407,31.44256818013,31.273585333005407,31.417104721069336,88792800.0
2017-02-21,AAPL,31.53516094949759,31.655533987306967,31.4772897721899,31.643959045410156,98028800.0
2017-02-22,AAPL,31.581462967593552,31.741188011357252,31.50738968380831,31.738874435424805,83347600.0
2017-02-23,AAPL,31.801370041393547,31.82451639268836,31.551366135045967,31.60460662841797,83152800.0
2017-02-24,AAPL,31.46108914249746,31.634702682495117,31.315252638602946,31.634702682495117,87106400.0
2017-02-27,AAPL,31.745816030411483,31.81526215650199,31.54673901944627,31.697202682495117,81029600.0
2017-02-28,AAPL,31.731919045809484,31.81525366844975,31.643953740751495,31.71108627319336,93931600.0
2017-03-01,AAPL,31.919425774445003,32.44257993523194,31.85229676427185,32.35924530029297,145658400.0
2017-03-02,AAPL,32.4078644691054,32.472679915469456,32.12082211222392,32.16712188720703,104844000.0
2017-03-03,AAPL,32.125441300977805,32.36850090395948,32.08145864978795,32.35692596435547,84432400.0
2017-03-06,AAPL,32.262025436029056,32.35462144660669,32.0837847384983,32.25508117675781,87000000.0
2017-03-07,AAPL,32.19027219390024,32.403237762691944,32.127770315742424,32.296756744384766,69785200.0
2017-03-08,AAPL,32.164801400243604,32.36156482672111,32.13471078827789,32.17637634277344,74828800.0
2017-03-09,AAPL,32.1161907865679,32.127762196632915,31.724981051170833,32.102298736572266,88623600.0
2017-03-10,AAPL,32.23424947297739,32.2597129352126,32.09304364279613,32.20878601074219,78451200.0
2017-03-13,AAPL,32.14165017302251,32.27590818304316,32.134705914993035,32.2226676940918,69686800.0
2017-03-14,AAPL,32.24582816224242,32.32684570991051,32.139343617203835,32.174068450927734,61236400.0
2017-03-15,AAPL,32.27128361471009,32.5814722721005,32.18331829639664,32.51434326171875,102767200.0
2017-03-16,AAPL,32.57454069683585,32.64398684190326,32.46805613677546,32.567596435546875,76928000.0
2017-03-17,AAPL,32.63934639760594,32.63934639760594,32.38239821021006,32.405548095703125,175540000.0
2017-03-20,AAPL,32.50044240364774,32.75507692334244,32.46109043827225,32.745819091796875,86168000.0
2017-03-21,AAPL,32.896294218172855,33.056019242634676,32.34535944560636,32.37082290649414,158119600.0
2017-03-22,AAPL,32.37314682448221,32.778245176075494,32.35231051051694,32.736576080322266,103440800.0
2017-03-23,AAPL,32.699534503141464,32.773611318563134,32.549070828559536,32.62083053588867,81385200.0
2017-03-24,AAPL,32.75508820239768,32.81064580732806,32.488882184648105,32.55601119995117,89582400.0
2017-03-27,AAPL,32.26665494689288,32.690272407925804,32.08841072366366,32.611568450927734,94300400.0
2017-03-28,AAPL,32.61850413642617,33.343048716972746,32.551371607320455,33.28749465942383,133499200.0
2017-03-29,AAPL,33.25971463421331,33.447220177987944,33.14628941010686,33.361568450927734,116760000.0
2017-03-30,AAPL,33.37778090605331,33.449540601018,33.21805589097636,33.31759262084961,84829200.0
2017-03-31,AAPL,33.26899258647709,33.39630992084985,33.1046368398909,33.255104064941406,78646800.0
2017-04-03,AAPL,33.26666418375753,33.361570216012105,33.11388345060261,33.264347076416016,79942800.0
2017-04-04,AAPL,33.16018901999621,33.53982385248082,33.141669816926616,33.512046813964844,79565600.0
2017-04-05,AAPL,33.38472473228775,33.6717670406043,33.28981515467788,33.33842849731445,110871600.0
2017-04-06,AAPL,33.40093707324348,33.4541811153668,33.206490707389115,33.255104064941406,84596000.0
2017-04-07,AAPL,33.27129007846736,33.375457471805156,33.16480911005119,33.18101119995117,66688800.0
2017-04-10,AAPL,33.24120667710491,33.30602211510173,33.07916454993642,33.141666412353516,75733600.0
2017-04-11,AAPL,33.088419679563074,33.18332924308847,32.42174269191748,32.78517532348633,121517600.0
2017-04-12,AAPL,32.778239130379696,32.90555290594225,32.64166045543581,32.82453536987305,81400000.0
2017-04-13,AAPL,32.84999787087928,32.95879597320454,32.65092086791992,32.65092086791992,71291600.0
2017-04-17,AAPL,32.7504570543777,32.84305306128152,32.6092512345038,32.831478118896484,66328400.0
2017-04-18,AAPL,32.73425558851045,32.880088562393745,32.66480946504497,32.68564224243164,58790000.0
2017-04-19,AAPL,32.8430462719314,32.8708233021722,32.51202135546686,32.56526184082031,69313600.0
2017-04-20,AAPL,32.69028266765016,33.083806108322904,32.67639414525358,32.972694396972656,93278400.0
2017-04-21,AAPL,32.9726863318099,33.028240407807615,32.83611118541318,32.93333435058594,69283600.0
2017-04-24,AAPL,33.21806529516738,33.322232737741146,33.1439884715379,33.25047302246094,68537200.0
2017-04-25,AAPL,33.312962556216775,33.54213013852181,33.30370119060636,33.45648193359375,75486000.0
2017-04-26,AAPL,33.44260624583203,33.472700397345825,33.190288684888785,33.25973129272461,80164800.0
2017-04-27,AAPL,33.31527709371979,33.37083469245871,33.17407128757918,33.28518295288086,56985200.0
2017-04-28,AAPL,33.354627110533805,33.40324044809905,33.16481150729188,33.25277328491211,83441600.0
2017-05-01,AAPL,33.588433880966676,34.074549667815184,33.55602616184344,33.9310302734375,134411600.0
2017-05-02,AAPL,34.15324552682726,34.280562797546935,33.99120696962752,34.14630126953125,181408800.0
2017-05-03,AAPL,33.70185437712131,34.14167739708767,33.39629643023585,34.042137145996094,182788000.0
2017-05-04,AAPL,33.91714290626646,34.06066230551336,33.75278719730906,33.919456481933594,93487600.0
2017-05-05,AAPL,33.972694921289396,34.48659126238202,33.972694921289396,34.481964111328125,109310800.0
2017-05-08,AAPL,34.49817479446022,35.579208240355044,34.49817479446022,35.41948318481445,195009600.0
2017-05-09,AAPL,35.61855122001182,35.85235303785309,35.52132806561127,35.646331787109375,156521600.0
2017-05-10,AAPL,35.56299625541878,35.63475594861067,35.21113851583866,35.47734451293945,103222800.0
2017-05-11,AAPL,35.43550038676426,35.81205584398719,35.40295890742453,35.78416061401367,109020400.0
2017-05-12,AAPL,35.95850184730224,36.35829931525376,35.95152892434139,36.28392028808594,130108000.0
2017-05-15,AAPL,36.26298911169875,36.411750676441315,36.03984853796265,36.19093322753906,104038800.0
2017-05-16,AAPL,36.24672887780986,36.27462056955836,35.963151522512334,36.137481689453125,80194000.0
2017-05-17,AAPL,35.70281313875219,35.928280397547645,34.79862097859771,34.924137115478516,203070800.0
2017-05-18,AAPL,35.16123201100826,35.64238140756955,35.128690523060904,35.45642852783203,134272800.0
2017-05-19,AAPL,35.651675956065326,35.79113793606161,35.477345821003205,35.577293395996094,107843200.0
2017-05-22,AAPL,35.79579923045131,35.93061500381317,35.542440204002865,35.79347610473633,91865600.0
2017-05-23,AAPL,36.00498783317736,36.00498783317736,35.63540874307871,35.749305725097656,79675600.0
2017-05-24,AAPL,35.75858838045589,35.83529404817811,35.4866338567616,35.64236831665039,76712000.0
2017-05-25,AAPL,35.733030108877166,35.87714544126716,35.570322682071584,35.76557159423828,76942400.0
2017-05-26,AAPL,35.79578304725794,35.85156996000762,35.63539877651342,35.70513153076172,87710400.0
2017-05-30,AAPL,35.660975642407706,35.895738971420265,35.64005687528656,35.719085693359375,80507600.0
2017-05-31,AAPL,35.78882259905108,35.835309935832555,35.41924348351713,35.507568359375,97804800.0
2017-06-01,AAPL,35.602863337343535,35.64005461881937,35.382045867058956,35.605186462402344,65616400.0
2017-06-02,AAPL,35.69816195842354,36.1328239440918,35.537777672635315,36.1328239440918,111082800.0
2017-06-05,AAPL,35.87481946024702,35.90038802400569,35.670274496933565,35.779518127441406,101326800.0
2017-06-06,AAPL,35.77255920028326,36.21652100525593,35.74466750045498,35.9004020690918,106499600.0
2017-06-07,AAPL,36.0328791713432,36.25601976709209,35.90735948282311,36.11423110961914,84278400.0
2017-06-08,AAPL,36.08634642269079,36.15375253015387,35.88877080457249,36.02591323852539,85003200.0
2017-06-09,AAPL,36.07240375641242,36.07240375641242,33.94092704275846,34.62894821166992,259530800.0
2017-06-12,AAPL,33.875842847537044,33.957194805868006,33.12505829666229,33.80146026611328,289229200.0
2017-06-13,AAPL,34.20589882874218,34.273304922515116,33.73869178214807,34.07340621948242,136661600.0
2017-06-14,AAPL,34.28492554192561,34.28492554192561,33.43419365691819,33.74101638793945,126124800.0
2017-06-15,AAPL,33.313331736349795,33.5829596774279,33.055322968065674,33.538795471191406,128661600.0
2017-06-16,AAPL,33.420258398147666,33.5876156595691,33.053002382626005,33.06927490234375,201444400.0
2017-06-19,AAPL,33.39235517743325,34.10827131601017,33.39235517743325,34.01529312133789,130165600.0
2017-06-20,AAPL,34.13848894224757,34.13848894224757,33.68988108624399,33.70615005493164,99600400.0
2017-06-21,AAPL,33.82471110851781,33.95255397402295,33.6131895989327,33.906063079833984,85063200.0
2017-06-22,AAPL,33.882810805541595,34.098978500955376,33.73172253920091,33.85026931762695,76425200.0
2017-06-23,AAPL,33.73405317486027,34.205906578441414,33.72940337696723,34.00135803222656,141757600.0
2017-06-26,AAPL,34.20822036352045,34.466229101408445,33.79215400799219,33.89442825317383,102769600.0
2017-06-27,AAPL,33.70615740465239,33.9734658045752,33.3830656179159,33.408634185791016,99047600.0
2017-06-28,AAPL,33.58528241815972,33.96183436956342,33.276136557446506,33.896751403808594,88329600.0
2017-06-29,AAPL,33.63642366295311,33.734048123549286,33.0715921198715,33.39700698852539,125997600.0
2017-06-30,AAPL,33.57598364779478,33.694530410775855,33.420249151153556,33.476036071777344,92096400.0
2017-07-03,AAPL,33.675932135887265,33.77355657927432,33.26218892720882,33.35516357421875,57111200.0
2017-07-05,AAPL,33.399338707560744,33.65502084392385,33.173871390652444,33.492313385009766,86278400.0
2017-07-06,AAPL,33.24359906815151,33.35516937331201,33.10181040141911,33.17618942260742,96515200.0
2017-07-07,AAPL,33.21570617089974,33.64572199856492,33.21570617089974,33.51322937011719,76806800.0
2017-07-10,AAPL,33.496952176350916,33.92464122689524,33.324945178156696,33.717769622802734,84362400.0
2017-07-11,AAPL,33.641062092769815,33.90139747392816,33.55971016789646,33.8270149230957,79127200.0
2017-07-12,AAPL,33.906050232366475,33.97810612559624,33.66199086413815,33.87583541870117,99538000.0
2017-07-13,AAPL,33.82004656011226,34.515043982750065,33.80610071664055,34.347686767578125,100797600.0
2017-07-14,AAPL,34.394174149377314,34.710292940009225,34.24541257418322,34.64288330078125,80528400.0
2017-07-17,AAPL,34.59175611582035,35.07522866447601,34.533646059353856,34.76375961303711,95174000.0
2017-07-18,AAPL,34.68008356170243,34.89625483210221,34.55689051659807,34.8846321105957,71475200.0
2017-07-19,AAPL,34.97760300729341,35.196097379667826,34.854409975508894,35.10312271118164,83692000.0
2017-07-20,AAPL,35.21469607209489,35.27048300607116,34.91019992766541,34.945064544677734,68974800.0
2017-07-21,AAPL,34.86370045647021,34.96829781786278,34.60569174009905,34.92878341674805,105010400.0
2017-07-24,AAPL,35.000842323222585,35.43318119486807,34.84278115834666,35.35182571411133,85972800.0
2017-07-25,AAPL,35.28443146533073,35.75860802558907,35.28443146533073,35.502925872802734,75415600.0
2017-07-26,AAPL,35.6447157004753,35.77952793168282,35.57730603811461,35.670284271240234,63124000.0
2017-07-27,AAPL,35.737677673784596,35.79346459381474,34.23843922218672,34.996192932128906,129905200.0
2017-07-28,AAPL,34.840449325664416,34.91947811497274,34.677741951572344,34.74979782104492,68854800.0
2017-07-31,AAPL,34.842766694275554,34.94271777333475,34.43135030491006,34.5708122253418,79383600.0
2017-08-01,AAPL,34.65683374347769,34.91716562128409,34.49644944491631,34.87765121459961,141474400.0
2017-08-02,AAPL,37.023068004924326,37.132315162695846,36.297855848445586,36.5256462097168,279747200.0
2017-08-03,AAPL,36.50471974858573,36.54191101716612,36.032866612080014,36.16070938110352,108389200.0
2017-08-04,AAPL,36.27694696242737,36.58608933494351,36.18861854356201,36.35132598876953,82239600.0
2017-08-07,AAPL,36.507051883802646,36.939390734188,36.41640036098421,36.913822174072266,87481200.0
2017-08-08,AAPL,36.865019625255286,37.61580052880393,36.78831392847075,37.20903015136719,144823600.0
2017-08-09,AAPL,37.01842788168521,37.485634990292006,36.9835632676502,37.43682098388672,104526000.0
2017-08-10,AAPL,37.31314215481408,37.33647887838671,36.08337444544976,36.244388580322266,163217200.0
2017-08-11,AAPL,36.543083925509904,37.00278965434573,36.41940711122255,36.74843215942383,105028400.0
2017-08-14,AAPL,37.177798729536015,37.38548274068739,37.04478582092473,37.301475524902344,88490800.0
2017-08-15,AAPL,37.49049031278083,37.849852332322016,37.36914576718812,37.709842681884766,117862000.0
2017-08-16,AAPL,37.7891834290691,37.922192780612306,37.37147958675794,37.558162689208984,110686400.0
2017-08-17,AAPL,37.457816875237334,37.50215450585416,36.83242911193449,36.83709716796875,111762400.0
2017-08-18,AAPL,36.83710475668518,37.21980353461372,36.57108247886515,36.75309753417969,109712400.0
2017-08-21,AAPL,36.753095604496394,36.84410312737541,36.19538210568727,36.6854248046875,105474000.0
2017-08-22,AAPL,36.923443139395175,37.33647893460074,36.87444100477661,37.28514099121094,86418400.0
2017-08-23,AAPL,37.11944631274962,37.44613893792068,37.075108693473,37.33179473876953,77596400.0
2017-08-24,AAPL,37.436820658673035,37.5091630807643,36.99811943316736,37.166133880615234,79275600.0
2017-08-25,AAPL,37.25479680434788,37.46714884205031,37.166125105181194,37.303802490234375,101920400.0
2017-08-28,AAPL,37.369152083341085,37.80318883835701,37.320146382960566,37.67951202392578,103864000.0
2017-08-29,AAPL,37.35982341365807,38.06454703614824,37.33648668520588,38.01554489135742,118067600.0
2017-08-30,AAPL,38.22321796533812,38.244218878495545,37.945527355755026,38.11820983886719,109078400.0
2017-08-31,AAPL,38.185878807552115,38.39123055486615,38.14854147882526,38.2698860168457,107140400.0
2017-09-01,AAPL,38.45657756634481,38.48924684600232,38.18355496620326,38.28156280517578,66364400.0
2017-09-05,AAPL,38.21155656380698,38.32823307239875,37.46715986928192,37.82185745239258,117874000.0
2017-09-06,AAPL,37.96885620993931,38.03419474445721,37.457812731566186,37.78217315673828,86606800.0
2017-09-07,AAPL,37.824180362486686,37.85918544283266,37.42048073941826,37.630496978759766,87714000.0
2017-09-08,AAPL,37.537164689075034,37.60483549411663,36.99345175779137,37.016788482666016,114446000.0
2017-09-11,AAPL,37.45316276904599,37.81486069172514,37.31081727279232,37.68651580810547,126323200.0
2017-09-12,AAPL,37.94552666431986,38.2605545986761,37.04945211242638,37.53715896606445,286856000.0
2017-09-13,AAPL,37.306133005604565,37.32713747611398,36.84876324175742,37.25479507446289,179629600.0
2017-09-14,AAPL,37.100794193720326,37.19646621616109,36.89077436046924,36.93511199951172,95042800.0
2017-09-15,AAPL,36.979450719846646,37.562833228128845,36.869774523434856,37.30847930908203,196458400.0
2017-09-18,AAPL,37.362144264850784,37.4531517809566,36.86976935446195,37.02611541748047,113077600.0
2017-09-19,AAPL,37.22212655192404,37.28280059577159,36.97244075516808,37.04011154174805,83242400.0
2017-09-20,AAPL,36.846439776449245,36.93044700457808,35.896694853547,36.41940689086914,211805600.0
2017-09-21,AAPL,36.35639939617449,36.35639939617449,35.64467200890081,35.79401779174805,150046800.0
2017-09-22,AAPL,35.362302403970034,35.53265261117912,35.13361752336297,35.44397735595703,186581600.0
2017-09-25,AAPL,35.00062094298071,35.429989647563616,34.80693750803978,35.13129806518555,177549200.0
2017-09-26,AAPL,35.41830426877896,35.91767935197279,35.39730336151765,35.73566436767578,146640000.0
2017-09-27,AAPL,35.88969211516487,36.10437644790088,35.829018056321864,35.99003219604492,102016800.0
2017-09-28,AAPL,35.91069417080666,36.00170170127656,35.63300352225677,35.768348693847656,88022000.0
2017-09-29,AAPL,35.75200699064002,35.96669127708443,35.46964835479913,35.96435546875,105199200.0
2017-10-02,AAPL,35.997033133613364,36.04137077410554,35.63767107397056,35.892024993896484,74795200.0
2017-10-03,AAPL,35.9386941667219,36.19071583343296,35.91536100318529,36.048370361328125,64921200.0
2017-10-04,AAPL,35.85001515000581,35.9036853319667,35.57699262348722,35.81501007080078,80655200.0
2017-10-05,AAPL,35.97835684276088,36.272383844489624,35.948023379917835,36.26071548461914,85135200.0
2017-10-06,AAPL,36.16272009148967,36.28406466658974,36.0670444926476,36.23972702026367,69630400.0
2017-10-09,AAPL,36.35872616660943,36.57341047456525,36.28405506677792,36.365726470947266,65051600.0
2017-10-10,AAPL,36.41707137670718,36.86977680080634,36.19305447367292,36.37973403930664,62468000.0
2017-10-11,AAPL,36.39606505980196,36.63175029089218,36.34472711866406,36.53141021728515,67622400.0
2017-10-12,AAPL,36.484743517971275,36.7227610178256,36.34006223454997,36.40306854248047,64500400.0
2017-10-13,AAPL,36.57341255359804,36.701757408227174,36.49874144952181,36.63408660888672,65576800.0
2017-10-16,AAPL,36.84643779882987,37.33648053006061,36.78809954800165,37.30847930908203,96486000.0
2017-10-17,AAPL,37.28513761287271,37.539491498003954,37.156792766027294,37.44615173339844,75989200.0
2017-10-18,AAPL,37.43449328816146,37.50216766200701,37.243145651831576,37.280479431152344,65496800.0
2017-10-19,AAPL,36.57808599063519,36.65509291473972,36.17438626186099,36.39840316772461,170336800.0
2017-10-20,AAPL,36.545421578218416,36.81144391479492,36.39374351884984,36.4614143371582,95896400.0
2017-10-23,AAPL,36.61075202418489,36.79743513630446,36.286391496642274,36.4427375793457,87937200.0
2017-10-24,AAPL,36.47074059124317,36.73443063358927,36.449739674777824,36.659759521484375,71028800.0
2017-10-25,AAPL,36.61541381522758,36.764759567229056,36.23271510318111,36.49873733520508,84828400.0
2017-10-26,AAPL,36.69008461231614,36.830097811477216,36.58507649328712,36.73208999633789,68002000.0
2017-10-27,AAPL,37.17078934086736,38.17654353286858,37.03311195677568,38.04819869995117,177816800.0
2017-10-30,AAPL,38.24422780971171,39.21964532323576,38.20455822203345,38.90461730957031,178803200.0
2017-10-31,AAPL,39.17996164736133,39.5883293386976,38.95594479352543,39.44598388671875,144187200.0
2017-11-01,AAPL,39.63966960093643,39.65600601867614,38.64558718728659,38.944278717041016,134551200.0
2017-11-02,AAPL,38.87661919764533,39.31998856430416,38.56859146534219,39.228981018066406,165573600.0
2017-11-03,AAPL,40.60341690726902,40.66408739781304,39.9313592121437,40.253387451171875,237594400.0
2017-11-06,AAPL,40.223049889605925,40.8344370860408,40.07137188492503,40.6617546081543,140105200.0
2017-11-07,AAPL,40.58241463533435,40.895106751078096,40.51007578653969,40.79243087768555,97446000.0
2017-11-08,AAPL,40.75743858759867,41.12613677978515,40.680431665114995,41.12613677978515,97638000.0
2017-11-09,AAPL,40.862446697626574,41.09346746488013,40.40274097211313,41.04212951660156,117930400.0
2017-11-10,AAPL,41.009340776648685,41.07257358563679,40.8126204525574,40.90629577636719,100582000.0
2017-11-13,AAPL,40.6322886986201,40.8664805643182,40.608868082656585,40.74235916137695,67928400.0
2017-11-14,AAPL,40.52455593969533,40.62760092491378,40.088958958034446,40.12643051147461,99130000.0
2017-11-15,AAPL,39.80559095298327,39.88755953383596,39.433226751134306,39.59716033935547,116632400.0
2017-11-16,AAPL,40.088953147786754,40.25054607177867,39.88286678070278,40.070220947265625,94550000.0
2017-11-17,AAPL,40.05617460279103,40.13814318408658,39.7283074245773,39.84774398803711,87598000.0
2017-11-20,AAPL,39.880528895020625,39.943761695620736,39.709569843677855,39.80792999267578,65049600.0
2017-11-21,AAPL,39.99527700388048,40.679116659885615,39.99527700388048,40.547969818115234,100525200.0
2017-11-22,AAPL,40.59949287194697,40.98356730258615,40.526893981625456,40.97420120239258,102355600.0
2017-11-24,AAPL,41.00700095951698,41.100676285189095,40.901611751280086,40.97655487060547,56106800.0
2017-11-27,AAPL,40.99528013355327,41.00230560250214,40.594810536049096,40.77045440673828,82867200.0
2017-11-28,AAPL,40.81964835544334,40.95313587850049,40.24821955509472,40.531593322753906,105715200.0
2017-11-29,AAPL,40.4285405227249,40.49645458741891,39.14751080740588,39.69083404541016,166665600.0
2017-11-30,AAPL,39.9133206954704,40.313790385637134,39.44728113777023,40.24587631225586,166108800.0
2017-12-01,AAPL,39.80091635701964,40.20372674800791,39.46133878543253,40.05852890014648,159037200.0
2017-12-04,AAPL,40.39342166706483,40.42620839317383,39.725976834098994,39.76578903198242,130169600.0
2017-12-05,AAPL,39.592477914690065,40.16859150096301,39.437910419167515,39.728309631347656,109400800.0
2017-12-06,AAPL,39.227136350163626,39.85945365424555,38.98357838933744,39.58076477050781,114240000.0
2017-12-07,AAPL,39.58545225881169,39.9156636594759,39.557350377388154,39.65336990356445,102693200.0
2017-12-08,AAPL,39.92735918295181,40.04679570825937,39.536259326197886,39.665061950683594,93420800.0
2017-12-11,AAPL,39.625262129811176,40.48943066785845,39.52924260925388,40.43790817260742,141095200.0
2017-12-12,AAPL,40.316128576157915,40.372335910833776,40.1545391892479,40.21074295043945,77636800.0
2017-12-13,AAPL,40.39809377631504,40.64165172587985,40.28099785232571,40.34423065185547,95273600.0
2017-12-14,AAPL,40.374676166447735,40.54563880110214,40.199032267393896,40.332523345947266,81906000.0
2017-12-15,AAPL,40.66273478467583,40.789196819819715,40.38873073062717,40.74235916137695,160677200.0
2017-12-18,AAPL,40.95547010132362,41.49879331162822,40.95078526395058,41.316123962402344,117684400.0
2017-12-19,AAPL,40.990598338583446,41.074907545710694,40.77045743255763,40.8758430480957,109745600.0
2017-12-20,AAPL,40.95312560214395,41.08193182784955,40.57373596777827,40.83134841918945,93902400.0
2017-12-21,AAPL,40.78918824012919,41.222444529932275,40.772796671189994,40.98590850830078,83799600.0
2017-12-22,AAPL,40.90862478005833,41.081928010676265,40.86647196837164,40.98590850830078,65397600.0
2017-12-26,AAPL,39.99997290231888,40.15688102950606,39.73767557275851,39.94610977172851,132742000.0
2017-12-27,AAPL,39.83601768214937,39.99526635518979,39.74468304355677,39.9531135559082,85992800.0
2017-12-28,AAPL,40.046796911923664,40.24586136690253,39.92501617804895,40.06553268432617,65920800.0
2017-12-29,AAPL,39.934399405467246,39.95079097845605,39.62994925418604,39.63228988647461,103999600.0
2018-01-02,AAPL,39.85008389872191,40.3512542876815,39.63930910102925,40.34188461303711,102223600.0
2018-01-03,AAPL,40.40512766850166,40.878196300607264,40.271640145539465,40.334869384765625,118071600.0
2018-01-04,AAPL,40.407461500303675,40.6252617858804,40.299735247059225,40.522216796875,89738400.0
2018-01-05,AAPL,40.618238978565536,41.07022757766769,40.526904291139054,40.98357772827149,94640000.0
2018-01-08,AAPL,40.83134841918945,41.12642884886456,40.73298470248056,40.83134841918945,82271200.0
2018-01-09,AAPL,40.878175003186506,40.99761152187234,40.61119652287244,40.82665252685547,86336000.0
2018-01-10,AAPL,40.552660719700334,40.81963927994158,40.515189166880944,40.81729507446289,95839600.0
2018-01-11,AAPL,40.88755560589044,41.09833042205364,40.86413856419507,41.04914855957031,74670800.0
2018-01-12,AAPL,41.25992225875077,41.53627052568865,41.13580085257462,41.47303771972656,101672400.0
2018-01-16,AAPL,41.6627380333034,42.011685254549505,41.25056157127931,41.26227188110352,118263600.0
2018-01-17,AAPL,41.25289113233468,41.97888726477312,40.99996709013325,41.94375991821289,137547200.0
2018-01-18,AAPL,42.00699675412406,42.177959400987746,41.74470298965363,41.98123550415039,124773600.0
2018-01-19,AAPL,41.828996358168105,42.056162683623334,41.54796692081124,41.79386901855469,129700400.0
2018-01-22,AAPL,41.52221597276173,41.63462706087131,41.35828239145941,41.45195770263672,108434400.0
2018-01-23,AAPL,41.52222641222596,42.02339695734473,41.40981529585413,41.461334228515625,130756400.0
2018-01-24,AAPL,41.510504321279925,41.52221462816889,40.56202663901651,40.8009033203125,204420400.0
2018-01-25,AAPL,40.86882561555477,40.9718706193614,39.93674288986839,40.07257461547851,166116000.0
2018-01-26,AAPL,40.28098832757314,40.28098832757314,39.826655678167626,40.16623306274414,156572000.0
2018-01-29,AAPL,39.850083072126374,39.850083072126374,39.126431167404846,39.334861755371094,202561600.0
2018-01-30,AAPL,38.765782824834226,39.196695039895985,38.57140312952726,39.10301971435547,184192800.0
2018-01-31,AAPL,39.0795770657345,39.447259836849135,38.99292725978274,39.210723876953125,129915600.0
2018-02-01,AAPL,39.14984077286852,39.489418150786875,39.05382128214834,39.29269790649414,188923200.0
2018-02-02,AAPL,38.875846601349544,39.063200793643205,37.49411613346626,37.587791442871094,346375200.0
2018-02-05,AAPL,37.25991859617889,38.3793551679824,36.53392255197071,36.648677825927734,290954000.0
2018-02-06,AAPL,36.25993260007003,38.341898465025935,36.065552892674454,38.18030548095703,272975200.0
2018-02-07,AAPL,38.19434247833096,38.26694136965625,37.25289394932858,37.36296081542969,206434400.0
2018-02-08,AAPL,37.53862734919491,37.704905211592155,36.306778937432526,36.33488082885742,217562000.0
2018-02-09,AAPL,36.934483068564454,37.12730144027597,35.328431147610246,36.7792854309082,282690400.0
2018-02-12,AAPL,37.270750161088955,38.53819066973254,37.037953647563256,38.260719299316406,243278000.0
2018-02-13,AAPL,38.08200439585714,38.740415822437974,38.0114596737139,38.644004821777344,130196800.0
2018-02-14,AAPL,38.33831316239398,39.39647322333067,38.30069242048141,39.35649871826172,162579600.0
2018-02-15,AAPL,39.925559555510134,40.70154444028651,39.73979522756888,40.67803192138672,204588800.0
2018-02-16,AAPL,40.52988254031404,41.10834496087771,40.391146858083566,40.54634094238281,160704400.0
2018-02-20,AAPL,40.45699796095116,40.97667025508601,40.308854364280215,40.409969329833984,135722000.0
2018-02-21,AAPL,40.6404041368813,40.94374179774385,40.21243542540355,40.22654724121094,149886400.0
2018-02-22,AAPL,40.398207004939586,40.903771015106486,40.3770446613819,40.56280899047851,123967600.0
2018-02-23,AAPL,40.83792680705018,41.303516266669185,40.807356587986256,41.26824569702149,135249600.0
2018-02-26,AAPL,41.4681073797458,42.182951517313136,41.43518699685887,42.084190368652344,152648800.0
2018-02-27,AAPL,42.11477448821193,42.43927448726959,41.89373602093621,41.94781875610352,155712400.0
2018-02-28,AAPL,42.15238249838146,42.472182050329934,41.86785709284107,41.884315490722656,151128400.0
2018-03-01,AAPL,41.9830828764742,42.27466602503721,40.60042296283479,41.150665283203125,195208000.0
2018-03-02,AAPL,40.63334492430652,41.4563582618264,40.55104215533317,41.43519592285156,153816000.0
2018-03-05,AAPL,41.200046104901126,41.79496684206314,41.037794342392736,41.57863235473633,113605600.0
2018-03-06,AAPL,41.83494866712595,41.914897680952514,41.41638784408837,41.543365478515625,95154000.0
2018-03-07,AAPL,41.136575384349925,41.35055980028667,40.97902748335783,41.157737731933594,126814000.0
2018-03-08,AAPL,41.26354910857402,41.64918962031567,41.1671416716795,41.60686492919922,95096400.0
2018-03-09,AAPL,41.846699766789705,42.326397358104835,41.71266445289019,42.32169342041016,128740800.0
2018-03-12,AAPL,42.39459620832886,42.88840570474543,42.37578763015166,42.730857849121094,128828400.0
2018-03-13,AAPL,42.93543052183893,43.149414857195474,42.14769131351788,42.3193473815918,126774000.0
2018-03-14,AAPL,42.40164486567859,42.44867347719776,41.81142448874584,41.95956802368164,117473600.0
2018-03-15,AAPL,41.97367871608539,42.382835195269095,41.87256737477719,42.00894927978515,90975200.0
2018-03-16,AAPL,42.008953109968175,42.119472337041785,41.7667523156716,41.86081314086914,157618800.0
2018-03-19,AAPL,41.6962077406348,41.73147830463949,40.835570098387464,41.22121047973633,133787200.0
2018-03-20,AAPL,41.20710754394531,41.573935808897474,41.13656281882672,41.20710754394531,78597600.0
2018-03-21,AAPL,41.16006747469234,41.17182552464226,40.2712134368852,40.27356719970703,148219600.0
2018-03-22,AAPL,39.974930763868414,40.60512206776271,39.64572688691664,39.70451354980469,165963200.0
2018-03-23,AAPL,39.59634667471418,39.95612078420119,38.78509140014648,38.78509140014648,164115200.0
2018-03-26,AAPL,39.52110449652672,40.70389201786306,39.137814257363395,40.62629318237305,150164800.0
2018-03-27,AAPL,40.840277246909274,41.18594318391147,39.250686842203656,39.5845947265625,163690400.0
2018-03-28,AAPL,39.32828073826218,39.979638021810935,38.8438791699243,39.147216796875,166674000.0
2018-03-29,AAPL,39.45996549061165,40.386444023671224,39.24598114149307,39.452911376953125,153594000.0
2018-04-02,AAPL,39.18484391069471,39.72568201023475,38.67457602874525,39.19424819946289,150347200.0
2018-04-03,AAPL,39.41998780548692,39.6810007539685,38.77098428485459,39.59634780883789,121112000.0
2018-04-04,AAPL,38.770987049468715,40.44758049433387,38.74512077027734,40.35352325439453,138422000.0
2018-04-05,AAPL,40.58161019172307,40.96960073764623,40.46403686410354,40.63334274291992,107732800.0
2018-04-06,AAPL,40.20302310399896,40.558093254386755,39.551665877767405,39.593994140625,140021200.0
2018-04-09,AAPL,39.94671983021981,40.70153867662767,39.93966571674338,39.9866943359375,116070800.0
2018-04-10,AAPL,40.68037958406611,40.91552628686418,40.33471364390863,40.739166259765625,113634400.0
2018-04-11,AAPL,40.49931222839776,40.89671069695223,40.374684773390626,40.5486946105957,89726400.0
2018-04-12,AAPL,40.77678828777325,41.15067066294944,40.68978157278076,40.94844436645508,91557200.0
2018-04-13,AAPL,41.09893532790292,41.3481902278494,40.880250643703896,41.08717727661133,100497200.0
2018-04-16,AAPL,41.157726513426766,41.43049754589345,41.11069789115241,41.3434944152832,86313600.0
2018-04-17,AAPL,41.50104135034263,42.07715003351195,41.4822291842405,41.91254806518555,106421600.0
2018-04-18,AAPL,41.811434960615074,42.04893542855754,41.59275024765644,41.81848907470703,83018000.0
2018-04-19,AAPL,40.85908152263962,41.24237171885631,40.600422354708584,40.63334274291992,139235200.0
2018-04-20,AAPL,40.11602274007063,40.26181252512337,38.9003113167802,38.968505859375,261964400.0
2018-04-23,AAPL,39.22951508515344,39.25067742200016,38.58521198830198,38.85563278198242,146062000.0
2018-04-24,AAPL,38.956753566929045,39.111951250892595,37.910351463939506,38.31480407714844,134768000.0
2018-04-25,AAPL,38.23954591845243,38.897957236152585,38.190167132755406,38.481746673583984,113528400.0
2018-04-26,AAPL,38.59228284035214,38.97086924527777,38.41592278069215,38.61579895019531,111852000.0
2018-04-27,AAPL,38.5640664182194,38.641665275115294,37.77162303085176,38.16902160644531,142623200.0
2018-04-30,AAPL,38.12433342955642,39.33063349139752,38.05613888116291,38.8603401184082,169709600.0
2018-05-01,AAPL,39.1307717726215,39.78682963046811,38.86270461947224,39.7633171081543,214277600.0
2018-05-02,AAPL,41.20475618707623,41.7973268894039,40.868498120583496,41.51985549926758,266157600.0
2018-05-03,AAPL,41.357603523058685,41.73854003605556,41.01899169459304,41.59510040283203,136272800.0
2018-05-04,AAPL,41.91489748833844,43.32577762819836,41.89608532257385,43.22701644897461,224805200.0
2018-05-07,AAPL,43.54446093985064,44.12997747093147,43.4433495886489,43.53976058959961,169805600.0
2018-05-08,AAPL,43.49978380003416,43.78901319964565,43.18938847318987,43.74903869628906,113611200.0
2018-05-09,AAPL,43.866630081577,44.06650268060345,43.55388445104217,44.057098388671875,92844800.0
2018-05-10,AAPL,44.14644042182307,44.76487377033595,44.12527449301821,44.68727493286133,111957200.0
2018-05-11,AAPL,44.729768989116714,44.86431758098543,44.24821793995877,44.51731872558594,104848800.0
2018-05-14,AAPL,44.61646590993839,44.739214725183906,44.345005855071946,44.41345977783203,83115200.0
2018-05-15,AAPL,44.090064898484975,44.1585224188313,43.69349681524123,44.00980758666992,94780800.0
2018-05-16,AAPL,43.92246672462898,44.48663432032754,43.9059412543896,44.420536041259766,76732400.0
2018-05-17,AAPL,44.37805735767134,44.59286690401592,43.99092976735025,44.139644622802734,69176000.0
2018-05-18,AAPL,44.186838873430894,44.33319083661362,43.936622832419445,43.97911071777344,73190800.0
2018-05-21,AAPL,44.37803760738811,44.6778264231584,44.12074027507521,44.29069900512695,73603200.0
2018-05-22,AAPL,44.46774544649757,44.585772159242794,44.09005852495706,44.17975997924805,60962800.0
2018-05-23,AAPL,43.988558042632555,44.49607147546965,43.84928378174547,44.4630241394043,80233600.0
2018-05-24,AAPL,44.55981538127905,44.57633725150797,43.95551906297832,44.41345977783203,92936000.0
2018-05-25,AAPL,44.43234109217511,44.76753656805543,44.29542965522852,44.51496124267578,69844000.0
2018-05-29,AAPL,44.2836294416986,44.55508947322989,44.11130782679905,44.35444259643555,90056400.0
2018-05-30,AAPL,44.31195325608738,44.37804793294271,44.090062440120306,44.2600212097168,74762000.0
2018-05-31,AAPL,44.193917737993985,44.43233037478441,43.938979634333535,44.111297607421875,109931200.0
2018-06-01,AAPL,44.37568294540412,44.91152160606056,44.319028828916046,44.90680313110352,93770000.0
2018-06-04,AAPL,45.23727665487343,45.657451448657845,45.16882274882759,45.282127380371094,105064800.0
2018-06-05,AAPL,45.57483828103631,45.78020361623582,45.40723875788195,45.63148880004883,86264000.0
2018-06-06,AAPL,45.70702960425292,45.81325293388397,45.30337662938726,45.78964614868164,83734400.0
2018-06-07,AAPL,45.82741907508867,45.84158170653918,45.402522122123386,45.66690444946289,85388800.0
2018-06-08,AAPL,45.12633012126618,45.32225488450402,44.79585678682235,45.25143814086914,106627200.0
2018-06-11,AAPL,45.16882034338992,45.31517230141845,44.899719606624075,45.1404914855957,73234000.0
2018-06-12,AAPL,45.17825644601836,45.466241858992674,45.12160233789778,45.38834381103515,67644400.0
2018-06-13,AAPL,45.421404526599694,45.52999069869376,44.95401970299873,45.0153923034668,86553600.0
2018-06-14,AAPL,45.21603773241758,45.22075980980726,44.9020862209634,45.03899765014648,86440400.0
2018-06-15,AAPL,44.85722859320443,44.887916688684165,44.43941305475914,44.576324462890625,246876800.0
2018-06-18,AAPL,44.34972064685109,44.666031386199435,44.18920243761086,44.55272674560547,73939600.0
2018-06-19,AAPL,43.70293356002438,43.98383772878582,43.304002671742296,43.832763671875,134314000.0
2018-06-20,AAPL,43.98854592020733,44.18918911892147,43.842190384916925,44.02395248413086,82514800.0
2018-06-21,AAPL,44.20101082789006,44.46067107724782,43.65572790612877,43.77847671508789,102847600.0
2018-06-22,AAPL,43.934260540086285,43.941341854400115,43.59906512230429,43.650997161865234,108801600.0
2018-06-25,AAPL,43.29219097930246,43.65099314638365,42.6619288501248,43.00184631347656,126652400.0
2018-06-26,AAPL,43.1954253872837,44.03105307880999,43.08919844521767,43.53533935546875,98276800.0
2018-06-27,AAPL,43.72417870729085,44.208088991008594,43.44091529303086,43.47160339355469,101141200.0
2018-06-28,AAPL,43.45743710624626,43.95550997848145,43.38662035816796,43.78791046142578,69460800.0
2018-06-29,AAPL,43.97438401151009,44.186834221581655,43.17652601033752,43.69584274291992,90950800.0
2018-07-02,AAPL,43.39135394111396,44.21281907173425,43.29693038467518,44.18449020385742,70925200.0
2018-07-03,AAPL,44.32846925936588,44.36623867025453,43.325242244680126,43.41494369506836,55819200.0
2018-07-05,AAPL,43.73126921359343,44.00273289414268,43.49993779688219,43.76431655883789,66416800.0
2018-07-06,AAPL,43.7690233133453,44.47954278828729,43.71709127444438,44.3709602355957,69940800.0
2018-07-09,AAPL,44.73213001099853,45.01067136078783,44.68492004007203,44.98706817626953,79026400.0
2018-07-10,AAPL,45.01774915035912,45.15229772629047,44.89263752447302,44.932769775390625,63756400.0
2018-07-11,AAPL,44.49607580388834,44.798223934989025,44.28598837520287,44.34972381591797,75326000.0
2018-07-12,AAPL,44.73920447636443,45.18298605928237,44.6872724357298,45.093284606933594,72164400.0
2018-07-13,AAPL,45.10509491222652,45.2844942425338,45.06260341706248,45.16410827636719,50055600.0
2018-07-16,AAPL,45.20895321385602,45.47569113629227,44.94929300416823,45.06496047973633,60172400.0
2018-07-17,AAPL,44.7911346962154,45.29156677447239,44.6613045999065,45.19242477416992,62138000.0
2018-07-18,AAPL,45.27033118300609,45.27505326062183,44.83363085174206,44.944576263427734,65573600.0
2018-07-19,AAPL,44.7769800450885,45.45209306427996,44.7769800450885,45.29393768310547,81147200.0
2018-07-20,AAPL,45.270328411060994,45.42376170622383,44.89028222878679,45.19007110595703,82704800.0
2018-07-23,AAPL,45.010673935781,45.31282569115405,44.746295201955945,45.23020553588867,63957600.0
2018-07-24,AAPL,45.42848516085427,45.71411141659401,45.334065222797534,45.55831527709961,74791600.0
2018-07-25,AAPL,45.572473961837765,45.99501161249821,45.42375915047924,45.98793029785156,66839600.0
2018-07-26,AAPL,45.93834538106053,46.2570188636942,45.70229201670626,45.84392547607422,76304000.0
2018-07-27,AAPL,46.028062364396064,46.075272332840846,44.873761166756026,45.081485748291016,96096000.0
2018-07-30,AAPL,45.2986587349864,45.369475495243115,44.63063059512723,44.828914642333984,84118000.0
2018-07-31,AAPL,44.9209724588608,45.35530994437471,44.69435956100278,44.918609619140625,157492000.0
2018-08-01,AAPL,47.00531668637743,47.626134705399025,46.57569775126629,47.56476211547851,271742800.0
2018-08-02,AAPL,47.347596824930974,49.18881427610502,47.29330554524424,48.95512008666992,249616000.0
2018-08-03,AAPL,48.87013929851241,49.27379223190768,48.50425577680465,49.09675216674805,133789600.0
2018-08-06,AAPL,49.09912089176076,49.39418772404298,48.87959289745002,49.35169982910156,101701600.0
2018-08-07,AAPL,49.410698602685784,49.4531864850789,48.80639888305703,48.88901901245117,102349600.0
2018-08-08,AAPL,48.638817553874105,49.054270358756185,48.27765603782609,48.922080993652344,90102000.0
2018-08-09,AAPL,49.46026844327579,49.51928179307227,48.9102635909459,49.30683517456055,93970400.0
2018-08-10,AAPL,49.11970757110333,49.53188234321348,48.95625889225755,49.15997695922851,98444800.0
2018-08-13,AAPL,49.581630095853846,49.97011532849168,49.200251013881406,49.47740173339844,103563600.0
2018-08-14,AAPL,49.78298189435421,49.87773298190438,49.33290519218512,49.68585968017578,82992000.0
2018-08-15,AAPL,49.56030192567116,49.92036248504382,49.34947773005274,49.80192184448242,115230400.0
2018-08-16,AAPL,50.15961167949677,50.64758654419464,50.09328520941288,50.531517028808594,114001600.0
2018-08-17,AAPL,50.559945708958374,51.6282790804215,50.49361923351846,51.54063415527344,141708000.0
2018-08-20,AAPL,51.66381484377017,51.91964347624076,50.955538429933824,51.038448333740234,121150800.0
2018-08-21,AAPL,51.3558552651437,51.448238807239406,50.69969319642651,50.938941955566406,104639200.0
2018-08-22,AAPL,50.71628962107403,51.251640077324424,50.654698167539145,50.94132614135742,76072400.0
2018-08-23,AAPL,50.84655686674764,51.41507401309881,50.83471569633021,51.04553985595703,75532800.0
2018-08-24,AAPL,51.308493950747646,51.37955545318121,50.955539492398955,51.20426559448242,73905600.0
2018-08-27,AAPL,51.43876205668646,51.81540599169834,51.24452131099195,51.62590026855469,82100400.0
2018-08-28,AAPL,51.87937890977528,52.24180705640563,51.85806045750814,52.04282760620117,91107200.0
2018-08-29,AAPL,52.14941162490679,52.94059783620013,51.974121793425,52.819786071777344,109019200.0
2018-08-30,AAPL,52.883744837114136,54.07051872797575,52.682394306819354,53.30539321899414,195175200.0
2018-08-31,AAPL,53.65597804212751,54.21501801386973,53.53516988918056,53.921287536621094,173360400.0
2018-09-04,AAPL,54.106052550251725,54.2884485284002,53.68440417256293,54.094207763671875,109560400.0
2018-09-05,AAPL,54.24345135322492,54.40452890571395,53.321983221015245,53.74126052856445,133332000.0
2018-09-06,AAPL,53.58963751417326,53.85494693906926,52.42181483180522,52.848201751708984,137160000.0
2018-09-07,AAPL,52.55212230196686,53.3859419461356,52.28207774167499,52.421836853027344,150479200.0
2018-09-10,AAPL,52.338920056563786,52.55211538527459,51.2776928944184,51.718292236328125,158066000.0
2018-09-11,AAPL,51.64248940750935,53.13247476524067,51.29901225541865,53.02587890625,142996000.0
2018-09-12,AAPL,53.284081020445285,53.29829332034055,52.07598492604216,52.36735153198242,197114800.0
2018-09-13,AAPL,52.94770691810222,54.09184398179361,52.7226704156543,53.632293701171875,166825600.0
2018-09-14,AAPL,53.475957982567735,53.734157753846546,52.71083233114026,53.02351379394531,127997200.0
2018-09-17,AAPL,52.6231825758975,52.81268835042182,51.46720421889096,51.61170196533203,148780400.0
2018-09-18,AAPL,51.59038765292616,52.552128970625006,51.43167758208637,51.69698715209961,126286800.0
2018-09-19,AAPL,51.75855603582004,52.0238618940937,51.00053671609443,51.727760314941406,108495200.0
2018-09-20,AAPL,52.17074505190675,52.653981371303495,51.91254165699373,52.12099838256836,106435200.0
2018-09-21,AAPL,52.29865021482136,52.43604179491919,51.47193322259395,51.5595817565918,384986800.0
2018-09-24,AAPL,51.36059863118635,52.41234843245361,51.31559061162006,52.3010139465332,110773600.0
2018-09-25,AAPL,52.05466892569171,52.78189629707581,52.042824137047674,52.632659912109375,98217600.0
2018-09-26,AAPL,52.350762852927,53.00218637259011,52.057028764651164,52.21337127685547,95938800.0
2018-09-27,AAPL,53.018772217071486,53.63940004203078,52.95244213031854,53.28644561767578,120724800.0
2018-09-28,AAPL,53.24853930771341,53.49726536512103,53.06614333153299,53.47357940673828,91717600.0
2018-10-01,AAPL,53.99709354812719,54.34530936077399,53.618085623251176,53.83364486694336,94403200.0
2018-10-02,AAPL,53.83127647394593,54.48270006163944,53.68441122173111,54.3121452331543,99152800.0
2018-10-03,AAPL,54.49454032674915,55.30467388755188,54.430581367745326,54.97304153442383,114619200.0
2018-10-04,AAPL,54.66747386831033,55.03937929696,53.708103744514275,54.00657653808594,128168000.0
2018-10-05,AAPL,53.99946547548334,54.10606134298205,52.25128023622536,53.13010787963867,134322000.0
2018-10-08,AAPL,52.637389466556535,53.2509110985056,52.161255792698086,53.00692367553711,118655600.0
2018-10-09,AAPL,52.976134925197805,53.83601521931259,52.64687005570699,53.74126052856445,107564000.0
2018-10-10,AAPL,53.40725373397916,53.618077923682854,51.17820007366523,51.25163269042969,167962400.0
2018-10-11,AAPL,50.81577776199736,51.99544563029046,50.294639622092426,50.7991943359375,212497600.0
2018-10-12,AAPL,52.21337471372891,52.79610429097438,51.36533924220412,52.61370468139648,161351600.0
2018-10-15,AAPL,52.388671274904624,52.54738131852214,51.467203125558655,51.488521575927734,123164000.0
2018-10-16,AAPL,51.86042605856927,52.822167261495906,51.346394023888315,52.62318420410156,116736000.0
2018-10-17,AAPL,52.65871322646053,52.7392520002313,51.95754299454812,52.395774841308594,91541600.0
2018-10-18,AAPL,51.60696519819679,52.052303242298194,50.45572182328186,51.171104431152344,130325200.0
2018-10-19,AAPL,51.6543454019028,52.41236498137712,51.505108998224785,51.95044708251953,132314800.0
2018-10-22,AAPL,52.06415373775935,52.90982194764495,51.862806745779054,52.26787185668945,115168400.0
2018-10-23,AAPL,51.1260947111794,52.88375363683341,50.85841766826304,52.76057434082031,155071200.0
2018-10-24,AAPL,52.7297710181552,53.115885022108806,50.82050498666034,50.95079040527344,163702000.0
2018-10-25,AAPL,51.57142820887464,52.44078212582718,51.344020575796435,52.06650924682617,119423200.0
2018-10-26,AAPL,51.142672067536914,52.15889488542669,50.37754646798605,51.2374267578125,189033600.0
2018-10-29,AAPL,51.92201641517613,52.04045707359315,48.81886971884143,50.275691986083984,183742000.0
2018-10-30,AAPL,50.01748223969893,50.97211353591535,49.57214787858827,50.52677917480469,146640000.0
2018-10-31,AAPL,51.374821370171105,52.220485795314765,51.31322991423812,51.84384536743164,153435600.0
2018-11-01,AAPL,51.888849589687624,52.67292611590215,51.35823417541894,52.63976287841797,233292800.0
2018-11-02,AAPL,49.6384860677963,50.60969740380274,48.66253247834884,49.14813995361328,365314800.0
2018-11-05,AAPL,48.394833602866434,48.416152045020254,46.94275057860278,47.75288391113281,264654800.0
2018-11-06,AAPL,47.83107052774979,48.49433887492205,47.77658884210814,48.26930236816406,127531600.0
2018-11-07,AAPL,48.7904402414107,49.759283862951555,48.35457952948075,49.73322677612305,133697600.0
2018-11-08,AAPL,49.913878467198,49.94715741120494,49.146083355881075,49.559696197509766,101450400.0
2018-11-09,AAPL,48.86084706340695,48.9701906382226,48.076410468774,48.604122161865234,137463200.0
2018-11-12,AAPL,47.30385269299909,47.50590577595815,46.06539344615331,46.155723571777344,204542000.0
2018-11-13,AAPL,45.55195754100879,46.87123323822036,45.50916824088011,45.694580078125,187531600.0
2018-11-14,AAPL,46.09155124730951,46.22942223730996,44.19701936866865,44.40382766723633,243204000.0
2018-11-15,AAPL,44.7817780140005,45.632772481899075,44.427592041015245,45.499656677246094,185915200.0
2018-11-16,AAPL,45.28333529590603,46.345889437901874,45.03612078314254,46.00358963012695,147713200.0
2018-11-19,AAPL,45.164480443816814,45.330875172656896,43.97356571261881,44.18037033081055,167701200.0
2018-11-20,AAPL,42.39995191302161,43.13684776612056,41.72010725489707,42.06953811645508,271300800.0
2018-11-21,AAPL,42.72324076845319,42.85160506840395,41.967331371252314,42.022003173828125,124496800.0
2018-11-23,AAPL,41.58460159031392,41.97919739438339,40.90951233353466,40.95467376708984,94496000.0
2018-11-26,AAPL,41.41821078967106,41.58698130630447,40.47213107904219,41.50853729248047,179994000.0
2018-11-27,AAPL,40.76927542423755,41.544205400782865,40.61952193278607,41.41822052001953,165549600.0
2018-11-28,AAPL,42.01009386039628,43.0940407289009,41.58221914200425,43.01084518432617,184250000.0
2018-11-29,AAPL,43.41970656582618,43.452985511934024,42.24067431047254,42.68043518066406,167080000.0
2018-11-30,AAPL,42.85634948210918,42.86585982792588,42.08142314621995,42.44987106323242,158126000.0
2018-12-03,AAPL,43.84759153296526,43.961690285175266,43.075041021768605,43.93316650390625,163210000.0
2018-12-04,AAPL,43.01321346862384,43.35551318375046,41.900743021594465,42.000579833984375,165377200.0
2018-12-06,AAPL,40.82868624450314,41.54656474264468,40.51015869560791,41.53230285644531,172393600.0
2018-12-07,AAPL,41.23993854857792,41.4776464121021,40.00623415654597,40.05139923095703,169126400.0
2018-12-10,AAPL,39.221789190120006,40.43172108916987,38.824817577209345,40.31524658203125,248104000.0
2018-12-11,AAPL,40.804929311290685,40.835828864514035,39.69720988937446,40.08467483520508,189126800.0
2018-12-12,AAPL,40.505409310138816,40.86672619637411,40.17737499929975,40.19639205932617,142510800.0
2018-12-13,AAPL,40.526799187237295,41.02123178621812,40.30335330213577,40.63614273071289,127594400.0
2018-12-14,AAPL,40.17261263523296,40.19162969185467,39.28833945155307,39.335880279541016,162814800.0
2018-12-17,AAPL,39.32875944469472,40.01811432265728,38.68219386191158,38.96982192993164,177151600.0
2018-12-18,AAPL,39.3121238927217,39.82319429985514,39.0767918244386,39.47614288330078,135366000.0
2018-12-19,AAPL,39.45949521281454,39.8041708009938,37.81693342711854,38.24480819702149,196189200.0
2018-12-20,AAPL,38.12833539369746,38.53481738866487,36.916027607962675,37.27972030639648,259092000.0
2018-12-21,AAPL,37.28684269984785,37.59586354079904,35.568216457565846,35.82969284057617,382978400.0
2018-12-24,AAPL,35.21642144549776,36.02463042466466,34.84559772804441,34.90264892578125,148676800.0
2018-12-26,AAPL,35.25206763264957,37.37479655569509,34.876488871611976,37.36053466796875,234330000.0
2018-12-27,AAPL,37.044383670140306,37.265453816149545,35.672812239071256,37.118072509765625,212468400.0
2018-12-28,AAPL,37.43897869883537,37.68144167172036,36.73774141053779,37.137088775634766,169165600.0
2018-12-31,AAPL,37.68383179752151,37.881129782975,37.19652989389635,37.49604415893555,140014000.0
2019-01-02,AAPL,36.81856769913238,37.75989235442373,36.661679652061515,37.538822174072266,148158800.0
2019-01-03,AAPL,34.225178108567896,34.63879110815515,33.754517541543954,33.7996826171875,365248800.0
2019-01-04,AAPL,34.355915874533636,35.31150246393668,34.18239015657941,35.2425651550293,234428400.0
2019-01-07,AAPL,35.3471481073425,35.37805128112703,34.681565561258495,35.16411209106445,219111200.0
2019-01-08,AAPL,35.55158069885025,36.08880268918446,35.30436616393607,35.83445358276367,164101200.0
2019-01-09,AAPL,35.96281471962946,36.73298936707537,35.56822249255178,36.44298553466797,180396400.0
2019-01-10,AAPL,36.25044260904651,36.59987339518637,35.860601928696866,36.55946350097656,143122800.0
2019-01-11,AAPL,36.34076226258162,36.535680732984765,36.015100176105385,36.20051193237305,108092800.0
2019-01-14,AAPL,35.85823064422313,35.95806750602516,35.47076568781476,35.65617752075195,129756800.0
2019-01-15,AAPL,35.72035413413402,36.462001351236886,35.66805812501693,36.38593673706055,114843600.0
2019-01-16,AAPL,36.388315253988246,37.053897907115854,36.369298192226466,36.83045196533203,122278800.0
2019-01-17,AAPL,36.65455640109621,37.4770273073971,36.431110401176646,37.04915237426758,119284800.0
2019-01-18,AAPL,37.43898333384579,37.52931347019117,37.07766641559792,37.27734375,135004000.0
2019-01-22,AAPL,37.17986875607661,37.25593334732464,36.27895438368765,36.44059753417969,121576000.0
2019-01-23,AAPL,36.64266159399864,36.87799365821248,36.0602781192315,36.587989807128906,92522400.0
2019-01-24,AAPL,36.633161689049025,36.72111244434335,36.06979517171508,36.29799270629883,101766000.0
2019-01-25,AAPL,36.95880850768255,37.58873636724454,36.683070210489795,37.50078201293945,134142000.0
2019-01-28,AAPL,37.03249138799635,37.16085561324242,36.52617631124238,37.15372467041016,104768400.0
2019-01-29,AAPL,37.141837722602936,37.58872947476373,36.63314325823947,36.76863479614258,166348800.0
2019-01-30,AAPL,38.80580381546367,39.49515508169959,38.08792514275934,39.281219482421875,244439200.0
2019-01-31,AAPL,39.485639097471,40.172614429915,39.11719131662213,39.564083099365234,162958400.0
2019-02-01,AAPL,39.68769519044533,40.16786232651912,39.44285282376112,39.58310317993164,130672400.0
2019-02-04,AAPL,39.79466519430484,40.8049233830398,39.76376201843734,40.707462310791016,125982000.0
2019-02-05,AAPL,41.09017348977209,41.61788513494221,40.9689438085808,41.40394592285156,144406400.0
2019-02-06,AAPL,41.51567798996915,41.734372421959264,41.08780672624007,41.41822052001953,112958400.0
2019-02-07,AAPL,40.980825176670464,41.34689723690451,40.491147666218886,40.63377380371094,126966800.0
2019-02-08,AAPL,40.3425224555041,40.74119655717488,40.20644616383237,40.681514739990234,95280000.0
2019-02-11,AAPL,40.83430385989045,40.87250110070133,40.40459400749151,40.44756317138672,83973600.0
2019-02-12,AAPL,40.60751528119588,40.82236839461806,40.51202217536083,40.79610824584961,89134000.0
2019-02-13,AAPL,40.91546375180589,41.175675583367735,40.564534398430666,40.62660217285156,89960800.0
2019-02-14,AAPL,40.514419566871766,40.88444403969935,40.43563910542421,40.77463150024414,87342800.0
2019-02-15,AAPL,40.88206598696619,40.98949258510908,40.52397489802926,40.68392181396485,98507200.0
2019-02-19,AAPL,40.51442004766372,40.927417341950274,40.46189973940875,40.8056640625,75891200.0
2019-02-20,AAPL,40.86773391621993,41.37622431606571,40.81998917675937,41.06826400756836,104457600.0
2019-02-21,AAPL,41.01335232972067,41.149425001369984,40.65526136696296,40.836692810058594,68998800.0
2019-02-22,AAPL,40.96082518714831,41.29981747146773,40.91308046196187,41.29265594482422,75652800.0
2019-02-25,AAPL,41.576747251585715,41.98496889280759,41.526612916032235,41.59345626831055,87493600.0
2019-02-26,AAPL,41.46931508945012,41.848890569149845,41.34040032556293,41.61732482910156,68280800.0
2019-02-27,AAPL,41.34996174511865,41.77728205593581,41.235370005885635,41.746246337890625,111341600.0
2019-02-28,AAPL,41.61494648285592,41.75579472169711,41.28072606279907,41.33563232421875,112861600.0
2019-03-01,AAPL,41.60539628273946,41.81308788170758,41.273565459672234,41.770118713378906,103544800.0
2019-03-04,AAPL,41.941996852345,42.43377447154785,41.53138563496045,41.980194091796875,109744800.0
2019-03-05,AAPL,42.001683851206835,42.016006907094805,41.66746342883203,41.903804779052734,78949600.0
2019-03-06,AAPL,41.69849302875482,41.89425114434941,41.52422313653002,41.66268539428711,83241600.0
2019-03-07,AAPL,41.507517139799894,41.64359345799312,41.06587379216992,41.18046188354492,99185600.0
2019-03-08,AAPL,40.66003653722328,41.31653662922078,40.464278397663925,41.27833938598633,95997600.0
2019-03-11,AAPL,41.89426313863625,42.760840925057714,41.8608414560014,42.70832061767578,128044000.0
2019-03-12,AAPL,42.97092480017489,43.60832641425464,42.82052539771335,43.18816757202149,129870400.0
2019-03-13,AAPL,43.508046258708134,43.758710628242646,43.19053854298965,43.37913513183594,124130000.0
2019-03-14,AAPL,43.90194565805139,43.94969402855419,43.58205197474232,43.86136245727539,94318000.0
2019-03-15,AAPL,44.1287342938068,44.72077686289961,43.86374689655058,44.431915283203125,156171600.0
2019-03-18,AAPL,44.355534575545406,44.97383742930715,44.353144971142925,44.8855094909668,104879200.0
2019-03-19,AAPL,44.96428197260884,45.117067277020425,44.384172822489425,44.5297966003418,126585600.0
2019-03-20,AAPL,44.458176915154105,45.236430119419495,44.100086022694995,44.918922424316406,124140800.0
2019-03-21,AAPL,45.36296526328095,46.86933403302084,45.312830924516525,46.57331085205078,204136800.0
2019-03-22,AAPL,46.63298702263183,47.19399759999864,45.54439118481218,45.608848571777344,169630800.0
2019-03-25,AAPL,45.71866799234534,45.83087012477533,44.54651961316686,45.057395935058594,175381200.0
2019-03-26,AAPL,45.754489402134034,46.04573709000146,44.06429915609198,44.59188461303711,199202000.0
2019-03-27,AAPL,45.05977089349775,45.30088411777176,44.53457164340934,44.99292755126953,119393600.0
2019-03-28,AAPL,45.10752237815379,45.25314617612432,44.768530050992325,45.052616119384766,83121600.0
2019-03-29,AAPL,45.31760632946552,45.37728815780185,45.00964605534381,45.34625244140625,94256000.0
2019-04-01,AAPL,45.74969859774028,45.759246086742245,44.971448928605234,45.65420913696289,111448000.0
2019-04-02,AAPL,45.618401977792104,46.4229155104042,45.60885448792773,46.317874908447266,91062800.0
2019-04-03,AAPL,46.13405477487213,46.90991856798124,46.11018058570054,46.63538360595703,93087200.0
2019-04-04,AAPL,46.50168455596151,46.87887408970527,46.107786007072136,46.7165412902832,76457200.0
2019-04-05,AAPL,46.89797705880911,47.05315198843795,46.77383784364394,47.02927780151367,74106400.0
2019-04-08,AAPL,46.89081455147626,47.80036495686794,46.871715930873805,47.76933288574219,103526800.0
2019-04-09,AAPL,47.821849115932814,48.425828825713914,47.561633619701,47.62609100341797,143072800.0
2019-04-10,AAPL,47.43033920962285,47.92212051778951,47.310975557121054,47.89347076416016,86781200.0
2019-04-11,AAPL,47.94837311723572,47.98418075027225,47.373039528521915,47.49478912353515,83603200.0
2019-04-12,AAPL,47.55448465119845,47.7788889300979,46.84069224715156,47.475704193115234,111042800.0
2019-04-15,AAPL,47.40646279176766,47.70964745151515,47.27038649628247,47.5616340637207,70146400.0
2019-04-16,AAPL,47.616548214497456,48.07251458286473,47.40169146179994,47.56641387939453,102785600.0
2019-04-17,AAPL,47.63564953276536,48.552365242777874,47.4136348657205,48.49268341064453,115627200.0
2019-04-18,AAPL,48.490286901803195,48.73617572376677,48.34705271069138,48.66694641113281,96783200.0
2019-04-22,AAPL,48.42106096698539,48.92477573931631,48.30408327313111,48.82689666748047,77758000.0
2019-04-23,AAPL,48.80302789469298,49.59560440430232,48.67650269713452,49.53114700317383,93292000.0
2019-04-24,AAPL,49.50249097577655,49.76986437478454,49.42848609874323,49.45474624633789,70162400.0
2019-04-25,AAPL,49.37596752439472,49.59798216323231,48.96774224168466,49.00593948364258,74172800.0
2019-04-26,AAPL,48.915233586528664,48.93910777910681,48.251571830988205,48.77199935913086,74596400.0
2019-04-29,AAPL,48.79585489538242,49.170658475934694,48.66694376611907,48.84598922729492,88818800.0
2019-04-30,AAPL,48.47596119423354,48.557127595690886,47.53298916093055,47.90540313720703,186139600.0
2019-05-01,AAPL,50.10408494939952,51.400372389710334,49.948910024794905,50.25687026977539,259309200.0
2019-05-02,AAPL,50.09453580499543,50.765358935797714,49.68631416151659,49.929813385009766,127985200.0
2019-05-03,AAPL,50.34520096477196,50.57199117489854,50.1876400699806,50.550506591796875,83569600.0
2019-05-06,AAPL,48.76959896429785,49.85580891786009,48.58100599834077,49.769866943359375,129772400.0
2019-05-07,AAPL,49.149176286929475,49.51681471565359,47.943602727798975,48.428218841552734,155054800.0
2019-05-08,AAPL,48.199032140387494,49.020254494269096,48.16322450860907,48.43775939941406,105358000.0
2019-05-09,AAPL,47.840952465060795,48.14652313682094,46.94811463835433,47.9173469543457,139634400.0
2019-05-10,AAPL,47.31103365411857,47.65373021042294,46.19667837213871,47.253517150878906,164834800.0
2019-05-13,AAPL,44.98407744370745,45.40824941119822,43.819394496538976,44.507179260253906,229722400.0
2019-05-14,AAPL,44.67252607693641,45.46096182598622,44.43287946356092,45.21173095703125,146118800.0
2019-05-15,AAPL,44.63898984677007,45.95225268045824,44.57907817443571,45.75334548950195,106178800.0
2019-05-16,AAPL,45.51128917058567,46.12478391503551,45.25486553934923,45.55202865600586,132125600.0
2019-05-17,AAPL,44.79714638618235,45.74854387618077,44.75640689461861,45.293216705322266,131516400.0
2019-05-20,AAPL,43.979945845884885,44.17885296626385,43.203489531519445,43.876895904541016,154449200.0
2019-05-21,AAPL,44.38734982951576,45.05356717931072,44.26273255598997,44.71806335449219,113459200.0
2019-05-22,AAPL,44.253149155342534,44.50477885718109,43.74749460169806,43.8026123046875,118994400.0
2019-05-23,AAPL,43.08846676529334,43.265802939260645,42.611568633482584,43.05491638183594,146118800.0
2019-05-24,AAPL,43.184317369517565,43.64923236699889,42.80567529586491,42.88955307006836,94858800.0
2019-05-28,AAPL,42.877576003465414,43.27778544985154,42.63553421566566,42.71221923828125,111792800.0
2019-05-29,AAPL,42.278459651091545,42.980626205477755,42.17780850142833,42.508522033691406,113924800.0
2019-05-30,AAPL,42.64512991251472,42.95187739870238,42.33838242632706,42.729007720947266,84873600.0
2019-05-31,AAPL,42.2329319709327,42.65471245383492,41.935772438034874,41.9549446105957,108174400.0
2019-06-03,AAPL,42.08194969920505,42.637927979424546,40.804632722240406,41.53076171875,161584400.0
2019-06-04,AAPL,42.043609898576285,43.095658571768766,41.8231354139418,43.05012512207031,123872000.0
2019-06-05,AAPL,44.16208075258354,44.33223146910396,43.40959047948128,43.745094299316406,119093600.0
2019-06-06,AAPL,43.87450831444031,44.44726365114498,43.65163503254328,44.387351989746094,90105200.0
2019-06-07,AAPL,44.69649584046349,45.992985108074826,44.51915965791637,45.568809509277344,122737600.0
2019-06-10,AAPL,45.96662081555493,46.8197622574143,45.92108736949208,46.15114974975586,104883600.0
2019-06-11,AAPL,46.697541381656485,46.9707383872319,46.395587951299646,46.6855583190918,107731600.0
2019-06-12,AAPL,46.47947078762684,46.96355808357964,46.345269237869935,46.5369873046875,73012800.0
2019-06-13,AAPL,46.65919589790624,47.16005645303748,46.39558681154533,46.52738952636719,86698400.0
2019-06-14,AAPL,45.90431499766962,46.393192538300454,45.604756695226875,46.18949508666992,75046000.0
2019-06-17,AAPL,46.22782880502471,46.72150388470995,46.05288780663783,46.46508026123047,58676400.0
2019-06-18,AAPL,46.98272986269059,47.998829391898425,46.78142753974012,47.55788040161133,106204000.0
2019-06-19,AAPL,47.85264415449137,47.90057641270795,47.284682730460275,47.41888427734375,84496800.0
2019-06-20,AAPL,48.0179909537039,48.075507457573906,47.45721875366059,47.7999153137207,86056000.0
2019-06-21,AAPL,47.6417568477169,48.133033233178,47.48598432433185,47.636962890625,191202400.0
2019-06-24,AAPL,47.57943567805981,47.967665667422615,47.49076760374368,47.58902359008789,72881600.0
2019-06-25,AAPL,47.553065248584275,47.7519723326211,46.800575194822905,46.867679595947266,84281200.0
2019-06-26,AAPL,47.394907330678734,48.16656964631306,47.294256201254704,47.88138961791992,104270000.0
2019-06-27,AAPL,47.99882237571496,48.30557342924731,47.8262801646343,47.86701965332031,83598800.0
2019-06-28,AAPL,47.612984897575586,47.80949686547988,47.222363424791055,47.43085479736328,124442400.0
2019-07-01,AAPL,48.689015329189374,49.00535070066526,48.0851046742833,48.30078887939453,109012000.0
2019-07-02,AAPL,48.26723307900931,48.679425613175255,48.25525001506029,48.58356475830078,67740800.0
2019-07-03,AAPL,48.71536225541835,48.99335319873109,48.57397163409649,48.98616409301758,45448000.0
2019-07-05,AAPL,48.732144758506294,49.14673241375876,48.62430084723059,48.94303131103515,69062000.0
2019-07-08,AAPL,48.12343557807911,48.26482620156885,47.548285171877104,47.93411636352539,101354400.0
2019-07-09,AAPL,47.73760506281078,48.29118815938511,47.644143029060785,48.22648620605469,82312000.0
2019-07-10,AAPL,48.37267074229826,48.82320389232049,48.30317117612652,48.7033805847168,71588400.0
2019-07-11,AAPL,48.72256496418706,48.98138381228545,48.339132477784965,48.34871673583984,80767200.0
2019-07-12,AAPL,48.51646413508877,48.887917178326454,48.45655247188003,48.72016525268555,70380800.0
2019-07-15,AAPL,48.90948024847616,49.336050960909304,48.8879129292078,49.177886962890625,67789600.0
2019-07-16,AAPL,49.02929970892977,49.393563584814785,48.76808577819675,49.00773239135742,67467200.0
2019-07-17,AAPL,48.899910622137746,49.149141585033725,48.71298648578613,48.73215866088867,56430000.0
2019-07-18,AAPL,48.887917941756626,49.33845482627152,48.8160232134399,49.28573226928711,74162400.0
2019-07-19,AAPL,49.31687917824089,49.48702989725492,48.49489297923967,48.550010681152344,83717200.0
2019-07-22,AAPL,48.80402491969468,49.66196012132378,48.79444066537823,49.65956497192383,89111600.0
2019-07-23,AAPL,49.956738737439146,50.064578990974375,49.67634895884314,50.04780197143555,73420800.0
2019-07-24,AAPL,49.7674257679065,50.12210183164489,49.64760242749452,50.00707244873047,59966400.0
2019-07-25,AAPL,50.05977505986539,50.143652827411785,49.542137557976254,49.61163711547851,55638400.0
2019-07-26,AAPL,49.72188828871622,50.26109327692397,49.64040930144378,49.78419876098633,70475600.0
2019-07-29,AAPL,49.956741814672895,50.47916975170816,49.95194785783544,50.24910736083984,86693600.0
2019-07-30,AAPL,50.02863423517171,50.36414174522184,49.6811473177808,50.03342819213867,135742800.0
2019-07-31,AAPL,51.86432814544622,53.05057834512591,50.63733845360822,51.0543212890625,277125600.0
2019-08-01,AAPL,51.260422041017264,52.25016397353403,49.54455463645526,49.949554443359375,216071600.0
2019-08-02,AAPL,49.25457292956728,49.470253439827765,48.31995250948189,48.89270782470703,163448400.0
2019-08-05,AAPL,47.447641588131205,47.60580559815315,46.15115233297481,46.333282470703125,209572000.0
2019-08-06,AAPL,47.04503141655611,47.46681184418083,46.5010325186815,47.21038818359375,143299200.0
2019-08-07,AAPL,46.82934598449226,47.82387797553629,46.448308743686994,47.69926071166992,133457600.0
2019-08-08,AAPL,47.977262171983355,48.77528601472597,47.78314895610071,48.751319885253906,108038000.0
2019-08-09,AAPL,48.424162442131816,48.775373879354945,47.94064014742092,48.34959030151367,98478800.0
2019-08-12,AAPL,48.0200188898601,48.60457469476368,47.90695673151683,48.226898193359375,89927600.0
2019-08-13,AAPL,48.35679753640936,51.03179177110684,48.22689462466071,50.26922607421875,188874000.0
2019-08-14,AAPL,48.87159379466716,49.66062099046996,48.73447445076552,48.77296447753906,146189600.0
2019-08-15,AAPL,48.94375735403797,49.3478915876303,48.03204373725205,48.529998779296875,108909600.0
2019-08-16,AAPL,49.141015463618594,49.83382124650139,49.03516972783252,49.675052642822266,110481600.0
2019-08-19,AAPL,50.66614025497072,51.17371593316151,50.524212432833735,50.601192474365234,97654400.0
2019-08-20,AAPL,50.72869028750456,51.32286671027369,50.59397887791668,50.60359954833984,107537200.0
2019-08-21,AAPL,51.23626937835333,51.39503430979136,50.90189508225022,51.15207290649414,86141600.0
2019-08-22,AAPL,51.2843856202691,51.585082094265125,50.69742551573104,51.10877990722656,89014800.0
2019-08-23,AAPL,50.37987945350891,51.01014164863292,48.35198454994893,48.74649810791016,187272000.0
2019-08-26,AAPL,49.52110100092201,49.84104248936947,49.32865452365744,49.67265319824219,104174400.0
2019-08-27,AAPL,50.00221288345861,50.16819791599971,48.96059990979167,49.112152099609375,103493200.0
2019-08-28,AAPL,49.09772403475613,49.48742550865508,48.910089719870605,49.44171905517578,63755200.0
2019-08-29,AAPL,50.15616772556869,50.35342635813325,49.713543433301666,50.27885055541992,83962000.0
2019-08-30,AAPL,50.55549991840913,50.625259888422256,49.843449021122325,50.21390914916992,84573600.0
2019-09-03,AAPL,49.658214500289326,49.79052167700322,49.12658521378133,49.482608795166016,80092000.0
2019-09-04,AAPL,50.12970472847496,50.391911143051544,49.87231048470653,50.32215118408203,76752400.0
2019-09-05,AAPL,50.99812498900019,51.47202295353746,50.88025064284134,51.30603790283203,95654800.0
2019-09-06,AAPL,51.491262157017566,51.5802671339122,51.12080206554331,51.30121994018555,77449200.0
2019-09-09,AAPL,51.681306852217865,52.06619983215983,50.77440887062121,51.52013397216797,109237600.0
2019-09-10,AAPL,51.445553151541986,52.14797960143516,50.92835673818088,52.12873458862305,127111600.0
2019-09-11,AAPL,52.45829072606003,53.815032679285615,52.376498519017375,53.786163330078125,177158400.0
2019-09-12,AAPL,54.07725173898349,54.46695317394256,53.61057024888576,53.665897369384766,128906800.0
2019-09-13,AAPL,52.922572195870536,53.11261072641425,52.205712927533845,52.62187576293945,159053200.0
2019-09-16,AAPL,52.37651279298673,52.953852216544,52.33561851362574,52.89852142333984,84632400.0
2019-09-17,AAPL,52.9129477153141,53.11982699309965,52.710876937269475,53.09095764160156,73274800.0
2019-09-18,AAPL,53.17756244125368,53.60816179083854,52.787861036882994,53.58891677856445,101360000.0
2019-09-19,AAPL,53.40609695865153,53.82707201378475,53.011583339522566,53.15351486206055,88242400.0
2019-09-20,AAPL,53.254546476618714,53.53840217003478,52.3139670785029,52.37651062011719,221652400.0
2019-09-23,AAPL,52.670008382815595,52.88410418535888,52.357283228268294,52.61468124389648,76662000.0
2019-09-24,AAPL,53.17034699206987,53.52156204892097,52.246608409698545,52.364479064941406,124763200.0
2019-09-25,AAPL,52.57377216014629,53.283415103474375,52.23458565709621,53.170352935791016,87613600.0
2019-09-26,AAPL,52.92257960068729,53.14870393718803,52.641128140556994,52.8961181640625,75334000.0
2019-09-27,AAPL,53.05245719624404,53.153494400719765,52.26824243112653,52.638702392578125,101408000.0
2019-09-30,AAPL,53.13908166091836,54.02433402647341,53.11262022326453,53.877593994140625,103909600.0
2019-10-01,AAPL,54.14220730459312,54.89996096790545,53.93292005795694,54.026737213134766,139223200.0
2019-10-02,AAPL,53.658687543997424,53.78377831366892,52.42462795411642,52.67240524291992,138449200.0
2019-10-03,AAPL,52.544895978759946,53.15350893903849,51.75106032831382,53.11983108520508,114426000.0
2019-10-04,AAPL,54.27931695765273,54.72434916797866,53.85834193135936,54.60887908935547,138478800.0
2019-10-07,AAPL,54.430868293138765,55.31130468759633,54.3274268081445,54.620906829833984,122306000.0
2019-10-08,AAPL,54.32262009604962,54.86146578985083,53.96418860317499,53.98102569580078,111820000.0
2019-10-09,AAPL,54.61369323730469,54.7965153624932,54.27931892256888,54.61369323730469,74770400.0
2019-10-10,AAPL,54.830191946444145,55.433992769762874,54.67864343102517,55.349796295166016,113013600.0
2019-10-11,AAPL,56.03779132655972,57.1660050272492,55.88383488648209,56.8220100402832,166795600.0
2019-10-14,AAPL,56.50687076716353,57.283872972882584,56.451543652686134,56.740211486816406,96427600.0
2019-10-15,AAPL,56.8653082294218,57.16840893665815,56.502068230785376,56.607913970947266,87360000.0
2019-10-16,AAPL,56.13882591575506,56.588670322294504,56.097931637089864,56.3793830871582,73903200.0
2019-10-17,AAPL,56.552583041096554,56.80757304870868,56.17491020074965,56.598289489746094,67585200.0
2019-10-18,AAPL,56.43228626763064,57.151553280572614,56.36011840726896,56.87010192871094,97433600.0
2019-10-21,AAPL,57.137128463437165,57.97186196777041,57.0890177733123,57.85639190673828,87247200.0
2019-10-22,AAPL,58.01276606582909,58.26294389922715,57.64230598082633,57.724098205566406,82293600.0
2019-10-23,AAPL,58.23889683993331,58.513131888167614,58.027205339327395,58.49869537353515,75828800.0
2019-10-24,AAPL,58.81863370887046,58.8883973453656,58.169130068603984,58.59491729736328,69275200.0
2019-10-25,AAPL,58.49388048589636,59.35266764688448,58.42652477407812,59.31658554077149,73477200.0
2019-10-28,AAPL,59.51865343260309,59.95887348583096,59.350264150917546,59.910762786865234,96572800.0
2019-10-29,AAPL,59.89152079103439,60.07915509588314,58.35195632288788,58.52515411376953,142839600.0
2019-10-30,AAPL,58.87877630502709,59.00867924273275,58.02480121988732,58.517940521240234,124522000.0
2019-10-31,AAPL,59.475359143282475,59.93963274377457,57.07459581826232,59.84100341796875,139162000.0
2019-11-01,AAPL,60.02863102849158,61.56579110685089,59.937221805325485,61.53933334350586,151125200.0
2019-11-04,AAPL,61.90256442866668,62.027658837469005,61.43348241932148,61.94346237182617,103272000.0
2019-11-05,AAPL,61.8352168001874,62.109455494173645,61.65961476677508,61.85446548461914,79897600.0
2019-11-06,AAPL,61.767850637823976,61.94105206229837,61.43107212946291,61.88091278076172,75864400.0
2019-11-07,AAPL,62.428628474862634,62.81709213075968,62.27662127747956,62.59511184692383,94940400.0
2019-11-08,AAPL,62.41657939456678,62.83881841775915,61.97262610520193,62.76643753051758,69986400.0
2019-11-11,AAPL,62.32246650947536,63.32860485433019,62.317643572216376,63.26346206665039,81821200.0
2019-11-12,AAPL,63.10661047248142,63.40580187077444,62.95461066850528,63.205535888671875,87388800.0
2019-11-13,AAPL,63.00527745670818,63.885945606147736,62.99080128485799,63.81114959716797,102734400.0
2019-11-14,AAPL,63.63744552175714,63.91009243803884,63.23933596081398,63.36962890625,89182800.0
2019-11-15,AAPL,63.62053323662518,64.12722131238719,63.4588802057258,64.12239837646484,100206400.0
2019-11-18,AAPL,64.13204168782384,64.52532816599069,63.75323874336767,64.44570922851562,86703200.0
2019-11-19,AAPL,64.63874619503746,64.66287560634905,64.03313994171292,64.25028991699219,76167200.0
2019-11-20,AAPL,64.06932349144424,64.19960904465235,62.82914404328477,63.502315521240234,106234400.0
2019-11-21,AAPL,63.62296849301683,63.70017967174108,63.01735481499728,63.217620849609375,121395200.0
2019-11-22,AAPL,63.35755654335506,63.49991050527133,62.93531759481492,63.1621208190918,65325200.0
2019-11-25,AAPL,63.38650127732471,64.28647597885696,63.34065760793023,64.26958465576172,84020400.0
2019-11-26,AAPL,64.40712731627637,64.46020908184904,63.3358461298195,63.76773834228515,105207600.0
2019-11-27,AAPL,64.07898139381598,64.65805785871959,64.01383860498274,64.62427520751953,65235600.0
2019-11-29,AAPL,64.3250882008119,64.66287788127046,64.15618967895124,64.48191833496094,46617600.0
2019-12-02,AAPL,64.48674938004301,64.7232058677252,63.56506757103598,63.73637390136719,94487200.0
2019-12-03,AAPL,62.32487541424331,62.61923654932985,61.83749372245772,62.59993743896485,114430400.0
2019-12-04,AAPL,62.99080514094122,63.53126855846393,62.896702654892984,63.15245819091797,67181600.0
2019-12-05,AAPL,63.64710224786673,64.15379051831667,63.391346643754005,64.07898712158203,74424400.0
2019-12-06,AAPL,64.53739914538396,65.38669975339957,64.49396326902664,65.31672668457031,106075600.0
2019-12-09,AAPL,65.14545068933799,65.33847130163029,63.9173391877122,64.40231323242188,128042400.0
2019-12-10,AAPL,64.80763123629215,65.16231215536672,64.14652084747135,64.77867889404297,90420400.0
2019-12-11,AAPL,64.85830938290775,65.41084122340847,64.78351336435996,65.33121490478516,78756800.0
2019-12-12,AAPL,64.60977455372765,65.7630893827116,64.49878813075088,65.4976806640625,137310400.0
2019-12-13,AAPL,65.49768677488672,66.42419854558163,65.36980902077869,66.38800811767578,133587600.0
2019-12-16,AAPL,66.83438907918607,67.7488400023079,66.82956614230139,67.52444458007812,128186000.0
2019-12-17,AAPL,67.45449929724155,67.98530968260975,67.26870940358774,67.65717315673828,114158400.0
2019-12-18,AAPL,67.50996720149017,68.01665536931156,67.34589899118984,67.49549102783203,116028400.0
2019-12-19,AAPL,67.43758668961861,67.84293428071314,67.30488597596364,67.56304931640625,98369200.0
2019-12-20,AAPL,68.09625167580305,68.19758484674963,67.21075350657864,67.42308044433594,275978000.0
2019-12-23,AAPL,67.68608357083679,68.58364288571855,67.64747799819821,68.52332305908203,98572000.0
2019-12-24,AAPL,68.68981101442074,68.73806982429723,68.2627492637302,68.58847045898438,48478800.0
2019-12-26,AAPL,68.72119157007391,69.96619399633411,68.69223922394772,69.94930267333984,93121200.0
2019-12-27,AAPL,70.24127354475003,70.92892146203124,69.51743518198342,69.92278289794922,146266000.0
2019-12-30,AAPL,69.84073357609194,70.62006869460002,68.81771126880989,70.3377685546875,144114400.0
2019-12-31,AAPL,69.95411749876797,70.85891502661026,69.85519208546589,70.85167694091797,100805600.0
2020-01-02,AAPL,71.47660718407792,72.5285891982157,71.22326675908423,72.46826934814453,135480400.0
2020-01-03,AAPL,71.69616734789946,72.52375386627762,71.53933722124737,71.76372528076172,146322800.0
2020-01-06,AAPL,70.88544951706788,72.37413871472036,70.6345169765996,72.33553314208984,118387200.0
2020-01-07,AAPL,72.34521202863968,72.60096759515153,71.7757961977681,71.995361328125,108872000.0
2020-01-08,AAPL,71.69858889981313,73.4551026743299,71.69858889981313,73.15350341796875,132079200.0
2020-01-09,AAPL,74.13067516689924,74.90035698659045,73.87974991049977,74.70733642578125,170108400.0
2020-01-10,AAPL,74.94137847897954,75.44082857328132,74.37437045138542,74.87622833251953,140644800.0
2020-01-13,AAPL,75.19231323252647,76.50245856347271,75.07408132346671,76.47591400146484,121532000.0
2020-01-14,AAPL,76.41318515734736,76.62309704687446,75.3201898237738,75.4432373046875,161954400.0
2020-01-15,AAPL,75.2429507335755,76.12361870072591,74.68800392889482,75.1198959350586,121923600.0
2020-01-16,AAPL,75.66278838334783,76.1718916266167,75.30086936839069,76.06089782714844,108829200.0
2020-01-17,AAPL,76.30943200280402,76.90539240608445,76.00300982033474,76.90298461914062,137816400.0
2020-01-21,AAPL,76.53141272712692,76.97295078497612,76.2442896548719,76.38182067871094,110843200.0
2020-01-22,AAPL,76.86681500066396,77.20701995770395,76.56039270585151,76.65449523925781,101832400.0
2020-01-23,AAPL,76.70755279875391,77.10324719984139,76.15984382890906,77.02362823486328,104472000.0
2020-01-24,AAPL,77.26971830945405,78.01285552986269,76.61102297800898,76.8016357421875,146537600.0
2020-01-27,AAPL,74.81109052667422,75.22367624090043,73.56126499598109,74.54327392578125,161940000.0
2020-01-28,AAPL,75.42391253142917,76.82332956098408,75.32498713237379,76.65202331542969,162234000.0
2020-01-29,AAPL,78.28309821074268,79.103446634538,77.54236874294361,78.25655364990234,216229200.0
2020-01-30,AAPL,77.33967814541826,78.19621681768791,76.90778608498486,78.14313507080078,126743200.0
2020-01-31,AAPL,77.43379716634335,77.85603612229534,74.38402933624978,74.67839050292969,199588400.0
2020-02-03,AAPL,73.42131515382538,75.63867332859459,72.91945726436026,74.47329711914062,173788400.0
2020-02-04,AAPL,76.07780703357612,77.12255095912198,75.67245940871321,76.93193817138672,136616400.0
2020-02-05,AAPL,78.0587002140709,78.35789164403798,76.95605907395962,77.55925750732422,118826800.0
2020-02-06,AAPL,77.8295026141326,78.46889159082244,77.27214775489887,78.46647644042969,105425600.0
2020-02-07,AAPL,77.96584287500079,78.21495018710938,76.90895061507658,77.39990997314453,117684000.0
2020-02-10,AAPL,75.98506881434587,77.76751708984375,75.90526089218041,77.76751708984375,109348800.0
2020-02-11,AAPL,78.26331921379253,78.33587187126635,77.08065923180118,77.29832458496094,94323200.0
2020-02-12,AAPL,77.74815014590597,79.13879892072599,77.74815014590597,79.13396453857422,113730400.0
2020-02-13,AAPL,78.40597703085432,78.89693614885174,78.20282229727626,78.5704345703125,94747600.0
2020-02-14,AAPL,78.53902662089303,78.8389281598991,78.08193011775062,78.5898208618164,80113600.0
2020-02-18,AAPL,76.2704349958008,77.3321687046637,76.08904601525819,77.1507797241211,152531200.0
2020-02-19,AAPL,77.39263964512776,78.49790505143669,77.39263964512776,78.26814270019531,93984000.0
2020-02-20,AAPL,78.02872169520079,78.517260139207,76.95973247404322,77.46520233154297,100566000.0
2020-02-21,AAPL,77.05889434201991,77.50148770003717,75.09505699539346,75.71177673339844,129554000.0
2020-02-24,AAPL,71.8929330165793,73.56654484289926,69.950861613102,72.11543273925781,222195200.0
2020-02-25,AAPL,72.7853553748288,73.1674782506727,69.20110730705076,69.67271423339844,230673600.0
2020-02-26,AAPL,69.29784412586203,72.0428654399997,69.29058886204834,70.7779769897461,198054800.0
2020-02-27,AAPL,67.9846176209649,69.16969127505396,66.01593824961232,66.15137481689453,320605600.0
2020-02-28,AAPL,62.2188732727871,67.33404368409374,62.00362136219087,66.11268615722656,426510000.0
2020-03-02,AAPL,68.2699714851257,72.90385595913628,67.16712712972084,72.26778411865234,341397200.0
2020-03-03,AAPL,73.44321158109558,73.52301950606079,69.12130946491573,69.9726333618164,319475600.0
2020-03-04,AAPL,71.69460475808327,73.37789254779408,70.89407525882817,73.21826934814453,219178400.0
2020-03-05,AAPL,71.47211693616212,72.44678042666858,70.4781085286997,70.84330749511719,187572800.0
2020-03-06,AAPL,68.2022618674925,70.33539821217181,68.01603849038064,69.90248107910156,226176800.0
2020-03-09,AAPL,63.78847126369504,67.2566283985615,63.60708224588359,64.3737564086914,286744800.0
2020-03-10,AAPL,67.02688078666671,69.27610190295883,65.14768563149643,69.01006317138672,285290000.0
2020-03-11,AAPL,67.08733175658426,68.01362169576068,65.74988307252373,66.61329650878906,255598800.0
2020-03-12,AAPL,61.8996120451793,65.30005115563984,59.97930624666177,60.03493118286133,418474000.0
2020-03-13,AAPL,64.06419375596272,67.69922981131083,61.176475967090425,67.22761535644531,370732000.0
2020-03-16,AAPL,58.51609179443726,62.65901412516802,58.044481123383505,58.578975677490234,322423600.0
2020-03-17,AAPL,59.860787730415886,62.30349073818724,57.65751584296428,61.15469741821289,324056000.0
2020-03-18,AAPL,57.98886105384675,60.46300623570861,57.347950973526814,59.65763854980469,300233600.0
2020-03-19,AAPL,59.83177257079482,61.14986537455913,58.6757201816232,59.200538635253906,271857200.0
2020-03-20,AAPL,59.780979833542105,60.905593927619734,55.142259915533515,55.44215774536133,401693200.0
2020-03-23,AAPL,55.16160823517076,55.26318563901528,51.420157253571155,54.26433563232422,336752800.0
2020-03-24,AAPL,57.16413951249609,59.90432314625296,56.66592497733461,59.70842361450195,287531200.0
2020-03-25,AAPL,60.644390107262105,62.45828014038061,59.08444541685393,59.3795051574707,303602000.0
2020-03-26,AAPL,59.62135514690596,62.56227261652978,59.582657941818766,62.50423049926758,252087200.0
2020-03-27,AAPL,61.12809725879501,61.88267437044843,59.74954150082475,59.91641998291016,204216800.0
2020-03-30,AAPL,60.64197645935922,61.798028812791074,60.317891949823974,61.626312255859375,167976400.0
2020-03-31,AAPL,61.8173747321562,63.483731229594824,60.94670602705082,61.500545501708984,197002000.0
2020-04-01,AAPL,59.61652017243426,60.15343192722889,57.83407204839957,58.26456832885742,176218400.0
2020-04-02,AAPL,58.12670897901646,59.290016512254034,57.29473750591379,59.23680877685547,165934000.0
2020-04-03,AAPL,58.72166453956951,59.423033841940786,57.79537096509543,58.38549041748047,129880000.0
2020-04-06,AAPL,60.68067122588063,63.63368236649505,60.31305880719071,63.47890090942383,201820400.0
2020-04-07,AAPL,65.49351989948178,65.71119260823201,62.6396691972311,62.7436637878418,202887200.0
2020-04-08,AAPL,63.54419983698464,64.6639759139237,63.17900829152558,64.34957122802734,168895200.0
2020-04-09,AAPL,64.98563166236876,65.31696770263731,64.01822371729881,64.81391143798828,161834800.0
2020-04-13,AAPL,64.89134005540326,66.19492649138382,64.29154415618481,66.08609008789062,131022800.0
2020-04-14,AAPL,67.71855339125206,69.71383219653002,67.24693908498263,69.4236068725586,194994800.0
2020-04-15,AAPL,68.29901865238591,69.24949545432703,67.8709431733772,68.78997802734375,131154400.0
2020-04-16,AAPL,69.50342631571836,69.70174671960459,68.28691109689659,69.3365478515625,157125200.0
2020-04-17,AAPL,68.85284047730217,69.39942831156146,66.95913534892303,68.39573669433594,215250000.0
2020-04-20,AAPL,67.22276033093017,68.12486348645393,66.95672167861267,66.97606658935547,130015200.0
2020-04-21,AAPL,66.81887303902265,67.05346978399236,64.19477725392538,64.90582275390625,180991600.0
2020-04-22,AAPL,66.17311317288764,67.2106601783122,65.83210839433792,66.77532958984375,116862400.0
2020-04-23,AAPL,66.7197182347329,68.14180934991,66.47786620509702,66.51656341552734,124814400.0
2020-04-24,AAPL,67.04139072828913,68.44655053818545,66.99301736634283,68.43687438964844,126161200.0
2020-04-27,AAPL,68.1538936670834,68.81657319534303,67.70647335185146,68.48523712158203,117087600.0
2020-04-28,AAPL,68.94718337955696,69.12857242814091,67.28324737370122,67.3751449584961,112004800.0
2020-04-29,AAPL,68.86252533126566,70.05727484881541,68.65937052894684,69.58808135986328,137280800.0
2020-04-30,AAPL,70.12741093803704,71.2326764610738,69.7380327214539,71.05612182617188,183064000.0
2020-05-01,AAPL,69.23015344644766,72.31376726807983,69.13341409681881,69.91217803955078,240616800.0
2020-05-04,AAPL,69.93633445349597,71.02950265458016,69.24705489201135,70.90132141113281,133568000.0
2020-05-05,AAPL,71.36085458478117,72.79745613687825,71.21574190038736,71.96548461914062,147751200.0
2020-05-06,AAPL,72.66685157702763,73.33919985774601,72.28230777359485,72.70796966552734,142333600.0
2020-05-07,AAPL,73.33437600959047,73.80599044082199,73.0320609589904,73.46013641357422,115215200.0
2020-05-08,AAPL,74.11973516927421,75.26193940487305,73.79234971555809,75.20858764648438,133838400.0
2020-05-11,AAPL,74.7163366718579,76.88676780418143,74.50777700308508,76.39205932617188,145946400.0
2020-05-12,AAPL,77.07588574980144,77.52695196972876,75.39774386669593,75.51899719238281,162301200.0
2020-05-13,AAPL,75.6984577813938,76.61998759486177,73.53044749592581,74.607177734375,200622400.0
2020-05-14,AAPL,73.84571291244961,75.12614791139806,73.12304032792042,75.06552124023438,158929200.0
2020-05-15,AAPL,72.83687396484294,74.66779621600826,72.80291948142614,74.62171936035156,166348400.0
2020-05-18,AAPL,75.9458316362108,76.7533757455592,75.2546860142826,76.37991333007812,135178400.0
2020-05-19,AAPL,76.39688667871405,77.24323270759544,75.90702580080492,75.93855285644531,101729600.0
2020-05-20,AAPL,76.79703154307944,77.48574978669299,76.75822957715101,77.4154281616211,111504800.0
2020-05-21,AAPL,77.27717806754521,77.8179706179206,76.60058237100931,76.83824157714844,102688800.0
2020-05-22,AAPL,76.57633494565745,77.41541342276373,76.47448628011443,77.33296203613281,81803200.0
2020-05-26,AAPL,78.45091841064635,78.6303710026143,76.75337148985957,76.80915069580078,125522000.0
2020-05-27,AAPL,76.6660601761675,77.289296677021,75.92641041182232,77.14379119873047,112945200.0
2020-05-28,AAPL,76.81884468298037,78.43636762804827,76.54239089339562,77.1777572631836,133560800.0
2020-05-29,AAPL,77.42026804049199,77.88102931454405,76.74609967511876,77.10258483886719,153532400.0
2020-06-01,AAPL,77.05650985276371,78.17204223872224,76.92555415248881,78.05078887939453,80791200.0
2020-06-02,AAPL,77.7840255273494,78.43636915500637,77.34266154865261,78.41211700439453,87642800.0
2020-06-03,AAPL,78.73221426577138,79.10567659978926,78.15989469149704,78.84376525878906,104491200.0
2020-06-04,AAPL,78.66674739088378,78.96502587807994,77.79129440641832,78.16475677490234,87560400.0
2020-06-05,AAPL,78.41455514859591,80.45161026599361,78.38545552417453,80.39098358154297,137250400.0
2020-06-08,AAPL,80.08783519139197,80.90023409134206,79.37729235859877,80.86627960205078,95654400.0
2020-06-09,AAPL,80.54618503439575,83.81274342787988,80.51465797687612,83.41988372802734,147712400.0
2020-06-10,AAPL,84.36807924016622,86.0340990809107,83.92914270631454,85.5660629272461,166651600.0
2020-06-11,AAPL,84.71002389741363,85.134410668066,81.35615913194549,81.4580078125,201662400.0
2020-06-12,AAPL,83.59691311681682,84.34383052506377,81.05059266944424,82.16127014160156,200146000.0
2020-06-15,AAPL,80.81537017078598,83.82972713796804,80.65288740054817,83.17738342285156,138808800.0
2020-06-16,AAPL,85.2314142826488,85.65338103043176,83.59692127094438,85.38176727294922,165428800.0
2020-06-17,AAPL,86.12625510451949,86.18688178098341,85.1416784708026,85.26293182373047,114406400.0
2020-06-18,AAPL,85.21926346579517,85.71397910806621,84.68817330586795,85.29686737060547,96820400.0
2020-06-19,AAPL,86.0025767936151,86.4681854978016,83.70118325430472,84.80944061279297,264476000.0
2020-06-22,AAPL,85.2022986582704,87.17145177573371,85.15622179560962,87.02837371826172,135445200.0
2020-06-23,AAPL,88.27243705588172,90.3046443458434,87.85289780891296,88.88597869873047,212155600.0
2020-06-24,AAPL,88.51493917080266,89.43404157028371,86.94349320290961,87.31695556640625,192623200.0
2020-06-25,AAPL,87.47216900112456,88.51494484309887,86.71312185164297,88.47614288330078,137522400.0
2020-06-26,AAPL,88.37185869535793,88.59254065861916,85.609704103183,85.75763702392578,205256800.0
2020-06-29,AAPL,85.66549550848868,87.82865862307958,85.1877569926391,87.73407745361328,130646000.0
2020-06-30,AAPL,87.32178381898869,88.75257885238088,87.30238654495997,88.46641540527344,140223200.0
2020-07-01,AAPL,88.5440368956825,89.087249484998,88.25060588813794,88.29910278320312,110737200.0
2020-07-02,AAPL,89.20608278944812,89.84144910031887,88.18513174947753,88.29910278320312,114041600.0
2020-07-06,AAPL,89.7275031739995,91.1291919816078,89.69597611039086,90.6611557006836,118655600.0
2020-07-07,AAPL,91.03943260618246,91.81787696805416,90.26826314860052,90.37981414794922,112424400.0
2020-07-08,AAPL,91.3571096058866,92.51629114915804,91.2698033595754,92.4847640991211,117092000.0
2020-07-09,AAPL,93.37720806711494,93.4305598406817,91.83486890517744,92.88249969482422,125642800.0
2020-07-10,AAPL,92.47751045180962,93.10318192525366,91.86639619002682,93.04497528076172,90257200.0
2020-07-13,AAPL,94.34967494482486,96.95904992595992,92.40234605111124,92.61575317382812,191649200.0
2020-07-14,AAPL,91.99734332779671,94.33995906948404,91.063698400921,94.14838409423828,170989200.0
2020-07-15,AAPL,96.02292805019556,96.27270959583294,93.59786162625385,94.79584503173828,153198000.0
2020-07-16,AAPL,93.66819648454631,94.4854427364264,93.0304027910354,93.62939453125,110577600.0
2020-07-17,AAPL,94.08047543961848,94.2356758762998,92.96736319511449,93.44025421142578,92186800.0
2020-07-20,AAPL,93.527561622358,95.54763916358736,93.18319885433614,95.40940856933594,90318000.0
2020-07-21,AAPL,96.19998173978416,96.27515822341762,93.84281636080428,94.09259796142578,103433200.0
2020-07-22,AAPL,93.79431625820118,95.03837684731693,93.70701739615949,94.35693359375,89001600.0
2020-07-23,AAPL,94.09017424204148,94.1677781639269,89.25216991066098,90.06214141845703,197004400.0
2020-07-24,AAPL,88.26032136137546,90.18339782375423,86.47304066581674,89.83903503417969,185438800.0
2020-07-27,AAPL,90.90120328645872,92.0603849239332,90.67810128466274,91.96823120117188,121214000.0
2020-07-28,AAPL,91.53901352618922,91.71604609920335,90.45258073696424,90.45743560791016,103625600.0
2020-07-29,AAPL,90.94000979201954,92.375652669585,90.9036352682461,92.19134521484376,90329200.0
2020-07-30,AAPL,91.36438869547273,93.41114559964625,90.9569792625978,93.30686950683594,158130000.0
2020-07-31,AAPL,99.80120250061276,103.2253956841153,97.80294239807122,103.07504272460938,374336800.0
2020-08-03,AAPL,104.95688931304775,108.29135620019736,104.6586108297832,105.67228698730467,308151200.0
2020-08-04,AAPL,105.86143507889906,107.46925546567044,105.1387625467804,106.3779754638672,173071600.0
2020-08-05,AAPL,106.09909913352544,107.08367565483032,105.63348305512756,106.76356506347656,121776800.0
2020-08-06,AAPL,107.095798287908,110.98318005233068,106.506508834704,110.48846435546876,202428800.0
2020-08-07,AAPL,110.00988008396922,110.4666158915092,107.179584578467,107.9764404296875,198045600.0
2020-08-10,AAPL,109.42196412100574,110.56380376144824,106.89534828081696,109.54586791992188,212403600.0
2020-08-11,AAPL,108.80973853697522,109.30777067354109,106.0280273176538,106.28797912597656,187902400.0
2020-08-12,AAPL,107.37878264931382,110.07789350159868,107.18443047564186,109.82037353515624,165598000.0
2020-08-13,AAPL,111.2002995590764,112.76729092425326,110.7119798713676,111.76393127441406,210082000.0
2020-08-14,AAPL,111.58901749702606,111.75421760454508,109.85439412589318,111.6643295288086,165565200.0
2020-08-17,AAPL,112.78671524478968,112.81101111968458,110.74598779263944,111.3727798461914,119561600.0
2020-08-18,AAPL,111.1250019917202,112.72600186122568,110.78973812752103,112.30084991455078,105633600.0
2020-08-19,AAPL,112.7089894111577,113.85568519716752,112.3470052838106,112.4417495727539,145538000.0
2020-08-20,AAPL,112.48306242183136,115.05098206254264,112.46605456390462,114.93679809570312,126907200.0
2020-08-21,AAPL,115.89639872088485,121.34320488803218,115.88425449002158,120.85974884033205,338054800.0
2020-08-24,AAPL,125.06510696520752,125.15014624205315,120.4394596328143,122.30526733398438,345937600.0
2020-08-25,AAPL,121.17801402833966,121.64689406910604,119.57943869691742,121.30191040039062,211495600.0
2020-08-26,AAPL,122.61866031262532,123.4082280829776,121.5521329040774,122.95149230957033,163022400.0
2020-08-27,AAPL,123.55400095827326,123.88683296878132,120.33741816118452,121.481689453125,155552400.0
2020-08-28,AAPL,122.45589632606432,122.873760221043,121.06140041082595,121.284912109375,187630000.0
2020-08-31,AAPL,123.97915723775616,127.30262866474357,122.44374970807397,125.39794158935548,225702700.0
2020-09-01,AAPL,129.01296330050218,130.99539444262734,126.84590719277946,130.39288330078125,151948100.0
2020-09-02,AAPL,133.70662433115996,134.0856162874723,123.41552250903742,127.69132995605467,200119000.0
2020-09-03,AAPL,123.32804426416962,125.20356404417052,117.09895914430102,117.46823120117188,257599600.0
2020-09-04,AAPL,116.68110262085476,120.20864558009524,107.76020180974344,117.54598236083984,332607200.0
2020-09-08,AAPL,110.73383843385652,115.63158886854931,109.49968655275792,109.63573455810548,231366600.0
2020-09-09,AAPL,113.95043910719228,115.77737504992244,112.00688739251969,114.0087432861328,176940500.0
2020-09-10,AAPL,116.9629291163385,117.09897712734502,109.32477117698188,110.28682708740234,182274400.0
2020-09-11,AAPL,111.3363301826508,111.97770563732568,106.89531598772322,108.8388671875,180860300.0
2020-09-14,AAPL,111.48211380367826,112.65796155648654,109.6163061668615,112.1040496826172,140150100.0
2020-09-15,AAPL,114.9902318029106,115.4761197012607,110.40344885623584,112.27897644042967,184642000.0
2020-09-16,AAPL,111.97773633652147,112.72600049138936,108.8777689505086,108.96522521972656,154679000.0
2020-09-17,AAPL,106.62325744568642,109.0332576277836,105.64176166922014,107.22575378417967,178011000.0
2020-09-18,AAPL,107.28405084908114,107.75049908575596,103.09569206867344,103.82452392578124,287104900.0
2020-09-21,AAPL,101.58945183665963,107.07998706588856,100.19009219073692,106.97309112548828,195713800.0
2020-09-22,AAPL,109.49969103484165,109.67461096517128,106.079043681136,108.65424346923828,183055400.0
2020-09-23,AAPL,108.469601478443,108.94576947432668,103.75648361182957,104.09661102294922,150718700.0
2020-09-24,AAPL,102.20165410941536,107.13827671141094,102.03645401086756,105.1655731201172,167743300.0
2020-09-25,AAPL,105.36964948370712,109.26647248780472,104.6310978054254,109.1109848022461,149981400.0
2020-09-28,AAPL,111.76393904662548,112.06518717809004,109.5968757075354,111.71534729003906,137672400.0
2020-09-29,AAPL,111.3169269814266,112.055471291945,110.36458338283204,110.86990356445312,99382200.0
2020-09-30,AAPL,110.57836749432272,113.95043065542164,110.41316739020328,112.54135131835938,142675200.0
2020-10-01,AAPL,114.31968302381053,114.39742685256728,112.560771529031,113.4936752319336,116120400.0
2020-10-02,AAPL,109.70375758314336,112.11376456822066,109.0526696470594,109.83008575439452,144712000.0
2020-10-05,AAPL,110.69498771842362,113.35765140139708,110.34514782850756,113.21188354492188,106243800.0
2020-10-06,AAPL,112.43445227836398,112.84260373156758,109.08182887759448,109.96614837646484,161498200.0
2020-10-07,AAPL,111.38493900127489,112.2886907442599,110.9087635462189,111.83195495605467,96849000.0
2020-10-08,AAPL,112.9689390012096,113.11470685692662,111.35578758231397,111.72506713867188,83477200.0
2020-10-09,AAPL,112.02629872507018,113.69775407377182,111.67645888864146,113.6686019897461,100506900.0
2020-10-12,AAPL,116.67139765020474,121.64689230757452,115.91341372886068,120.88890838623048,240226800.0
2020-10-13,AAPL,121.7343481891843,121.85096395135838,116.2729730734288,117.68204498291016,262330500.0
2020-10-14,AAPL,117.58486859235376,119.5575722262898,116.2438206939987,117.7695083618164,150712000.0
2020-10-15,AAPL,115.36923056556876,117.77923053145643,114.81531862538752,117.30306243896484,112559200.0
2020-10-16,AAPL,117.8569433828195,118.1193269462499,115.45665646862145,115.66072845458984,115393800.0
2020-10-19,AAPL,116.57422168009768,117.02123764921416,112.39559027449886,112.70655822753906,120639300.0
2020-10-20,AAPL,112.92034331318092,115.62188622477068,112.36643141199016,114.19337463378906,124423700.0
2020-10-21,AAPL,113.37706680716391,115.35949008406752,113.16327497131252,113.57142639160156,89946000.0
2020-10-22,AAPL,114.13506335968486,114.70841493004065,111.35578401227828,112.48304748535156,101988000.0
2020-10-23,AAPL,113.10500212763225,113.26048983824492,111.05455428181548,111.79310607910156,82572600.0
2020-10-26,AAPL,110.79215536953424,113.2604666650257,109.69404402667767,111.80280303955078,111850700.0
2020-10-27,AAPL,112.2303873896094,113.9698669973098,111.30720332612076,113.3090591430664,92276800.0
2020-10-28,AAPL,111.80280503922792,112.17207716189112,107.96428630838616,108.06146240234376,143937800.0
2020-10-29,AAPL,109.19846475592668,113.6297606580206,109.03325721187969,112.06520080566406,146129200.0
2020-10-30,AAPL,107.92542530180776,108.8291771537196,104.6796974682271,105.78752136230467,190272600.0
2020-11-02,AAPL,106.03046563409058,107.5561534514894,104.29098593931356,105.70005798339844,122866900.0
2020-11-03,AAPL,106.56492266395703,108.34326649090318,105.6611710016474,107.32290649414062,107624400.0
2020-11-04,AAPL,110.9184838247905,112.32755570064144,109.17900433769591,111.70561981201172,138235500.0
2020-11-05,AAPL,114.62095155797914,116.24382276328365,113.57143933861292,115.67047119140624,126387100.0
2020-11-06,AAPL,115.17886724342364,116.03550252982856,113.04700448892656,115.53904724121094,114457900.0
2020-11-09,AAPL,117.30099476626944,118.7514365224502,112.9691352746871,113.23196411132812,154515300.0
2020-11-10,AAPL,112.48242528209808,114.46826159817878,111.1001172605192,112.89127349853516,138023400.0
2020-11-11,AAPL,114.07887428608583,116.45409278270938,113.34878508110144,116.31781005859376,112295000.0
2020-11-12,AAPL,116.44436895423854,117.33020670166636,115.42224104958544,116.04524993896484,103162300.0
2020-11-13,AAPL,116.269139549406,116.49302940870272,114.74081980829088,116.09391784667967,81581900.0
2020-11-16,AAPL,115.76295421656155,117.77800032814828,115.01339915844956,117.1063232421875,91183000.0
2020-11-17,AAPL,116.3762301824057,117.46649204968942,115.80188944001708,116.22047424316406,74271000.0
2020-11-18,AAPL,115.4611953885004,116.6390719587161,114.8673888013958,114.89659118652344,76322100.0
2020-11-19,AAPL,114.46826657985704,115.89924282651538,113.70897488004306,115.49039459228516,74113000.0
2020-11-20,AAPL,115.49039807716412,115.61694422200075,114.176238754997,114.22490692138672,73604300.0
2020-11-23,AAPL,114.069151027174,114.49747245412723,110.73020904206231,110.82755279541016,127959300.0
2020-11-24,AAPL,110.88594337156805,112.77443558427984,109.6009793412134,112.11248779296876,113874200.0
2020-11-25,AAPL,112.4824235383736,113.65056340347142,112.11250688717266,112.94967651367188,76499200.0
2020-11-27,AAPL,113.47533860340312,114.3709129708123,113.1346317708944,113.49480438232422,46691300.0
2020-11-30,AAPL,113.86473583148882,117.75854568506468,113.7089798724564,115.88951873779295,169410200.0
2020-12-01,AAPL,117.7974716427606,120.19216354656008,116.82401928706074,119.46207427978516,127728200.0
2020-12-02,AAPL,118.78065073270164,120.0948173273605,117.68065226704212,119.81251525878906,89004200.0
2020-12-03,AAPL,120.24082042379452,120.493920092042,118.96560033409804,119.6762237548828,78967600.0
2020-12-04,AAPL,119.34526159986808,119.5983613009378,118.29393123559596,119.00455474853516,78260400.0
2020-12-07,AAPL,119.0629479962768,121.26295226566268,119.00454323508524,120.4647216796875,86712000.0
2020-12-08,AAPL,121.06826612455384,121.66207262611567,119.82224093273688,121.07799530029295,82225500.0
2020-12-09,AAPL,121.2240215863675,122.60632215950014,117.7877359329826,118.54702758789062,115089200.0
2020-12-10,AAPL,117.30098952456378,120.58152609613698,116.96028274160534,119.96824645996094,81312200.0
2020-12-11,AAPL,119.17977461758367,119.501015683911,117.34968682549408,119.16030883789062,86939800.0
2020-12-14,AAPL,119.34525822854418,120.07534750085608,118.31340110026942,118.54702758789062,79184500.0
2020-12-15,AAPL,121.0390623043862,124.5045577398364,120.8346382009764,124.4850845336914,157243700.0
2020-12-16,AAPL,124.0275561892667,124.96206204213269,123.2001158255996,124.41693115234376,98208600.0
2020-12-17,AAPL,125.47801271123195,126.13996808980455,124.64084302444346,125.2833251953125,94359800.0
2020-12-18,AAPL,125.53640555307187,125.6726882705122,122.77179737031577,123.2974624633789,192541500.0
2020-12-21,AAPL,121.70099438309586,124.90365310723668,120.17267468087437,124.82577514648438,121251600.0
2020-12-22,AAPL,128.11605471749206,130.84172406271304,126.20808171972652,128.37889099121094,168904800.0
2020-12-23,AAPL,128.65143115759162,128.9142525259575,127.30806252669927,127.48329162597656,88223700.0
2020-12-24,AAPL,127.83376887622416,129.91695629713385,127.61960817236115,128.4665069580078,54930100.0
2020-12-28,AAPL,130.43288465030292,133.6939410837403,129.96561683148184,133.0612030029297,124486200.0
2020-12-29,AAPL,134.38510661556313,135.10545188425303,130.7735916806408,131.28952026367188,121047300.0
2020-12-30,AAPL,131.98069677623383,132.37981588137615,129.8585625212068,130.17007446289062,96452100.0
2020-12-31,AAPL,130.5204870277971,131.16296911492586,128.2231389904879,129.16738891601562,99116600.0
2021-01-04,AAPL,129.97535392263828,130.0629610638514,123.394814362578,125.9744644165039,143301900.0
2021-01-05,AAPL,125.46826826756664,128.242613306386,125.0204736671036,127.531982421875,97664900.0
2021-01-06,AAPL,124.32932869572905,127.57092663069264,123.02489875437408,123.2390594482422,155088000.0
2021-01-07,AAPL,124.95234603859188,128.13553942794485,124.4656198565864,127.4443817138672,109578200.0
2021-01-08,AAPL,128.91425901030706,129.10896132011973,126.77266728567469,128.5443572998047,105158200.0
2021-01-11,AAPL,125.76030156918269,126.71428063801751,125.08861712398672,125.55587005615234,100384500.0
2021-01-12,AAPL,125.08860712256087,126.24701761180567,123.49214611607862,125.38064575195312,91951100.0
2021-01-13,AAPL,125.34168812995227,127.96027667813408,125.07886675534918,127.41514587402344,88636800.0
2021-01-14,AAPL,127.32757155716696,127.5222590582708,125.34172042627678,125.4877471923828,90221800.0
2021-01-15,AAPL,125.3611859080536,126.76295959555424,123.6284420036996,123.76472473144533,111598500.0
2021-01-19,AAPL,124.38772578454656,125.29304408982054,123.57002946950722,124.4364013671875,90757300.0
2021-01-20,AAPL,125.24435806944972,128.9726816127556,125.13727773804456,128.52488708496094,104319500.0
2021-01-21,AAPL,130.24789882523683,135.96205811290383,130.04346734095793,133.23638916015625,120150900.0
2021-01-22,AAPL,132.6621108553387,136.1373435501003,131.43556600326772,135.3780517578125,114459400.0
2021-01-25,AAPL,139.27182020640586,141.23818305206848,132.91516336360118,139.12579345703125,157611700.0
2021-01-26,AAPL,139.7877880388179,140.469201833175,137.61697822104978,139.35946655273438,98390600.0
2021-01-27,AAPL,139.62224478331817,140.46915831522645,136.68242977361535,138.2886199951172,140843800.0
2021-01-28,AAPL,135.81607367562873,138.22050212672593,133.07093096645875,133.45057678222656,142621100.0
2021-01-29,AAPL,132.22401178645546,133.10985683778753,126.7532152717128,128.45675659179688,177523800.0
2021-02-01,AAPL,130.19924214528973,131.7859741111612,127.45409959233686,130.57888793945312,106239800.0
2021-02-02,AAPL,132.1266407771297,132.6912447408377,131.03637924925178,131.4062957763672,83305400.0
2021-02-03,AAPL,132.15589194554707,132.165635975879,130.0629752354402,130.38421630859375,89880900.0
2021-02-04,AAPL,132.68155527349182,133.75234392204015,131.01694525702797,133.74261474609375,84183100.0
2021-02-05,AAPL,133.90346870595903,133.97170445351236,132.45085206919504,133.32826232910156,75693800.0
2021-02-08,AAPL,132.61659492201852,133.52326614630692,131.53444758226135,133.47451782226562,71297200.0
2021-02-09,AAPL,133.19177019449774,134.42016235628924,132.44110262440083,132.59707641601562,76774200.0
2021-02-10,AAPL,133.05529021983176,133.5525022619222,131.0274820724659,131.99264526367188,73046600.0
2021-02-11,AAPL,132.48981847138168,132.96752812373632,130.41327725499468,131.73915100097656,64280000.0
2021-02-12,AAPL,130.97873504321333,132.12911793128706,130.33529298247856,131.97312927246094,60145100.0
2021-02-16,AAPL,132.09015902011436,132.59709996571863,129.45789813500429,129.84786987304688,80576300.0
2021-02-17,AAPL,127.95650854312616,128.90216926300226,126.22117575067011,127.55679321289062,97918500.0
2021-02-18,AAPL,125.95798047907508,126.73790904839908,124.21290350757396,126.45519256591795,96856700.0
2021-02-19,AAPL,126.9718859638425,127.43009341839544,125.56801758188448,126.61116027832033,87668800.0
2021-02-22,AAPL,124.797821900289,126.46491917771368,122.44830023340782,122.83826446533205,103916400.0
2021-02-23,AAPL,120.654494241735,123.53046696039274,115.4192408942732,122.70179748535156,158273000.0
2021-02-24,AAPL,121.804881845143,122.40931941932187,119.16288479188184,122.20458984375,111039900.0
2021-02-25,AAPL,121.5513960656033,123.28672920715788,117.51528197921584,117.95398712158205,148199500.0
2021-02-26,AAPL,119.51382934353045,121.71712094720247,118.15870939243612,118.21720886230467,164560400.0
2021-03-01,AAPL,120.64473383419433,124.71984514122286,119.70882406427694,124.58335876464844,116307900.0
2021-03-02,AAPL,125.18779891061432,125.49001767022229,121.87311395477931,121.98035430908205,102260900.0
2021-03-03,AAPL,121.67814867049456,122.55556651851715,118.78267349099536,118.99715423583984,112966300.0
2021-03-04,AAPL,118.69492201638305,120.49849839926787,115.64346591859298,117.11557006835938,178155000.0
2021-03-05,AAPL,117.94423786319923,118.88014757741404,114.61980182519048,118.3731918334961,153766600.0
2021-03-08,AAPL,117.89549463389244,117.96373782106434,113.29393276187488,113.44017028808594,154376600.0
2021-03-09,AAPL,116.04316964725494,118.99713642859442,115.80919406877892,118.05147552490234,129525800.0
2021-03-10,AAPL,118.63641969338748,119.10437082693088,116.45262294368769,116.96932983398438,111943300.0
2021-03-11,AAPL,119.46509838909788,120.1182842596345,118.21721868480412,118.89965057373048,103026500.0
2021-03-12,AAPL,117.37879987716552,118.12947496626138,116.16991732521446,117.99298858642578,88105100.0
2021-03-15,AAPL,118.36346113570012,120.88846666765528,117.39829786101336,120.87871551513672,92403800.0
2021-03-16,AAPL,122.54579497339591,124.02765763412758,121.59039037182497,122.41905975341795,115227900.0
2021-03-17,AAPL,120.93721148152662,122.70179070070944,119.2701140328994,121.62939453125,111932600.0
2021-03-18,AAPL,119.79656889154106,120.08904396527872,117.30080936399337,117.50553894042967,121229700.0
2021-03-19,AAPL,116.89134214689705,118.3829485565644,116.6768614326796,116.97908020019533,185549500.0
2021-03-22,AAPL,117.310556903171,120.76172845240195,117.24231371312756,120.29376983642578,111912300.0
2021-03-23,AAPL,120.23527288356824,121.1224343178664,119.07513126230567,119.46509552001952,95467100.0
2021-03-24,AAPL,119.73805996841114,119.816054302137,117.05706610966416,117.0765609741211,88530500.0
2021-03-25,AAPL,116.54037047817636,118.60717576184044,116.01391986522562,117.56401824951172,98844700.0
2021-03-26,AAPL,117.33004413015976,118.43169368935104,115.93592696323272,118.16846466064452,94071200.0
2021-03-29,AAPL,118.59744153314396,119.50410536738508,117.70052885181629,118.34396362304688,80819200.0
2021-03-30,AAPL,117.09607172542653,117.37879562712054,115.87743806534004,116.89134216308594,85671900.0
2021-03-31,AAPL,118.59743876993916,120.42051011090868,118.10998526692909,119.08489227294922,118323800.0
2021-04-01,AAPL,120.55700880956336,121.06395720049495,119.41636191355396,119.91356658935548,75089100.0
2021-04-05,AAPL,120.76173132452315,122.99426922039768,119.98180275866348,122.74079132080078,88651200.0
2021-04-06,AAPL,123.32573845569712,123.9399272027551,122.49706897342678,123.0430145263672,80171300.0
2021-04-07,AAPL,122.67254799737614,124.71010003062226,121.99985979599344,124.69060516357422,83466700.0
2021-04-08,AAPL,125.71425240153567,127.11812083629366,125.29504953954824,127.08887481689452,88844600.0
2021-04-09,AAPL,126.54292881700624,129.70161790758218,126.22120772891054,129.66262817382812,106686700.0
2021-04-12,AAPL,129.19468000377913,129.51640109938154,127.35210636598374,127.9468002319336,91420000.0
2021-04-13,AAPL,129.11669192988782,131.28098676840776,128.6194798143975,131.05674743652344,91266500.0
2021-04-14,AAPL,131.55393195001986,131.6124239805342,128.35623869078685,128.71694946289062,87222800.0
2021-04-15,AAPL,130.46203997416845,131.61242290057214,130.2865490081675,131.12496948242188,89347100.0
2021-04-16,AAPL,130.9299738929471,131.29068461471235,129.93556488528282,130.79348754882812,84922400.0
2021-04-19,AAPL,130.15982336917756,132.07064756343885,129.99409097045535,131.45645141601562,94264200.0
2021-04-20,AAPL,131.63194282012853,132.12914001786334,128.5024849113631,129.76986694335938,94812300.0
2021-04-21,AAPL,129.0386769276597,130.39379691363274,128.00527800142257,130.1500701904297,68847100.0
2021-04-22,AAPL,129.7016461870522,130.78379376444718,128.11255758082413,128.62925720214844,84566500.0
2021-04-23,AAPL,128.84369107132306,131.72940697661994,128.84369107132306,130.94949340820312,78657500.0
2021-04-26,AAPL,131.4466873659373,131.67091176764876,130.2085515483263,131.33944702148438,66905100.0
2021-04-27,AAPL,131.6221681983873,132.01213986314156,130.74475798551163,131.01773071289062,66015800.0
2021-04-28,AAPL,130.93975103357886,131.6319415185454,129.74061964154626,130.2280731201172,107760100.0
2021-04-29,AAPL,133.0455464580238,133.630496551131,129.12641653636294,130.1305694580078,151101000.0
2021-04-30,AAPL,128.47321732434253,130.20855024381436,127.78104182463376,128.1612548828125,109839500.0
2021-05-03,AAPL,128.7267036427075,130.70577838338053,128.5219815192614,129.2141571044922,75135100.0
2021-05-04,AAPL,127.89805427494618,128.19052935599137,123.52071640184118,124.64186096191406,137564700.0
2021-05-05,AAPL,125.95799373768833,127.17662760681438,124.75886217572076,124.88560485839844,84000900.0
2021-05-06,AAPL,124.68085970531064,126.49418737954478,123.93992827849608,126.48444366455078,78128300.0
2021-05-07,AAPL,127.78325616498552,128.1836356126159,126.44535491426944,127.15825653076172,78973300.0
2021-05-10,AAPL,126.37702048839591,126.50396354467914,123.83795074636984,123.87701416015624,88071200.0
2021-05-11,AAPL,120.60551762571262,123.3105935686965,119.89262343355486,122.95903778076172,126142800.0
2021-05-12,AAPL,120.50787863355768,121.71881469697152,119.38482966601,119.89263916015624,112172300.0
2021-05-13,AAPL,121.66021008886268,123.19341357180042,121.34771025318692,122.04106903076172,105861300.0
2021-05-14,AAPL,123.29105636497444,124.8926187981441,122.90042974578068,124.46292877197266,81918000.0
2021-05-17,AAPL,123.84770522027009,123.95512773405063,122.23637496414496,123.3105926513672,74244600.0
2021-05-18,AAPL,123.59380326356953,124.01372562566158,121.85552242300643,121.92388153076172,63342900.0
2021-05-19,AAPL,120.2734914717984,121.99223682754791,119.9805196188087,121.76763153076172,92612000.0
2021-05-20,AAPL,122.29495751746948,124.72659669981742,122.16799959049966,124.32620239257812,76857100.0
2021-05-21,AAPL,124.82426479688549,125.00004641017313,122.27543512950636,122.4902801513672,79295400.0
2021-05-24,AAPL,123.05668957229344,124.94145621305331,122.98833046928488,124.1211395263672,63092900.0
2021-05-25,AAPL,124.8242630592938,125.31255193436976,123.35941878581563,123.9258270263672,72009500.0
2021-05-26,AAPL,123.98443668542278,124.40435907039624,123.4570917751828,123.87701416015624,56575900.0
2021-05-27,AAPL,123.4766199875777,124.6484925303121,122.14849379883395,122.34380340576172,94625600.0
2021-05-28,AAPL,122.62699066719642,122.85160338976284,121.63089988807832,121.68949127197266,71311100.0
2021-06-01,AAPL,122.14850191595166,122.41217064788404,121.03522069119808,121.36724853515624,67637100.0
2021-06-02,AAPL,121.36723416808287,122.30473364370846,121.14262887683677,122.1289520263672,59278900.0
2021-06-03,AAPL,121.75787349407824,121.9238874136965,120.24419788428176,120.64459228515624,76229200.0
2021-06-04,AAPL,121.16215477898147,123.20317504815016,120.94730975584967,122.9394989013672,75169300.0
2021-06-07,AAPL,123.21294850959708,123.35943444565716,121.90435770211774,122.94927978515624,71057600.0
2021-06-08,AAPL,123.63285119857684,125.44926608565648,123.25199229581943,123.76956939697266,74403800.0
2021-06-09,AAPL,124.22856322000108,124.75590806990476,123.55473244780472,124.1504364013672,56877900.0
2021-06-10,AAPL,124.04299560918672,125.1855796742298,122.9883135153828,123.15432739257812,71186400.0
2021-06-11,AAPL,123.56452163585192,124.45319758843416,123.1445992259498,124.36530303955078,53522400.0
2021-06-14,AAPL,124.82428233012304,127.4805274309543,124.09186008030994,127.42193603515624,96906500.0
2021-06-15,AAPL,126.89458011391096,127.53911517627388,126.35746756194185,126.6016082763672,62746300.0
2021-06-16,AAPL,127.3144772540413,127.82229404162898,125.44925378056163,127.0996322631836,91815000.0
2021-06-17,AAPL,126.75786702289923,129.44341498990488,126.61137364763496,128.7012176513672,96721700.0
2021-06-18,AAPL,127.64651493849462,128.4277531644962,127.18752928507848,127.40237426757812,108953300.0
2021-06-21,AAPL,127.24618396376992,129.30673284742429,126.1817336853154,129.19931030273438,79663300.0
2021-06-22,AAPL,129.03324210427792,130.93753650393603,128.5351855604838,130.83987426757812,74783600.0
2021-06-23,AAPL,130.63481857945425,131.171931135257,130.10746628787817,130.5664520263672,60214200.0
2021-06-24,AAPL,131.29889842930257,131.4844477920528,129.8145184284701,130.2832794189453,68711000.0
2021-06-25,AAPL,130.33211370345364,130.75202867042742,129.69733876810528,129.9903106689453,70783700.0
2021-06-28,AAPL,130.28322298494274,132.08009463324905,130.2246316118054,131.62110900878906,62111300.0
2021-06-29,AAPL,131.6406714747908,133.29106502927266,131.20122118482706,133.1348114013672,64556100.0
2021-06-30,AAPL,132.97859834281147,134.18954197676644,132.6856264263999,133.75009155273438,63261400.0
2021-07-01,AAPL,133.3985152300678,134.1114020662822,132.57819096384344,134.0528106689453,52485800.0
2021-07-02,AAPL,134.66801646633246,136.7188044942125,134.52153799341264,136.67974853515625,78852600.0
2021-07-06,AAPL,136.78718765891608,139.79498860999516,136.78718765891608,138.6914825439453,108181800.0
2021-07-07,AAPL,140.1757978920417,141.4941634456906,139.31643288260972,141.18167114257812,104911600.0
2021-07-08,AAPL,138.2617755637112,140.68364735524526,137.37309975875638,139.88287353515625,105575500.0
2021-07-09,AAPL,139.40437134178396,142.2363981441266,139.3067090791504,141.7090606689453,99890800.0
2021-07-12,AAPL,142.78327143895456,142.89069395646402,140.62506082396192,141.11334228515625,76299700.0
2021-07-13,AAPL,140.65435663279786,144.00397520789517,140.2637374239949,142.22662353515625,100827100.0
2021-07-14,AAPL,144.62899388581874,146.06454276359946,144.2188242911646,145.6543731689453,127050800.0
2021-07-15,AAPL,145.74224306877775,146.48442546002198,143.64262402981765,145.0000457763672,106820300.0
2021-07-16,AAPL,144.9805223346472,146.2500420755194,142.46098847923267,142.9590301513672,93251400.0
2021-07-19,AAPL,140.38095477067736,140.69346213559868,138.34970160220286,139.11141967773438,121434600.0
2021-07-20,AAPL,140.097728569033,143.6524171415738,139.6094470898314,142.72467041015625,96350000.0
2021-07-21,AAPL,142.1192217608621,142.7051655607568,141.24032096218994,141.9922637939453,74993500.0
2021-07-22,AAPL,142.51957617960753,144.72660272403846,142.39261824833602,143.3594207763672,77338200.0
2021-07-23,AAPL,144.09184768836266,145.23442440451626,143.47660834075452,145.0781707763672,71447400.0
2021-07-26,AAPL,144.79496626398165,146.31840180292855,144.23831833181586,145.4980926513672,72434100.0
2021-07-27,AAPL,145.62500649560198,145.71290845228364,142.1386858495418,143.33009338378906,104818600.0
2021-07-28,AAPL,141.41609361273288,143.52547338784896,139.19929130551824,141.5821075439453,118931200.0
2021-07-29,AAPL,141.29889173837356,143.1152993715257,141.1914692207776,142.22662353515625,56699500.0
2021-07-30,AAPL,140.99614324026174,142.90043773904355,140.73246710930246,142.4414520263672,70440600.0
2021-08-02,AAPL,142.92974528711127,143.50591381637727,141.8457598823253,142.10943603515625,62880000.0
2021-08-03,AAPL,142.3926053476169,144.57033600309364,141.7773660763225,143.90628051757812,64786600.0
2021-08-04,AAPL,143.81841241009994,144.32621435379124,142.85160984220758,143.5059051513672,56368300.0
2021-08-05,AAPL,143.53524596349257,144.37509085887814,142.7442322052795,143.61337280273438,46397700.0
2021-08-06,AAPL,143.13410295218878,143.8773972975789,142.42992307824375,142.9287109375,54126800.0
2021-08-09,AAPL,142.9873899692901,143.47640294108896,142.3223394909196,142.8798065185547,48908700.0
2021-08-10,AAPL,143.22211188591413,144.46420892889094,142.10716298252666,142.40057373046875,69023100.0
2021-08-11,AAPL,142.84068876296502,143.49596433929045,142.33211110540972,142.6548614501953,48493500.0
2021-08-12,AAPL,142.97760401540364,145.77475859452443,142.63528899224403,145.61827087402344,72282600.0
2021-08-13,AAPL,145.69653653501413,146.15620995558572,145.01192130974562,145.8236846923828,59375000.0
2021-08-16,AAPL,145.27597699148956,147.8677548726636,143.25147091055382,147.79928588867188,103296000.0
2021-08-17,AAPL,146.92885446726953,148.34698930481986,145.8139053280962,146.88973999023438,92229700.0
2021-08-18,AAPL,146.50830231259667,147.4080844695857,142.938498348175,143.14389038085938,86326000.0
2021-08-19,AAPL,141.8431082977637,144.74784668525945,141.32475571635126,143.47640991210938,86960300.0
2021-08-20,AAPL,144.2001657522503,145.23687099584217,143.55466496618592,144.93368530273438,60549600.0
2021-08-23,AAPL,145.05104264712142,146.88973641640624,144.6402734925246,146.4202880859375,60131800.0
2021-08-24,AAPL,146.1659822444016,147.54500248159704,145.8725714606484,146.33224487304688,48606400.0
2021-08-25,AAPL,146.51809526108525,147.01689814902136,144.55226807046895,145.09996032714844,58991300.0
2021-08-26,AAPL,145.09018736118287,145.84325676235127,144.2686340417797,144.2979736328125,48597200.0
2021-08-27,AAPL,144.23928688537814,145.48138422676655,143.6035758816841,145.33468627929688,55802400.0
2021-08-30,AAPL,145.7258929660488,150.11723565003402,145.3444633733459,149.75535583496094,90956700.0
2021-08-31,AAPL,149.3055075653763,149.44243065871365,147.96560130539905,148.49374389648438,86453100.0
2021-09-01,AAPL,149.47169736941174,151.57444704677317,148.9924593146708,149.15872192382812,80313700.0
2021-09-02,AAPL,150.48886382470346,151.32019193818465,149.05116433458485,150.27369689941406,71115500.0
2021-09-03,AAPL,150.38128139931968,151.23217421828528,149.72600573087058,150.909423828125,57808700.0
2021-09-07,AAPL,151.56469648456283,153.8043695479327,150.99743959102315,153.2469024658203,82278300.0
2021-09-08,AAPL,153.53053367824012,153.58921285674052,150.59645536526742,151.70162963867188,74420200.0
2021-09-09,AAPL,152.073273942186,152.67964530991367,150.56710548729126,150.68447875976562,57305700.0
2021-09-10,AAPL,151.59404461667015,152.06349296335642,145.43247723787448,145.69654846191406,140893200.0
2021-09-13,AAPL,147.32004846636258,148.09268237347644,145.48135496921765,146.26377868652344,102404300.0
2021-09-14,AAPL,147.0461970563759,147.7503768839939,143.68178564075433,144.8651885986328,109296300.0
2021-09-15,AAPL,145.29552986579753,146.15619746026422,143.15365068997156,145.7552032470703,83281300.0
2021-09-16,AAPL,145.17816193712628,145.6965144522282,143.98496918672433,145.5204620361328,68034100.0
2021-09-17,AAPL,145.54985605884855,145.54985605884855,142.55708356060515,142.85049438476562,129868800.0
2021-09-20,AAPL,140.6401600731503,141.65730067907975,138.16575516526504,139.79905700683594,123478900.0
2021-09-21,AAPL,140.76725695581268,141.42254742441006,139.6425331695155,140.2782440185547,75834000.0
2021-09-22,AAPL,141.2758504926419,143.21233776359767,140.54233100418216,142.6450958251953,76404300.0
2021-09-23,AAPL,143.4275394388265,143.84809847436335,142.4397383273961,143.6035919189453,64838200.0
2021-09-24,AAPL,142.4592969995775,144.22952199810462,142.36148841215257,143.6916046142578,53477900.0
2021-09-27,AAPL,142.2734066886808,142.75264467743182,140.65967017463345,142.17559814453125,74150700.0
2021-09-28,AAPL,140.10220759436288,141.5692464173405,138.57648960622467,138.79165649414062,108972300.0
2021-09-29,AAPL,139.33937729818666,141.2758647647725,138.90904343372455,139.69146728515625,74602000.0
2021-09-30,AAPL,140.50321039247126,141.20739026450596,138.17550387527373,138.3906707763672,89056700.0
2021-10-01,AAPL,138.7818766539813,139.77946730384753,136.0531908135578,139.51539611816406,94639600.0
2021-10-04,AAPL,138.6449736382081,139.08509731906585,135.23167212302508,136.08255004882812,98322000.0
2021-10-05,AAPL,136.42487967911666,139.11445172258436,136.2977314979069,138.00927734375,80861100.0
2021-10-06,AAPL,136.40527999667046,139.02638237086833,135.3294454857733,138.8796844482422,83221100.0
2021-10-07,AAPL,139.91641559084152,141.05092948182715,139.58389028870607,140.141357421875,61732700.0
2021-10-08,AAPL,140.86507705840515,141.01177498221017,139.42737771114903,139.75990295410156,58773200.0
2021-10-11,AAPL,139.14374758559657,141.6279267805162,138.6938491097419,139.671875,64452200.0
2021-10-12,AAPL,140.0826575469626,140.10222224522562,137.94077825367475,138.40045166015625,73035900.0
2021-10-13,AAPL,138.13639477336537,138.29286758829517,136.1412134172162,137.8136444091797,78762700.0
2021-10-14,AAPL,138.9872611601966,140.7183711807061,138.40043965116223,140.6009979248047,69907100.0
2021-10-15,AAPL,140.61082264449493,141.71598203721894,140.3565262964831,141.6573028564453,67940300.0
2021-10-18,AAPL,140.29784030967528,143.6133481739968,140.01421930853004,143.32972717285156,85589200.0
2021-10-19,AAPL,143.77961939322623,145.89215946553824,143.32973571996214,145.4911651611328,76378900.0
2021-10-20,AAPL,145.43242576664034,146.4593557869057,144.86516904188912,145.98011779785156,58418800.0
2021-10-21,AAPL,145.54002172435474,146.35178495602463,144.62067505418665,146.19529724121094,61421000.0
2021-10-22,AAPL,146.40074040762428,146.8799636819581,145.37380993998815,145.42271423339844,58883400.0
2021-10-25,AAPL,145.41290903215594,146.08774940871533,144.3762037849461,145.37379455566406,50720600.0
2021-10-26,AAPL,146.04862376445527,147.52543764586656,145.7356482824783,146.03884887695312,60893400.0
2021-10-27,AAPL,146.07796575011088,146.43983059903536,145.22708789518356,145.5791778564453,56094900.0
2021-10-28,AAPL,146.5278811601097,149.80425972363017,146.43007257824578,149.2174530029297,100077900.0
2021-10-29,AAPL,143.98499185882136,146.6452238271108,143.19279317037723,146.50830078125,124953200.0
2021-11-01,AAPL,145.71612242772915,146.4105126416791,144.55226891374826,145.68678283691406,74588300.0
2021-11-02,AAPL,145.39334900645795,148.23940825327995,145.38355919540496,146.7234649658203,69122000.0
2021-11-03,AAPL,147.08531361837095,148.63059632188478,146.52784661894307,148.16114807128906,54511500.0
2021-11-04,AAPL,148.24919365421383,149.0805068605867,147.32984675958332,147.642822265625,60394600.0
2021-11-05,AAPL,148.76915899673787,149.07278712412187,146.976757690118,148.17169189453125,65463900.0
2021-11-08,AAPL,148.29905483485294,148.45577097835087,147.07473798616405,147.34898376464844,55020900.0
2021-11-09,AAPL,147.1139127718246,148.3186363926463,146.97678987957883,147.7113800048828,56787900.0
2021-11-10,AAPL,146.93761078705322,147.0453512643886,144.81219859350324,144.88075256347656,65187100.0
2021-11-11,AAPL,145.8994181750369,146.35974762793103,144.6457037886557,144.83180236816406,41000000.0
2021-11-12,AAPL,145.38027365145768,147.3097982131486,144.449795829464,146.90823364257812,63804000.0
2021-11-15,AAPL,147.2804381058986,148.7594226576512,146.35974929904566,146.9180450439453,59222800.0
2021-11-16,AAPL,146.8592578937047,148.37741378411212,146.27157982474884,147.89747619628906,59256200.0
2021-11-17,AAPL,147.8974444188513,151.81525751603942,147.88765526640586,150.33628845214844,88807000.0
2021-11-18,AAPL,150.55179723889825,155.40987800940815,149.90535437132496,154.62631225585938,137827700.0
2021-11-19,AAPL,154.41081232255357,157.71158022509883,153.3138293695712,157.25123596191406,117305600.0
2021-11-22,AAPL,158.3580215257173,162.29542845267346,157.69200037488366,157.7115936279297,117467900.0
2021-11-23,AAPL,157.80951705712113,158.47555309859132,155.79184557181551,158.09356689453125,96041900.0
2021-11-24,AAPL,157.4471342187338,158.8085738483819,156.35994034575776,158.61268615722656,69463600.0
2021-11-26,AAPL,156.29140553118123,157.15331446693773,153.14735315261942,153.58810424804688,76959800.0
2021-11-29,AAPL,156.09548196515397,157.8780943084946,155.52739720558188,156.94761657714844,88748200.0
2021-11-30,AAPL,156.70274588184037,162.11912167836516,156.63417697403202,161.9036407470703,174048100.0
2021-12-01,AAPL,164.03886252915143,166.8009284808444,161.1494777894876,161.38455200195312,152052500.0
2021-12-02,AAPL,155.47843376037946,160.82624080588923,154.55774519881157,160.39527893066406,136739200.0
2021-12-03,AAPL,160.64995624545222,161.57064486360198,156.43830349501886,158.51473999023438,118023100.0
2021-12-06,AAPL,160.91441267175034,164.43066217672398,160.90462351682206,161.9232635498047,107497000.0
2021-12-07,AAPL,165.60596828506618,168.05460157243954,164.88116745170595,167.66281127929688,120405400.0
2021-12-08,AAPL,168.593312102322,172.34462027485748,167.19268602213367,171.48269653320312,116998900.0
2021-12-09,AAPL,171.31620335113058,173.11839407886248,170.3465390733042,170.973388671875,108923700.0
2021-12-10,AAPL,171.61006589770645,175.93924886657177,171.10074585864132,175.762939453125,115402700.0
2021-12-13,AAPL,177.3986153833375,178.38787299583686,171.92347383588933,172.12916564941406,153237000.0
2021-12-14,AAPL,171.64918787846642,174.08803193389883,168.67165647349816,170.7480926513672,139380400.0
2021-12-15,AAPL,171.51207028188244,175.81186972926076,168.76959801571434,175.61598205566406,131063300.0
2021-12-16,AAPL,175.5964093375668,177.41819331105674,167.24167279418768,168.72064208984375,150185800.0
2021-12-17,AAPL,166.43851201579665,169.90578548213614,166.20345276063674,167.6236572265625,195432700.0
2021-12-20,AAPL,164.82242453025603,167.07517044282818,164.01928047689202,166.26222229003906,107499100.0
2021-12-21,AAPL,168.03504264727704,169.641345814115,165.64517367936028,169.4356689453125,91185900.0
2021-12-22,AAPL,169.48460422982922,172.24666990143447,168.61289133008395,172.03118896484375,92135300.0
2021-12-23,AAPL,172.23687751170715,173.21633086134378,171.6687927754853,172.6580352783203,68356600.0
2021-12-27,AAPL,173.4513977796986,176.71297937182496,173.4318194724349,176.6248321533203,74919600.0
2021-12-28,AAPL,176.45833582983963,177.6042945644057,174.86182193569553,175.606201171875,79144300.0
2021-12-29,AAPL,175.6453602839472,176.91865254996387,174.47980847763824,175.6943359375,62348900.0
2021-12-30,AAPL,175.78251482342475,176.85991961465393,174.4308642572052,174.53860473632812,59773000.0
2021-12-31,AAPL,174.43085959378186,175.5474359178977,173.61791144491113,173.9215545654297,64062300.0
2022-01-03,AAPL,174.1761864672901,179.12242874444533,174.0586568508519,178.27029418945312,104487900.0
2022-01-04,AAPL,178.87758836256972,179.18121654083714,175.43969718796814,176.00778198242188,99310400.0
2022-01-05,AAPL,175.91962765597447,176.46811917460536,171.0517430102158,171.32598876953125,94537600.0
2022-01-06,AAPL,169.15160256379613,171.69818743268368,168.1133843303379,168.4659881591797,96904000.0
2022-01-07,AAPL,169.3376997173353,170.5620164817169,167.5159157741246,168.6324920654297,86709100.0
2022-01-10,AAPL,165.60599864366586,168.95572780142643,164.7146923768041,168.652099609375,106765600.0
2022-01-11,AAPL,168.77941063247667,171.58063290230876,167.3102305884416,171.48269653320312,76138300.0
2022-01-12,AAPL,172.50135116951776,173.53956952156884,171.22807353490404,171.92347717285156,74805200.0
2022-01-13,AAPL,172.16833406776786,172.9910714162829,168.26030924441002,168.652099609375,84505800.0
2022-01-14,AAPL,167.81954242119846,170.20941111487983,167.57467907053888,169.51400756835938,80440800.0
2022-01-18,AAPL,167.98601383804848,168.99484944374984,165.9291710743578,166.3111572265625,90956700.0
2022-01-19,AAPL,166.50705720159695,167.56486853489844,162.5304792855551,162.81451416015625,94815000.0
2022-01-20,AAPL,163.5491030708596,166.19362391453956,160.806630921933,161.12985229492188,91420500.0
2022-01-21,AAPL,161.0417244969125,162.9124840575923,158.96528809380473,159.07302856445312,122848900.0
2022-01-24,AAPL,156.73213888196668,158.9652914615593,151.5214395660685,158.29925537109375,162294600.0
2022-01-25,AAPL,155.71350456711474,159.41583739515477,153.79378418345803,156.4970703125,115798400.0
2022-01-26,AAPL,160.14063545703362,161.01234841002858,154.57734716045317,156.40892028808594,108275300.0
2022-01-27,AAPL,159.11219273840803,160.47363228871149,155.02787408749768,155.9485626220703,121954600.0
2022-01-28,AAPL,162.30520718558986,166.84986973924163,159.45499459640672,166.8302764892578,179935700.0
2022-01-31,AAPL,166.66377341050108,171.40432369026982,166.02711981248893,171.1888427734375,115541600.0
2022-02-01,AAPL,170.43470653654342,171.2476547749565,168.76963849371157,171.0223846435547,86213900.0
2022-02-02,AAPL,171.15949584991125,172.266283066221,169.7686736999572,172.2270965576172,84914300.0
2022-02-03,AAPL,170.89499578620112,172.61884304001376,168.5834855601735,169.3474578857422,89418100.0
2022-02-04,AAPL,168.3668057872498,170.7401162961765,167.38610440694853,169.0631103515625,82465400.0
2022-02-07,AAPL,169.5240678524441,170.59302893361408,167.65092433011057,168.34722900390625,77251200.0
2022-02-08,AAPL,168.4158439042664,171.96599307785382,168.1216304972166,171.45602416992188,74829200.0
2022-02-09,AAPL,172.65246413479986,173.2408759269309,171.5246486789991,172.87802124023438,71285000.0
2022-02-10,AAPL,170.7793456546729,172.09348197353535,168.2393325538158,168.79832458496094,90865900.0
2022-02-11,AAPL,169.0042733328554,169.7397993797007,164.79705596488338,165.38548278808594,98670700.0
2022-02-14,AAPL,164.13996586391173,166.30732224292808,163.34560023389338,165.62083435058594,86185500.0
2022-02-15,AAPL,167.67048439097334,169.61226856573026,166.96437833391397,169.45535278320312,62527400.0
2022-02-16,AAPL,168.53351334854412,169.994748612644,166.76824813134002,169.22000122070312,61177400.0
2022-02-17,AAPL,167.72933608370406,168.5923579851135,165.2187432406735,165.62083435058594,69589300.0
2022-02-18,AAPL,166.5426908818598,167.24878200376986,162.98274061084325,164.07131958007812,82772700.0
2022-02-22,AAPL,161.79610099125685,163.4731068473456,159.02071443579257,161.1488494873047,91162800.0
2022-02-23,AAPL,162.34528786351217,162.94351625967545,156.6670338772365,156.98086547851562,90009200.0
2022-02-24,AAPL,149.63540593186767,159.70721245821238,149.06659738297807,159.59933471679688,141147500.0
2022-02-25,AAPL,160.6781069290293,161.9334034703252,157.76542269815738,161.6686248779297,91974200.0
2022-02-28,AAPL,159.91315308309024,162.22760877136363,159.2953064697166,161.9333953857422,95056600.0
2022-03-01,AAPL,161.5215128724912,163.38485445669167,158.84420231864755,160.0504608154297,83474400.0
2022-03-02,AAPL,161.21747641613547,164.13016029917193,159.8052642347465,163.34559631347656,79724800.0
2022-03-03,AAPL,165.21876441640376,165.6502754224143,162.35511815252505,163.02198791503906,76678400.0
2022-03-04,AAPL,161.3155287237855,162.35506949161396,158.97165370211016,160.02099609375,83737200.0
2022-03-07,AAPL,160.2073682314536,161.83533601406552,155.97073134624392,156.22572326660156,96418800.0
2022-03-08,AAPL,155.754968485403,159.73661287922712,152.79324673379338,154.40159606933594,131148300.0
2022-03-09,AAPL,158.36363528455044,160.25639649791017,156.33359145766846,159.80526733398438,91454900.0
2022-03-10,AAPL,157.10834060556428,157.29467624132576,152.96978004521466,155.4607696533203,105342000.0
2022-03-11,AAPL,155.8628386400447,156.20609005481433,151.51833939243923,151.743896484375,96970100.0
2022-03-14,AAPL,148.52722554311967,151.14569651195163,147.20328761828517,147.71324157714844,108732100.0
2022-03-15,AAPL,147.9878136848799,152.56770172333492,147.47785980558257,152.09695434570312,92964300.0
2022-03-16,AAPL,154.01917189606445,156.91223829679822,151.47915863007114,156.51014709472656,102300200.0
2022-03-17,AAPL,155.549028989307,157.89290442537197,154.58794593498652,157.52023315429688,75615400.0
2022-03-18,AAPL,157.41236437319773,161.30574983268542,156.67683837905244,160.81539916992188,123511700.0
2022-03-21,AAPL,160.35443323926538,163.1396357668055,159.86408268386683,162.1883544921875,95811400.0
2022-03-22,AAPL,162.3158776286816,166.15042355950408,161.7274657879275,165.56201171875,81532000.0
2022-03-23,AAPL,164.74802792669965,169.30828329467843,164.41457808924804,166.92518615722656,98062700.0
2022-03-24,AAPL,167.75878767591715,170.77934993823305,166.92520042184205,170.71070861816406,90131400.0
2022-03-25,AAPL,170.52434378661113,171.89731959636083,169.4161465488256,171.34812927246094,80546200.0
2022-03-28,AAPL,168.84733794398963,172.33863211398676,168.68062052174977,172.21115112304688,90371900.0
2022-03-29,AAPL,173.28010585750482,175.55532497081904,172.93685443507036,175.5063018798828,100589400.0
2022-03-30,AAPL,175.1042096873483,176.14375060919454,173.2899064045924,174.33926391601562,92633200.0
2022-03-31,AAPL,174.40792609212167,174.59426174462104,171.03431102289065,171.24026489257812,103049300.0
2022-04-01,AAPL,170.6714345147771,171.5050365492017,168.62177252764585,170.94602966308594,78751300.0
2022-04-04,AAPL,171.20104367313095,175.0453912102986,171.0735477076942,174.99635314941406,76468400.0
2022-04-05,AAPL,174.07449332905188,174.85905741860927,171.0539313110609,171.68157958984375,73401800.0
2022-04-06,AAPL,169.0336712319797,170.27916603294383,166.8467115933005,168.51390075683594,89058800.0
2022-04-07,AAPL,167.85684898260146,170.01438898962488,166.57213259059588,168.81793212890625,77594700.0
2022-04-08,AAPL,168.46485203266047,168.46485203266047,165.93464112451483,166.80746459960938,76575500.0
2022-04-11,AAPL,165.45410588858888,165.76792249086608,162.3060484551017,162.5512237548828,72246700.0
2022-04-12,AAPL,164.77744578641645,166.59173431379904,163.42407312851623,164.4243927001953,79265200.0
2022-04-13,AAPL,164.1596054273598,167.73915952284898,163.55157535283024,167.11151123046875,70618900.0
2022-04-14,AAPL,167.3272054395825,167.96467008953368,161.85489188045457,162.10006713867188,75329400.0
2022-04-18,AAPL,160.75653828349098,163.3848252707186,160.41330184341265,161.8843536376953,69023900.0
2022-04-19,AAPL,161.83534399523174,164.5813108194766,160.74676487778993,164.16940307617188,67723800.0
2022-04-20,AAPL,165.50314204406817,165.62083637298807,162.89448802131358,164.00267028808594,67929800.0
2022-04-21,AAPL,165.65026467883652,168.21969736612456,162.70816069883412,163.20831298828125,87227800.0
2022-04-22,AAPL,163.2475677102336,164.6303453628702,158.38328200071132,158.6676788330078,84882400.0
2022-04-25,AAPL,158.01058942731927,160.0210300948507,155.40193532965264,159.73663330078125,96046400.0
2022-04-26,AAPL,159.1187908139756,159.207050342252,153.69551365548884,153.7739715576172,95623200.0
2022-04-27,AAPL,152.9011192722885,156.7062295432353,152.38134886202627,153.5483856201172,88063200.0
2022-04-28,AAPL,156.17670074562366,161.34500140614668,155.86286910913438,160.4819793701172,130216800.0
2022-04-29,AAPL,158.71668452045293,162.99254251007733,154.2152694364459,154.6075439453125,131747600.0
2022-05-02,AAPL,153.68569876055605,155.17635387935172,150.31208408187865,154.9115753173828,123055300.0
2022-05-03,AAPL,155.09788730053197,157.6084949183751,153.3032172904116,156.4022216796875,88966500.0
2022-05-04,AAPL,156.58856589280018,163.267138972668,156.18647479117334,162.81602478027344,108256500.0
2022-05-05,AAPL,160.68793581379188,160.91349295341686,151.9596840798174,153.74456787109375,130525300.0
2022-05-06,AAPL,153.22401904266582,156.59277501720737,151.4266967858706,154.47134399414062,116124600.0
2022-05-09,AAPL,152.16327128379606,153.04720818256274,148.78471498335946,149.3445281982422,131577900.0
2022-05-10,AAPL,152.74276671948687,153.9409814618481,150.19900690567323,151.75079345703125,115366700.0
2022-05-11,AAPL,150.7588143723003,152.67398849573087,143.20613912417974,143.88381958007812,142689800.0
2022-05-12,AAPL,140.22041656879802,143.58915641213457,136.32131165679368,140.01416015625,182602000.0
2022-05-13,AAPL,142.00793811597927,145.45526685384394,140.55437184575726,144.48294067382812,113990900.0
2022-05-16,AAPL,142.95081001781338,144.88563148350204,141.6052649207857,142.94097900390625,86643800.0
2022-05-17,AAPL,146.2016865687997,147.0954395557584,144.06060880808,146.5749053955078,78336300.0
2022-05-18,AAPL,144.22756749777338,144.728454553279,137.40166819210114,138.3052520751953,109742900.0
2022-05-19,AAPL,137.38208160836896,139.13029385475133,134.1606557844978,134.8972625732422,136095600.0
2022-05-20,AAPL,136.60614779257094,138.1873972505803,130.2418708685785,135.1329345703125,137426100.0
2022-05-23,AAPL,135.3293635083762,140.70168239695178,135.19186420352216,140.5543670654297,117726300.0
2022-05-24,AAPL,138.29547673262292,139.43476557748104,134.87762518435312,137.853515625,104132700.0
2022-05-25,AAPL,135.95793161918118,139.25792986661668,135.8695424217508,138.0106201171875,92482700.0
2022-05-26,AAPL,134.93649979225893,141.76238425203672,134.6909642722216,141.21238708496094,90601500.0
2022-05-27,AAPL,142.79366865497497,147.00705253559786,142.66598536012808,146.9677734375,90978500.0
2022-05-31,AAPL,146.40794084331958,147.9695433008326,144.2177530085784,146.18203735351562,103718400.0
2022-06-01,AAPL,147.2231036462002,149.03025660842948,145.04274685421817,146.0543670654297,74286600.0
2022-06-02,AAPL,145.1900746138875,148.5686459793301,144.2373955374819,148.5097198486328,72348100.0
2022-06-03,AAPL,144.27668941243508,145.327588805216,141.88027492949882,142.78384399414062,88570300.0
2022-06-06,AAPL,144.40437947478588,145.91688699135824,142.31241160472894,143.5302734375,71598400.0
2022-06-07,AAPL,141.77222665254513,146.33918169758047,141.52669111278408,146.0543670654297,67808200.0
2022-06-08,AAPL,145.92670296402,147.1936599216941,144.8267083969664,145.31777954101562,53950200.0
2022-06-09,AAPL,144.45347180040457,145.30793069054988,139.98472194082933,140.09275817871094,69473000.0
2022-06-10,AAPL,137.7749096051149,138.2463336751748,134.61241045362357,134.68116760253906,91437900.0
2022-06-13,AAPL,130.49722878533498,132.78562190034356,129.09277263849617,129.52491760253906,122207100.0
2022-06-14,AAPL,130.75259347181498,131.49901613498997,129.1320498799016,130.38919067382812,84784300.0
2022-06-15,AAPL,131.89184853709685,134.8873847695174,129.79989617338862,133.01148986816406,91533000.0
2022-06-16,AAPL,129.72130418987686,130.02576578163166,126.73558441603814,127.73737335205078,108123900.0
2022-06-17,AAPL,127.74724995941776,130.70349274398822,127.4918833825682,129.21063232421875,134520300.0
2022-06-21,AAPL,131.03743398602646,134.61243163462674,130.93922874022462,133.4436798095703,81000500.0
2022-06-22,AAPL,132.3829102685743,135.29987313438036,131.518635520915,132.93292236328125,73409200.0
2022-06-23,AAPL,134.37672361512418,136.11510478571114,133.20797181999205,135.8008270263672,72433800.0
2022-06-24,AAPL,137.40169953003104,139.375815112003,137.27403122380292,139.13027954101562,89116800.0
2022-06-27,AAPL,140.15170092235036,140.92760171899965,138.45259896728206,139.13027954101562,70207900.0
2022-06-28,AAPL,139.5918597520797,140.85881645152855,134.867758706979,134.98561096191406,67083400.0
2022-06-29,AAPL,135.00527146488074,138.15793948922365,134.2293707457082,136.74365234375,66242400.0
2022-06-30,AAPL,134.79903766505709,135.89903230248103,131.38118647998766,134.27850341796875,98964500.0
2022-07-01,AAPL,133.6106148417446,136.55704136561366,133.23741100607202,136.44900512695312,71051600.0
2022-07-05,AAPL,135.30971636921956,139.08113829870763,134.48470564577644,139.0320281982422,73353800.0
2022-07-06,AAPL,138.82581180795694,141.54633502633234,138.56062920663072,140.36776733398438,74064300.0
2022-07-07,AAPL,140.73115856961377,143.93295194501383,140.72134254203155,143.7365264892578,66253700.0
2022-07-08,AAPL,142.66597262808202,144.9150866907465,142.41062104747897,144.4141845703125,64547800.0
2022-07-11,AAPL,143.0686451840122,144.02132426836204,141.2123971200697,142.28292846679688,63141600.0
2022-07-12,AAPL,143.1570440660671,145.79900902596674,142.4597314847581,143.25526428222656,77588800.0
2022-07-13,AAPL,140.43652068379964,143.83472435454556,139.58204676627264,142.89187622070312,71185600.0
2022-07-14,AAPL,141.5070457617974,146.29007333779407,140.69186596170863,145.8186492919922,78140700.0
2022-07-15,AAPL,147.1052616395071,148.1659770435882,145.55347512166446,147.48829650878906,76259900.0
2022-07-18,AAPL,148.04810908676706,148.86328884760215,144.08024651562505,144.4436492919922,81420900.0
2022-07-19,AAPL,145.27851197537842,148.52940114457252,144.28655347840194,148.3035125732422,82982400.0
2022-07-20,AAPL,148.42132610705224,150.97490184976564,147.6847194489196,150.30703735351562,64823400.0
2022-07-21,AAPL,151.74099392614767,152.7918934399678,149.22671189385298,152.57582092285156,65086600.0
2022-07-22,AAPL,152.61507520531072,153.48918116011728,150.67043785379852,151.33828735351562,66675400.0
2022-07-25,AAPL,151.2597268643066,152.27133221190695,149.56062491925485,150.21865844726562,53623900.0
2022-07-26,AAPL,149.54097900815464,150.3561589035467,148.10705966352916,148.8927764892578,55138700.0
2022-07-27,AAPL,149.8552563235132,154.5204317003286,149.4427584043403,153.9900665283203,78620700.0
2022-07-28,AAPL,154.17668202554245,154.82489948966665,151.65258430440582,154.5400848388672,81378700.0
2022-07-29,AAPL,158.3606307359644,160.70795024668809,156.6516977293032,159.60794067382812,101786900.0
2022-08-01,AAPL,158.13470710792794,160.66863573230555,158.01685484186865,158.6257781982422,67829400.0
2022-08-02,AAPL,157.24097682201486,159.50972297268584,156.77936877558471,157.15257263183594,59907000.0
2022-08-03,AAPL,157.96772903161715,163.61504600881742,157.87933984085964,163.16326904296875,82507500.0
2022-08-04,AAPL,163.04540919289056,164.20434469622828,161.49362283306857,162.84898376464844,55474100.0
2022-08-05,AAPL,160.5181295866614,163.11458658503176,160.31158658363523,162.62283325195312,56697000.0
2022-08-08,AAPL,163.62600159758355,165.04225361834065,161.4917939022086,162.15074157714844,60276900.0
2022-08-09,AAPL,161.3146947632391,163.08500896457804,160.5573907701719,162.19984436035156,63135500.0
2022-08-10,AAPL,164.91435623038078,166.54698055787682,164.14722239112217,166.44863891601562,70170500.0
2022-08-11,AAPL,167.25511117853088,168.1697800173322,165.41595884571527,165.7110137939453,57149200.0
2022-08-12,AAPL,167.0190809905204,169.33031226065586,166.60599505436244,169.261474609375,68039400.0
2022-08-15,AAPL,168.6910117877752,170.53016384292243,168.52381751068145,170.33346557617188,54091700.0
2022-08-16,AAPL,169.93024033504878,170.84490912166515,168.82871793209483,170.17611694335938,56377100.0
2022-08-17,AAPL,169.92042587693876,173.24466771389544,169.72372757411412,171.6710662841797,79542000.0
2022-08-18,AAPL,170.88426755707084,172.01529411647135,170.26465361199578,171.2776641845703,62290100.0
2022-08-19,AAPL,170.1761140668042,170.87441022573427,168.48448182965225,168.69102478027344,70346300.0
2022-08-22,AAPL,166.89121173091766,167.05840602639253,164.38326728455968,164.80618286132812,69026800.0
2022-08-23,AAPL,164.32426652803133,165.92738691269662,163.90135093265715,164.47178649902344,54147100.0
2022-08-24,AAPL,164.56033297806545,165.33729659583858,163.50797370329437,164.76686096191406,53841500.0
2022-08-25,AAPL,165.9962181286182,167.33378750652878,165.57331755675585,167.22560119628906,51218200.0
2022-08-26,AAPL,167.75670773498427,168.2287866440609,160.8623176958489,160.92132568359375,78961000.0
2022-08-29,AAPL,158.4920749241394,160.2132113909233,157.18402441564837,158.71829223632812,73314000.0
2022-08-30,AAPL,159.45590875707995,159.87880933569366,155.118641623387,156.2890167236328,77906200.0
2022-08-31,AAPL,157.66589243531146,157.9314433381074,154.54817926746995,154.62686157226562,87991100.0
2022-09-01,AAPL,154.056469922945,155.80711043286672,152.11896076188796,155.35470581054688,74229900.0
2022-09-02,AAPL,157.11514512449315,157.71508462008887,152.41398580114964,153.24012756347656,76957800.0
2022-09-06,AAPL,153.88926726791752,154.49903651153815,151.15512032719968,151.98126220703125,73714800.0
2022-09-07,AAPL,152.26646809885722,154.0859459351541,151.07641875135508,153.38766479492188,87449600.0
2022-09-08,AAPL,152.08942323375317,153.78105537712216,150.1617441609201,151.9123992919922,84923800.0
2022-09-09,AAPL,152.9057577037595,155.21700399593914,152.19763181879884,154.7744140625,68028800.0
2022-09-12,AAPL,156.9577901423654,161.5507634451195,156.67257987610813,160.7344512939453,104956000.0
2022-09-13,AAPL,157.2627059256093,157.89214957569482,150.84040875911936,151.3026580810547,122656600.0
2022-09-14,AAPL,152.23698543372632,154.5088983666351,151.07645480780434,152.7484130859375,87965400.0
2022-09-15,AAPL,152.09926605765543,152.67954626691656,148.88321078041434,149.85687255859375,90481100.0
2022-09-16,AAPL,148.71602969989698,148.85372001445614,145.92285973622464,148.2144317626953,162278800.0
2022-09-19,AAPL,146.84734147012324,152.0107501857091,146.64081352548533,151.93206787109375,81474200.0
2022-09-20,AAPL,150.86989154639073,155.4727097837978,150.5551772691551,154.31216430664062,107689800.0
2022-09-21,AAPL,154.74488909740035,156.12180702361462,151.06658486761725,151.18460083007812,101696800.0
2022-09-22,AAPL,149.86674694503645,151.9222722255848,148.42099098039108,150.22080993652344,86652500.0
2022-09-23,AAPL,148.69635763891162,148.97173827223702,146.10973061112034,147.94888305664062,96029900.0
2022-09-26,AAPL,147.19158660210013,151.2337989231627,147.1719122700789,148.2832794189453,93339400.0
2022-09-27,AAPL,150.22078993520137,152.16812862553914,147.47679836474876,149.25694274902344,84442700.0
2022-09-28,AAPL,145.20488028971093,148.15539940831013,142.45105944426174,147.36859130859375,146691400.0
2022-09-29,AAPL,143.69030869298015,144.30007793360352,138.35969014393336,140.1300048828125,128138200.0
2022-09-30,AAPL,138.9497950371784,140.739784043771,135.72389496609006,135.92059326171875,124925300.0
2022-10-03,AAPL,135.93043653465315,140.71027860420344,135.41900896557823,140.10049438476562,114311700.0
2022-10-04,AAPL,142.6379484443843,143.80832359652302,141.88064422703837,143.6903076171875,87830100.0
2022-10-05,AAPL,141.69380954476654,144.94921413848994,140.65127989511333,143.98536682128906,79471000.0
2022-10-06,AAPL,143.40507882099124,145.1065408456924,142.8248135939426,143.03134155273438,68402200.0
2022-10-07,AAPL,140.18897576446645,140.73975187630668,137.14994502131725,137.77938842773438,85925600.0
2022-10-10,AAPL,138.10397338867188,139.5497290653031,136.28449546728626,138.10397338867188,74899000.0
2022-10-11,AAPL,137.59258377868105,139.01868052478727,135.94029969666,136.68775939941406,77033700.0
2022-10-12,AAPL,136.8352517842159,138.04496046792565,135.88124936484056,136.0582733154297,70433700.0
2022-10-13,AAPL,132.76354024673512,141.22168665886508,132.15375604675947,140.631591796875,113224000.0
2022-10-14,AAPL,141.9297957953737,142.13633872738868,135.9107418701706,136.0976104736328,88598000.0
2022-10-17,AAPL,138.7432621845146,140.5430657827838,137.95645402263972,140.0611572265625,85250900.0
2022-10-18,AAPL,143.09035010046446,144.28038442851894,138.29083411442355,141.37904357910156,99136600.0
2022-10-19,AAPL,139.35303637893844,142.55926212019432,139.16616774549112,141.48724365234375,61758300.0
2022-10-20,AAPL,140.6611013003117,143.4837601022304,140.29719369702107,141.02499389648438,64522000.0
2022-10-21,AAPL,140.51355110159545,145.41142365797057,140.29717849836038,144.8409881591797,86548600.0
2022-10-24,AAPL,144.76232705447245,147.75218027161432,143.59195189473937,146.98504638671875,75981900.0
2022-10-25,AAPL,147.6144876838341,149.97491229930705,146.89653213741997,149.82737731933594,74732300.0
2022-10-26,AAPL,148.4701495749658,149.48316008121265,145.598297355203,146.88670349121094,88194300.0
2022-10-27,AAPL,145.62781359762897,146.5916457586151,141.75279561471663,142.4117431640625,109180200.0
2022-10-28,AAPL,145.75567739955667,154.9022919241191,145.38195509054958,153.17132568359375,164762400.0
2022-10-31,AAPL,150.63382812065376,151.69601672276417,149.41427490924212,150.81085205078125,97943200.0
2022-11-01,AAPL,152.52219441549877,152.88608702918296,146.6703335656384,148.16525268554688,80379300.0
2022-11-02,AAPL,146.49328294195223,149.66017491618842,142.60843546015093,142.637939453125,93604600.0
2022-11-03,AAPL,139.71689820139042,140.4446982431596,136.4614948514773,136.58935546875,97918500.0
2022-11-04,AAPL,139.97824816387146,140.5496299805745,132.38284296255216,136.32339477539062,140814800.0
2022-11-07,AAPL,135.0722797176196,137.08195474161485,133.65367850914586,136.85537719726562,83374600.0
2022-11-08,AAPL,138.32323704462326,139.32806703138522,135.44663574586633,137.4267578125,89908500.0
2022-11-09,AAPL,136.44161049413725,136.49087039963513,132.58971737719733,132.8655548095703,74917800.0
2022-11-10,AAPL,139.14089348616804,144.6872100830078,137.42674799216064,144.6872100830078,118854000.0
2022-11-11,AAPL,143.65281852957958,147.78053378231226,142.22435652176193,147.4751434326172,93979700.0
2022-11-14,AAPL,146.75598040253018,148.04650852538035,145.238859760882,146.07623291015625,73374100.0
2022-11-15,AAPL,149.9576976256643,151.3073317859871,146.35208917690562,147.81008911132812,89868300.0
2022-11-16,AAPL,146.91363265596118,147.64262514508096,145.10096733747125,146.57867431640625,64218300.0
2022-11-17,AAPL,144.2537602517047,149.22871050736455,143.97792279490108,148.48001098632812,80389400.0
2022-11-18,AAPL,150.0463641188946,150.4305673318375,147.74114484123723,149.04151916503906,74829600.0
2022-11-21,AAPL,147.9283434491039,148.13521403601513,145.52460403537026,145.81028747558594,58724100.0
2022-11-22,AAPL,145.92850754073268,148.1844671134609,144.7463298277078,147.94802856445312,51804100.0
2022-11-23,AAPL,147.22887996484198,149.5735133563615,147.1205141770319,148.82481384277344,58301400.0
2022-11-25,AAPL,146.1058228227629,146.66735873059727,144.93350612985708,145.90879821777344,35195900.0
2022-11-28,AAPL,142.9829242489195,144.46063120272478,141.24908683464577,142.07659912109375,69246000.0
2022-11-29,AAPL,142.14555568748492,142.65783165746328,138.2641245866872,139.07192993164062,83763800.0
2022-11-30,AAPL,139.29850181511986,146.50971891238402,138.4611435666205,145.82997131347656,111380900.0
2022-12-01,AAPL,146.00729966926298,146.9136247638141,144.43107296360157,146.10580444335938,71250400.0
2022-12-02,AAPL,143.7907393167646,145.80041408602733,143.48533393064037,145.6132354736328,65447400.0
2022-12-05,AAPL,145.57384712908555,148.6770258303521,143.60357112015112,144.45079040527344,68826400.0
2022-12-06,AAPL,144.8842493657544,145.11082689130228,139.81077976944414,140.78607177734375,64727200.0
2022-12-07,AAPL,140.07677467327488,141.23923029830829,137.91932004741116,138.84535217285156,69721100.0
2022-12-08,AAPL,140.24422386630843,141.38698737134578,139.00295559622268,140.5299072265625,62128300.0
2022-12-09,AAPL,140.22455886029022,143.4065658669265,138.80595753740835,140.0472412109375,76097000.0
2022-12-12,AAPL,140.5791849523235,142.35243630018152,138.9635592869445,142.34259033203125,70462700.0
2022-12-13,AAPL,147.27811851695523,147.7411345402718,142.0962984876822,143.30801391601562,93886200.0
2022-12-14,AAPL,143.18979848966035,144.48032672192886,139.06206832067184,141.08160400390625,82291200.0
2022-12-15,AAPL,139.01281523751095,139.69256282085553,134.00831270124763,134.47132873535156,98931900.0
2022-12-16,AAPL,134.65853424660116,135.60425843945495,131.7425187492694,132.51092529296875,160156900.0
2022-12-19,AAPL,133.10199344508453,133.1906522558453,129.36832710470327,130.4027099609375,79592600.0
2022-12-20,AAPL,129.43726118544186,131.2696181831246,127.95955441414964,130.333740234375,77432800.0
2022-12-21,AAPL,131.00362844860888,134.77670825725167,130.77705094971176,133.43692016601562,85928000.0
2022-12-22,AAPL,132.35328842388512,132.56015897362735,128.36347675529532,130.26478576660156,77852100.0
2022-12-23,AAPL,128.97425178436364,130.45195863115794,127.71327647766012,129.90028381347656,63814900.0
2022-12-27,AAPL,129.42741525184118,129.4569681847138,126.80694496905856,128.09747314453125,69007800.0
2022-12-28,AAPL,127.7428420402377,129.08263031505834,123.99932216789122,124.1667938232422,85438400.0
2022-12-29,AAPL,126.0877973505768,128.54078860997595,125.83166690884428,127.68372344970705,75703700.0
2022-12-30,AAPL,126.50154851054428,128.0186541085182,125.53611015946498,127.99894714355467,77034200.0
2023-01-03,AAPL,128.34378830008248,128.95456910153305,122.32459400935494,123.21121978759766,112117500.0
2023-01-04,AAPL,125.00417767441104,126.74787638686628,123.2210800505398,124.4820556640625,89113600.0
2023-01-05,AAPL,125.24059093401247,125.87107865122056,122.9058186898535,123.16194915771484,80962700.0
2023-01-06,AAPL,124.13723200436364,128.3536136037993,123.03387482286254,127.69357299804688,87754700.0
2023-01-09,AAPL,128.530949601707,131.4272575812406,127.95956778658704,128.2156982421875,70790800.0
2023-01-10,AAPL,128.32407802637962,129.30921608440133,126.2158831834938,128.78709411621094,63896200.0
2023-01-11,AAPL,129.29938853968858,131.52579545654146,128.52113597704147,131.506103515625,69458900.0
2023-01-12,AAPL,131.89030803020296,132.26465032728163,129.486568398783,131.4272918701172,71379600.0
2023-01-13,AAPL,130.06777940104425,132.91482784880117,129.70328312196563,132.7572021484375,57809700.0
2023-01-17,AAPL,132.82615869144374,135.24958975985854,132.1365650960417,133.91966247558594,63646600.0
2023-01-18,AAPL,134.78658853017248,136.5499789381121,133.02318309021993,133.2005157470703,69672800.0
2023-01-19,AAPL,132.08729648616435,134.22504400705918,131.78190613060963,133.25961303710938,58280400.0
2023-01-20,AAPL,133.26944989272516,135.96873306889344,132.22520615532028,135.82095336914062,80223600.0
2023-01-23,AAPL,136.06727935780177,141.1900098722199,135.8505477576372,139.01284790039062,81760300.0
2023-01-24,AAPL,138.22473520857972,141.03238502581226,138.21488923833545,140.4117431640625,66435100.0
2023-01-25,AAPL,138.79606308722262,140.31316867471608,136.7469746734582,139.75164794921875,65799300.0
2023-01-26,AAPL,141.0421976938989,142.10614847767724,139.79106829556534,141.82046508789062,54105100.0
2023-01-27,AAPL,141.03236318771044,145.0418671305683,140.95355034191297,143.7611846923828,70555800.0
2023-01-30,AAPL,142.80561778514152,143.38684562469143,140.72697590646771,140.87474060058594,64015300.0
2023-01-31,AAPL,140.57920288721874,142.19482875871702,140.1654466919342,142.14556884765625,65874500.0
2023-02-01,AAPL,141.83032262446247,144.43108640849707,139.21971287170524,143.26861572265625,77663600.0
2023-02-02,AAPL,146.68701339404373,148.93312639059383,145.9678670041684,148.5784912109375,118339000.0
2023-02-03,AAPL,145.8299825944814,155.0410292646019,145.632957993241,152.20382690429688,154357300.0
2023-02-06,AAPL,150.30250288074524,150.82462478693864,148.53909754834626,149.4749755859375,69858300.0
2023-02-07,AAPL,148.40116513275666,152.92294425687993,148.40116513275666,152.3515625,83322600.0
2023-02-08,AAPL,151.59304759782992,152.28264122485135,148.92331687434466,149.66217041015625,64120100.0
2023-02-09,AAPL,151.49451696275133,152.0363458567265,148.18445275739066,148.6277618408203,56007100.0
2023-02-10,AAPL,147.46352995054943,149.3184067990407,147.22673043469464,148.99281311035156,57450700.0
2023-02-13,AAPL,148.9336352385894,152.1994184714387,148.90403717735236,151.79490661621094,62199000.0
2023-02-14,AAPL,150.08798919443248,151.71595766811416,148.8448255867729,151.153564453125,61707600.0
2023-02-15,AAPL,151.06476513520522,153.4228390365263,150.83784167870803,153.25511169433594,65573800.0
2023-02-16,AAPL,151.45941308943844,154.24175084931028,151.3015618059057,151.65675354003906,68167900.0
2023-02-17,AAPL,150.31491216317963,150.95622343027773,148.83494918837297,150.51223754882812,59144100.0
2023-02-21,AAPL,148.19363813923312,149.27895045459564,146.42755543146694,146.49661254882812,58867200.0
2023-02-22,AAPL,146.88139380804506,147.94696900428042,145.19424437189434,146.92086791992188,51011300.0
2023-02-23,AAPL,148.0850975380816,148.33175804369702,145.27317680704334,147.40431213378906,48394200.0
2023-02-24,AAPL,145.1449254913303,145.22385866894857,143.77349352201168,144.75027465820312,55469600.0
2023-02-27,AAPL,145.73689015780175,147.17737898488724,145.4803536136917,145.94407653808594,44998500.0
2023-02-28,AAPL,145.085741426228,147.08862392793702,144.86867893348426,145.44093322753906,50547000.0
2023-03-01,AAPL,144.86865768902635,145.26330849706878,143.0729618860178,143.36895751953125,55479000.0
2023-03-02,AAPL,142.4513915466776,144.75026945161636,141.977792498003,143.96095275878906,52238100.0
2023-03-03,AAPL,146.0624926286878,149.0914911594904,145.36198515518814,149.01255798339844,70732300.0
2023-03-06,AAPL,151.7356723720831,154.21215352218627,151.41009374796985,151.775146484375,87558000.0
2023-03-07,AAPL,151.64690605769945,151.97249979658332,149.11124338331118,149.57496643066406,56182000.0
2023-03-08,AAPL,150.768776295138,151.41996369175047,149.80187125635692,150.82797241210938,47204800.0
2023-03-09,AAPL,151.50874285646216,152.47564779944702,148.22322319539091,148.5784149169922,53833600.0
2023-03-10,AAPL,148.2035375357173,148.92378215572674,145.63826168901898,146.51637268066406,68572400.0
2023-03-13,AAPL,145.83555065664373,151.09435428881787,145.72701943515565,148.46002197265625,84457100.0
2023-03-14,AAPL,149.25918305886034,151.35085903607805,148.09495286171776,150.5516815185547,73695900.0
2023-03-15,AAPL,149.17043689978033,151.2029174267054,147.91739708809698,150.94639587402344,77167900.0
2023-03-16,AAPL,150.127461556798,154.3700254849667,149.6144034630521,153.76817321777344,76161100.0
2023-03-17,AAPL,153.99511025228628,154.64629769155513,152.21915135199143,152.92953491210938,98944600.0
2023-03-20,AAPL,152.99860710640667,155.7118730486912,152.09088307007352,155.29747009277344,73641400.0
2023-03-21,AAPL,155.21853377224946,157.2707359778321,154.44893912645242,157.15234375,73938300.0
2023-03-22,AAPL,157.1720751638043,159.97413485829682,155.7019731494937,155.72171020507812,75701800.0
2023-03-23,AAPL,156.7083516682842,159.39201912983532,155.57370432805416,156.8070068359375,67622100.0
2023-03-24,AAPL,156.73795839634036,158.1981844310787,155.74145533462084,158.10939025878906,59196500.0
2023-03-27,AAPL,157.8035399490982,158.62245469903792,155.76118357485748,156.16571044921875,52390300.0
2023-03-28,AAPL,155.85984584155918,156.3729039229444,153.8964227422894,155.5441131591797,45992200.0
2023-03-29,AAPL,157.241143834068,158.8987103608656,157.22142183199622,158.62245178222656,51305700.0
2023-03-30,AAPL,159.37229315696538,160.2997391161816,159.11577163727372,160.1912078857422,49501700.0
2023-03-31,AAPL,160.27014967971024,162.79595111857384,159.74723055627194,162.69728088378906,68749800.0
2023-04-03,AAPL,162.07571848273926,164.06872488806627,162.0263833617239,163.95033264160156,56976200.0
2023-04-04,AAPL,164.37457023031905,164.6113546852389,162.90446816785283,163.4175262451172,46278300.0
2023-04-05,AAPL,162.53944524256352,162.84530192290984,159.6387146980463,161.57252502441406,51511700.0
2023-04-06,AAPL,160.26030233353526,162.7565212151125,159.83605336887848,162.4605255126953,45390100.0
2023-04-10,AAPL,159.26376357061562,159.86561584472656,157.94166678976978,159.86561584472656,47716900.0
2023-04-11,AAPL,160.1813829217557,160.19124392493657,158.36594965370705,158.65208435058594,47644200.0
2023-04-12,AAPL,159.06644488688698,159.89522066020655,157.64567781550258,157.96141052246094,50133100.0
2023-04-13,AAPL,159.47098360495934,163.58527977239888,159.26378211877287,163.34848022460938,68445600.0
2023-04-14,AAPL,162.39139978711486,164.09830125116352,161.63169630249857,163.0031280517578,49386500.0
2023-04-17,AAPL,162.8847588763579,163.18075455042484,161.83892054229136,163.02288818359375,41516200.0
2023-04-18,AAPL,163.8812698478859,165.17376867697192,163.43726882906975,164.24632263183594,49923000.0
2023-04-19,AAPL,163.5852815705882,165.91375779040226,163.3287449605883,165.39083862304688,47720200.0
2023-04-20,AAPL,163.87138723669895,165.62760901810955,163.34846811386117,164.4239044189453,52456400.0
2023-04-21,AAPL,162.84528714652217,164.226580111448,162.29276996055185,162.81568908691406,58337300.0
2023-04-24,AAPL,162.79594256316088,163.38793383083043,161.7007692564465,163.1215362548828,41949600.0
2023-04-25,AAPL,162.98339679746925,164.08843103621228,161.5428928319972,161.58236694335938,48714100.0
2023-04-26,AAPL,160.8818784792827,163.07222541881754,160.62535692108122,161.57252502441406,45498800.0
2023-04-27,AAPL,162.98339664348885,166.30837541189834,162.98339664348885,166.16038513183594,64902300.0
2023-04-28,AAPL,166.23933019675923,167.5811640335514,165.63747792316207,167.41342163085938,55275900.0
2023-05-01,AAPL,167.0187740939811,168.17314354860417,166.387323749872,167.3246307373047,52472900.0
2023-05-02,AAPL,167.81797955488014,168.07451617943886,165.30203876342603,166.28868103027344,48425700.0
2023-05-03,AAPL,167.23581486172367,168.6368446604595,164.92707625204469,165.21319580078125,65136000.0
2023-05-04,AAPL,162.68739142131733,164.80866560341155,162.11513728059836,163.5753631591797,81235400.0
2023-05-05,AAPL,168.6960655683585,171.97172463520235,168.4790030974248,171.25148010253906,113453200.0
2023-05-08,AAPL,170.17603958076435,171.52774960942492,169.81098679048802,171.1824188232422,55962800.0
2023-05-09,AAPL,170.73842563937583,171.22187065365208,169.3077975448434,169.47552490234375,45326900.0
2023-05-10,AAPL,170.7088427451169,171.70534597701706,169.6037932108191,171.2416229248047,53724500.0
2023-05-11,AAPL,171.5277626550589,172.25786829114014,169.87019583226564,171.42909240722656,49514700.0
2023-05-12,AAPL,171.5377460938216,171.97247152405595,168.94917294661113,170.50035095214844,45533100.0
2023-05-15,AAPL,171.08328687103295,171.13269023363048,169.4135527154479,170.00636291503906,37266700.0
2023-05-16,AAPL,169.92732055004092,171.063522510836,169.7395968176441,170.00636291503906,42110300.0
2023-05-17,AAPL,169.65066921503973,170.85602374756016,168.37613188825594,170.61891174316406,57951600.0
2023-05-18,AAPL,170.92517510124802,173.13831574371522,170.51021405749552,172.95059204101562,65496700.0
2023-05-19,AAPL,174.27450921230027,174.27450921230027,172.84190244667505,173.05926513671875,55809500.0
2023-05-22,AAPL,171.89343134950482,172.61468722054929,171.3697889134683,172.1107940673828,43570900.0
2023-05-23,AAPL,171.0536346915268,171.30063640969706,169.22581594675142,169.50245666503906,50747300.0
2023-05-24,AAPL,169.03809335131075,170.35214430979713,168.4749372695529,169.7790985107422,45143500.0
2023-05-25,AAPL,170.3422679275043,171.814388514026,169.63090177565675,170.91531372070312,56058300.0
2023-05-26,AAPL,171.24133948884744,173.66195304430255,171.03385143516303,173.32601928710938,54835000.0
2023-05-30,AAPL,174.8376957969301,176.84334846181008,174.45237373510062,175.17361450195312,55964400.0
2023-05-31,AAPL,175.20326416230037,177.19904230758075,174.64009299685546,175.1242218017578,99625300.0
2023-06-01,AAPL,175.56880955803746,177.95978426232014,174.8080400825605,177.93014526367188,68901800.0
2023-06-02,AAPL,178.8588732872537,179.5998784017098,177.1100969959167,178.7798309326172,61996900.0
2023-06-05,AAPL,180.43969339813148,182.73186141970515,175.90473056039738,177.42626953125,121946500.0
2023-06-06,AAPL,177.81162514951285,177.95982017265834,175.30207886845048,177.0607452392578,64848400.0
2023-06-07,AAPL,176.2999526387169,179.03673595726826,175.19338974130497,175.68739318847656,61944600.0
2023-06-08,AAPL,175.76641213704826,178.67115468077665,175.3317017878174,178.40440368652344,50214900.0
2023-06-09,AAPL,179.3232356709596,180.04447641965535,178.46367457216073,178.7897186279297,48900000.0
2023-06-12,AAPL,179.09600328256303,181.68457636718009,178.7995982167716,181.5857696533203,54274900.0
2023-06-13,AAPL,180.60766365821948,181.94146392274692,180.25198057252103,181.11154174804688,54929100.0
2023-06-14,AAPL,181.1708049458857,182.1785761189824,179.8370047903456,181.7438507080078,57462900.0
2023-06-15,AAPL,181.75372726370364,184.2830221162751,181.57587821037063,183.7791290283203,65433200.0
2023-06-16,AAPL,184.4904993080967,184.7473907159192,182.0600111046737,182.70220947265625,101256200.0
2023-06-20,AAPL,182.19834264439277,183.8680765946907,182.19834264439277,182.7911376953125,49799100.0
2023-06-21,AAPL,182.6824521359612,183.1863452547994,180.40015882951445,181.7537384033203,49515700.0
2023-06-22,AAPL,181.53636658960147,184.8066665365007,181.4671988803744,184.75726318359375,51245300.0
2023-06-23,AAPL,183.32467881492,185.3105672079408,182.7911466595608,184.4411163330078,53117000.0
2023-06-26,AAPL,184.5893075659166,185.79467703737228,183.0084906957425,183.0480194091797,48088700.0
2023-06-27,AAPL,183.66059237854205,186.1306094986342,183.4432296659109,185.8045654296875,50730800.0
2023-06-28,AAPL,185.67610944091012,187.6224840299043,185.3500804657921,186.98028564453125,51216800.0
2023-06-29,AAPL,186.8123450566035,187.7904773075337,186.67402469467496,187.31622314453125,46347300.0
2023-06-30,AAPL,189.33174450555188,192.14755478947328,188.9661717445866,191.6436767578125,85213200.0
2023-07-03,AAPL,191.45597092726317,191.5547776450248,189.46019281962833,190.1518096923828,31458200.0
2023-07-05,AAPL,189.2724969662243,190.6655752957469,188.33387831143204,189.03536987304688,46920300.0
2023-07-06,AAPL,187.56320791106293,189.7170705815605,186.9308841600135,189.50958251953125,45094300.0
2023-07-07,AAPL,189.11439856972888,190.3592817984136,187.9584323411384,188.3931427001953,46815000.0
2023-07-10,AAPL,186.9901751208951,187.7114309918433,184.79679865953796,186.3479766845703,59922200.0
2023-07-11,AAPL,186.8913747422291,187.0296950947768,184.3620796809065,185.82432556152344,46638100.0
2023-07-12,AAPL,187.40513225686783,189.4009103170613,186.20965240962747,187.4940643310547,60750200.0
2023-07-13,AAPL,188.2153081360164,188.897035286273,187.5039419858172,188.25482177734375,41342300.0
2023-07-14,AAPL,187.948525384943,188.88712881002033,187.35573036289856,188.40301513671875,41616200.0
2023-07-17,AAPL,189.598506397075,191.9894962144421,189.5095893997432,191.6634521484375,50520200.0
2023-07-18,AAPL,191.03115329704875,191.99939590448753,190.1122989773791,191.40658569335935,48288200.0
2023-07-19,AAPL,190.78413334726977,195.8525983579603,190.3395181934612,192.76014709472656,80507300.0
2023-07-20,AAPL,192.7502514500073,194.11370571807572,190.1913173439326,190.8137664794922,59581200.0
2023-07-21,AAPL,191.77212935032983,192.63169045749677,188.93653953192955,189.63803100585935,71951700.0
2023-07-24,AAPL,191.09041212625252,192.57242242955687,189.9443205401746,190.43832397460935,45377800.0
2023-07-25,AAPL,191.01136672601527,192.10805493602857,190.60628029804008,191.29788208007812,37283200.0
2023-07-26,AAPL,191.34726521155525,193.29363971255637,191.00147189498233,192.1673126220703,47471900.0
2023-07-27,AAPL,193.66908608151945,194.83492680246852,190.2407014755217,190.9026641845703,47460200.0
2023-07-28,AAPL,192.33527753863385,194.2717774555962,191.81163515269853,193.4813690185547,48291400.0
2023-07-31,AAPL,193.7086415129764,194.133492343756,192.9182329324809,194.09396362304688,38824100.0
2023-08-01,AAPL,193.88647197429415,194.37058568804017,192.93797875368105,193.26402282714844,35175100.0
2023-08-02,AAPL,192.70081265221705,192.8391329818147,189.54908406525655,190.27032470703125,50389300.0
2023-08-03,AAPL,189.27247006657564,190.0628634465897,188.40301925761537,188.87725830078125,61235200.0
2023-08-04,AAPL,183.2950360404776,185.13272939460776,179.7382053306166,179.807373046875,115956800.0
2023-08-07,AAPL,179.94566255524865,180.93366924130257,175.22299180197385,176.7050018310547,97576100.0
2023-08-08,AAPL,177.5349343777014,178.10798009875546,175.45023954323045,177.64361572265625,67823000.0
2023-08-09,AAPL,178.70078370635215,178.76006170176663,174.88707688488682,176.0529327392578,60378500.0
2023-08-10,AAPL,177.32747151707323,178.58224448237493,175.4700288246158,175.83558654785156,54686900.0
2023-08-11,AAPL,175.42993638319382,176.71606748177,174.66813966002076,175.89491271972656,52036700.0
2023-08-14,AAPL,176.0730260741773,177.77469387045335,175.42005736478495,177.54714965820312,43675600.0
2023-08-15,AAPL,176.97331337741676,177.56690888775307,175.1628176334086,175.5585479736328,43622600.0
2023-08-16,AAPL,175.24195572610614,176.6369149003717,174.61866613802027,174.68792724609375,46964900.0
2023-08-17,AAPL,175.25185467548476,175.6179059949575,171.6308631878828,172.14532470703125,66062900.0
2023-08-18,AAPL,170.46346761685473,173.23362560342792,170.12709527960956,172.630126953125,61172200.0
2023-08-21,AAPL,173.20394701107267,174.25264612165492,171.88812158676677,173.96572875976562,46311900.0
2023-08-22,AAPL,175.17274094069768,175.78612762060905,174.371377027614,175.34092712402344,42038900.0
2023-08-23,AAPL,176.61716031274474,179.61486234805133,176.42918310654636,179.18943786621094,52722800.0
2023-08-24,AAPL,178.74425133745834,179.16967585239115,174.13391827576947,174.49998474121094,54945800.0
2023-08-25,AAPL,175.4893068451812,177.2404295003986,173.9459373407173,176.70619201660156,51449600.0
2023-08-28,AAPL,178.17043851174256,178.66510907128173,176.64685983066678,178.26937866210938,43820700.0
2023-08-29,AAPL,177.78458503986462,182.9291555203976,177.58671984756458,182.157470703125,53003900.0
2023-08-30,AAPL,182.96875056526045,185.84773686983337,182.7708853589575,185.6498565673828,60813900.0
2023-08-31,AAPL,185.8378136528603,187.10416895130783,185.4816502816628,185.86749267578125,60794500.0
2023-09-01,AAPL,187.47023078000296,187.89564016216335,186.27312153245367,187.4405517578125,45766500.0
2023-09-05,AAPL,186.27310100874217,187.9549774975224,185.61024442594643,187.6779632568359,45280000.0
2023-09-06,AAPL,186.39182984634903,186.83704535292617,179.5357042757167,180.9603576660156,81755800.0
2023-09-07,AAPL,173.312752460059,176.310469636045,171.69023379276553,175.66738891601562,112488800.0
2023-09-08,AAPL,176.4489935101174,178.31884760950354,175.89494980617377,176.28079223632812,65551300.0
2023-09-11,AAPL,178.15065045906456,178.3781946740771,175.4497385181934,177.44821166992188,58953100.0
2023-09-12,AAPL,177.5768378987377,178.21001559327632,172.95661681425068,174.42083740234375,90370200.0
2023-09-13,AAPL,174.6285913393108,175.41017925863045,172.1255595752841,172.35311889648438,84267900.0
2023-09-14,AAPL,172.14533201670497,174.22295413122683,171.72981061302968,173.86679077148438,60895800.0
2023-09-15,AAPL,174.59887884816905,174.61866989320765,171.96724351151664,173.14454650878906,109259500.0
2023-09-18,AAPL,174.59890495957814,177.46800307348116,174.2922116482627,176.07302856445312,67257600.0
2023-09-19,AAPL,175.62783421196144,177.71534451200176,175.24199179139225,177.16131591796875,51826900.0
2023-09-20,AAPL,177.34928142287384,177.78459392537832,173.53042414564908,173.61947631835938,58436200.0
2023-09-21,AAPL,172.6894667209782,174.42081339229338,172.00681904661934,172.07606506347656,63149100.0
2023-09-22,AAPL,172.80820955696336,175.19252525078977,172.19482290064929,172.9269256591797,56725400.0
2023-09-25,AAPL,172.34318970903263,175.08366835534056,172.2937196425223,174.20315551757812,46172700.0
2023-09-26,AAPL,172.95660640862047,173.3325457352886,169.83028512536117,170.12709045410156,64588900.0
2023-09-27,AAPL,170.7800319235512,171.19555331579562,167.24809254140138,168.61337280273438,66921800.0
2023-09-28,AAPL,167.53498917707262,170.19631868961176,165.83332157268651,168.87060546875,56294400.0
2023-09-29,AAPL,170.18644988639232,171.2252609973693,168.5243490895999,169.3850860595703,51861100.0
2023-10-02,AAPL,169.39497856408786,172.44215085955082,169.10806120104496,171.89801025390625,52164500.0
2023-10-03,AAPL,170.42387079713225,171.77927819729268,168.99923247491208,170.5623779296875,49594600.0
2023-10-04,AAPL,169.26633133730053,172.35308521759683,169.14761525980057,171.80894470214844,53020300.0
2023-10-05,AAPL,171.93755168454948,173.57986123329636,170.83938266052527,173.04562377929688,48527900.0
2023-10-06,AAPL,171.9474438386589,176.09278444180603,171.334042242395,175.59811401367188,57266700.0
2023-10-09,AAPL,174.925397135301,177.14152662960254,173.92616806085798,177.08216857910156,42390800.0
2023-10-10,AAPL,176.20165363527434,177.80438136546655,176.0532434145344,176.48855590820312,43698000.0
2023-10-11,AAPL,176.300562769531,177.9329844734106,175.70696722860302,177.88351440429688,47551100.0
2023-10-12,AAPL,178.1506510638416,180.3964443900188,177.13161588848607,178.78382873535156,56743100.0
2023-10-13,AAPL,179.4862169335411,179.99077533731543,176.24118012180884,176.94361877441406,51427100.0
2023-10-16,AAPL,174.86601479996662,177.17118104988546,174.6285675347915,176.8150177001953,52517000.0
2023-10-17,AAPL,174.76712442277002,176.51826264865235,172.93685218211104,175.2617950439453,57549400.0
2023-10-18,AAPL,173.7085055181981,175.68718764266174,173.24351401125745,173.96572875976562,54764400.0
2023-10-19,AAPL,174.16358722416024,175.9444040866048,173.32265641144056,173.58978271484375,59302900.0
2023-10-20,AAPL,173.44136860989997,173.55019672394363,170.7998299466356,171.0372772216797,64244000.0
2023-10-23,AAPL,169.08827156264798,172.15521956196545,168.11870652701532,171.15599060058594,55980100.0
2023-10-24,AAPL,171.2054814250168,171.81886808001445,169.62252961684246,171.59132385253906,43816600.0
2023-10-25,AAPL,170.04794519039626,171.21536038795298,168.83104482476435,169.27626037597656,57157000.0
2023-10-26,AAPL,168.55401686361284,169.55326090861308,163.90411730631092,165.11111450195312,70625300.0
2023-10-27,AAPL,165.13090664912622,167.1590586780216,165.05175755916278,166.42694091796875,58499100.0
2023-10-30,AAPL,167.21840145454993,169.34547832959018,167.0699912633637,168.474853515625,51131000.0
2023-10-31,AAPL,167.54490564738762,169.07837213199355,166.1103491096919,168.94976806640625,44846000.0
2023-11-01,AAPL,169.1773175299865,172.37288485640974,168.3066925856151,172.11566162109375,56934900.0
2023-11-02,AAPL,173.64915484595178,175.88506030695757,173.58979679508,175.67730712890625,77334800.0
2023-11-03,AAPL,172.38277434389337,174.9352758328065,171.50226149314057,174.76707458496094,79829200.0
2023-11-06,AAPL,174.4999673355032,177.51744525540883,174.3317811800047,177.319580078125,63841300.0
2023-11-07,AAPL,177.27012882075113,180.4953904276926,177.06237564620827,179.8820037841797,70530000.0
2023-11-08,AAPL,180.40634475587757,181.4946108426327,179.65443590363796,180.94058227539065,49340300.0
2023-11-09,AAPL,181.00983881988668,182.1574629246798,179.87208759448916,180.4656982421875,53763500.0
2023-11-10,AAPL,182.24883894138773,184.82452025063435,181.8129530168045,184.65609741210935,66133400.0
2023-11-13,AAPL,184.0815368898242,184.2895637344097,182.48659891185952,183.07107543945312,43627500.0
2023-11-14,AAPL,185.94396348691,186.35013134634684,184.5570672791196,185.6864013671875,60108400.0
2023-11-15,AAPL,186.09256123667055,187.72711849110289,186.0232088712412,186.2510528564453,53790500.0
2023-11-16,AAPL,187.79646053927945,189.1734556093977,186.88505441646575,187.9351501464844,54412900.0
2023-11-17,AAPL,188.47008739636428,188.59887599886423,186.805812145748,187.9153289794922,50922700.0
2023-11-20,AAPL,188.1134564735281,190.11456230851303,188.10355547172335,189.6588592529297,46505100.0
2023-11-21,AAPL,189.6192457228965,189.728217210096,187.9648714107105,188.8564453125,38134500.0
2023-11-22,AAPL,189.69848069303796,191.12499577436776,189.04465183324163,189.52015686035156,39617700.0
2023-11-24,AAPL,189.0843077535022,189.1140258787283,187.47946852715137,188.19273376464844,24048300.0
2023-11-27,AAPL,188.14317764380084,188.88616092409407,187.13271615011263,188.0143890380859,40552600.0
2023-11-28,AAPL,188.0044881862593,189.29232889633607,187.62803848681267,188.61868286132812,38415400.0
2023-11-29,AAPL,189.11401237919708,190.29288164913223,187.2020759179661,187.59832763671875,43014200.0
2023-11-30,AAPL,188.06392585220516,188.53944603911236,186.42936866830843,188.1728973388672,48794400.0
2023-12-01,AAPL,188.54934617033052,189.76783452208105,187.4596313087432,189.45083618164065,45704800.0
2023-12-04,AAPL,188.20263336404665,188.2719857330804,185.69630404843608,187.65777587890625,43389500.0
2023-12-05,AAPL,188.43046796633192,192.58125508438908,188.40073472916,191.6104278564453,66628400.0
2023-12-06,AAPL,192.63082982561937,192.9379272177151,190.31272520524868,190.5207672119141,41089700.0
2023-12-07,AAPL,191.8184723448333,193.17565028147504,191.77883810543793,192.45248413085935,47477700.0
2023-12-08,AAPL,192.38316069569592,194.1564228324412,191.8581203150147,193.87904357910156,53406400.0
2023-12-11,AAPL,191.30334341541183,191.6797931299085,189.62915193698308,191.3726806640625,60943700.0
2023-12-12,AAPL,191.27361158280868,192.898267700878,189.92633467152928,192.88836669921875,52696900.0
2023-12-13,AAPL,193.2647964597461,196.14757505430103,193.02705149757753,196.1079559326172,70404200.0
2023-12-14,AAPL,196.16740691178524,197.75242887078264,194.32480773637585,196.25656127929688,66831600.0
2023-12-15,AAPL,195.68199966761293,196.54385551373443,195.15695931123605,195.7216339111328,128538400.0
2023-12-18,AAPL,194.2554683979516,194.7904248709577,192.57137584033416,194.05734252929688,55751900.0
2023-12-19,AAPL,194.32480226669028,195.10740466398735,194.05732405565033,195.09750366210935,40714100.0
2023-12-20,AAPL,195.05787394759355,195.8305753609382,193.0072479248047,193.0072479248047,52242800.0
2023-12-21,AAPL,194.26537091395173,195.23619818360496,191.6896894536902,192.858642578125,46482500.0
2023-12-22,AAPL,193.35397752019375,193.58183662844655,191.16466173906855,191.7887725830078,37149600.0
2023-12-26,AAPL,191.79865490672267,192.0760341178965,191.02595351616225,191.243896484375,28919300.0
2023-12-27,AAPL,190.68912753168,191.68967283701625,189.3022164363663,191.3429412841797,48087700.0
2023-12-28,AAPL,192.32369457775744,192.83883387512188,191.3627683436117,191.76893615722656,34049900.0
2023-12-29,AAPL,192.0859377183744,192.5812599044621,189.9362412446781,190.728759765625,42672100.0
