Date,Ticker,Open,High,Low,Close,Volume
2015-01-02,GOOGL,26.430298664187116,26.58910055297391,26.196068386511584,26.27894401550293,26480000.0
2015-01-05,GOOGL,26.159842033382823,26.201526888631296,25.69336730104619,25.77822494506836,41182000.0
2015-01-06,GOOGL,25.82983657629222,25.86506993560834,25.08794265394188,25.14203453063965,54456000.0
2015-01-07,GOOGL,25.355916600007745,25.38271265451361,24.993654009367308,25.068090438842773,46918000.0
2015-01-08,GOOGL,24.88745605812151,25.18470958416031,24.565388495888776,25.155431747436523,73054000.0
2015-01-09,GOOGL,25.218457197288135,25.239299626508316,24.745530930705662,24.84825325012207,42000000.0
2015-01-12,GOOGL,24.774809750376154,24.826419847589236,24.36143299477217,24.666627883911133,57138000.0
2015-01-13,GOOGL,24.94005895758154,25.23929829824787,24.6765508458732,24.90184783935547,60958000.0
2015-01-14,GOOGL,24.83336671295004,25.22242729059076,24.721215133005675,25.106800079345703,52800000.0
2015-01-15,GOOGL,25.25369009983225,25.296366913259128,24.912269913281328,25.011520385742188,51068000.0
2015-01-16,GOOGL,24.96884349127087,25.350956607495867,24.96586573078506,25.33160400390625,49658000.0
2015-01-20,GOOGL,25.446236936976952,25.58717227494788,25.277511692339537,25.305797576904297,46796000.0
2015-01-21,GOOGL,25.350456986840054,25.896829577862057,25.288425682594664,25.824377059936523,46356000.0
2015-01-22,GOOGL,25.953897786935475,26.739958306813502,25.89980780621493,26.663536071777344,56068000.0
2015-01-23,GOOGL,26.699767291330616,27.0659996583597,26.586621855302035,26.894296646118164,45966000.0
2015-01-26,GOOGL,26.87196605905312,26.87196605905312,26.40400143114213,26.63475799560547,30932000.0
2015-01-27,GOOGL,26.370750216611732,26.439233025193477,25.847701786405633,25.864078521728516,39148000.0
2015-01-28,GOOGL,26.053150086223937,26.087391490349304,25.425393534652653,25.429363250732425,35822000.0
2015-01-29,GOOGL,25.4526879769496,25.566329384103877,24.985219351028377,25.469064712524418,79018000.0
2015-01-30,GOOGL,25.755399020333343,26.951362524844825,25.714706120113835,26.67594337463379,121108000.0
2015-02-02,GOOGL,26.515655994208572,26.623839752841796,25.890381204884132,26.41045188903809,75378000.0
2015-02-03,GOOGL,26.29829508129068,26.67097888234952,26.142968832696788,26.46503639221191,47062000.0
2015-02-04,GOOGL,26.45710005975668,26.63624652942689,26.05464047540627,26.10774040222168,33896000.0
2015-02-05,GOOGL,26.198550251057004,26.33551586305348,26.08490884993802,26.29283905029297,33176000.0
2015-02-06,GOOGL,26.351396927233942,26.80844242635538,26.23428178666283,26.493820190429688,42938000.0
2015-02-09,GOOGL,26.35387627632108,26.4938196473041,26.179693395686797,26.265544891357425,30314000.0
2015-02-10,GOOGL,26.40796783077355,26.84714864705324,26.26008502975908,26.805463790893555,47430000.0
2015-02-11,GOOGL,26.784126109376253,26.89429377307656,26.59902414091422,26.69827461242676,38306000.0
2015-02-12,GOOGL,26.78065169246417,27.211397099891595,26.648649647734143,27.09577178955078,48590000.0
2015-02-13,GOOGL,27.17020899450773,27.419824054184307,27.12505039897322,27.351341247558594,47382000.0
2015-02-17,GOOGL,27.3513412625548,27.442650409408948,26.959302939823672,27.046146392822266,39174000.0
2015-02-18,GOOGL,26.98709487609265,27.17219685916314,26.775196834826595,26.929033279418945,31164000.0
2015-02-19,GOOGL,26.92010002058703,27.137953567668845,26.83474450069781,27.11760711669922,30834000.0
2015-02-20,GOOGL,27.17368268676624,27.17368268676624,26.703238214977,26.886850357055664,38234000.0
2015-02-23,GOOGL,26.74789743296961,26.762784339259618,26.40052177285733,26.549396514892575,32906000.0
2015-02-24,GOOGL,26.378196193824476,26.767752782342807,26.35090226335764,26.73053550720215,28406000.0
2015-02-25,GOOGL,26.720113010661457,27.272439306599928,26.6987727094128,27.161279678344727,40836000.0
2015-02-26,GOOGL,27.082374002428192,27.79647802517196,27.05011651008926,27.754793167114254,54032000.0
2015-02-27,GOOGL,27.69821872620895,28.257494342129995,27.64263891703325,27.92053985595703,68328000.0
2015-03-02,GOOGL,28.137400825105495,28.583529115340724,27.94634334221532,28.53539276123047,50406000.0
2015-03-03,GOOGL,28.60139212848615,28.82470519613208,28.311086087069015,28.72247886657715,50526000.0
2015-03-04,GOOGL,28.63216277381895,28.86341529679308,28.411331465319172,28.69965362548828,37964000.0
2015-03-05,GOOGL,28.76366961872827,28.94132623574627,28.694690836125716,28.853490829467773,35918000.0
2015-03-06,GOOGL,28.88177503514312,28.920482129001485,28.388502371487377,28.430187225341797,37592000.0
2015-03-09,GOOGL,28.331930426363343,28.556731442648974,28.239131455244465,28.48973846435547,23478000.0
2015-03-10,GOOGL,28.210848819862782,28.27436996048133,27.781095317261062,27.78258514404297,40080000.0
2015-03-11,GOOGL,27.78009994390523,27.997457504550045,27.56224640540929,27.576141357421875,40524000.0
2015-03-12,GOOGL,27.714595437482508,27.881334864869004,27.56820246065857,27.848087310791016,35602000.0
2015-03-13,GOOGL,27.75181442062875,28.006391146895467,27.31015181762582,27.442649841308594,35428000.0
2015-03-16,GOOGL,27.637677971390843,27.976120400037875,27.359281047292676,27.87141227722168,36856000.0
2015-03-17,GOOGL,27.70516840036692,27.821787570533843,27.51262485746634,27.671424865722656,28892000.0
2015-03-18,GOOGL,27.677376189583796,28.113085166739943,27.46746207936663,28.09571647644043,35324000.0
2015-03-19,GOOGL,28.014331638642165,28.13541649704707,27.89523258478781,27.972150802612305,24660000.0
2015-03-20,GOOGL,28.123012563241794,28.142365166464756,28.012348914683837,28.03567123413086,44320000.0
2015-03-23,GOOGL,28.087778386129667,28.26841467909188,27.941881370812307,28.05651473999023,30234000.0
2015-03-24,GOOGL,28.21382380872292,28.87582174322212,28.191491553551952,28.660449981689453,79156000.0
2015-03-25,GOOGL,28.661939868423275,28.78600249236309,28.13740348815918,28.13740348815918,53070000.0
2015-03-26,GOOGL,28.020783324852605,28.146831748955687,27.706161082042534,27.97066116333008,49842000.0
2015-03-27,GOOGL,27.88083959269852,27.992001106815056,27.63767792160523,27.668445587158203,34552000.0
2015-03-30,GOOGL,27.802434829384836,27.897217720141064,27.630731824384306,27.846599578857425,24788000.0
2015-03-31,GOOGL,27.68779576831481,27.91160481755175,27.525522044802923,27.52701187133789,34932000.0
2015-04-01,GOOGL,27.533464889761103,27.71558720175403,27.096763958564377,27.26846694946289,38902000.0
2015-04-02,GOOGL,27.165246649010005,27.194524486830748,26.819358886342425,26.862533569335938,47760000.0
2015-04-06,GOOGL,26.739958855824437,27.072447643801446,26.58413662244109,26.99354362487793,33718000.0
2015-04-07,GOOGL,27.04515541706288,27.301716069367338,26.9756806521466,27.03870391845703,27318000.0
2015-04-08,GOOGL,27.09527454092067,27.368213810191627,27.09527454092067,27.23620986938477,28386000.0
2015-04-09,GOOGL,27.254573937693575,27.2625133700666,26.894295217870685,27.195518493652344,32366000.0
2015-04-10,GOOGL,27.272439040088702,27.286333993484817,27.04466024275433,27.221324920654297,26104000.0
2015-04-13,GOOGL,27.147385704995777,27.456052454319902,27.11016653724994,27.226287841796875,29326000.0
2015-04-14,GOOGL,27.123564161220745,27.123564161220745,26.586124782012064,26.786609649658203,47206000.0
2015-04-15,GOOGL,26.69628997264088,26.95582836787268,26.41888501644893,26.84913444519043,46962000.0
2015-04-16,GOOGL,26.715643577965192,27.05706376476837,26.70323845205174,26.972206115722656,31722000.0
2015-04-17,GOOGL,26.664031224148623,26.78759785321275,26.25164837581763,26.437244415283203,49234000.0
2015-04-20,GOOGL,26.487371705030927,27.085354494808698,26.467521229750098,27.022329330444336,38508000.0
2015-04-21,GOOGL,27.110657835044083,27.18311035328965,26.907195231942296,26.942428588867188,29128000.0
2015-04-22,GOOGL,26.94937912364922,27.343401378617795,26.86303164396765,27.253084182739254,31806000.0
2015-04-23,GOOGL,27.314121087883436,27.84808667589863,27.29774435362555,27.663976669311523,78184000.0
2015-04-24,GOOGL,28.78500906484416,29.015765609295876,28.204395030107936,28.467905044555664,92168000.0
2015-04-27,GOOGL,28.423737938239924,28.56020567953115,27.90416326507903,28.093730926513672,48062000.0
2015-04-28,GOOGL,28.004407560732176,28.178592347834297,27.837668121218687,28.00688934326172,37178000.0
2015-04-29,GOOGL,27.815330503573716,28.079832436100364,27.740398101641304,27.85900115966797,33622000.0
2015-04-30,GOOGL,27.718565844702574,27.845110245025943,27.13100622521979,27.232736587524418,47240000.0
2015-05-01,GOOGL,27.319083755715877,27.354319007809096,26.98858076358933,27.351341247558594,36572000.0
2015-05-04,GOOGL,27.342904436929107,27.62576705623055,27.164253963044967,27.434711456298828,35260000.0
2015-05-05,GOOGL,27.30171263211659,27.423295348458335,26.915133886684085,26.948383331298828,28528000.0
2015-05-06,GOOGL,26.928537064377405,26.99255418143991,26.41243609076203,26.55337142944336,39034000.0
2015-05-07,GOOGL,26.594064725707288,27.055577848311337,26.47248388163711,26.898761749267575,31844000.0
2015-05-08,GOOGL,27.237700892382342,27.43272621235661,27.19601603336356,27.241670608520508,28226000.0
2015-05-11,GOOGL,27.2188401329465,27.461011727885403,27.07542492066937,27.0843563079834,21858000.0
2015-05-12,GOOGL,26.93696964388075,26.94441499074613,26.549398923022324,26.73450088500977,35282000.0
2015-05-13,GOOGL,26.820847219264294,26.988082613336218,26.74690487595704,26.772214889526367,24238000.0
2015-05-14,GOOGL,26.99453758837048,27.278394065074853,26.92158908436705,27.25407600402832,31736000.0
2015-05-15,GOOGL,27.313130030505075,27.323551244821893,26.921587687257777,27.119590759277344,33440000.0
2015-05-18,GOOGL,26.987093469815747,27.21139851920367,26.909181402723792,27.12852478027344,26706000.0
2015-05-19,GOOGL,27.194524064190848,27.46249975938141,27.150855297066023,27.258045196533203,47126000.0
2015-05-20,GOOGL,27.3394309378471,27.594999631815487,27.050612795411553,27.4183349609375,30840000.0
2015-05-21,GOOGL,27.30370029375701,27.671422441690996,27.25903767703205,27.63172149658203,34170000.0
2015-05-22,GOOGL,27.51510199753943,27.70268574269061,27.473417141515885,27.51807975769043,24266000.0
2015-05-26,GOOGL,27.421807126833745,27.45902628925859,26.944911170470053,27.15432929992676,37474000.0
2015-05-27,GOOGL,27.22827141662871,27.55629263636955,27.124059269911413,27.504682540893555,34844000.0
2015-05-28,GOOGL,27.481852844049044,27.579613480263045,27.33347407430562,27.501205444335938,23544000.0
2015-05-29,GOOGL,27.452573604416468,27.489296787401543,27.047634208099407,27.0615291595459,43446000.0
2015-06-01,GOOGL,27.23075363195811,27.322062782996557,26.975184932974106,27.254573822021484,33210000.0
2015-06-02,GOOGL,27.16623827354484,27.729979569638008,27.12256761322847,27.48979377746582,31842000.0
2015-06-03,GOOGL,27.54686232165517,27.69027943214928,27.400469343979207,27.556291580200195,26710000.0
2015-06-04,GOOGL,27.40195784499536,27.589541598826575,27.2501053215843,27.377641677856445,26866000.0
2015-06-05,GOOGL,27.393023355300237,27.459024372917888,27.163754769478032,27.270448684692383,24396000.0
2015-06-08,GOOGL,27.2744196627779,27.28732265881706,26.943916688528223,26.970218658447266,27336000.0
2015-06-09,GOOGL,26.967243781125923,27.037712395988446,26.740456942696635,26.90471649169922,30016000.0
2015-06-10,GOOGL,27.080389805754574,27.53098573209508,27.051111965018936,27.422801971435547,30316000.0
2015-06-11,GOOGL,27.516592411686425,27.53346512420555,27.252586424854886,27.29576110839844,25872000.0
2015-06-12,GOOGL,27.15234548440035,27.236707158567324,27.076915198320613,27.16822624206543,25468000.0
2015-06-15,GOOGL,26.933002620635428,26.998507671064868,26.758323748187195,26.946401596069336,27150000.0
2015-06-16,GOOGL,27.019849132361003,27.129518936987743,26.875440049866633,27.039201736450195,32526000.0
2015-06-17,GOOGL,27.066493925900485,27.212390932771665,26.887347470103844,27.12505149841309,24440000.0
2015-06-18,GOOGL,27.194526753732134,27.65355808310509,27.194526753732134,27.60046005249023,41192000.0
2015-06-19,GOOGL,27.617329753647052,27.686308534655065,27.405927716995535,27.666954040527344,59290000.0
2015-06-22,GOOGL,27.760749951316186,28.068424728956696,27.735935912065887,27.774147033691406,34752000.0
2015-06-23,GOOGL,27.77960339935897,28.033188161460817,27.64859331361425,27.958253860473633,31396000.0
2015-06-24,GOOGL,27.913096143328428,27.921035575124176,27.631721468938157,27.71906089782715,28924000.0
2015-06-25,GOOGL,27.80491261780787,27.94584794507004,27.663977290545706,27.68829345703125,26684000.0
2015-06-26,GOOGL,27.775634215455725,27.79002514530144,27.38558171084378,27.445627212524418,43676000.0
2015-06-29,GOOGL,27.13249357302545,27.33843796864444,26.809434038337013,26.859556198120117,37756000.0
2015-06-30,GOOGL,27.05011607802913,27.090313001819293,26.77469691808607,26.799510955810547,34510000.0
2015-07-01,GOOGL,26.979155029034807,27.08584896140911,26.78561763845942,26.96129035949707,30760000.0
2015-07-02,GOOGL,27.032747499899703,27.19452525842251,26.97468590742082,27.161773681640625,28124000.0
2015-07-06,GOOGL,26.909180623274132,27.223308771939404,26.90173716920965,27.076417922973633,25614000.0
2015-07-07,GOOGL,27.16624090180923,27.34340155641525,26.79008331380378,27.295265197753903,33578000.0
2015-07-08,GOOGL,27.07543055430228,27.208424580355203,26.857079101843368,26.88189125061035,27662000.0
2015-07-09,GOOGL,27.226781191160725,27.238194360637053,27.026792324656007,27.02828025817871,29766000.0
2015-07-10,GOOGL,27.477883917775127,27.75479290618487,27.393026268831992,27.59698486328125,43436000.0
2015-07-13,GOOGL,27.76570941417739,28.42770734181029,27.725512491113747,28.372127532958984,41792000.0
2015-07-14,GOOGL,28.50958812611575,29.264384999115354,28.49321139213806,28.98995780944824,74832000.0
2015-07-15,GOOGL,28.968124861045165,29.21376831069717,28.792948129203957,28.979042053222656,41466000.0
2015-07-16,GOOGL,29.253967334360553,29.99834308387077,29.17555928593688,29.86336326599121,112642000.0
2015-07-17,GOOGL,33.74503130241583,34.88640887561023,33.645782724786116,34.71867370605469,257162000.0
2015-07-20,GOOGL,34.19066771581118,34.62835874176487,33.832870777740155,34.38221740722656,102436000.0
2015-07-21,GOOGL,33.98720213566838,35.01543242682111,33.95097682010599,34.506778717041016,75604000.0
2015-07-22,GOOGL,34.440773610668714,35.39903309921943,34.321674563923004,34.49436950683594,83100000.0
2015-07-23,GOOGL,34.3330849906707,34.54250500559855,33.3276811289362,33.48350524902344,76232000.0
2015-07-24,GOOGL,33.58474576320294,33.63536201134379,32.41409026848371,32.49299240112305,82622000.0
2015-07-27,GOOGL,32.33418871068599,33.10337840575614,32.33319675500477,32.66667938232422,58382000.0
2015-07-28,GOOGL,32.83986887162959,32.95599204481494,32.42550022733136,32.73565673828125,34364000.0
2015-07-29,GOOGL,32.86468283769812,32.917782759060806,32.39721422517398,32.82349395751953,36756000.0
2015-07-30,GOOGL,32.62549525095597,33.152015559305006,32.34014893529991,32.978824615478516,39606000.0
2015-07-31,GOOGL,32.985772351231496,33.000659260913,32.613584464830225,32.62847137451172,34922000.0
2015-08-03,GOOGL,32.63640951456979,33.08353169567605,32.63640951456979,32.98676300048828,31348000.0
2015-08-04,GOOGL,32.96790401146846,33.149534143632,32.777842255176175,32.8160514831543,26188000.0
2015-08-05,GOOGL,33.03786902603292,33.740559777578305,33.02943361727613,33.412044525146484,36448000.0
2015-08-06,GOOGL,33.44678710279884,33.484500352211846,32.7887569678244,33.2562255859375,40660000.0
2015-08-07,GOOGL,33.1386138699598,33.18923011555317,32.69645527607679,32.97038650512695,27544000.0
2015-08-10,GOOGL,33.10436914858394,33.329172043127265,32.76394284396823,32.90835189819336,34458000.0
2015-08-11,GOOGL,34.71668948520077,34.93603285306355,33.95941080486726,34.256168365478516,109880000.0
2015-08-12,GOOGL,34.46410052484904,34.539034836691094,33.77034479357807,34.31423568725586,58498000.0
2015-08-13,GOOGL,34.2015823326534,34.44127216369703,33.85321655369994,34.068092346191406,36354000.0
2015-08-14,GOOGL,33.94551807124381,34.353435276018715,33.88894630307991,34.210018157958984,27598000.0
2015-08-17,GOOGL,34.14401489011477,34.476501768388,33.896881631643765,34.44524002075195,24680000.0
2015-08-18,GOOGL,34.29438399425269,34.5271225681172,34.00903768867541,34.178260803222656,27710000.0
2015-08-19,GOOGL,34.24674332451473,34.74745761512294,34.082483776397616,34.441768646240234,50194000.0
2015-08-20,GOOGL,34.19661871948456,34.546968370689854,33.51079875191918,33.71922302246094,57798000.0
2015-08-21,GOOGL,33.30039084414729,33.39219975881739,31.913867619028245,31.960020065307617,91880000.0
2015-08-24,GOOGL,29.804804171606992,31.148650547042266,29.43211844491522,30.673738479614254,129788000.0
2015-08-25,GOOGL,32.0811045269304,32.10740271142138,30.35415128908793,30.39385223388672,71430000.0
2015-08-26,GOOGL,31.913866333792097,32.87560149596297,31.28214007968239,32.739627838134766,87740000.0
2015-08-27,GOOGL,33.3475298998361,33.44628627520511,32.31086434304216,33.14754104614258,58974000.0
2015-08-28,GOOGL,33.0383696561847,33.09990498734726,32.44237462599846,32.73714828491211,38836000.0
2015-08-31,GOOGL,32.471653522435325,32.97137964220778,32.07515138121788,32.14809799194336,38936000.0
2015-09-01,GOOGL,31.45285133814365,31.980365452152412,31.018632176319077,31.241945266723633,51458000.0
2015-09-02,GOOGL,31.660776906139848,32.01112845108628,31.29553656109289,32.003684997558594,37630000.0
2015-09-03,GOOGL,32.15355911742747,32.31831465116764,31.452854014162916,31.61363983154297,34572000.0
2015-09-04,GOOGL,31.248892833359136,31.48709283279749,31.09009283373357,31.212169647216797,40478000.0
2015-09-08,GOOGL,31.80965644672274,32.01014131651698,31.40769475132654,31.952577590942383,39092000.0
2015-09-09,GOOGL,32.349578758239254,32.62152230080097,31.804692145149495,31.92925453186035,40978000.0
2015-09-10,GOOGL,31.953566510442663,32.49944125399584,31.844390804513925,32.30987548828125,27850000.0
2015-09-11,GOOGL,32.266709472105696,32.51979453142765,32.12775613514948,32.5192985534668,34892000.0
2015-09-14,GOOGL,32.53567275330777,32.55006368439517,32.23146793062689,32.37885665893555,29942000.0
2015-09-15,GOOGL,32.58926663895632,33.19171701014727,32.42203121364822,33.00413513183594,35546000.0
2015-09-16,GOOGL,33.02795430342899,33.1530088922759,32.86171082956647,33.026466369628906,26252000.0
2015-09-17,GOOGL,33.12422506309319,33.84378677726277,33.00065841537542,33.33165740966797,47752000.0
2015-09-18,GOOGL,33.003628051239346,33.24083795771648,32.754014913414636,32.79818344116211,72544000.0
2015-09-21,GOOGL,33.02596848718911,33.1991594282224,32.65328463180673,33.098915100097656,39094000.0
2015-09-22,GOOGL,32.62698094720563,32.693975821743166,32.00964371788415,32.41508102416992,54362000.0
2015-09-23,GOOGL,32.400197351888885,32.766429725790395,32.29250956399379,32.419551849365234,29160000.0
2015-09-24,GOOGL,32.205169086426785,32.59224385638462,31.86771860742162,32.49993896484375,38692000.0
2015-09-25,GOOGL,32.68206594124722,32.68206594124722,31.74315895993424,31.767475128173828,48480000.0
2015-09-28,GOOGL,31.71288599202819,31.90146359558416,30.66033953743914,30.978435516357425,47646000.0
2015-09-29,GOOGL,31.040466075203454,31.496023636672415,30.669768054673835,30.897050857543945,42130000.0
2015-09-30,GOOGL,31.35459263256424,31.725788527579898,31.221598627910975,31.679141998291016,52954000.0
2015-10-01,GOOGL,31.65779902339487,31.95058874334657,31.319356626795713,31.859275817871097,42506000.0
2015-10-02,GOOGL,31.66127428083231,32.60365302130808,31.437465222072603,32.60315704345703,48788000.0
2015-10-05,GOOGL,32.83193123815367,33.39914437575399,32.54757691649381,33.332149505615234,37960000.0
2015-10-06,GOOGL,33.216522571807786,33.685479094380334,32.90537408567345,33.33016586303711,42774000.0
2015-10-07,GOOGL,33.61600741717674,33.68250631610385,32.65873978981781,33.248783111572266,44354000.0
2015-10-08,GOOGL,33.22148199977581,33.34256872977101,32.47909033057505,33.09989929199219,39308000.0
2015-10-09,GOOGL,33.12422406036488,33.45174741332424,32.869647317985795,33.31031799316406,32124000.0
2015-10-12,GOOGL,33.20858622019141,33.644789314657274,33.11181752516438,33.56787109375,26684000.0
2015-10-13,GOOGL,33.46018516030682,34.16485991332197,33.403113630735085,33.90234375,42446000.0
2015-10-14,GOOGL,33.93012872420478,34.24326108713601,33.69043893588893,33.76537322998047,31292000.0
2015-10-15,GOOGL,34.00556459667212,34.44772319493247,33.96288778270124,34.391151428222656,47156000.0
2015-10-16,GOOGL,34.5092587795464,34.54995168230745,34.196622340628124,34.505287170410156,36316000.0
2015-10-19,GOOGL,34.439788154411616,34.7494487632616,34.35095888391267,34.73505783081055,30172000.0
2015-10-20,GOOGL,34.63282220117296,34.638281743443635,33.431397297855305,33.74502944946289,52434000.0
2015-10-21,GOOGL,33.90432929623116,33.98819499296056,33.28352020596818,33.33810806274414,31952000.0
2015-10-22,GOOGL,33.51873881283811,34.14451140013563,33.333140877177165,33.80160140991211,88632000.0
2015-10-23,GOOGL,37.221769678359664,37.34285645648117,35.627813801632435,35.69679260253906,126726000.0
2015-10-26,GOOGL,35.731018327411626,36.471922032451054,35.731018327411626,36.281856536865234,48776000.0
2015-10-27,GOOGL,36.05607343125019,36.52205416079346,35.93548643094994,36.36623001098633,38778000.0
2015-10-28,GOOGL,36.375161366047585,36.59202106707989,36.09080702675448,36.5696907043457,39604000.0
2015-10-29,GOOGL,36.55530147578001,37.05949140684257,36.48235107747625,36.96321868896485,36520000.0
2015-10-30,GOOGL,36.99844721947768,37.03566448757477,36.55033313835504,36.59300994873047,39984000.0
2015-11-02,GOOGL,36.45108955859915,37.12847043337683,36.29824128432254,37.10663604736328,39914000.0
2015-11-03,GOOGL,36.99199378494225,37.303142245433946,36.78009389157389,37.16022491455078,36306000.0
2015-11-04,GOOGL,37.21382049785643,37.710070952023145,37.179083117508384,37.48229217529297,41840000.0
2015-11-05,GOOGL,37.6559785012239,38.0301540336404,37.589483394769,37.74828338623047,45486000.0
2015-11-06,GOOGL,37.68476952562128,37.864907948532135,37.46840199808791,37.79444122314453,33544000.0
2015-11-09,GOOGL,37.64159167947553,37.87880162990481,37.174622805422494,37.45549774169922,35538000.0
2015-11-10,GOOGL,37.39148643774523,37.7448158317861,37.13988931568317,37.628692626953125,29798000.0
2015-11-11,GOOGL,37.83314551155051,38.165632441469555,37.70263138633507,37.97557067871094,41866000.0
2015-11-12,GOOGL,37.72397325595513,38.00286809489343,37.509593411729355,37.542842864990234,35452000.0
2015-11-13,GOOGL,37.419272931440176,37.48328815650851,36.69623557860425,36.72601318359375,48188000.0
2015-11-16,GOOGL,36.732958044576314,37.30364305864444,36.44116025300422,37.239627838134766,50704000.0
2015-11-17,GOOGL,37.341362344406825,37.46443301410853,36.92351799812337,37.01929473876953,38864000.0
2015-11-18,GOOGL,37.197441796485016,37.769618450187394,37.089258057731314,37.71552658081055,36266000.0
2015-11-19,GOOGL,37.70411580304644,37.87532281719481,37.57757329898008,37.712059020996094,28078000.0
2015-11-20,GOOGL,38.17654741775388,38.67378982538205,37.918498848634584,38.55865859985352,55478000.0
2015-11-23,GOOGL,38.58198284584127,38.85144646479687,38.38546582872933,38.54376983642578,34648000.0
2015-11-24,GOOGL,38.35817600056143,38.50854059295471,37.62124373334218,38.19292449951172,47880000.0
2015-11-25,GOOGL,38.295151346189805,38.36016230734735,38.039086682747474,38.174564361572266,23612000.0
2015-11-27,GOOGL,38.16960219213621,38.40978800051288,38.062410392032795,38.30904769897461,14434000.0
2015-11-30,GOOGL,38.304086401835995,38.46090250212345,37.77061861742054,37.85647201538086,33586000.0
2015-12-01,GOOGL,38.05943752359612,38.95566584206893,38.01030920670793,38.8956184387207,40398000.0
2015-12-02,GOOGL,38.96806963136928,39.355144399320814,38.53037483087038,38.60084533691406,46876000.0
2015-12-03,GOOGL,38.73532915316572,38.9298585023184,37.83662097609839,38.12196350097656,41950000.0
2015-12-04,GOOGL,38.19689848901477,38.827630951233495,37.98847418265468,38.6683349609375,49800000.0
2015-12-07,GOOGL,38.710514408403206,38.757162833223155,38.04851643098514,38.35966873168945,36626000.0
2015-12-08,GOOGL,37.93834621042171,38.640541066723465,37.84008958843105,38.46635818481445,31082000.0
2015-12-09,GOOGL,38.26587141108797,38.513500651174375,37.31852723913321,37.841575622558594,46550000.0
2015-12-10,GOOGL,37.893192535661264,38.01626320495797,37.46691278033037,37.71702194213867,32458000.0
2015-12-11,GOOGL,37.1691611191777,37.58799739602195,37.15179053532992,37.239627838134766,43184000.0
2015-12-14,GOOGL,37.28131379534744,37.92098139970389,36.536938065215146,37.84108352661133,53864000.0
2015-12-15,GOOGL,38.10161267302962,38.44700255951926,37.615785333844904,37.71950149536133,49386000.0
2015-12-16,GOOGL,38.04106861178332,38.78197242267964,37.568640255223016,38.53831100463867,53120000.0
2015-12-17,GOOGL,38.765096066228054,38.786434470597825,38.17654455847705,38.20284652709961,36510000.0
2015-12-18,GOOGL,38.07382481057931,38.41673482621627,37.54581282340079,37.5587158203125,67794000.0
2015-12-21,GOOGL,37.86639345604841,38.03015702496206,37.4247308267412,37.754737854003906,34848000.0
2015-12-22,GOOGL,37.92693371449257,38.22815506908267,37.77458522169027,38.0688591003418,36338000.0
2015-12-23,GOOGL,38.24552811525875,38.30557551334191,37.59841706950993,38.13734436035156,30594000.0
2015-12-24,GOOGL,38.13783483874354,38.17158026005116,37.93288620795436,38.00484085083008,10412000.0
2015-12-28,GOOGL,38.21128875167561,38.847480745894224,38.09864118984892,38.81869888305664,31156000.0
2015-12-29,GOOGL,39.0544170123401,39.63503297706872,39.01521582751535,39.40030670166016,38430000.0
2015-12-30,GOOGL,39.40030382992259,39.5243664463715,39.064837273207026,39.21867370605469,28566000.0
2015-12-31,GOOGL,39.09560689873998,39.12091691682792,38.574546129951344,38.608787536621094,32752000.0
2016-01-04,GOOGL,37.824210024536455,37.824210024536455,37.09670516636444,37.6872444152832,67382000.0
2016-01-05,GOOGL,37.91850046873212,38.17158548404012,37.4991682131678,37.79096221923828,45216000.0
2016-01-06,GOOGL,37.23714710898058,37.99938557560447,37.11953599204981,37.681785583496094,48206000.0
2016-01-07,GOOGL,37.04459903227423,37.4822899992494,36.48830121505529,36.77215576171875,63132000.0
2016-01-08,GOOGL,37.10960710009006,37.22473832224059,36.172686032042485,36.27144241333008,47506000.0
2016-01-11,GOOGL,36.3230555921978,36.47838375713797,35.70820200349906,36.37863540649414,50896000.0
2016-01-12,GOOGL,36.759750977293,37.13640640572717,36.54537117426711,36.98752975463867,46816000.0
2016-01-13,GOOGL,37.186030764434825,37.36766088488102,35.570240913835114,35.70869445800781,51728000.0
2016-01-14,GOOGL,35.950367474118316,36.71707350544237,34.985656484787164,36.29526138305664,55558000.0
2016-01-15,GOOGL,35.23328837836136,35.93647522316844,34.81246818004304,35.25810241699219,76676000.0
2016-01-19,GOOGL,35.73747568151615,35.99552803448234,35.22633832625563,35.68437576293945,48724000.0
2016-01-20,GOOGL,35.03032062799834,36.07492958595087,34.13111648772049,35.65857696533203,82440000.0
2016-01-21,GOOGL,35.738464011418195,36.6069022066239,35.288862029873165,36.06102752685547,51938000.0
2016-01-22,GOOGL,36.82178530689106,37.147328540145075,36.74735076132707,36.99348831176758,47146000.0
2016-01-25,GOOGL,36.91309916017457,37.34086685622891,36.35034975078268,36.40592956542969,45340000.0
2016-01-26,GOOGL,36.48482672498681,36.69573086881797,36.075913859887805,36.41435623168945,30940000.0
2016-01-27,GOOGL,36.51857486468166,36.51857486468166,35.40499094304119,35.60994338989258,42428000.0
2016-01-28,GOOGL,36.6327123068158,37.27634769042169,36.25605688032963,37.134422302246094,62104000.0
2016-01-29,GOOGL,37.16717844501767,37.96862192407068,36.93096045614953,37.78203201293945,75808000.0
2016-02-01,GOOGL,38.273814549313805,38.58794271093024,37.78351958612073,38.2495002746582,111522000.0
2016-02-02,GOOGL,39.72485147600155,40.213658489846225,38.737310318741926,38.7526969909668,135846000.0
2016-02-03,GOOGL,39.01918442769843,39.27475313841228,36.53693991263758,37.18802261352539,131114000.0
2016-02-04,GOOGL,36.95031306975174,36.982570561419266,35.859059542656034,36.2277717590332,104922000.0
2016-02-05,GOOGL,36.002972136236856,36.06351172363947,34.74447943373265,34.92412185668945,109556000.0
2016-02-08,GOOGL,34.126147732686995,34.961836286392035,33.84477307843579,34.9439697265625,89410000.0
2016-02-09,GOOGL,34.387673262133276,35.777671983621644,34.16684196822003,34.78814697265625,84300000.0
2016-02-10,GOOGL,35.322614437702875,35.88982763328763,35.005014423519896,35.07746505737305,60314000.0
2016-02-11,GOOGL,34.55590397378592,35.34891195345928,34.30033530375536,35.05314636230469,65004000.0
2016-02-12,GOOGL,35.34344893861971,35.53152674379681,34.81593302358376,35.079444885253906,46538000.0
2016-02-16,GOOGL,35.663039121631215,35.872955130987954,35.24271491113473,35.612918853759766,43444000.0
2016-02-17,GOOGL,36.077413561552575,36.412880176036566,35.56181229796392,36.32405090332031,49154000.0
2016-02-18,GOOGL,36.42280236697807,36.5240348608717,35.50920352987323,35.606468200683594,47276000.0
2016-02-19,GOOGL,35.526567072377865,35.93002043559576,35.38860951106208,35.834739685058594,34918000.0
2016-02-22,GOOGL,36.201960705760456,36.4669605060789,35.901235359804524,36.17913436889648,37516000.0
2016-02-23,GOOGL,36.03274551987704,36.27094361594726,35.51515666338139,35.59554672241211,41332000.0
2016-02-24,GOOGL,35.264051163916164,35.79057518465841,34.837775244974566,35.77469253540039,37092000.0
2016-02-25,GOOGL,35.875432714687015,36.20196408081207,35.394069181854505,36.182613372802734,36146000.0
2016-02-26,GOOGL,36.40492978892983,36.53196825623458,35.826301638539846,35.97120666503906,42474000.0
2016-02-29,GOOGL,35.77965720290548,36.25605718743341,35.573216831001,35.59207534790039,45068000.0
2016-03-01,GOOGL,35.79454555119767,36.83816251564413,35.66254349977129,36.830223083496094,60112000.0
2016-03-02,GOOGL,36.86496273082786,36.87736596464534,36.38756695594572,36.69673156738281,36292000.0
2016-03-03,GOOGL,36.69672572574861,36.77215600291866,36.20791875067873,36.30518341064453,40534000.0
2016-03-04,GOOGL,36.46448832473148,36.47441166882942,36.00892694411916,36.237205505371094,48516000.0
2016-03-07,GOOGL,35.985607604293115,36.087835851593816,34.99261054637706,35.372737884521484,61690000.0
2016-03-08,GOOGL,35.15388572215254,35.84168966543364,34.93603406638649,35.408958435058594,52530000.0
2016-03-09,GOOGL,35.49034314010095,36.03969351753278,35.36578454779973,35.998504638671875,39544000.0
2016-03-10,GOOGL,36.11661346324506,36.550832634597626,35.893302260985735,36.3339729309082,44616000.0
2016-03-11,GOOGL,36.7200492921465,36.96569081424694,36.558765642332126,36.964202880859375,35380000.0
2016-03-14,GOOGL,36.96916962480573,37.43018670484356,36.904158667056194,37.23069381713867,32824000.0
2016-03-15,GOOGL,37.02127544496241,37.36815706010366,36.86346740522543,37.2470703125,29832000.0
2016-03-16,GOOGL,37.17164155224128,37.66541214221778,37.04509904299183,37.58402633666992,29306000.0
2016-03-17,GOOGL,37.598413784293754,37.9800289743035,37.584022854900866,37.63960266113281,44564000.0
2016-03-18,GOOGL,37.7959236914242,37.82122991989948,37.30910061096213,37.48725509643555,56222000.0
2016-03-21,GOOGL,37.412814795647435,37.88077933492188,37.28180471520703,37.82222366333008,28774000.0
2016-03-22,GOOGL,37.63762757034367,37.96316705257823,37.609837660715,37.71752166748047,22096000.0
2016-03-23,GOOGL,37.88128240687344,37.9825186926558,37.518025911141045,37.59395217895508,24678000.0
2016-03-24,GOOGL,37.27833474197719,37.5939470259952,37.243597362316855,37.45896911621094,31116000.0
2016-03-28,GOOGL,37.52496696426327,37.63067081926585,37.32001832430483,37.381553649902344,21676000.0
2016-03-29,GOOGL,37.40140583923446,38.07134704370067,37.1339298786589,38.007328033447266,40062000.0
2016-03-30,GOOGL,38.1224547519491,38.574044471150266,38.091193003471254,38.12890625,40396000.0
2016-03-31,GOOGL,38.12890736598787,38.16562865790518,37.62818932303009,37.85894775390625,32554000.0
2016-04-01,GOOGL,37.57410288152156,38.213270710505526,37.476834425802885,38.19491195678711,31674000.0
2016-04-04,GOOGL,38.18697170039065,38.33237652432182,37.80386851280769,37.969120025634766,26924000.0
2016-04-05,GOOGL,37.62223528895822,37.85745750617435,37.49668096293258,37.64406967163086,24478000.0
2016-04-06,GOOGL,37.607839741714265,38.132875800348394,37.53141751100556,38.11550521850586,25312000.0
2016-04-07,GOOGL,37.97904163283596,38.17952649911455,37.590974897734576,37.72099304199219,25498000.0
2016-04-08,GOOGL,38.006335978479505,38.068863268773214,37.505125700328605,37.68873596191406,23434000.0
2016-04-11,GOOGL,37.9854869870237,38.07332427943917,37.583029385882654,37.59295272827149,31774000.0
2016-04-12,GOOGL,37.63712288040206,37.959186656338254,37.29669278016015,37.929412841796875,27388000.0
2016-04-13,GOOGL,38.22667033995892,38.49662996850048,37.94281575837545,38.30607223510742,35426000.0
2016-04-14,GOOGL,38.477275646798326,38.688179812068626,38.37107581131081,38.478763580322266,26992000.0
2016-04-15,GOOGL,38.48422739645302,38.75369105173666,38.4559377259045,38.70753860473633,31712000.0
2016-04-18,GOOGL,38.7169579336123,39.13182632041481,38.58892751328583,39.08864974975586,33540000.0
2016-04-19,GOOGL,39.22859695690854,39.250927316999714,38.22468106144959,38.52143859863281,43952000.0
2016-04-20,GOOGL,38.66584867584445,38.6906627117743,38.27430635974402,38.45543670654297,34262000.0
2016-04-21,GOOGL,38.5740486148809,38.79090832442027,38.288206330743826,38.70753860473633,77628000.0
2016-04-22,GOOGL,36.91656295561156,37.41330933374539,36.244641761174,36.61186599731445,140798000.0
2016-04-25,GOOGL,36.4917766059682,36.9647009259917,36.479369588197805,36.83220291137695,49442000.0
2016-04-26,GOOGL,36.94188143430849,36.99994113915142,35.74591587809046,35.996524810791016,55864000.0
2016-04-27,GOOGL,35.99403609268807,36.084849257687694,35.18812509815023,35.802486419677734,66262000.0
2016-04-28,GOOGL,35.893303492597134,36.18956510082308,34.8963349082586,34.9886360168457,62590000.0
2016-04-29,GOOGL,34.94199587654074,35.33849807689551,34.925121267494454,35.12858581542969,58278000.0
2016-05-02,GOOGL,35.32906625697301,35.50225719682701,35.05315110016992,35.452632904052734,33476000.0
2016-05-03,GOOGL,35.357845062793025,35.40101785302601,35.101284424597104,35.156368255615234,38620000.0
2016-05-04,GOOGL,35.0734907107886,35.48438371234323,34.93850902612556,35.30176544189453,34172000.0
2016-05-05,GOOGL,35.48190496706447,35.60844746094753,35.20648583300938,35.46751403808594,29668000.0
2016-05-06,GOOGL,35.34295967008108,36.02728798925841,35.33055265090552,35.987091064453125,39952000.0
2016-05-09,GOOGL,36.062518518497015,36.439173934663245,35.90371852935042,36.183109283447266,38074000.0
2016-05-10,GOOGL,36.472425274308534,36.722534418331186,36.30618182282669,36.691768646240234,32634000.0
2016-05-11,GOOGL,36.74834072172119,36.76223567428409,36.12207211455834,36.25357818603515,29834000.0
2016-05-12,GOOGL,36.325529906164135,36.492769087381554,35.94193080803441,36.1305046081543,27094000.0
2016-05-13,GOOGL,36.058555827827455,36.290302453464385,35.904219617282386,35.9697265625,25244000.0
2016-05-16,GOOGL,35.94441899207555,36.35928371973176,35.73003915092349,36.24117660522461,22538000.0
2016-05-17,GOOGL,36.278890892855266,36.51659303766892,35.63078785303237,35.739463806152344,33404000.0
2016-05-18,GOOGL,35.655595396902456,36.00644484152183,35.48290044592236,35.81836700439453,32536000.0
2016-05-19,GOOGL,35.645668412171524,35.75484410984032,35.24916254139331,35.49728775024414,30598000.0
2016-05-20,GOOGL,35.55435955798808,36.112141518444105,35.48240112663658,35.81488800048828,34798000.0
2016-05-23,GOOGL,35.72904458549902,35.90372346173018,35.578184007171274,35.59356689453125,24816000.0
2016-05-24,GOOGL,35.72259319919181,36.43471146817612,35.712666068799244,36.376651763916016,37884000.0
2016-05-25,GOOGL,36.474409871843534,36.71707556634119,36.35531081808167,36.62824630737305,32216000.0
2016-05-26,GOOGL,36.52403416988524,36.77712297201267,36.375161299173726,36.570186614990234,27202000.0
2016-05-27,GOOGL,36.598967619142456,37.11506855492321,36.5741535815596,37.09968566894531,34802000.0
2016-05-31,GOOGL,37.15725268861202,37.39148298848767,36.99894865572803,37.161720275878906,42484000.0
2016-06-01,GOOGL,37.1428566650963,37.28676974672431,36.93790423427973,37.14236068725586,20788000.0
2016-06-02,GOOGL,37.025249972912654,37.08480139568827,36.57366020223531,36.9344367980957,33916000.0
2016-06-03,GOOGL,36.796472954004905,36.796472954004905,36.42031353513087,36.51708221435547,24608000.0
2016-06-06,GOOGL,36.648095758086136,36.648095758086136,36.14142597629198,36.2292594909668,29992000.0
2016-06-07,GOOGL,36.388560188496065,36.55926744362353,36.26598550377393,36.28037643432617,24314000.0
2016-06-08,GOOGL,36.697723918446755,36.91160776837464,36.5126257180091,36.86793899536133,32314000.0
2016-06-09,GOOGL,36.5771320009363,36.91755832287654,36.548846119256766,36.84758758544922,19180000.0
2016-06-10,GOOGL,36.52155194105118,36.70466620393204,36.251592336250305,36.38458633422851,29050000.0
2016-06-13,GOOGL,36.21735565223323,36.67291325456778,36.21735565223323,36.319583892822266,23354000.0
2016-06-14,GOOGL,36.19204051909414,36.52403142556194,36.052595024595355,36.3875617980957,26584000.0
2016-06-15,GOOGL,36.47043482056211,36.58109845389793,36.29128838590642,36.3349609375,23234000.0
2016-06-16,GOOGL,36.1250470807548,36.24563784997621,35.50870561856141,35.940940856933594,45002000.0
2016-06-17,GOOGL,35.79901621254798,35.79901621254798,34.793116197033214,34.94844436645508,82262000.0
2016-06-20,GOOGL,35.24916511436183,35.525080245589145,35.006003452044006,35.04173278808594,45654000.0
2016-06-21,GOOGL,35.23626710348258,35.500770995369365,34.968791130133326,35.17820739746094,30318000.0
2016-06-22,GOOGL,35.43476913677589,35.44270856991521,35.02933178000072,35.257110595703125,29058000.0
2016-06-23,GOOGL,35.26108022540139,35.4759560304029,34.74994280463064,35.475460052490234,42500000.0
2016-06-24,GOOGL,34.24971574700766,34.98565599713085,33.98868753111872,34.00307846069336,95436000.0
2016-06-27,GOOGL,33.86859627887684,33.91028113376816,33.38078125220872,33.80160140991211,58146000.0
2016-06-28,GOOGL,34.30926966236989,34.37725649246694,33.98571414010763,34.303810119628906,38246000.0
2016-06-29,GOOGL,34.45268404715995,34.71271651961875,34.374274115670566,34.49883270263672,43124000.0
2016-06-30,GOOGL,34.62091049089605,34.92461550775341,34.484440867222176,34.91270446777344,42250000.0
2016-07-01,GOOGL,34.99062043748875,35.359332645496195,34.92263361064311,35.24618911743164,30984000.0
2016-07-05,GOOGL,34.9861534269257,35.140485835922306,34.69435942841312,34.98019790649414,28440000.0
2016-07-06,GOOGL,34.729592921749656,35.3826594689489,34.68790806465761,35.18267059326172,28902000.0
2016-07-07,GOOGL,35.239238205574836,35.242214072406185,34.77077770331483,35.09780502319336,21174000.0
2016-07-08,GOOGL,35.26157252518358,35.62582093790213,35.13998979962691,35.61986541748047,29946000.0
2016-07-11,GOOGL,35.70125088593832,36.17318328142322,35.67395695948042,36.08733367919922,28822000.0
2016-07-12,GOOGL,36.32155987292648,36.504178141872714,36.10221653019871,36.35083770751953,26468000.0
2016-07-13,GOOGL,36.500214816525784,36.500214816525784,36.17765126018955,36.200477600097656,20436000.0
2016-07-14,GOOGL,36.421801870581575,36.53097756857131,36.25555843449365,36.51410675048828,21408000.0
2016-07-15,GOOGL,36.772160266630515,36.772160266630515,36.45654416993109,36.50567626953125,32342000.0
2016-07-18,GOOGL,36.618815969382744,37.473855255432206,36.549341211486535,37.37758255004883,38698000.0
2016-07-19,GOOGL,37.212329717166064,37.54580854299281,37.1438469174209,37.38800430297851,30436000.0
2016-07-20,GOOGL,37.419764810599816,37.74679594911789,37.419764810599816,37.57012939453125,22502000.0
2016-07-21,GOOGL,37.56615610793469,37.623227633478145,37.29421259823522,37.43762969970703,19062000.0
2016-07-22,GOOGL,37.5820413631056,37.68774144010022,37.35078695008061,37.67930603027344,20920000.0
2016-07-25,GOOGL,37.59990415364283,37.706103994637665,37.42075770528802,37.59196472167969,21466000.0
2016-07-26,GOOGL,37.59196769058156,37.67831706544286,37.35525750223135,37.598419189453125,23792000.0
2016-07-27,GOOGL,37.66391707303677,37.93586055775959,37.51305653184383,37.81278991699219,32172000.0
2016-07-28,GOOGL,38.153717486828974,38.16016898440646,37.669870312877634,38.00484085083008,73464000.0
2016-07-29,GOOGL,39.58639478325421,39.89555555934584,39.20378385523221,39.27028274536133,101810000.0
2016-08-01,GOOGL,39.03853465586515,40.07172847201896,38.957644831751125,39.74668502807617,60594000.0
2016-08-02,GOOGL,39.567540102535375,39.81516936298048,39.42859057484888,39.70599365234375,39928000.0
2016-08-03,GOOGL,39.52486727209333,39.67721579002522,39.35366023462024,39.646446228027344,29206000.0
2016-08-04,GOOGL,39.612696427333155,39.70996109578395,39.39831661722456,39.563568115234375,21520000.0
2016-08-05,GOOGL,39.705491489805674,40.05832479681339,39.591352232075806,40.0439338684082,36146000.0
2016-08-08,GOOGL,39.997788695830934,40.07719059147321,39.78390485601482,39.95957946777344,24426000.0
2016-08-09,GOOGL,39.922858771747,40.36154558533973,39.90152036182011,40.07123947143555,32154000.0
2016-08-10,GOOGL,40.04989447611076,40.23995622241922,40.022104571371635,40.12135314941406,18370000.0
2016-08-11,GOOGL,40.21961166919068,40.388834781018886,39.99778839867648,40.106964111328125,25646000.0
2016-08-12,GOOGL,39.95262395849723,40.05683608600717,39.88066553177774,40.04988861083984,17946000.0
2016-08-15,GOOGL,40.0578389633326,40.263783385546915,39.90003090262271,39.99580764770508,18596000.0
2016-08-16,GOOGL,39.8737218817968,39.911438914089175,39.55115834031787,39.759090423583984,21158000.0
2016-08-17,GOOGL,39.70003791868389,39.97942869228269,39.51642388031734,39.9690055847168,21322000.0
2016-08-18,GOOGL,39.966031872791405,40.09704197469958,39.780929890816125,39.83650970458984,17292000.0
2016-08-19,GOOGL,39.68961043944899,39.76107289264058,39.545205171783806,39.68266296386719,22416000.0
2016-08-22,GOOGL,39.62609354341931,39.66529851012099,39.41866121935832,39.54867935180664,17056000.0
2016-08-23,GOOGL,39.72385653013412,39.74966252422521,39.5010413073855,39.53081512451172,18350000.0
2016-08-24,GOOGL,39.54421453019754,39.62361642485331,39.2415014324812,39.38243865966797,25672000.0
2016-08-25,GOOGL,39.30303648492487,39.438018190441454,39.06632630848028,39.2682991027832,24054000.0
2016-08-26,GOOGL,39.32735729276794,39.670267337208,39.17451280066732,39.363582611083984,24978000.0
2016-08-29,GOOGL,39.35514551804993,39.62659308399478,39.21966783097945,39.49260711669922,15474000.0
2016-08-30,GOOGL,39.346708829907826,39.60078958910476,39.17748572103918,39.299068450927734,23348000.0
2016-08-31,GOOGL,39.18393926316561,39.28169991561743,39.064840202549185,39.196346282958984,21428000.0
2016-09-01,GOOGL,39.30204388492984,39.3472043740191,39.02166494298614,39.27326202392578,26070000.0
2016-09-02,GOOGL,39.465306340879856,39.556119499035155,39.365558009988526,39.54470443725586,26998000.0
2016-09-06,GOOGL,39.62013838991696,40.24045145644211,39.47324943702404,40.09803009033203,39790000.0
2016-09-07,GOOGL,40.093562705164736,40.22606072875652,39.88464244456871,40.09654235839844,22906000.0
2016-09-08,GOOGL,39.95907996294997,40.117879954127496,39.75015592048381,39.84096908569336,23554000.0
2016-09-09,GOOGL,39.63899833518388,39.786883035206195,39.10701852680097,39.12835693359375,37752000.0
2016-09-12,GOOGL,38.93184870496646,39.70847821783294,38.88122866671199,39.64148712158203,37274000.0
2016-09-13,GOOGL,39.402782574057184,39.49111585104216,38.92241098615698,39.14026641845703,36180000.0
2016-09-14,GOOGL,39.08121487248913,39.51791773630002,39.08121487248913,39.22661590576172,25842000.0
2016-09-15,GOOGL,39.20428778400882,39.88117271831821,39.13729290246255,39.76108169555664,31144000.0
2016-09-16,GOOGL,39.65140835380926,39.65140835380926,39.383432624809814,39.59930038452149,42612000.0
2016-09-19,GOOGL,39.755122278434975,39.89804341636421,39.38045452860479,39.47126770019531,22990000.0
2016-09-20,GOOGL,39.70003651669637,39.836506149440616,39.61368715023783,39.689117431640625,20984000.0
2016-09-21,GOOGL,39.76256393328359,39.9933223650681,39.503023641281096,39.949649810791016,26970000.0
2016-09-22,GOOGL,40.196288436832035,40.645890488382086,40.082648925777185,40.49155807495117,35186000.0
2016-09-23,GOOGL,40.451363792006376,40.54366490214864,40.33176875253905,40.44243240356445,28234000.0
2016-09-26,GOOGL,40.18735597303099,40.200258969642896,39.72236726150214,39.83154296875,29454000.0
2016-09-27,GOOGL,39.79084703903281,40.36947521453538,39.79084703903281,40.23250961303711,27346000.0
2016-09-28,GOOGL,39.902506952979145,40.20869567824468,39.83799575392633,40.19926452636719,29406000.0
2016-09-29,GOOGL,40.05882200195578,40.390316915412654,39.74270997297714,39.8310432434082,27000000.0
2016-09-30,GOOGL,39.87868961944793,40.10150484728582,39.7744774710352,39.90151596069336,33204000.0
2016-10-03,GOOGL,39.82658276986311,39.87571108505847,39.512954360042,39.71889877319336,29784000.0
2016-10-04,GOOGL,39.9481612150694,40.02259953976899,39.683661148855165,39.8384895324707,25174000.0
2016-10-05,GOOGL,39.99779189556535,40.121854527863064,39.7352756987994,39.76108169555664,24276000.0
2016-10-06,GOOGL,39.90250667541786,40.04493183353091,39.725347921671634,39.852882385253906,21998000.0
2016-10-07,GOOGL,39.99431193786885,39.99480791569887,39.54222625274888,39.73526763916016,23262000.0
2016-10-10,GOOGL,39.89506342743224,40.562520923946174,39.8111977329862,40.40322494506836,29922000.0
2016-10-11,GOOGL,40.4032282441396,40.68559490941451,40.06577774119929,40.17495346069336,34432000.0
2016-10-12,GOOGL,40.29355364759973,40.4196001794308,40.124334323432066,40.28412628173828,18158000.0
2016-10-13,GOOGL,40.001264173264374,40.025578448100006,39.63155619702256,39.90250778198242,27380000.0
2016-10-14,GOOGL,40.06974358859108,40.20075367592646,39.81516686771628,39.92831039428711,22238000.0
2016-10-17,GOOGL,39.997289838368275,40.369477678691865,39.89010183027704,40.03947067260742,21128000.0
2016-10-18,GOOGL,40.40520695133663,41.12973215836576,40.361538183600246,40.7664794921875,45786000.0
2016-10-19,GOOGL,40.83546153588317,41.178867543125165,40.83546153588317,41.03197479248047,30002000.0
2016-10-20,GOOGL,41.06769993282552,41.11286041920532,40.719830160100656,40.7734260559082,27878000.0
2016-10-21,GOOGL,40.69253944892191,40.90543132934928,40.608673753681884,40.89401626586914,32316000.0
2016-10-24,GOOGL,41.19325010100841,41.58280468976089,41.14114214399565,41.473628997802734,28952000.0
2016-10-25,GOOGL,41.610599508196984,41.610599508196984,40.95554906512244,41.1168327331543,37814000.0
2016-10-26,GOOGL,41.04587013414104,41.07515176062275,40.51141040816944,40.7967529296875,35898000.0
2016-10-27,GOOGL,40.84191387983384,41.019072643956065,40.4250614886426,40.56103515625,59470000.0
2016-10-28,GOOGL,41.18581287194011,41.63541491643057,40.54366161795539,40.67070388793945,87098000.0
2016-10-31,GOOGL,40.81312718778496,40.82305431779984,40.09704112276077,40.19132614135742,44854000.0
2016-11-01,GOOGL,40.2394607782912,40.392805020344774,39.613688149406194,39.971981048583984,47118000.0
2016-11-02,GOOGL,40.03550466138214,40.03550466138214,38.95566238328915,39.12538146972656,47014000.0
2016-11-03,GOOGL,38.930843152347194,39.20378239229927,38.63954516118791,38.81621170043945,43504000.0
2016-11-04,GOOGL,38.275792232242736,39.12835157583197,38.26090532592255,38.76211929321289,39412000.0
2016-11-07,GOOGL,39.44943579679491,39.948166198139184,39.34770353321856,39.80078125,39852000.0
2016-11-08,GOOGL,39.80077743122523,40.49602103004838,39.68117861597495,40.2945442199707,35382000.0
2016-11-09,GOOGL,39.79084618306013,40.28114107599666,39.30501887654253,39.97743606567383,61970000.0
2016-11-10,GOOGL,40.19628416441805,40.19926003135776,38.12344518339161,38.721923828125,118192000.0
2016-11-11,GOOGL,38.549231127786086,38.57304942295509,37.98995741521665,38.29813003540039,71852000.0
2016-11-14,GOOGL,38.29862461145487,38.29961656712263,36.90068647707908,37.37857437133789,73766000.0
2016-11-15,GOOGL,37.98648243293769,38.71944684458934,37.974079200334565,38.46735000610352,58878000.0
2016-11-16,GOOGL,38.232126904638434,38.88122182394265,38.02916216767748,38.70654296875,35968000.0
2016-11-17,GOOGL,38.83159541945174,39.149195385809875,38.70008936085455,39.013221740722656,30674000.0
2016-11-18,GOOGL,39.06335119699981,39.26780388466483,38.47678351229251,38.50754928588867,36126000.0
2016-11-21,GOOGL,38.61324904356612,39.032581309353134,38.523923804782555,38.94573974609375,32616000.0
2016-11-22,GOOGL,39.15366674041165,39.390872889319226,38.89313448725489,38.95566177368164,27884000.0
2016-11-23,GOOGL,39.179969683000955,39.179969683000955,38.34279309262319,38.65791320800781,26260000.0
2016-11-25,GOOGL,38.8370554509634,38.85144638016897,38.61771209590004,38.71894836425781,12270000.0
2016-11-28,GOOGL,38.62565722447838,39.68713701400045,38.61325020475658,38.994869232177734,51508000.0
2016-11-29,GOOGL,39.123390933103416,39.52336866675731,38.972530375237625,39.175994873046875,31240000.0
2016-11-30,GOOGL,39.15913240133611,39.27872745021542,38.367612174708654,38.50308609008789,45582000.0
2016-12-01,GOOGL,38.635583087431,38.63806297685768,37.385525725757915,37.92991256713867,57342000.0
2016-12-02,GOOGL,37.809320932844344,38.23609659943171,37.665407855870434,37.93635940551758,34376000.0
2016-12-05,GOOGL,38.21128448861968,38.70753493652383,38.06091990626408,38.61920166015625,33770000.0
2016-12-06,GOOGL,38.71695647902814,38.96954925172724,38.37603422933598,38.51795959472656,34682000.0
2016-12-07,GOOGL,38.705056464199906,39.303035398386605,38.386460726976026,39.276737213134766,40588000.0
2016-12-08,GOOGL,39.35018236538926,39.65041558282734,39.10007320456806,39.460350036621094,32250000.0
2016-12-09,GOOGL,39.66530096986102,40.193808941970715,39.60326965993606,40.16899490356445,38090000.0
2016-12-12,GOOGL,39.93923087169484,40.26328236335778,39.92483994144819,40.09207534790039,32572000.0
2016-12-13,GOOGL,40.314891655608136,40.90592691181696,40.292561292836965,40.46128463745117,42564000.0
2016-12-14,GOOGL,40.49006894588856,40.903941647693976,40.33424481733955,40.58782958984375,35994000.0
2016-12-15,GOOGL,40.56152695751872,40.84141369647383,40.29553517063618,40.47666931152344,35394000.0
2016-12-16,GOOGL,40.60867490748878,40.652839656835134,40.1029932600866,40.188350677490234,51978000.0
2016-12-19,GOOGL,40.160562492013334,40.50496047158546,39.92335253407247,40.32035446166992,25272000.0
2016-12-20,GOOGL,40.36352109473915,40.51835326157836,40.2459099826058,40.4543342590332,25438000.0
2016-12-21,GOOGL,40.48014456958401,40.48014456958401,39.95312830209719,40.30546569824219,29192000.0
2016-12-22,GOOGL,40.15162661739674,40.24938726157445,39.999274333530465,40.1804084777832,22632000.0
2016-12-23,GOOGL,40.097535534257176,40.2444244923585,39.953622443389605,40.08711242675781,15310000.0
2016-12-27,GOOGL,40.13077875351724,40.49403519672804,39.987861413183495,40.19281005859375,19520000.0
2016-12-28,GOOGL,40.36154163847913,40.36154163847913,39.82112639364336,39.92682647705078,24296000.0
2016-12-29,GOOGL,39.81566261717667,39.98537790605941,39.60773431774886,39.84295654296875,21148000.0
2016-12-30,GOOGL,39.85933838638653,39.863309995928184,39.18493334079483,39.32537460327149,34718000.0
2017-01-03,GOOGL,39.73080209555945,40.26774545030832,39.545703917091544,40.0975341796875,39180000.0
2017-01-04,GOOGL,40.19083262034752,40.36650724309658,39.9040021517086,40.08562850952149,30306000.0
2017-01-05,GOOGL,40.07222584262852,40.38188641152178,39.993819691175254,40.34615707397461,26810000.0
2017-01-06,GOOGL,40.44392215051808,41.137185714801205,40.27073120045272,40.95109176635742,40342000.0
2017-01-09,GOOGL,41.008654085637936,41.21013091518885,40.772935849595285,41.048851013183594,28178000.0
2017-01-10,GOOGL,41.04338763405684,41.159510818527565,40.848362321700826,40.99078369140625,23948000.0
2017-01-11,GOOGL,41.021058888553455,41.18382671550217,40.76549019150774,41.18184280395508,26508000.0
2017-01-12,GOOGL,41.108394779089735,41.207647143820246,40.74265842841387,41.16546630859375,26990000.0
2017-01-13,GOOGL,41.23841516790077,41.41954553755068,41.16497257868924,41.23543930053711,25804000.0
2017-01-17,GOOGL,41.18878684829836,41.19771823560679,40.851336394965074,41.062740325927734,28818000.0
2017-01-18,GOOGL,41.17886478192362,41.17936075978445,40.89500642973119,41.14015579223633,20554000.0
2017-01-19,GOOGL,41.139163600564935,41.33766454038061,40.889054460886065,40.90939712524414,21410000.0
2017-01-20,GOOGL,41.14362936622756,41.15107660663391,40.92081414245824,41.09797668457031,26124000.0
2017-01-23,GOOGL,41.26868854642984,41.959964358364125,41.12427947209764,41.90488052368164,49148000.0
2017-01-24,GOOGL,42.0314241271239,42.25672303671018,41.79818578497671,42.1579704284668,33768000.0
2017-01-25,GOOGL,42.35746240353827,42.61749490502919,42.16838881561796,42.600624084472656,33108000.0
2017-01-26,GOOGL,42.63039602473197,42.72716471495005,42.20709594878447,42.52767181396485,69866000.0
2017-01-27,GOOGL,42.62791774368355,43.02491586305554,41.7793298621954,41.93465423583984,75050000.0
2017-01-30,GOOGL,41.539148823916655,41.54758423511105,40.74365698790057,40.88261032104492,70338000.0
2017-01-31,GOOGL,40.66772392892892,40.844886464904974,40.36501084360784,40.70196533203125,40404000.0
2017-02-01,GOOGL,40.89104068285953,40.89104068285953,40.30794484909522,40.45632553100586,45020000.0
2017-02-02,GOOGL,40.44441005988104,40.91882610719877,40.298017091638854,40.60618591308594,33784000.0
2017-02-03,GOOGL,40.84786652297752,40.996739391700366,40.6602808778072,40.69898986816406,30562000.0
2017-02-06,GOOGL,40.738196577165525,40.81114318799051,40.40918150334489,40.77293395996094,27018000.0
2017-02-07,GOOGL,40.965479353787416,41.284071319426445,40.855807662616314,41.150577545166016,33332000.0
2017-02-08,GOOGL,41.21508830054755,41.39969428117468,40.946120654169825,41.182830810546875,26044000.0
2017-02-09,GOOGL,41.27463474670282,41.28704176450819,41.01509825889134,41.1917610168457,23884000.0
2017-02-10,GOOGL,41.335185069080474,41.543609373344424,41.21410209588038,41.429473876953125,28302000.0
2017-02-13,GOOGL,41.570903218410955,41.7713918757338,41.498948560926706,41.6334342956543,25914000.0
2017-02-14,GOOGL,41.67362425540763,41.784287897768046,41.47810296426607,41.686527252197266,27266000.0
2017-02-15,GOOGL,41.62599011874562,41.772882884152445,41.49746368162861,41.55205154418945,27144000.0
2017-02-16,GOOGL,41.61059851762846,41.81852681532986,41.54906319064616,41.792724609375,20102000.0
2017-02-17,GOOGL,41.75004218194523,42.02943292336111,41.67411592874912,42.01007843017578,29224000.0
2017-02-21,GOOGL,42.081546064238914,42.29046633418327,42.010083602609015,42.14506530761719,25206000.0
2017-02-22,GOOGL,42.08203607218013,42.369362453304525,42.01801707391379,42.248775482177734,24488000.0
2017-02-23,GOOGL,42.23488667872054,42.31130891942619,41.80910291900999,42.23091506958008,27734000.0
2017-02-24,GOOGL,42.064669515959515,42.09990287422303,41.83192717418725,42.072608947753906,26924000.0
2017-02-27,GOOGL,41.93068290579729,42.21453746500001,41.834410197870355,42.164913177490234,20206000.0
2017-02-28,GOOGL,42.04978228999186,42.12322865919275,41.756496577131536,41.9296875,27662000.0
2017-03-01,GOOGL,42.249770479595306,42.57828954515215,42.13265534469995,42.516258239746094,36374000.0
2017-03-02,GOOGL,42.49441922527507,42.50335439848353,42.11776759972527,42.17384338378906,25018000.0
2017-03-03,GOOGL,42.12868408530492,42.22198092615547,41.918771872526854,42.1356315612793,20100000.0
2017-03-06,GOOGL,42.02546806207148,42.128688256208726,41.74310140841063,42.04581451416016,20958000.0
2017-03-07,GOOGL,42.04531993935258,42.3465451214604,41.95897434913689,42.23836135864258,20774000.0
2017-03-08,GOOGL,42.33612103714739,42.525194628762826,42.243323950091295,42.3619270324707,20576000.0
2017-03-09,GOOGL,42.364406227644714,42.71277198330302,42.31378619815778,42.57034683227539,26954000.0
2017-03-10,GOOGL,42.81152421968965,42.88745047718909,42.55893519659828,42.74750900268555,26732000.0
2017-03-13,GOOGL,42.71872937663826,43.03136581030742,42.71823339876589,42.904823303222656,23332000.0
2017-03-14,GOOGL,42.86363339999027,43.0536989311068,42.68399097612587,42.9708251953125,21234000.0
2017-03-15,GOOGL,43.07156078228258,43.16783349042689,42.74204975761626,43.09389114379883,26658000.0
2017-03-16,GOOGL,43.20008813200121,43.308271873588794,43.05071551504682,43.17378616333008,22090000.0
2017-03-17,GOOGL,43.35640426332593,43.39312933818987,43.09289617204187,43.29139709472656,37366000.0
2017-03-20,GOOGL,43.147986163876745,43.19066297862106,42.909292073603915,43.07007598876953,30844000.0
2017-03-21,GOOGL,43.176769443714015,43.34599256068178,42.066657315561955,42.18824005126953,50760000.0
2017-03-22,GOOGL,42.15548499471337,42.44678681434154,42.03241432992479,42.17136764526367,27334000.0
2017-03-23,GOOGL,41.75402439981233,41.76891131032511,41.33767173903408,41.66767501831055,65754000.0
2017-03-24,GOOGL,41.7842815710536,41.88353392129549,41.14412189592113,41.44385528564453,42114000.0
2017-03-27,GOOGL,41.094010085325046,41.75352823516695,40.90593222079652,41.61110305786133,38692000.0
2017-03-28,GOOGL,41.669656356765074,41.95301494948104,41.301436329331494,41.716304779052734,30384000.0
2017-03-29,GOOGL,41.821513462641896,42.260196470323976,41.75352662627824,42.174842834472656,29146000.0
2017-03-30,GOOGL,42.27954586125871,42.28053781698494,42.02100130922451,42.15548324584961,18988000.0
2017-03-31,GOOGL,42.023980492651866,42.159458181784736,41.94507835919382,42.07211685180664,28820000.0
2017-04-03,GOOGL,42.11925637071118,42.62791383225891,42.05871299883934,42.516258239746094,39388000.0
2017-04-04,GOOGL,42.082035833421095,42.3301610357736,42.05771777655601,42.30882263183594,26970000.0
2017-04-05,GOOGL,42.41502344136857,42.70681744000787,42.05821848190618,42.127197265625,37104000.0
2017-04-06,GOOGL,42.15647322871163,42.35944174794427,41.88353775923895,41.93812561035156,30672000.0
2017-04-07,GOOGL,41.93316633104035,41.97683510195683,41.55105512029424,41.78925323486328,22232000.0
2017-04-10,GOOGL,41.76146211818289,42.01951448525901,41.72424484701357,41.76940155029297,20924000.0
2017-04-11,GOOGL,41.769401971392014,41.9148029984923,41.41706458510465,41.67908477783203,19486000.0
2017-04-12,GOOGL,41.60861541652074,41.8696436369159,41.56544262705152,41.75749206542969,22716000.0
2017-04-13,GOOGL,41.73665035748687,41.870144135285976,41.578350112342136,41.693973541259766,21474000.0
2017-04-17,GOOGL,41.75352665661129,42.46118114272395,41.73615607101999,42.43587112426758,20982000.0
2017-04-18,GOOGL,42.30734071824727,42.548022523201205,42.24332549159694,42.37929916381836,18724000.0
2017-04-19,GOOGL,42.54801370474404,42.68745919351234,42.3564602563244,42.50434494018555,21606000.0
2017-04-20,GOOGL,42.66464013301642,42.87256845708981,42.55348050529568,42.681514739990234,23776000.0
2017-04-21,GOOGL,42.70830479570462,42.79862577062806,42.56489147372589,42.625431060791016,23458000.0
2017-04-24,GOOGL,43.09637859248165,43.668059371112435,42.980751379796565,43.616943359375,33930000.0
2017-04-25,GOOGL,43.78219134157877,44.277945815648785,43.634310433362856,44.10872650146485,40760000.0
2017-04-26,GOOGL,44.23527086405299,44.31467275702346,43.92561029643131,44.12361526489258,26466000.0
2017-04-27,GOOGL,44.16629233186943,44.33402372050894,44.0263508487108,44.23775100708008,46846000.0
2017-04-28,GOOGL,46.10167182248549,46.4440820900862,45.81483758202033,45.87935256958008,76918000.0
2017-05-01,GOOGL,45.86098930958472,46.44011353829957,45.694745850411195,46.291236877441406,46556000.0
2017-05-02,GOOGL,46.31356610833287,46.795921592091,46.200914775828366,46.50313186645508,35026000.0
2017-05-03,GOOGL,46.45152594781824,47.15371701656006,46.40984109093424,47.06687545776367,36496000.0
2017-05-04,GOOGL,47.15818949939638,47.59737226194874,47.01328444098065,47.378028869628906,38752000.0
2017-05-05,GOOGL,47.477272040361875,47.56262945078794,47.04950439079089,47.15768814086914,32310000.0
2017-05-08,GOOGL,47.01725686768162,47.68917822396756,47.01477319198405,47.575042724609375,37534000.0
2017-05-09,GOOGL,47.70605428617311,47.749227083189794,47.36215227166668,47.476783752441406,33758000.0
2017-05-10,GOOGL,47.45246260358555,47.476776877223294,47.13585456579633,47.38397979736328,22920000.0
2017-05-11,GOOGL,47.20781378123086,47.540304501105375,47.07481976493561,47.43608856201172,20622000.0
2017-05-12,GOOGL,47.5333542891766,47.539802001668946,47.246024078515006,47.398868560791016,24298000.0
2017-05-15,GOOGL,47.40630831442589,47.77402856059207,47.283733637007025,47.60133361816406,26754000.0
2017-05-16,GOOGL,47.816220028660226,47.93283541645704,47.65742001533722,47.86882019042969,22030000.0
2017-05-17,GOOGL,47.62515616874931,47.68917138623922,46.650518046111664,46.75522994995117,48982000.0
2017-05-18,GOOGL,46.806345103008915,47.351227917804934,46.71056836665466,47.168609619140625,36010000.0
2017-05-19,GOOGL,47.28373669498251,47.61821130278275,47.243043792492934,47.374549865722656,27206000.0
2017-05-22,GOOGL,47.49116868009444,47.8792391845147,47.46933429537857,47.842018127441406,27748000.0
2017-05-23,GOOGL,48.13431163878371,48.360102725018464,47.863356277557,48.16358947753906,30908000.0
2017-05-24,GOOGL,48.39732355580964,48.53924894808386,48.21718515109815,48.51394271850586,22660000.0
2017-05-25,GOOGL,48.58292396167472,49.415632984536856,48.52436449538357,49.221099853515625,39082000.0
2017-05-26,GOOGL,49.228041984179605,49.44589741082595,48.99778332544321,49.29106903076172,32728000.0
2017-05-30,GOOGL,49.25285617889685,49.50693691913104,49.19628441623343,49.43497848510742,30324000.0
2017-05-31,GOOGL,49.43697198540054,49.60519935961232,48.71591855745543,48.98439025878906,34482000.0
2017-06-01,GOOGL,49.17643953227833,49.28462329148241,48.6965638786128,49.043941497802734,26128000.0
2017-06-02,GOOGL,49.058826951613746,49.45036930865034,48.98339666636543,49.43250274658203,34710000.0
2017-06-05,GOOGL,49.520339072768635,49.99227148456232,49.39925232202065,49.81759262084961,27578000.0
2017-06-06,GOOGL,49.789304046112,50.0523161762549,49.36699594712542,49.46028900146485,31042000.0
2017-06-07,GOOGL,49.57988315554893,49.81907698658337,49.42009121166414,49.69948196411133,27482000.0
2017-06-08,GOOGL,49.83495681539461,49.90294364140927,49.45731322454804,49.837440490722656,33758000.0
2017-06-09,GOOGL,49.89748920728695,49.89798518514761,47.311029027469736,48.14225006103515,72958000.0
2017-06-12,GOOGL,47.57652177009396,48.037042863135326,46.488740167416154,47.729862213134766,84042000.0
2017-06-13,GOOGL,48.237528343240285,48.52882634832214,47.73978618989683,48.16110610961914,40108000.0
2017-06-14,GOOGL,48.40923280364804,48.6176570835201,47.615725034402175,48.0335693359375,30110000.0
2017-06-15,GOOGL,47.04553313870927,47.673785592975555,46.66590187148568,47.64897155761719,48552000.0
2017-06-16,GOOGL,47.53633036033255,47.6375666404689,47.07928484519663,47.571563720703125,51184000.0
2017-06-19,GOOGL,48.11892506137631,48.59780873424229,48.046970409023714,48.39533996582031,29376000.0
2017-06-20,GOOGL,48.39980239152941,48.6717497013078,48.04696904390916,48.08617401123047,25946000.0
2017-06-21,GOOGL,48.175497741058905,48.61021285475798,48.1089988492639,48.56257247924805,23232000.0
2017-06-22,GOOGL,48.477220280604165,48.65736248122,48.30055749744032,48.46481704711914,20190000.0
2017-06-23,GOOGL,48.40923653512779,48.96106683451977,48.35762454598657,48.93476486206055,31280000.0
2017-06-26,GOOGL,49.128797921229555,49.32680289418331,48.15267179552754,48.240013122558594,30358000.0
2017-06-27,GOOGL,47.719448391080846,47.99833940653162,46.99938693925328,47.04901123046875,48872000.0
2017-06-28,GOOGL,47.17654919401256,47.800830118697014,46.45698372447624,47.69016647338867,54912000.0
2017-06-29,GOOGL,47.210793007621085,47.226175894953286,46.13144664128115,46.539363861083984,64134000.0
2017-06-30,GOOGL,46.84554454041628,46.89566480314065,46.131934677988745,46.13541030883789,45754000.0
2017-07-03,GOOGL,46.31108282492581,46.361702853437265,45.42229810592332,45.62824249267578,33896000.0
2017-07-05,GOOGL,45.863465255325515,46.46343186208333,45.5870541509904,46.26344299316406,41882000.0
2017-07-06,GOOGL,45.90316925530482,46.455991500775355,45.647600561797674,46.036659240722656,40298000.0
2017-07-07,GOOGL,46.20042880158784,46.87880547441436,46.14087737345635,46.687747955322266,33266000.0
2017-07-10,GOOGL,46.74431054819273,47.29912045428234,46.74431054819273,47.193416595458984,29030000.0
2017-07-11,GOOGL,47.169600878601486,47.38646057832547,46.90162516913599,47.3189697265625,29224000.0
2017-07-12,GOOGL,47.682721650102536,48.117932764508936,47.493155879878834,48.020172119140625,32042000.0
2017-07-13,GOOGL,48.17598849216384,48.56802675233484,47.87823901709814,48.079219818115234,30492000.0
2017-07-14,GOOGL,48.334800818602595,48.51047165293816,48.14374331061589,48.479209899902344,21592000.0
2017-07-17,GOOGL,48.44992680298946,48.79878854424115,48.17599557974904,48.43206024169922,33210000.0
2017-07-18,GOOGL,48.30303491759887,49.17097726036958,48.237531763888754,48.977439880371094,28266000.0
2017-07-19,GOOGL,49.129292625079735,49.406695699521066,48.98041596928831,49.266258239746094,28242000.0
2017-07-20,GOOGL,49.47617426575243,49.559543987855115,48.861816650110406,49.23748016357422,28368000.0
2017-07-21,GOOGL,49.079176815026685,49.38238591074838,48.83948696759022,49.31936264038086,29266000.0
2017-07-24,GOOGL,49.33226699455003,49.932233703465144,49.142201436296226,49.54118728637695,79690000.0
2017-07-25,GOOGL,48.17103138870945,48.47026883727376,47.82861736411109,48.088157653808594,118672000.0
2017-07-26,GOOGL,48.27425292612219,48.332312625528374,47.65145995228316,47.9035530090332,44432000.0
2017-07-27,GOOGL,48.095601938273454,48.11247654391243,46.501646453008206,47.26835250854492,74358000.0
2017-07-28,GOOGL,47.04404581012095,47.72887003338842,46.91104803086001,47.557167053222656,36276000.0
2017-07-31,GOOGL,47.64004429002576,47.69909973051806,46.73339297067391,46.92048263549805,45670000.0
2017-08-01,GOOGL,47.03511098495856,47.36660590772958,46.89368158160399,46.97307968139648,28052000.0
2017-08-02,GOOGL,47.062905308119326,47.09913440965353,46.276348759406865,47.02667999267578,40788000.0
2017-08-03,GOOGL,47.099140335097,47.14380106615171,46.61976061966604,46.66243743896485,22478000.0
2017-08-04,GOOGL,46.84356635978719,47.021720872676646,46.63762572491079,46.93487930297851,25092000.0
2017-08-07,GOOGL,47.020725335952655,47.09218779849019,46.82123242927371,46.93288803100586,28916000.0
2017-08-08,GOOGL,46.86043231440909,47.2673575158772,46.770611107665175,46.85546875,30102000.0
2017-08-09,GOOGL,46.57062613425784,46.834134256424264,46.34582321666199,46.65151596069336,28018000.0
2017-08-10,GOOGL,46.39941976819309,46.46393096744499,45.743377331854624,45.83319854736328,54148000.0
2017-08-11,GOOGL,45.83915367368673,46.3180335642897,45.71558703292893,46.15576171875,32334000.0
2017-08-14,GOOGL,46.60138793592993,46.69914857390887,46.37410514833401,46.59444046020508,23012000.0
2017-08-15,GOOGL,46.6986581527084,46.799894433640944,46.480806490160866,46.55226516723633,22130000.0
2017-08-16,GOOGL,46.70957885726091,47.13883448466176,46.64953145566643,46.85944747924805,26906000.0
2017-08-17,GOOGL,46.7939381604659,46.83661497486895,46.034179553024906,46.03517150878906,33914000.0
2017-08-18,GOOGL,46.00142427318592,46.20190912629163,45.82624943543366,45.96172332763672,26748000.0
2017-08-21,GOOGL,45.941380937995106,46.06444781218914,45.585567931692054,45.69821548461914,26024000.0
2017-08-22,GOOGL,46.00043500831304,46.74481074349614,45.96123003833307,46.66739654541016,35502000.0
2017-08-23,GOOGL,46.4986666682668,46.9170069577444,46.41132913140807,46.775577545166016,22690000.0
2017-08-24,GOOGL,46.83165225161101,46.96067464247233,46.18801308649525,46.49320983886719,25892000.0
2017-08-25,GOOGL,46.608340792297135,46.68377107831637,46.15625884016076,46.17610931396485,23746000.0
2017-08-28,GOOGL,46.24459231590403,46.39197725724702,45.958254057354154,46.05849838256836,20988000.0
2017-08-29,GOOGL,45.65255748460031,46.557716983735766,45.62079597445393,46.43663024902344,23172000.0
2017-08-30,GOOGL,46.43266452050314,46.938342313979845,46.35227067894128,46.82767868041992,22406000.0
2017-08-31,GOOGL,46.96018116374227,47.50109615115193,46.95770127435581,47.403831481933594,33866000.0
2017-09-01,GOOGL,47.51449722865663,47.5571740445362,47.15769224238034,47.242549896240234,20858000.0
2017-09-05,GOOGL,46.98797685901408,47.21277980611867,46.42919902698894,46.72099685668945,29148000.0
2017-09-06,GOOGL,46.83959259897241,46.870854348551845,46.28428669963663,46.74778747558594,27830000.0
2017-09-07,GOOGL,46.85845321212498,47.168609762943674,46.52497055645284,47.138336181640625,22332000.0
2017-09-08,GOOGL,47.12891069949256,47.17853499238886,46.6480430855102,46.7175178527832,19998000.0
2017-09-11,GOOGL,47.004843440445214,47.27678696180678,46.69716679707367,46.81081008911133,26748000.0
2017-09-12,GOOGL,46.990949481105986,47.049009179940434,46.52348087888303,46.9775505065918,25696000.0
2017-09-13,GOOGL,46.92048475210786,47.28522916054444,46.88276771628767,47.16563034057617,21908000.0
2017-09-14,GOOGL,46.945297377766416,47.0460376849171,46.56616201931172,46.65399932861328,28548000.0
2017-09-15,GOOGL,46.65201262584589,46.7343903871149,46.21332586958531,46.41381072998047,39886000.0
2017-09-18,GOOGL,46.39990988685853,46.49171500229546,45.92301396387781,46.13888168334961,29474000.0
2017-09-19,GOOGL,46.32051886751881,46.54531800815113,45.985548271000006,46.491722106933594,24854000.0
2017-09-20,GOOGL,46.53489396639547,47.14379195587361,46.523478903822635,47.02171325683594,40080000.0
2017-09-21,GOOGL,47.05099481279299,47.28274140618764,46.61677567697785,47.02220916748047,27414000.0
2017-09-22,GOOGL,46.78500426928739,47.14379313555057,46.6892275379007,46.80931854248047,21496000.0
2017-09-25,GOOGL,46.62025390229481,46.63514081178571,45.87885400648442,46.36369323730469,37468000.0
2017-09-26,GOOGL,46.4832829808281,46.850011277574154,46.40537281078783,46.52000427246094,33454000.0
2017-09-27,GOOGL,46.78352226244843,47.909513292070834,46.74431729035093,47.63508605957031,46692000.0
2017-09-28,GOOGL,47.45395042925969,47.946725260130066,47.419213048362934,47.87874221801758,28018000.0
2017-09-29,GOOGL,47.9377930383633,48.42461612640098,47.9377930383633,48.320899963378906,40622000.0
2017-10-02,GOOGL,48.416675441604816,48.5203916019427,47.73681097508973,48.0107421875,30782000.0
2017-10-03,GOOGL,48.015206469392695,48.257379957979765,47.77452848652746,48.2395133972168,21666000.0
2017-10-04,GOOGL,48.22363089857322,48.354640976020754,47.91843417161181,47.97649765014648,21156000.0
2017-10-05,GOOGL,48.27474905020129,48.95560551159922,48.149694477185655,48.890098571777344,35618000.0
2017-10-06,GOOGL,48.63254433908038,49.34019872609693,48.558601991850274,49.30942916870117,31060000.0
2017-10-09,GOOGL,49.37692107258531,49.64787264414547,49.203234167739055,49.243431091308594,25910000.0
2017-10-10,GOOGL,49.391806826621426,49.499494598155174,48.6876280720831,49.01961898803711,23268000.0
2017-10-11,GOOGL,49.0811525111357,50.00070677491517,49.02656466059747,49.905426025390625,36300000.0
2017-10-12,GOOGL,49.81560481813796,50.1977159858152,49.679631169627086,49.905426025390625,30614000.0
2017-10-13,GOOGL,50.07713362911123,50.35751257519346,49.975401372258496,50.01559829711914,26552000.0
2017-10-16,GOOGL,50.10292998539082,50.220541092862966,49.70047237809038,50.08903503417969,21420000.0
2017-10-17,GOOGL,49.99425855270142,50.34758788475635,49.92527976825698,50.170921325683594,20260000.0
2017-10-18,GOOGL,50.17341273681132,50.434437220546386,49.88905835926869,50.25727844238281,25596000.0
2017-10-19,GOOGL,49.86076725923442,49.98830551315165,49.49106306703262,49.71635818481445,34284000.0
2017-10-20,GOOGL,49.97490457320311,50.05430267976816,49.737694637071314,49.87664794921875,32120000.0
2017-10-23,GOOGL,49.882097329115155,49.91237090590861,48.78637633873693,48.90746307373047,32786000.0
2017-10-24,GOOGL,48.95511092107929,49.09207653905142,48.48764229958939,49.053863525390625,28902000.0
2017-10-25,GOOGL,48.94369938620099,49.34864074860579,48.51940731271909,49.20125579833984,30574000.0
2017-10-26,GOOGL,49.549118183641085,49.94810396498932,49.15211631367645,49.19926071166992,47396000.0
2017-10-27,GOOGL,51.16292351404774,52.782188938441266,50.957475105419746,51.29591751098633,103682000.0
2017-10-30,GOOGL,51.07211007918639,51.601609961020664,50.73317169757723,51.26912307739258,46804000.0
2017-10-31,GOOGL,51.26267597007089,51.65967408142236,50.930185271874535,51.2646598815918,30326000.0
2017-11-01,GOOGL,51.42743023180678,52.00010293707846,51.31229900287452,51.73907470703125,43262000.0
2017-11-02,GOOGL,51.60955392842729,51.883981140435175,51.04730052943399,51.7574348449707,26694000.0
2017-11-03,GOOGL,51.74651200352491,52.139046257621935,51.493423235573914,52.10579681396485,27770000.0
2017-11-06,GOOGL,52.06163772643483,52.23482865285594,51.709296567056526,51.7430419921875,18294000.0
2017-11-07,GOOGL,52.08892564155223,52.27551932057107,51.75892243055798,52.22489929199219,26104000.0
2017-11-08,GOOGL,52.10878341630461,52.73604403037597,51.95991053502559,52.517696380615234,24276000.0
2017-11-09,GOOGL,52.00705138585244,52.14996873634093,51.404105088900465,51.99315643310547,35892000.0
2017-11-10,GOOGL,51.80209930984907,51.93906492678788,51.67059323569073,51.81599426269531,19442000.0
2017-11-13,GOOGL,51.649750966860445,52.04377321267855,51.57332872596877,51.66960144042969,18814000.0
2017-11-14,GOOGL,51.496899822898385,51.72418260464004,51.08054348187242,51.691429138183594,21012000.0
2017-11-15,GOOGL,51.3619254664512,51.59168817008283,51.151513472674566,51.4318962097168,18106000.0
2017-11-16,GOOGL,51.54801332722722,52.19363637737985,51.51079605947761,52.03036880493164,23768000.0
2017-11-17,GOOGL,52.096373549841466,52.15592118033546,51.298897961474125,51.40608596801758,26712000.0
2017-11-20,GOOGL,51.41154591875335,51.545535660609886,51.2467904057093,51.34505081176758,17526000.0
2017-11-21,GOOGL,51.61203562266244,52.125656704610606,51.56737489523608,52.12118911743164,22206000.0
2017-11-22,GOOGL,52.163859200933146,52.37575910513806,51.96982585704741,52.20157623291016,14538000.0
2017-11-24,GOOGL,52.324151460725304,52.60602210350133,52.20157678464002,52.42985153198242,16492000.0
2017-11-27,GOOGL,52.531585840905464,53.249659556822905,52.343008243811624,53.198543548583984,35430000.0
2017-11-28,GOOGL,53.29680742258889,53.5950529373588,52.331600370669904,52.76581954956055,36424000.0
2017-11-29,GOOGL,52.41297956805976,52.54150977079057,51.09642714917222,51.48003005981445,55866000.0
2017-11-30,GOOGL,51.6070687480819,51.81549301959645,51.117269816977554,51.419979095458984,45092000.0
2017-12-01,GOOGL,51.13414814090085,51.473086567299426,50.463714742743875,50.8691520690918,37762000.0
2017-12-04,GOOGL,51.004628117671245,51.18030274118682,50.08259379840411,50.2140998840332,38778000.0
2017-12-05,GOOGL,50.170430302905835,51.44529799637257,49.74018271194746,50.59770202636719,38998000.0
2017-12-06,GOOGL,50.44485218528243,51.58920562972724,50.38480478897441,51.248779296875,28710000.0
2017-12-07,GOOGL,51.41502939316343,52.05270935061861,51.37979602984236,51.83684158325195,30866000.0
2017-12-08,GOOGL,52.196117986213245,52.424888714656014,51.900848365370614,52.075531005859375,31170000.0
2017-12-11,GOOGL,52.16138278766249,52.404048478148965,51.814504953595645,52.20405960083008,23254000.0
2017-12-12,GOOGL,52.10630073768928,52.726613841709394,51.85172399748962,52.04526138305664,33882000.0
2017-12-13,GOOGL,52.2095152960661,52.3782386248321,51.936576045308975,52.17527389526367,27680000.0
2017-12-14,GOOGL,52.37874075521263,52.95389333302223,52.2849479356192,52.47699737548828,30962000.0
2017-12-15,GOOGL,52.79012667223754,53.35932748234733,52.60701241667708,53.19804382324219,63760000.0
2017-12-18,GOOGL,53.41887760717587,53.917115750781115,53.11716027393845,53.84764099121094,30292000.0
2017-12-19,GOOGL,53.74492084914787,53.84168954201535,53.21144930757319,53.58413314819336,26350000.0
2017-12-20,GOOGL,53.64071113647225,53.65609402379042,53.029329392188195,53.27547073364258,28728000.0
2017-12-21,GOOGL,53.366286317465715,53.47198640792185,53.049182260006255,53.140987396240234,25640000.0
2017-12-22,GOOGL,53.098800464990056,53.18415409225254,52.98168532339537,53.04222869873047,17788000.0
2017-12-26,GOOGL,53.03131014770581,53.04222923320552,52.535059671069966,52.89285659790039,18376000.0
2017-12-27,GOOGL,52.93007631438394,53.012950051016446,52.522155343473464,52.61247253417969,22324000.0
2017-12-28,GOOGL,52.71420963929213,52.842739854017275,52.27403492224957,52.401573181152344,19884000.0
2017-12-29,GOOGL,52.378744370066606,52.505782858979245,52.24028703146211,52.2750244140625,23606000.0
2018-01-02,GOOGL,52.25616650977731,53.39555637599077,52.25616650977731,53.258094787597656,31766000.0
2018-01-03,GOOGL,53.293826858111245,54.39401559956042,53.2690166056818,54.16673278808594,31318000.0
2018-01-04,GOOGL,54.44314678270833,54.79002464584954,54.30270931256025,54.37714385986328,26052000.0
2018-01-05,GOOGL,54.75875973348972,55.26146171123271,54.67687795009025,55.09819412231445,30250000.0
2018-01-08,GOOGL,55.13342482258022,55.53836613302585,55.08380053427195,55.292720794677734,24644000.0
2018-01-09,GOOGL,55.50263843382941,55.50263843382941,54.99447692283552,55.22225570678711,26808000.0
2018-01-10,GOOGL,54.93492370665261,55.22175792273168,54.78505888649609,55.09074783325195,20734000.0
2018-01-11,GOOGL,55.19844224357218,55.32448878356856,54.9091281034237,55.18553924560547,22424000.0
2018-01-12,GOOGL,55.088763822884715,56.14081235967413,54.985047659986655,56.10855865478515,38586000.0
2018-01-16,GOOGL,56.587934163341046,57.01322191950671,55.910553359462554,56.11103820800781,36462000.0
2018-01-17,GOOGL,56.39191560177984,56.538804550276275,55.753240015475136,56.527889251708984,27830000.0
2018-01-18,GOOGL,56.54029761440659,56.60183294694647,55.80138143213378,56.37256622314453,27498000.0
2018-01-19,GOOGL,56.474794960223306,56.76013747627442,56.200367743826874,56.74624252319336,30552000.0
2018-01-22,GOOGL,56.762127791221864,57.906481347709565,56.66287541743005,57.77149963378906,29550000.0
2018-01-23,GOOGL,58.092069703809194,58.483612044433706,57.92483429799457,58.367488861083984,39138000.0
2018-01-24,GOOGL,58.80468510693005,58.90740931133954,57.932275229255815,58.12531661987305,37128000.0
2018-01-25,GOOGL,58.592787000499854,58.80567886956344,58.15261233236536,58.66374969482422,29984000.0
2018-01-26,GOOGL,58.93123606528734,58.93272399902344,57.96354908408981,58.93272399902344,42170000.0
2018-01-29,GOOGL,58.95455778646035,59.45080826013059,58.75903270702499,58.879127502441406,31494000.0
2018-01-30,GOOGL,58.444406867669926,58.95107661519348,58.285107118543806,58.42703628540039,37338000.0
2018-01-31,GOOGL,58.7466229201052,58.87118529661976,58.165514824076666,58.667720794677734,36022000.0
2018-02-01,GOOGL,58.35856408720213,58.92726902752202,58.02954899477266,58.6364631652832,73514000.0
2018-02-02,GOOGL,55.94826905865259,56.14081448392539,55.14186204237714,55.54035186767578,117842000.0
2018-02-05,GOOGL,54.61782187208808,55.33143180962722,52.440774316330746,52.721153259277344,83550000.0
2018-02-06,GOOGL,51.31130902345979,53.96128479980708,51.1142960056207,53.81489181518555,76630000.0
2018-02-07,GOOGL,53.84168814584848,53.91910234091689,52.335566149712285,52.37477111816406,51942000.0
2018-02-08,GOOGL,52.59609235045247,52.79756914002619,49.85827966636509,50.00765228271485,66792000.0
2018-02-09,GOOGL,50.9093405758253,52.19165157410531,49.47616901467817,51.92119598388672,98360000.0
2018-02-12,GOOGL,52.437296314030576,52.87895891252558,51.882490187723185,52.33258819580078,56240000.0
2018-02-13,GOOGL,52.106300080249994,52.66309393318882,51.953455599699886,52.31174850463867,31586000.0
2018-02-14,GOOGL,52.3206809627639,53.37024968288683,52.09637780222555,53.2327880859375,41304000.0
2018-02-15,GOOGL,53.76625629569793,54.29476424322704,52.96133723775234,54.158790588378906,37396000.0
2018-02-16,GOOGL,54.259034663539495,54.99993855138818,54.168221490455714,54.36424255371094,39948000.0
2018-02-20,GOOGL,54.22826954668161,55.39594538576637,54.09130392551664,54.76570892333984,33754000.0
2018-02-21,GOOGL,55.03913900524265,56.38397726499764,54.96023309408838,55.269893646240234,41486000.0
2018-02-22,GOOGL,55.53886350117299,55.85100395495353,54.843120133455834,55.07883834838867,28010000.0
2018-02-23,GOOGL,55.5135569921039,56.026682098026,55.006391193169385,55.98152160644531,25292000.0
2018-02-26,GOOGL,56.168604954108694,56.78097861765138,56.04355037921634,56.75616836547851,30912000.0
2018-02-27,GOOGL,56.75616735890439,56.78346128607395,55.4207564112541,55.456485748291016,42964000.0
2018-02-28,GOOGL,55.67930179671217,55.959684526717496,54.736428922811236,54.782081604003906,49292000.0
2018-03-01,GOOGL,55.060974592776226,55.14682419570041,52.964313375252146,53.16876983642578,55338000.0
2018-03-02,GOOGL,52.50230528478262,53.936968598314685,52.11175868044733,53.800498962402344,50162000.0
2018-03-05,GOOGL,53.50224915841977,54.64610276047792,53.211443348408906,54.327510833740234,28648000.0
2018-03-06,GOOGL,54.6917650131946,54.86694364392529,54.31461358782907,54.6322135925293,23382000.0
2018-03-07,GOOGL,54.23123954061141,55.39147558559538,54.08683048055281,55.33390808105469,30748000.0
2018-03-08,GOOGL,55.44110183180892,56.14776048568789,55.44110183180892,56.045536041259766,33862000.0
2018-03-09,GOOGL,56.547739214637446,57.61467847617771,56.28919465974288,57.60673904418945,42662000.0
2018-03-12,GOOGL,57.81566048237289,58.46624715991599,57.52535440754589,57.85933303833008,44306000.0
2018-03-13,GOOGL,58.15212076916771,58.45830950368578,56.30309246479134,56.56808853149414,43140000.0
2018-03-14,GOOGL,56.86038481086448,57.553148590028385,56.68917777773559,57.01372528076172,41870000.0
2018-03-15,GOOGL,57.04746330353441,57.68911477146329,56.35717950356119,57.09907150268555,33382000.0
2018-03-16,GOOGL,57.33429617046719,57.40674679593542,56.14379033991324,56.2956428527832,58656000.0
2018-03-19,GOOGL,55.468899729898645,55.548793823868486,54.03771186857141,54.591033935546875,63656000.0
2018-03-20,GOOGL,54.508149898872496,54.86297095428456,53.715141858503905,54.379127502441406,54598000.0
2018-03-21,GOOGL,54.21883985425081,55.01929135299701,53.95284805576338,54.28980255126953,44898000.0
2018-03-22,GOOGL,53.59555019756746,53.78958356837691,52.0884361507639,52.26262283325195,69312000.0
2018-03-23,GOOGL,52.17428743778185,52.93900961222988,50.85922290334337,50.94259262084961,49880000.0
2018-03-26,GOOGL,52.13607420386283,52.56632555070059,50.15008032860988,52.30926513671875,65984000.0
2018-03-27,GOOGL,52.79609052042724,52.827852036652054,49.506943016228995,49.96944808959961,60816000.0
2018-03-28,GOOGL,49.719831124387454,50.8651765277223,48.83104636258187,49.882102966308594,77698000.0
2018-03-29,GOOGL,50.181345719506616,52.00953154308469,49.825532702903686,51.46812057495117,69338000.0
2018-04-02,GOOGL,50.99569171418106,51.58672696755063,49.33970488229298,50.25181198120117,65068000.0
2018-04-03,GOOGL,50.42649335644149,50.86567610781931,49.488580216950425,50.55204391479492,51322000.0
2018-04-04,GOOGL,49.53720572466153,51.249767958339014,49.45185210452574,51.099403381347656,50724000.0
2018-04-05,GOOGL,51.927148723695296,51.94302758648666,50.81604479823493,51.24480438232422,35836000.0
2018-04-06,GOOGL,50.77138315355239,51.411546698793046,49.93520234325408,50.11881637573242,40134000.0
2018-04-09,GOOGL,50.61952560220238,51.83782126430823,50.57784074960097,50.62200927734375,33220000.0
2018-04-10,GOOGL,51.126695063362504,51.67008986636601,50.38976290395914,51.43635559082031,36620000.0
2018-04-11,GOOGL,51.213046472913256,51.40509591777414,50.57784648349582,50.868648529052734,34060000.0
2018-04-12,GOOGL,51.1867524922895,51.84080726653926,50.91778480903561,51.47556686401367,32896000.0
2018-04-13,GOOGL,51.951967353092115,52.254180681132055,51.12124227263955,51.41353225708008,25410000.0
2018-04-16,GOOGL,51.885471573778354,52.1772655978723,51.30833123835848,51.91276550292969,29776000.0
2018-04-17,GOOGL,52.66210162928209,53.84317639363368,52.45814113987707,53.563289642333984,54584000.0
2018-04-18,GOOGL,53.5459220284732,53.69429891878459,53.12460586736447,53.36627960205078,31126000.0
2018-04-19,GOOGL,53.05016746800002,54.463984559405986,53.05016746800002,54.06400680541992,39884000.0
2018-04-20,GOOGL,53.80694912151603,54.32701787255593,53.20301089344784,53.46205520629883,42434000.0
2018-04-23,GOOGL,53.74293007635519,53.99205104578485,52.93404319728805,53.28786849975586,69590000.0
2018-04-24,GOOGL,52.56284888476104,52.825365050270115,50.263226659685515,50.748558044433594,128220000.0
2018-04-25,GOOGL,51.10138911964019,51.415021280640595,50.4691650191451,50.765926361083984,57860000.0
2018-04-26,GOOGL,51.273585427559595,52.20653864442341,50.63987342636872,51.7743034362793,50926000.0
2018-04-27,GOOGL,51.88497186815947,52.19066082381925,50.99420318654068,51.185752868652344,40746000.0
2018-04-30,GOOGL,51.333145426878986,51.52916271055921,50.53318985478102,50.54708480834961,34492000.0
2018-05-01,GOOGL,50.43393413466236,51.69589872220166,50.15156749478104,51.64726638793945,35326000.0
2018-05-02,GOOGL,51.31230005016539,51.80755857112997,50.77436471513222,50.917781829833984,34698000.0
2018-05-03,GOOGL,50.88403475292571,51.14803884700509,50.01658840256139,50.93018341064453,39282000.0
2018-05-04,GOOGL,50.598195492643825,52.19959830782419,50.5207812945636,52.15592575073242,36892000.0
2018-05-07,GOOGL,52.2993411382258,52.85067544475037,52.11969870907081,52.57575225830078,34400000.0
2018-05-08,GOOGL,52.83181496413261,52.862088543844074,52.18768359971397,52.53257751464844,26030000.0
2018-05-09,GOOGL,52.80601328926523,54.28980110521576,52.707256903428735,54.03919219970703,47160000.0
2018-05-10,GOOGL,54.3394283533808,55.05452624445205,54.283848541119106,54.85900115966797,36414000.0
2018-05-11,GOOGL,54.60789841925767,55.03467412844142,54.44959439739512,54.75528335571289,30504000.0
2018-05-14,GOOGL,54.86396501263832,55.48824973417262,54.825755784553216,54.91508102416992,39338000.0
2018-05-15,GOOGL,54.4337140839432,54.543881746468614,53.53450622248291,53.83672332763672,35738000.0
2018-05-16,GOOGL,53.84764748865277,54.308664632772334,53.675944480399515,53.79801940917969,25628000.0
2018-05-17,GOOGL,53.66750464416077,54.14092498301683,53.41739171406392,53.65757751464844,25738000.0
2018-05-18,GOOGL,52.90030584082736,53.28390880365816,52.834802678933386,53.08094024658203,35482000.0
2018-05-21,GOOGL,53.545427093560406,54.2550654253652,53.49580280320083,53.79404830932617,25180000.0
2018-05-22,GOOGL,54.08138184480761,54.18063043163557,53.21095576102281,53.36231231689453,22226000.0
2018-05-23,GOOGL,53.09879966095015,53.99205201080423,52.94793909581521,53.89081573486328,23740000.0
2018-05-24,GOOGL,53.937463655345056,53.948378954377326,53.212938438795966,53.86550521850586,20604000.0
2018-05-25,GOOGL,53.92009819146694,54.06996681370669,53.724080907230416,53.79752349853515,22224000.0
2018-05-29,GOOGL,53.396543639269616,53.66154344952341,52.75538819704784,53.00301742553711,36076000.0
2018-05-30,GOOGL,53.27149272267977,53.54492796055853,52.927590769477206,53.46949768066406,28686000.0
2018-05-31,GOOGL,53.69429876604806,55.083801581642845,53.495801609040726,54.58755111694336,79368000.0
2018-06-01,GOOGL,55.22622753620622,56.48124464641408,55.18354693646333,56.32442855834961,63202000.0
2018-06-04,GOOGL,56.49811615122291,57.45885937837239,56.4236778223204,57.21966552734375,44754000.0
2018-06-05,GOOGL,57.30006109053783,57.619645014579035,56.94276012999267,57.119422912597656,32964000.0
2018-06-06,GOOGL,57.20626426653391,57.30253697655367,56.38993392889462,56.91744613647461,34934000.0
2018-06-07,GOOGL,56.79983272229504,56.86384793840168,55.88375408059004,56.2956428527832,36108000.0
2018-06-08,GOOGL,56.13635420887734,56.51201393124855,55.740344248071274,56.210792541503906,27284000.0
2018-06-11,GOOGL,56.22220379881585,56.956656208456494,56.14578155460053,56.617218017578125,24796000.0
2018-06-12,GOOGL,56.623175600610935,57.00677855546037,56.623175600610935,56.97898864746094,26092000.0
2018-06-13,GOOGL,57.18195251739704,57.34869574886951,56.74028986386534,56.782470703125,34302000.0
2018-06-14,GOOGL,57.17847634912753,57.86230868631221,57.09857847787727,57.57051467895508,35422000.0
2018-06-15,GOOGL,57.56108137238259,57.75908633443675,57.251920578729745,57.52882766723633,44438000.0
2018-06-18,GOOGL,57.202294283493984,58.762508160811514,57.11842858976017,58.73521423339844,33038000.0
2018-06-19,GOOGL,58.06675855930211,58.696994925489314,57.6449464604124,58.4925422668457,47282000.0
2018-06-20,GOOGL,58.721316074434654,59.62399575518171,58.658292813107096,58.759525299072266,51686000.0
2018-06-21,GOOGL,58.830983833530055,59.07017386670121,57.73774272205995,58.03350830078125,44966000.0
2018-06-22,GOOGL,58.13524916841904,58.30943205905109,57.5476857463178,58.02607345581055,34220000.0
2018-06-25,GOOGL,57.31692443418572,57.366052741938326,55.575084371794794,56.53681945800781,57682000.0
2018-06-26,GOOGL,56.77800247453239,56.91347637029559,56.026679286981775,56.206321716308594,34688000.0
2018-06-27,GOOGL,56.37404839976028,56.88072193917936,55.416284913167296,55.42819595336914,34538000.0
2018-06-28,GOOGL,55.20240185432963,56.27480059885861,54.888773484742146,55.916507720947266,29726000.0
2018-06-29,GOOGL,56.19093828539304,56.64004435435744,55.92842212029621,56.03610610961914,31562000.0
2018-07-02,GOOGL,55.349297647265566,56.720933907593775,54.91507848869472,56.67726135253906,23216000.0
2018-07-03,GOOGL,57.040022322930085,57.06433659696129,55.30364165172733,55.39544677734375,16448000.0
2018-07-05,GOOGL,55.80832480232201,56.77799935679493,55.73487843376797,56.636566162109375,28594000.0
2018-07-06,GOOGL,56.66038996246997,57.37647977280669,56.43558704935115,57.320899963378906,21820000.0
2018-07-09,GOOGL,57.5650541720491,57.95858042891574,57.427592580668914,57.92632293701172,21584000.0
2018-07-10,GOOGL,58.0608133999503,58.23499629826715,57.692097364685694,57.91938018798828,21334000.0
2018-07-11,GOOGL,57.347697970846205,58.579392820643186,57.33529473733857,58.13376235961914,33252000.0
2018-07-12,GOOGL,58.302478503190386,59.64880465813605,58.21513718499275,59.612579345703125,44148000.0
2018-07-13,GOOGL,59.68900769963741,60.06814303969566,59.31632385819068,59.76940155029297,32612000.0
2018-07-16,GOOGL,59.73912610934193,59.982291565284704,59.22252918906716,59.37686538696289,26784000.0
2018-07-17,GOOGL,58.69353160651435,60.48102457280792,58.656806525924736,60.19915390014648,40162000.0
2018-07-18,GOOGL,59.97336012864759,60.621463160786206,59.77635089113543,60.19071960449219,38948000.0
2018-07-19,GOOGL,59.88006555184665,60.36788062933353,59.43741096490853,59.50539779663086,38338000.0
2018-07-20,GOOGL,59.512349409549486,60.08452620105134,59.38083953796672,59.44485855102539,37938000.0
2018-07-23,GOOGL,59.33468547129474,60.299396519727274,59.15355132120641,60.09593200683594,65446000.0
2018-07-24,GOOGL,63.07342888765596,63.27192981684845,61.74050171699509,62.43574905395508,107600000.0
2018-07-25,GOOGL,62.161327962628526,63.43271993200098,61.9841654210931,63.31858444213867,51104000.0
2018-07-26,GOOGL,62.88387180576298,63.88729188851827,62.676439460901314,63.79300308227539,54686000.0
2018-07-27,GOOGL,63.97264053973768,64.08776798099251,61.757872223898254,62.17472457885742,48362000.0
2018-07-30,GOOGL,61.78566608778071,62.17472856308017,60.7494963335451,61.040794372558594,43896000.0
2018-07-31,GOOGL,61.12366360109108,61.59510380491476,60.35348571191414,60.900848388671875,39382000.0
2018-08-01,GOOGL,61.490892233737846,61.8278429337004,60.7877054234707,61.18718719482422,36994000.0
2018-08-02,GOOGL,60.46811807908729,61.75390472318255,60.44628369480749,61.59113311767578,34704000.0
2018-08-03,GOOGL,61.79211807702051,61.858616976120445,61.0100290831596,61.44375228881836,21264000.0
2018-08-06,GOOGL,61.61495485292469,61.65713568765559,61.065108495658905,61.419429779052734,22114000.0
2018-08-07,GOOGL,62.131055673270545,62.82928274626681,62.1206363514822,62.32112121582031,42506000.0
2018-08-08,GOOGL,62.364788550559744,63.10916426676246,62.136513785255126,62.593563079833984,34344000.0
2018-08-09,GOOGL,62.663040313567365,63.12107779586632,62.53252619053932,62.7488899230957,27326000.0
2018-08-10,GOOGL,62.48686750920722,62.587111832515546,61.89037649252938,62.15586853027344,26602000.0
2018-08-13,GOOGL,62.090856044117146,62.823816637194554,61.88391970274204,61.96381378173828,27500000.0
2018-08-14,GOOGL,62.155370213974635,62.55683589780346,61.512230798050766,62.43525695800781,28080000.0
2018-08-15,GOOGL,61.74745022216092,62.1295613937024,60.852214007589026,61.14897155761719,37052000.0
2018-08-16,GOOGL,61.63381440833147,61.71867584838752,60.52419826363136,60.74403762817383,32176000.0
2018-08-17,GOOGL,60.64379337671935,60.88745102381948,59.74855710834635,60.336612701416016,33092000.0
2018-08-20,GOOGL,60.57530896994104,60.835841215995266,59.98179384989175,60.63932418823242,22218000.0
2018-08-21,GOOGL,60.692423155818,61.17577060671646,60.29591726151543,60.414024353027344,23082000.0
2018-08-22,GOOGL,60.255718800495664,60.86660447861088,60.206094514266624,60.629398345947266,22296000.0
2018-08-23,GOOGL,60.53660511331029,61.295371790049586,60.510303140328496,60.60012435913086,24666000.0
2018-08-24,GOOGL,60.84030776210257,61.40603300335909,60.61302495262425,61.373779296875,24454000.0
2018-08-27,GOOGL,61.7405062738133,62.42185870960041,61.56880327920677,62.34245681762695,28580000.0
2018-08-28,GOOGL,62.324093441166944,62.35684691047061,61.682441959984544,61.82585906982422,27330000.0
2018-08-29,GOOGL,62.279436137263346,62.883374403694425,62.170260424315934,62.75831604003906,36926000.0
2018-08-30,GOOGL,62.696286459497806,62.99850358999853,61.89285904912853,62.25164794921875,30104000.0
2018-08-31,GOOGL,62.14097923791253,62.15785005739838,60.8278986720188,61.12813186645508,42308000.0
2018-09-04,GOOGL,60.667610722556915,60.933106536119695,59.87559465480536,60.11131286621094,41458000.0
2018-09-05,GOOGL,60.0076000189941,60.28798275608987,58.32630312437928,59.50539779663086,53988000.0
2018-09-06,GOOGL,59.479095121995066,59.49993755136597,57.74420234710536,58.75556182861328,46854000.0
2018-09-07,GOOGL,58.16055850963374,58.98185628755965,58.02508460349223,58.437965393066406,32658000.0
2018-09-10,GOOGL,58.7659821220933,58.888060833037734,58.09157713064064,58.312408447265625,27670000.0
2018-09-11,GOOGL,58.11588577144208,59.10044715957925,57.86031711338398,59.05330276489258,29254000.0
2018-09-12,GOOGL,58.65680609849579,59.088049407654154,57.87074550815637,58.14070892333984,35716000.0
2018-09-13,GOOGL,58.54266673440232,58.94760804430267,58.02259419835304,58.66374969482422,40068000.0
2018-09-14,GOOGL,58.9545559226918,58.9545559226918,58.235982442682584,58.45730972290039,24176000.0
2018-09-17,GOOGL,58.446894296393765,58.64787513949441,57.4886347193315,57.55662155151367,34096000.0
2018-09-18,GOOGL,57.69705733073759,58.62355915123923,57.636017976925245,57.91788864135742,32314000.0
2018-09-19,GOOGL,58.00970048019866,58.372457204043535,57.49657537164375,58.27320861816406,25962000.0
2018-09-20,GOOGL,58.590802692661576,59.25230463502792,58.37145932686248,59.1317138671875,29244000.0
2018-09-21,GOOGL,59.29795816013988,59.38033591795316,58.163531853788456,58.166507720947266,91222000.0
2018-09-24,GOOGL,57.53577643530643,58.81510780926661,57.14324213348181,58.53572082519531,31150000.0
2018-09-25,GOOGL,58.768468921650665,59.3942378242741,58.26427518636129,59.24685287475586,33152000.0
2018-09-26,GOOGL,59.236920788581685,59.90933801889173,58.82552798991805,59.255279541015625,37650000.0
2018-09-27,GOOGL,59.55005428398629,60.386731062528824,59.45328559721843,59.9152946472168,36274000.0
2018-09-28,GOOGL,59.75302464821123,59.96939216775572,59.44237210838228,59.901405334472656,35612000.0
2018-10-01,GOOGL,60.19518521004482,60.75098332890126,59.70836209206936,59.973358154296875,33164000.0
2018-10-02,GOOGL,59.88105904493324,60.766868005530505,59.53318923116429,59.929195404052734,40180000.0
2018-10-03,GOOGL,60.14556047936127,60.25374424183991,59.65675342264651,60.12223815917969,26246000.0
2018-10-04,GOOGL,59.799674206536594,59.84284700124705,57.75611649048401,58.41215896606445,46576000.0
2018-10-05,GOOGL,58.359054395460255,58.65680391963335,57.283183742164695,57.953617095947266,31852000.0
2018-10-08,GOOGL,57.565055747605335,58.35210828288025,56.34428001970252,57.362586975097656,46190000.0
2018-10-09,GOOGL,57.133813836283075,57.641975370596384,56.779492529239974,56.82911682128906,33690000.0
2018-10-10,GOOGL,56.39390010618958,56.424669663036354,54.166232652440264,54.198490142822266,58980000.0
2018-10-11,GOOGL,53.547409112755275,55.38453003561712,53.3910890068607,54.128021240234375,67696000.0
2018-10-12,GOOGL,55.5621851600812,55.86936583152559,54.34091350052451,55.60684967041016,49370000.0
2018-10-15,GOOGL,55.48080283059739,55.669376642024666,54.4992172116192,54.70863723754883,30074000.0
2018-10-16,GOOGL,55.25650212450962,56.39242028011602,55.17065251188405,56.22915267944336,38378000.0
2018-10-17,GOOGL,56.57254863274574,56.91992241693175,55.282298280795914,55.95670318603515,35652000.0
2018-10-18,GOOGL,56.07630082458417,56.19291998316856,53.909672693570016,54.48383331298828,46152000.0
2018-10-19,GOOGL,54.77166169889283,55.62719702430532,54.44016674849358,54.844608306884766,41286000.0
2018-10-22,GOOGL,55.20835856802075,55.66391611788438,54.58754952735813,55.15178680419922,27116000.0
2018-10-23,GOOGL,54.155314110783664,55.48080166372436,53.545920134962536,55.32745742797851,37686000.0
2018-10-24,GOOGL,55.33192377562657,55.41231761861977,52.35739701796283,52.459625244140625,49286000.0
2018-10-25,GOOGL,53.60994033985448,55.47187165088253,53.374222112076126,54.76570892333984,72956000.0
2018-10-26,GOOGL,52.02342416355418,55.43117444083791,51.720711082397315,53.78114318847656,106438000.0
2018-10-29,GOOGL,54.41584607181112,55.025739808415615,49.982345526254335,51.3485221862793,81290000.0
2018-10-30,GOOGL,50.61804056902731,52.15095662471598,50.318307152589625,52.08197784423828,59768000.0
2018-10-31,GOOGL,53.00947482310944,54.98455335098819,53.00947482310944,54.12008285522461,70916000.0
2018-11-01,GOOGL,54.160779049904754,54.58259121599493,53.48687002552307,53.89181137084961,40132000.0
2018-11-02,GOOGL,54.04167520881155,54.4883013747205,52.98267540705626,53.1727409362793,43438000.0
2018-11-05,GOOGL,53.224352672612895,53.26504557601787,51.312301120921155,52.39065170288086,45358000.0
2018-11-06,GOOGL,52.355419671681815,53.58612257675971,52.28544892671322,53.07746505737305,28660000.0
2018-11-07,GOOGL,53.76824455416379,55.080329473469874,53.62433145586528,54.996463775634766,43388000.0
2018-11-08,GOOGL,54.94981242081507,54.995465098387285,53.81141077108752,54.32106018066406,33694000.0
2018-11-09,GOOGL,53.79454407480447,54.00941986361557,52.813954168357405,53.44717025756836,34860000.0
2018-11-12,GOOGL,53.254133724314464,53.30227008525491,51.6274245829342,52.07454299926758,34002000.0
2018-11-13,GOOGL,52.345000015364555,52.93355162007457,51.62990211094706,52.00556182861328,25750000.0
2018-11-14,GOOGL,52.60254383566728,52.88987400636941,51.66512683477133,52.33357620239258,34666000.0
2018-11-15,GOOGL,52.178754913456274,53.538976148928775,51.67406523636363,53.150909423828125,41584000.0
2018-11-16,GOOGL,52.86208652584949,53.21988342358048,52.349457462655934,53.01294708251953,35366000.0
2018-11-19,GOOGL,52.77078047703855,52.9995550171433,50.75997626399344,50.98576736450195,45684000.0
2018-11-20,GOOGL,49.986814202643885,51.47854533930505,49.734721132277805,51.136131286621094,54458000.0
2018-11-21,GOOGL,51.87355887048275,52.34003554064144,51.58325278940232,51.78026580810547,29698000.0
2018-11-23,GOOGL,51.28748631573186,51.7589265430641,51.04035303166369,51.1187629699707,14178000.0
2018-11-26,GOOGL,51.80855403996971,52.453677431797686,51.59863801444923,52.40107727050781,31558000.0
2018-11-27,GOOGL,52.17279963719587,52.938017791479,51.88298953671863,52.219444274902344,33048000.0
2018-11-28,GOOGL,52.4765028229212,54.233229925381984,51.75644139831833,54.18013000488281,46042000.0
2018-11-29,GOOGL,53.77022600281001,54.59499556224132,53.69429974090994,54.31858444213867,31004000.0
2018-11-30,GOOGL,54.37068958424306,55.066429138183594,53.75285641356694,55.066429138183594,59668000.0
2018-12-03,GOOGL,56.18349839177899,56.324431837830055,55.169655196071915,55.39942169189453,57532000.0
2018-12-04,GOOGL,55.23218669201161,55.29421800507931,52.64126247462386,52.725128173828125,45630000.0
2018-12-06,GOOGL,51.858171497904195,53.56626619579473,51.7331169309723,53.4997673034668,47436000.0
2018-12-07,GOOGL,53.2094604264824,53.84466038045058,51.57877994479323,51.93657684326172,42682000.0
2018-12-10,GOOGL,51.75594146803368,52.582694862275126,51.262670693422486,52.264102935791016,33652000.0
2018-12-11,GOOGL,52.94695298944145,53.11865600217232,52.11126805448912,52.6844367980957,33852000.0
2018-12-12,GOOGL,53.450140837856594,54.17714589276505,53.196556083311975,53.283897399902344,28960000.0
2018-12-13,GOOGL,53.38017132511263,54.01289138834388,52.850175465616424,53.27446746826172,24986000.0
2018-12-14,GOOGL,52.603539236708976,53.18415134992261,52.075031300119655,52.19115447998047,36358000.0
2018-12-17,GOOGL,51.95791813973228,52.72065637642869,50.45031201389184,50.89793014526367,49932000.0
2018-12-18,GOOGL,51.31229755726115,52.587165091175336,51.13761491426649,51.77927017211914,43640000.0
2018-12-19,GOOGL,51.9718101519405,53.382155317002606,50.58925867627678,51.38474655151367,58264000.0
2018-12-20,GOOGL,50.91529898932836,51.97926242167568,50.015102911737074,50.79520797729492,53674000.0
2018-12-21,GOOGL,51.215041149205035,51.49442816972216,48.69160764519135,49.19083404541016,104656000.0
2018-12-24,GOOGL,48.846929189215814,50.22650498380553,48.51642617200051,48.86429977416992,36360000.0
2018-12-26,GOOGL,49.525302223421406,52.02938090270089,49.26030238369198,51.99960708618164,46318000.0
2018-12-27,GOOGL,50.92522574682431,52.27204800815776,49.9724219454336,52.250213623046875,45996000.0
2018-12-28,GOOGL,52.57773938901144,52.812465665403096,51.70930100693467,51.94154739379883,34398000.0
2018-12-31,GOOGL,52.49486542452971,52.75093389414254,51.26466227780044,51.85619354248047,33110000.0
2019-01-02,GOOGL,50.97485360458777,52.64175966316369,50.87957283917256,52.33855056762695,31868000.0
2019-01-03,GOOGL,52.13954944438551,52.91320299775853,50.73515968820897,50.88899612426758,41960000.0
2019-01-04,GOOGL,51.73708850777904,53.595051944099,51.454225885073264,53.49927520751953,46022000.0
2019-01-07,GOOGL,53.643187063810046,53.72903666857893,52.73355986232169,53.392581939697266,47446000.0
2019-01-08,GOOGL,53.89279586635476,54.257540234788266,53.0169141615016,53.861534118652344,35414000.0
2019-01-09,GOOGL,53.991557423634816,54.17268778759912,53.31566073031168,53.67693328857422,26998000.0
2019-01-10,GOOGL,53.34395731851527,53.58563108980233,52.83480377855596,53.5369987487793,26598000.0
2019-01-11,GOOGL,53.09383880488812,53.26603778530063,52.42538933503741,52.82437515258789,30864000.0
2019-01-14,GOOGL,52.272053262628944,52.525638071535134,52.034351105837786,52.18124008178711,28490000.0
2019-01-15,GOOGL,52.50379310755253,54.00544739682095,52.32663058295055,53.91810607910156,37518000.0
2019-01-16,GOOGL,54.091300328946794,54.70466592993807,53.99254772889954,54.06698226928711,38280000.0
2019-01-17,GOOGL,53.99155800550626,54.62229042996936,53.75682795333171,54.54388427734375,24896000.0
2019-01-18,GOOGL,55.01382906025276,55.48080167136482,54.55182001373234,54.94981384277344,44892000.0
2019-01-22,GOOGL,54.38905212286188,54.53644084839105,53.142966373841496,53.52706527709961,39632000.0
2019-01-23,GOOGL,53.93547894010025,54.23769606213636,52.97821511282939,53.81389999389648,25194000.0
2019-01-24,GOOGL,53.71961385733552,53.992057175232375,53.09979669576332,53.793556213378906,29114000.0
2019-01-25,GOOGL,54.3012144700217,54.75429215715083,54.1806274814527,54.6624870300293,23260000.0
2019-01-28,GOOGL,54.09477783464688,54.25853761526493,53.32757198939038,53.588104248046875,29334000.0
2019-01-29,GOOGL,53.64665507289479,53.82977311864333,52.90128746617696,53.10177230834961,19704000.0
2019-01-30,GOOGL,53.46404173079753,54.563734490383474,53.42831239288675,54.48780822753906,29452000.0
2019-01-31,GOOGL,55.194964110784746,55.960678254716896,54.84808625951143,55.872344970703125,40232000.0
2019-02-01,GOOGL,55.693696121679096,56.2946585428665,55.29471407739513,55.511573791503906,33116000.0
2019-02-04,GOOGL,55.53092465281359,56.68867709695987,55.45648632466018,56.64302062988281,78408000.0
2019-02-05,GOOGL,56.057941442436395,57.20626653202553,55.75870397938561,57.16160202026367,82296000.0
2019-02-06,GOOGL,57.03258164416233,57.26730791642464,55.49866966697885,55.72347259521485,48256000.0
2019-02-07,GOOGL,55.17411841965642,55.18255382941808,54.26945479753328,54.880836486816406,38298000.0
2019-02-08,GOOGL,54.33347011218545,54.84063965977046,54.30171238453501,54.705657958984375,21766000.0
2019-02-11,GOOGL,54.77364265989197,55.25401423980819,54.5875487437202,54.692752838134766,18498000.0
2019-02-12,GOOGL,55.13392519968207,56.21823510549405,55.13392519968207,55.95621490478515,35036000.0
2019-02-13,GOOGL,56.22716343531917,56.71398653757869,55.87780192468007,56.00831604003906,28042000.0
2019-02-14,GOOGL,55.828181532567825,56.38050782695501,55.435647203348694,56.03660583496094,21106000.0
2019-02-15,GOOGL,56.537817403035326,56.537817403035326,55.41728221260082,55.56169128417969,27826000.0
2019-02-19,GOOGL,55.41331154725843,56.05843486725791,55.41331154725843,55.90311050415039,21980000.0
2019-02-20,GOOGL,56.020722035237625,56.1224542879532,55.17064627144096,55.60932922363281,24090000.0
2019-02-21,GOOGL,55.519507922867554,55.53787046194015,54.4873060615558,54.79647064208984,33272000.0
2019-02-22,GOOGL,55.06891736818785,55.44358512437713,54.612367826985526,55.40934371948242,29436000.0
2019-02-25,GOOGL,55.67582647728541,55.84802544199223,55.28775978091062,55.44755172729492,26208000.0
2019-02-26,GOOGL,55.30066279110513,55.89963748185123,54.920039522350315,55.6797981262207,35026000.0
2019-02-27,GOOGL,55.28280191306643,55.86440603971526,55.01234630178223,55.72347259521485,22092000.0
2019-02-28,GOOGL,55.530433996172015,56.27431379893314,55.50115615441572,55.90510177612305,27422000.0
2019-03-01,GOOGL,56.12592723769561,57.0688038851908,56.12592723769561,56.995357513427734,34086000.0
2019-03-04,GOOGL,57.29509334046065,57.83898417394859,56.48570669542763,57.238521575927734,35490000.0
2019-03-05,GOOGL,57.36655224406928,58.38337122054725,57.21867133389695,58.0211067199707,40094000.0
2019-03-06,GOOGL,58.14864214003846,58.2965230430247,57.71640692130474,57.81019973754883,23602000.0
2019-03-07,GOOGL,57.58987232054816,57.74271680894225,56.657414930799895,57.11098861694336,30086000.0
2019-03-08,GOOGL,56.269838549483914,57.24000909353134,56.08622451892473,57.06731414794922,23694000.0
2019-03-11,GOOGL,57.16805057294,58.553085766615624,57.146712166962345,58.52083206176758,30032000.0
2019-03-12,GOOGL,58.67169364703401,59.833413885860075,58.67169364703401,59.4135856628418,42220000.0
2019-03-13,GOOGL,59.84433261856899,59.90338427255776,59.4463387821069,59.5034065246582,25888000.0
2019-03-14,GOOGL,59.50142320150544,59.78329385812376,59.11484442416776,59.17935562133789,27302000.0
2019-03-15,GOOGL,59.45080622552168,59.63540842711422,58.90542367215189,59.06869125366211,51886000.0
2019-03-18,GOOGL,59.03842143494167,59.29944965966797,58.631000234216486,58.98184967041016,24442000.0
2019-03-19,GOOGL,59.13916263731773,59.7192826169914,59.02701105507283,59.67213821411133,29788000.0
2019-03-20,GOOGL,59.61953064700701,61.03831130394564,59.52970943386916,60.86164474487305,41508000.0
2019-03-21,GOOGL,60.5425584409725,61.358392835207184,60.37283935357607,61.34300994873047,28150000.0
2019-03-22,GOOGL,60.98174373742814,61.21894990135531,59.847809527886746,59.929691314697266,34422000.0
2019-03-25,GOOGL,59.52822006580645,60.01851499920074,59.05380399596057,59.42003631591797,27576000.0
2019-03-26,GOOGL,59.80761044094921,59.92968914990324,58.64489819685758,59.045867919921875,30752000.0
2019-03-27,GOOGL,59.14908507905514,59.14908507905514,57.7749651721613,58.45880126953125,29428000.0
2019-03-28,GOOGL,58.334249557918085,58.4210911263963,57.73527482279464,58.17395782470703,22402000.0
2019-03-29,GOOGL,58.566484924810155,58.75456654246122,57.88166066168824,58.403221130371094,30890000.0
2019-04-01,GOOGL,58.93172253944349,59.55997500903729,58.87316686653909,59.49943542480469,27706000.0
2019-04-02,GOOGL,59.55253458747691,59.83837684908402,59.115339571492136,59.82497787475586,18288000.0
2019-04-03,GOOGL,60.18029493005075,60.572333269355546,59.802155329903904,60.08650588989258,22180000.0
2019-04-04,GOOGL,60.11032886504441,60.569858093893934,59.998673253928246,60.5152702331543,21022000.0
2019-04-05,GOOGL,60.50781785264706,60.561909727480234,60.04779271372844,60.11825942993164,20012000.0
2019-04-08,GOOGL,60.1013940407267,60.2423274858661,59.78329804727417,59.96095657348633,21750000.0
2019-04-09,GOOGL,59.643854624563815,59.90487909395222,59.4696679375448,59.68355178833008,19668000.0
2019-04-10,GOOGL,59.80265300607698,59.99370672313107,59.58281364020274,59.870140075683594,15510000.0
2019-04-11,GOOGL,59.99171379958744,60.182275296203464,59.77535009762615,60.02595520019531,16998000.0
2019-04-12,GOOGL,60.32519858859302,60.69391460033964,60.20957516572621,60.678035736083984,24312000.0
2019-04-15,GOOGL,60.745520918072685,61.00406925558365,60.272596561487696,60.866607666015625,23796000.0
2019-04-16,GOOGL,61.03881354001832,61.33557113691537,60.792672193397706,61.13359832763672,22622000.0
2019-04-17,GOOGL,61.386179505244,61.78814494660802,61.18271878833548,61.5420036315918,30366000.0
2019-04-18,GOOGL,61.783180355620104,61.82982877578769,61.50577729602602,61.60800552368164,24750000.0
2019-04-22,GOOGL,61.36980367920217,62.24667736726507,61.20604012372181,62.2178955078125,19084000.0
2019-04-23,GOOGL,62.360821384365515,63.243650659904674,62.12907098537665,63.0530891418457,31868000.0
2019-04-24,GOOGL,63.053085327430686,63.22230842796126,62.51812967167921,62.53003692626953,23396000.0
2019-04-25,GOOGL,63.038696513815154,63.16275913114883,62.428310556744194,62.891807556152344,31344000.0
2019-04-26,GOOGL,63.19154014016387,63.465967342647225,62.77568352459379,63.39202499389648,27228000.0
2019-04-29,GOOGL,63.54537268247443,64.36220667068653,63.10867358862171,64.32398986816406,72368000.0
2019-04-30,GOOGL,59.08507447945346,59.59869177332872,58.7064351092246,59.49845123291016,133178000.0
2019-05-01,GOOGL,59.42599220102296,59.512837545398035,58.14467315811743,58.22605895996094,74340000.0
2019-05-02,GOOGL,58.19033204544976,58.52679056579898,57.48218164489478,57.88811492919922,45098000.0
2019-05-03,GOOGL,58.429028536065694,59.12328401239134,58.23747884247491,59.03147888183594,41588000.0
2019-05-06,GOOGL,58.16055052831237,59.32326646969478,58.11886567274445,59.22550582885742,31774000.0
2019-05-07,GOOGL,58.84588195722359,59.290520472643735,57.81318401696037,58.5009880065918,36604000.0
2019-05-08,GOOGL,58.42306948603235,58.76945512946755,57.94369362397736,58.10001373291016,25520000.0
2019-05-09,GOOGL,57.69408727029968,58.26328441311114,57.299069246379794,57.9605712890625,29556000.0
2019-05-10,GOOGL,58.003734762322544,58.372942920091646,56.88865926350696,57.944183349609375,31650000.0
2019-05-13,GOOGL,56.83259499262073,57.16656986265802,55.85299696092436,56.40333557128906,45626000.0
2019-05-14,GOOGL,56.68768627545845,56.81422878558775,55.755228922522,55.821231842041016,40392000.0
2019-05-15,GOOGL,55.7065984380292,58.47319724338551,55.64953069071298,58.10100936889648,59302000.0
2019-05-16,GOOGL,58.15261599071827,59.260248195738754,57.98438862075223,58.78086853027344,35308000.0
2019-05-17,GOOGL,58.35062043745472,58.86969725966883,57.88364779556979,58.000762939453125,25362000.0
2019-05-20,GOOGL,57.217679002864074,57.217679002864074,56.480250796098304,56.80380630493164,30602000.0
2019-05-21,GOOGL,57.29112652024029,57.46580917920083,56.73681631931188,57.28914260864258,20562000.0
2019-05-22,GOOGL,57.13083701739219,57.752638056558965,57.11842999806387,57.35911178588867,18826000.0
2019-05-23,GOOGL,56.8737764019207,57.07128159719981,56.23311688971048,56.837547302246094,25214000.0
2019-05-24,GOOGL,57.16805220096117,57.28516734129185,56.4092855711958,56.50357437133789,18554000.0
2019-05-28,GOOGL,56.64599715202882,57.390868798082145,56.50654786913404,56.55071640014648,20948000.0
2019-05-29,GOOGL,56.21028824722078,56.324427519527866,55.18057005149824,55.57707595825195,36230000.0
2019-05-30,GOOGL,55.587497126280056,55.91750414928831,55.37658915817779,55.6500244140625,18088000.0
2019-05-31,GOOGL,54.86743747559679,55.25252453201234,54.753794181505,54.91011428833008,31582000.0
2019-06-03,GOOGL,52.946453746323435,52.94992559155208,50.96641535794812,51.54752349853515,96890000.0
2019-06-04,GOOGL,51.832866329931846,52.525137885586005,51.41303808106766,52.32911682128906,60512000.0
2019-06-05,GOOGL,52.354422337948215,52.44424354800819,51.26267286524235,51.84030532836914,46988000.0
2019-06-06,GOOGL,51.918221858095734,52.10629969708444,51.38723400310241,51.995140075683594,29020000.0
2019-06-07,GOOGL,52.31869855805791,53.26901872256651,52.16337039437409,53.017913818359375,43828000.0
2019-06-10,GOOGL,53.446175241234826,54.331488188465315,53.36082161243836,53.73201751708984,28510000.0
2019-06-11,GOOGL,54.43817996962721,54.78654953180274,53.573713241851216,53.64665985107422,33508000.0
2019-06-12,GOOGL,53.59256917046261,53.72010362901701,53.078948132983314,53.55038833618164,23670000.0
2019-06-13,GOOGL,53.82878583415128,54.41832937159558,53.722589776777944,54.14142227172851,20814000.0
2019-06-14,GOOGL,54.07839535714609,54.32751253464041,53.66849427776035,53.907684326171875,24582000.0
2019-06-17,GOOGL,54.04663778921177,54.651068196180425,53.992049937367526,54.28433990478515,19770000.0
2019-06-18,GOOGL,55.15823626855468,55.51950500800132,54.62675247997744,54.84758377075195,34526000.0
2019-06-19,GOOGL,54.9468370875542,55.05551681990926,54.39053921490505,54.81135940551758,26714000.0
2019-06-20,GOOGL,55.66441160911046,55.715031638268655,54.934922847847666,55.24259948730469,24018000.0
2019-06-21,GOOGL,55.07685284867732,55.906086175008376,55.06990537261878,55.84653854370117,50774000.0
2019-06-24,GOOGL,55.580050024561366,55.757212554697425,55.248059111817135,55.41628646850586,24236000.0
2019-06-25,GOOGL,55.33589927876439,55.3666650513055,53.82332577933562,53.97121047973633,31644000.0
2019-06-26,GOOGL,54.140923457310606,54.34537991528839,53.28191631927332,53.61092758178711,34698000.0
2019-06-27,GOOGL,53.9300204660367,54.01487811376861,53.38910549375229,53.42781448364258,24078000.0
2019-06-28,GOOGL,53.45759383221051,53.734004974365234,53.28737875517691,53.734004974365234,33672000.0
2019-07-01,GOOGL,54.6391593176599,55.01383084160599,54.35580072635864,54.58755111694336,29196000.0
2019-07-02,GOOGL,54.827238965933375,55.22721670492879,54.57117431085143,55.21282577514648,20630000.0
2019-07-03,GOOGL,55.50561270283813,55.9765569294655,55.32448234664557,55.72843170166016,20154000.0
2019-07-05,GOOGL,55.54878723421806,56.307057893583014,55.45599015285598,56.20880126953125,29794000.0
2019-07-08,GOOGL,55.87134745630521,55.93784634816845,55.171140324730864,55.420753479003906,29888000.0
2019-07-09,GOOGL,55.09968989808035,55.9701160581843,54.94237780743125,55.79295349121094,29472000.0
2019-07-10,GOOGL,56.19143420006635,56.68867662457347,56.109056440518735,56.617713928222656,30710000.0
2019-07-11,GOOGL,56.87824078481194,57.22958619761573,56.549229519899086,56.775020599365234,26004000.0
2019-07-12,GOOGL,56.71795227658807,56.94473909553563,56.50109258684386,56.837547302246094,21878000.0
2019-07-15,GOOGL,56.83755177030159,57.10255162116014,56.5725557055338,57.0941162109375,21164000.0
2019-07-16,GOOGL,56.906526603224165,57.49458596594316,56.906526603224165,57.24050521850586,25352000.0
2019-07-17,GOOGL,57.11445670268782,57.487636486009706,56.90106886339431,56.90702438354492,19538000.0
2019-07-18,GOOGL,56.671802710632605,56.97799143438814,56.21823283580338,56.93183898925781,25450000.0
2019-07-19,GOOGL,57.035058424493094,57.147210000503584,56.13833422209774,56.153221130371094,23184000.0
2019-07-22,GOOGL,56.347742532503986,56.57353737243455,55.83859292522302,56.53334045410156,28914000.0
2019-07-23,GOOGL,56.74375969610451,57.01223137784008,56.217735417813536,56.9720344543457,20648000.0
2019-07-24,GOOGL,56.20631736294877,56.843501226216674,56.002356889151976,56.55915069580078,27192000.0
2019-07-25,GOOGL,56.520443518190056,56.750705969094305,55.764160586237736,56.37107467651367,54762000.0
2019-07-26,GOOGL,60.93955835741268,62.94391091786699,60.93955835741268,61.79410171508789,121216000.0
2019-07-29,GOOGL,61.6591153139283,61.98118286960996,61.048725625222566,61.62636184692383,41382000.0
2019-07-30,GOOGL,60.88992804848527,61.381714692555285,60.80655833724277,60.93955612182617,28616000.0
2019-07-31,GOOGL,60.78423078254611,61.28246516162188,59.95598938818582,60.45323181152344,39960000.0
2019-08-01,GOOGL,60.42494197551544,61.351439932608066,59.89742600622221,60.13463592529297,35426000.0
2019-08-02,GOOGL,59.698930391022664,60.02149015325406,59.05380329437899,59.367435455322266,34910000.0
2019-08-05,GOOGL,58.20868339690882,58.40272051952001,56.70901685585186,57.30451583862305,47840000.0
2019-08-06,GOOGL,57.83898734854081,58.62703184457215,57.64098237571722,58.11490249633789,36014000.0
2019-08-07,GOOGL,57.455875700470024,58.55110079193506,57.11048581608974,58.35458755493164,30686000.0
2019-08-08,GOOGL,58.87664505680203,59.86170257050078,58.25980758304627,59.85723876953125,30116000.0
2019-08-09,GOOGL,59.54955648267157,59.77137973144634,58.800217262438174,58.99921417236328,20418000.0
2019-08-12,GOOGL,58.55755766088019,58.83595270086611,57.99778792747687,58.28461837768555,22064000.0
2019-08-13,GOOGL,58.27717497093447,59.819522339009936,58.20968790300652,59.38778305053711,28434000.0
2019-08-14,GOOGL,58.362526641457315,58.69600548341399,57.61815098115511,57.77595901489258,35430000.0
2019-08-15,GOOGL,57.9833926276096,58.379894739111016,57.7139289960398,58.027557373046875,28506000.0
2019-08-16,GOOGL,58.59675862821934,58.74811516836309,58.21017985714153,58.518348693847656,24916000.0
2019-08-19,GOOGL,59.14461630519966,60.01603423984648,59.073653612025325,59.5718879699707,24450000.0
2019-08-20,GOOGL,59.31930231899427,59.45080839192116,58.70891256914688,58.73273086547851,20206000.0
2019-08-21,GOOGL,59.34262175595248,59.57784398495233,58.95058344558923,59.13220977783203,14152000.0
2019-08-22,GOOGL,59.24237784247647,59.48951111379449,58.50346170389062,59.12923431396485,17352000.0
2019-08-23,GOOGL,58.81412126647175,59.33518582013697,57.068809058396305,57.24646759033203,36254000.0
2019-08-26,GOOGL,57.53775774207266,58.153603212127486,57.30948299151311,58.11985778808594,21166000.0
2019-08-27,GOOGL,58.70643159354652,58.805680172227966,57.791344856628456,58.10199737548828,23460000.0
2019-08-28,GOOGL,57.80672393504161,58.483112760177534,57.577457234569145,58.24739456176758,16810000.0
2019-08-29,GOOGL,58.87614687758333,59.5098589340244,58.81957511202527,59.264217376708984,19636000.0
2019-08-30,GOOGL,59.56742388475068,59.56742388475068,58.84140697094788,59.08010482788086,18064000.0
2019-09-03,GOOGL,58.64936072126614,59.008149599886224,57.74916466854388,58.03897476196289,25908000.0
2019-09-04,GOOGL,58.53025887269184,58.799722502190875,58.13722860917999,58.67020034790039,21312000.0
2019-09-05,GOOGL,59.235429235615214,60.24480472982278,59.18729288191303,60.15498352050781,26394000.0
2019-09-06,GOOGL,60.00363090615744,60.19270070231351,59.711833111701424,59.86368942260742,18972000.0
2019-09-09,GOOGL,59.90140187194654,60.569851316153205,59.211118043105486,59.811580657958984,31854000.0
2019-09-10,GOOGL,59.35602409128949,60.046307931779786,59.35205248215683,59.83292007446289,27922000.0
2019-09-11,GOOGL,59.74309723285985,60.66513144541207,59.663199363226745,60.54255676269531,23522000.0
2019-09-12,GOOGL,60.71476113861916,61.655154188121536,60.66960064609169,61.28544998168945,31644000.0
2019-09-13,GOOGL,61.14351452746078,61.58716483025713,60.89390136458125,61.53654479980469,23676000.0
2019-09-16,GOOGL,61.06064212934276,61.4864258802319,60.80010987565315,61.11969757080078,28218000.0
2019-09-17,GOOGL,61.11969369924659,61.28692909733656,60.70879688269481,61.0328483581543,20806000.0
2019-09-18,GOOGL,61.050719756478664,61.34846928567616,60.36738339435183,61.17031478881836,17440000.0
2019-09-19,GOOGL,61.15393834771832,61.750429346275254,61.153442369852456,61.473026275634766,16554000.0
2019-09-20,GOOGL,61.21944999931933,61.67401566953078,60.72022359843694,61.03087615966797,37692000.0
2019-09-23,GOOGL,60.86859182001114,61.51917847820748,60.73013827416754,61.27154922485352,20798000.0
2019-09-24,GOOGL,61.53506100453413,61.88789437739682,60.07807104425178,60.459686279296875,35804000.0
2019-09-25,GOOGL,60.34455064724605,61.93305035535258,60.00660420799372,61.829830169677734,26798000.0
2019-09-26,GOOGL,61.64125344535884,61.76680778075008,61.12912411868883,61.64869689941406,23166000.0
2019-09-27,GOOGL,61.675494522635425,61.78268631820922,60.30435425876705,60.83782577514648,34122000.0
2019-09-30,GOOGL,60.572330773891714,60.91027722067132,60.2160255738023,60.59912872314453,24470000.0
2019-10-01,GOOGL,60.666123065712306,61.18073606747627,59.82547466104151,59.84780502319336,24504000.0
2019-10-02,GOOGL,59.37637233927797,59.488523921057975,58.19182189569117,58.45433807373047,33030000.0
2019-10-03,GOOGL,58.72330321156918,59.10343049789209,57.720878923332165,59.02552032470703,28368000.0
2019-10-04,GOOGL,59.26669138190296,60.168379054513224,59.101935880255695,60.09394073486328,24282000.0
2019-10-07,GOOGL,59.89742609297935,60.48846130103028,59.766416008202974,59.95945739746094,17040000.0
2019-10-08,GOOGL,59.48901657316592,59.89097823911531,59.027999466165745,59.06025695800781,20086000.0
2019-10-09,GOOGL,59.61606279756548,59.9698881312016,59.45676302534878,59.669158935546875,15948000.0
2019-10-10,GOOGL,59.48058101672487,60.32519724822251,59.443859724165584,60.02000427246094,12842000.0
2019-10-11,GOOGL,60.74254689680836,60.97677718184017,60.22694192579406,60.32966613769531,22330000.0
2019-10-14,GOOGL,60.23934697449872,60.834350033369816,60.13960241921279,60.43189239501953,13296000.0
2019-10-15,GOOGL,60.61699137149783,61.8888792066184,60.58820951262969,61.64621353149414,27584000.0
2019-10-16,GOOGL,61.62488544023164,62.239243066463985,61.46211381650665,61.68394088745117,22986000.0
2019-10-17,GOOGL,62.100786616671584,62.71365628063968,62.02486035154429,62.17026138305664,20958000.0
2019-10-18,GOOGL,62.26404783111225,62.43376312042484,61.542002526494294,61.753902435302734,31624000.0
2019-10-21,GOOGL,61.96680280430497,62.205496907797816,61.53456751790387,61.747459411621094,18094000.0
2019-10-22,GOOGL,61.75738377468886,61.96829176023102,61.52762105594022,61.5946159362793,22862000.0
2019-10-23,GOOGL,61.54547975119606,62.430292892111794,61.54547975119606,62.40994644165039,21282000.0
2019-10-24,GOOGL,62.48339080810547,62.67146863481019,62.147924268223605,62.48339080810547,20224000.0
2019-10-25,GOOGL,62.13055419550152,62.92455793632195,61.989124787452795,62.740943908691406,27104000.0
2019-10-28,GOOGL,63.27193871257617,64.47484792480871,63.13844872143656,63.965694427490234,65428000.0
2019-10-29,GOOGL,63.32156072139052,63.55976261853793,62.30970526205606,62.5603141784668,52654000.0
2019-10-30,GOOGL,62.28688245128603,62.925558129695666,62.0635712362528,62.56230163574219,29204000.0
2019-10-31,GOOGL,62.52756137017092,62.85111689975829,62.00550488853947,62.46800994873047,31904000.0
2019-11-01,GOOGL,62.8153838353089,63.17268477057608,62.51316673112723,63.13546371459961,28812000.0
2019-11-04,GOOGL,63.32701472229099,64.1403691605057,63.32701472229099,63.996952056884766,30632000.0
2019-11-05,GOOGL,64.07585751373018,64.3755947325822,63.98554410909074,64.0877685546875,25148000.0
2019-11-06,GOOGL,64.02077645871792,64.16468575930595,63.63270975280702,64.0664291381836,24626000.0
2019-11-07,GOOGL,64.22870020115927,65.6365655154242,64.20240201673944,64.8569564819336,45140000.0
2019-11-08,GOOGL,64.58800201841015,65.36165952102053,64.58800201841015,64.95919799804688,30392000.0
2019-11-11,GOOGL,64.71105873497332,64.75572703245952,64.30761291533182,64.42720794677734,17234000.0
2019-11-12,GOOGL,64.44159821603563,64.97655770642851,64.22672241687813,64.37410736083984,28852000.0
2019-11-13,GOOGL,64.17411376464824,64.63761454266125,64.12300154214594,64.32299041748047,20538000.0
2019-11-14,GOOGL,64.26443037561577,65.29266435107532,64.21182643700779,64.96662139892578,28948000.0
2019-11-15,GOOGL,65.25941254214587,66.1769790649414,65.10259268766069,66.1769790649414,39286000.0
2019-11-18,GOOGL,66.11742915048329,66.19583908399201,65.31449780142827,65.49711608886719,27984000.0
2019-11-19,GOOGL,65.83407592862483,65.83407592862483,65.09665145673138,65.13734436035156,21864000.0
2019-11-20,GOOGL,65.07630246017649,65.16810758563217,63.97710948579548,64.60486602783203,28892000.0
2019-11-21,GOOGL,64.47533220718782,65.06437965215305,64.05351635484972,64.51950073242188,25546000.0
2019-11-22,GOOGL,64.6614339170369,64.85497128596099,63.984549103644646,64.19843292236328,27776000.0
2019-11-25,GOOGL,64.32696520886269,65.02915627328088,64.29470771763064,64.79244232177734,23590000.0
2019-11-26,GOOGL,65.00435531585691,65.2078198613522,64.71306102480152,65.15769958496094,21910000.0
2019-11-27,GOOGL,65.27778094932138,65.38794861074426,64.98251132326297,65.11450958251953,18808000.0
2019-11-29,GOOGL,64.8400851416472,65.006324800764,64.67284595465377,64.71552276611328,12802000.0
2019-12-02,GOOGL,64.63959270409757,64.78251760986231,63.53890812782957,63.95973205566406,26538000.0
2019-12-03,GOOGL,63.45356189650626,64.37510393525106,63.37366781140592,64.25153350830078,25270000.0
2019-12-04,GOOGL,64.81526974961815,65.71695745819278,64.66390942910238,65.45245361328125,35506000.0
2019-12-05,GOOGL,65.85243251978387,65.90106863745048,65.22319186246219,65.85044860839844,24408000.0
2019-12-06,GOOGL,66.13777413827592,66.62012962490077,66.06234764572054,66.46728515625,32968000.0
2019-12-09,GOOGL,66.44098641584695,67.36848011288853,66.30252909180109,66.64593505859375,30842000.0
2019-12-10,GOOGL,66.49458298125603,66.89456071406927,66.19980555592782,66.64097595214844,17606000.0
2019-12-11,GOOGL,66.90946935171614,66.98837150100023,66.55216831370089,66.70848846435547,20480000.0
2019-12-12,GOOGL,66.65686406966326,67.22109762614981,66.40824662381249,66.91888427734375,29114000.0
2019-12-13,GOOGL,66.88959794149217,67.06080496049667,66.57994115975089,66.83848571777344,33170000.0
2019-12-16,GOOGL,67.24193676714194,67.66523683096499,67.02408511896854,67.5248031616211,28128000.0
2019-12-17,GOOGL,67.60966820159027,67.70494897121948,67.03203184854294,67.23648834228516,32948000.0
2019-12-18,GOOGL,67.34117768590727,67.46176465506394,67.01663404395718,67.08858489990234,23330000.0
2019-12-19,GOOGL,67.08858973815528,67.36748829817319,66.93177744777162,67.31339263916016,28922000.0
2019-12-20,GOOGL,67.64389141443849,67.6885521335127,67.03002990648528,67.0543441772461,50090000.0
2019-12-23,GOOGL,67.42703948197932,67.58186786917857,66.89456370617594,67.02507781982422,19936000.0
2019-12-24,GOOGL,67.00422616501139,67.09355517833812,66.70449654438652,66.71739196777344,13468000.0
2019-12-26,GOOGL,66.8226119301376,67.64887327109261,66.77099993853264,67.61264038085938,23662000.0
2019-12-27,GOOGL,67.68856816508368,67.83992851181304,67.1426971342481,67.22408294677734,23212000.0
2019-12-30,GOOGL,67.33176120761757,67.34118857344946,66.39037247271645,66.48316955566406,19994000.0
2019-12-31,GOOGL,66.28863469556742,66.53030841671966,66.10700836784599,66.46728515625,19514000.0
2020-01-02,GOOGL,66.91491076451707,67.92080688476562,66.81963000871814,67.92080688476562,27278000.0
2020-01-03,GOOGL,66.89455761905593,68.17240092635127,66.86080841091031,67.56548309326172,23408000.0
2020-01-06,GOOGL,67.07469616252293,69.3916926420359,67.0434381998988,69.36638641357422,46768000.0
2020-01-07,GOOGL,69.49788714263947,69.64874769049442,69.05622458304828,69.23239135742188,34330000.0
2020-01-08,GOOGL,69.21801197598803,70.0631280606545,69.10933602043706,69.72518157958984,35314000.0
2020-01-09,GOOGL,70.56333795807842,70.8983085315508,69.98173387535881,70.45714569091797,33200000.0
2020-01-10,GOOGL,70.93751472809956,71.20896226489012,70.44771578618479,70.91220092773438,26258000.0
2020-01-13,GOOGL,71.22434937620667,71.53351398026712,70.73405818738722,71.46156311035156,30730000.0
2020-01-14,GOOGL,71.46006422047215,71.5905783300735,70.85314635097474,70.99309539794922,26076000.0
2020-01-15,GOOGL,71.11368347743128,71.49877431407914,71.04619262822877,71.42036437988281,21550000.0
2020-01-16,GOOGL,71.73052581710354,71.99106186638656,71.46007021003983,71.96426391601562,26080000.0
2020-01-17,GOOGL,72.57862458072043,73.47236924908141,72.28137099518135,73.42125701904297,52424000.0
2020-01-21,GOOGL,73.39543709748455,73.93536387662941,72.9592340508193,73.55672454833984,48930000.0
2020-01-22,GOOGL,73.92792510020561,74.46635262161918,73.57707565322256,73.63711547851562,28458000.0
2020-01-23,GOOGL,73.81974363908597,74.1150132847147,73.4609509628069,73.67781066894531,26650000.0
2020-01-24,GOOGL,74.08126273759932,74.1497455459025,72.61037407881075,72.75875854492188,29786000.0
2020-01-27,GOOGL,71.04025524994445,71.29036443872995,70.44276461566322,71.0496826171875,34132000.0
2020-01-28,GOOGL,71.54642116350121,72.19452422773547,70.98168782396866,71.98114013671875,29724000.0
2020-01-29,GOOGL,72.37614827530244,72.65802274423001,71.72755303995011,72.28881072998047,21566000.0
2020-01-30,GOOGL,71.36577389032585,72.21684156955847,71.2119374669288,72.16722106933594,27110000.0
2020-01-31,GOOGL,72.8426206238996,72.93244183951124,70.81791775939544,71.10177612304688,43822000.0
2020-02-03,GOOGL,72.53443622934418,73.75769921758885,72.28432711867222,73.57408142089844,71636000.0
2020-02-04,GOOGL,72.17913629710675,72.81681238861734,70.56830620024466,71.7285385131836,95880000.0
2020-02-05,GOOGL,72.6317216258203,72.67985798884185,70.94794844813312,71.76030731201172,36376000.0
2020-02-06,GOOGL,72.05457315984722,73.52248589418377,71.980138619887,73.24507904052734,37822000.0
2020-02-07,GOOGL,72.81929012242819,73.7055911376281,72.72103350779275,73.40089416503906,28360000.0
2020-02-10,GOOGL,73.30760698082317,74.87823628434978,73.20686668811356,74.86731719970703,38302000.0
2020-02-11,GOOGL,75.09609407520617,75.92037145053452,74.7080273521206,74.93679809570312,34852000.0
2020-02-12,GOOGL,75.22461806580742,75.44495338113576,74.86781690908632,75.3620834350586,31042000.0
2020-02-13,GOOGL,74.93382724585919,75.7253474175751,74.63607391004925,75.10205841064453,22914000.0
2020-02-14,GOOGL,75.1586334849378,75.43256474859952,74.71299541746157,75.36705780029297,23198000.0
2020-02-18,GOOGL,75.14920530095509,75.95412068903994,74.98394999818117,75.40229034423828,25642000.0
2020-02-19,GOOGL,75.78736486702398,75.96303945445767,75.47870007359468,75.67173767089844,22746000.0
2020-02-20,GOOGL,75.38094885591177,75.78092664396918,74.64897632817032,75.28070831298828,25962000.0
2020-02-21,GOOGL,74.66485635902535,74.98097223836919,73.37014197480975,73.61677551269531,42520000.0
2020-02-24,GOOGL,70.61892109008193,71.28042685845558,69.81202186636781,70.46061706542969,49560000.0
2020-02-25,GOOGL,71.0134442009436,71.30374648103692,68.50341002838334,68.79619598388672,51580000.0
2020-02-26,GOOGL,69.22595484103678,70.15344868855172,68.31136399152298,69.00214385986328,49776000.0
2020-02-27,GOOGL,67.44738173946918,67.95653516579354,65.21921458048752,65.25444793701172,62290000.0
2020-02-28,GOOGL,63.23769037956694,66.61913861220282,62.93497730501943,66.46034240722656,80198000.0
2020-03-02,GOOGL,67.06279499656021,68.85325994086891,65.76311339989533,68.79619598388672,55430000.0
2020-03-03,GOOGL,69.3599333673379,69.88149002953965,65.9635907304917,66.38441467285156,56602000.0
2020-03-04,GOOGL,67.43845113577657,68.62052161924996,66.34868554057559,68.56196594238281,47598000.0
2020-03-05,GOOGL,66.77297822404104,67.1739555088367,64.59394677616034,65.24502563476562,54380000.0
2020-03-06,GOOGL,63.02132406345207,64.64902106500841,62.38909999241039,64.30115509033203,64640000.0
2020-03-09,GOOGL,59.79619410549362,62.16678266927018,59.45278813467974,60.33363342285156,69252000.0
2020-03-10,GOOGL,62.249166437969265,63.3141180465607,60.27011622097382,63.280372619628906,54872000.0
2020-03-11,GOOGL,61.9454606818698,62.37521226684703,59.11037916246386,60.09096908569336,54732000.0
2020-03-12,GOOGL,55.71006736784325,58.99177101016054,55.00787254144613,55.16071701049805,94326000.0
2020-03-13,GOOGL,58.308932915533035,60.26465691209083,55.19744041947914,60.25820541381836,79400000.0
2020-03-16,GOOGL,54.071946637182414,56.8440010306716,52.95389514808521,53.247676849365234,96520000.0
2020-03-17,GOOGL,54.12306272429023,55.87780214419819,52.06163860584557,55.48377990722656,83194000.0
2020-03-18,GOOGL,52.599577290272975,54.83518443648212,51.46117548983272,54.150360107421875,93044000.0
2020-03-19,GOOGL,54.002967616874486,57.198325857658745,52.38171818946068,55.16667556762695,74064000.0
2020-03-20,GOOGL,56.1209563790996,56.49711579068786,52.706754962081526,53.00996398925781,82878000.0
2020-03-23,GOOGL,52.422408393551905,52.94545678283434,50.06521879688069,52.311248779296875,83672000.0
2020-03-24,GOOGL,54.78506285069466,56.24155682605298,53.9141408183896,56.07680130004883,72468000.0
2020-03-25,GOOGL,55.807335766211146,56.87873884091762,53.74442370156079,54.667945861816406,90324000.0
2020-03-26,GOOGL,55.318030110126,58.13474890041743,54.19203923465437,57.709957122802734,76562000.0
2020-03-27,GOOGL,55.9507538013928,57.12091328372302,54.78605386186068,55.09670639038086,62794000.0
2020-03-30,GOOGL,56.20731596127036,57.118431141959434,54.51262006874927,56.88568878173828,58736000.0
2020-03-31,GOOGL,57.00578461859055,58.230032247878725,56.409785764989586,57.661827087402344,65228000.0
2020-04-01,GOOGL,55.77855459200828,56.047522260736905,54.26449313887209,54.69176483154297,51970000.0
2020-04-02,GOOGL,54.58755078840877,55.717513301749904,54.24662847795809,55.43266677856445,56410000.0
2020-04-03,GOOGL,55.31753769881237,55.520006471483256,53.35089831480392,54.22528839111328,51374000.0
2020-04-06,GOOGL,56.2251860929217,59.09102985081632,55.82818415780754,58.71586608886719,63320000.0
2020-04-07,GOOGL,60.39417197088873,60.58126162443878,58.42108128525922,58.68458938598633,61620000.0
2020-04-08,GOOGL,59.70388923647416,60.28946490723178,58.75356918935831,59.89742660522461,40334000.0
2020-04-09,GOOGL,60.45223933607273,60.64130912701154,59.17389614347068,59.87609100341797,54028000.0
2020-04-13,GOOGL,59.624495605528445,60.27061469622001,58.673183531399104,60.066654205322266,38702000.0
2020-04-14,GOOGL,61.533565052221235,63.30914674888366,60.96634814840509,62.78709411621094,63358000.0
2020-04-15,GOOGL,61.858118318287886,63.277394976794355,61.2373092479215,62.39357376098633,42236000.0
2020-04-16,GOOGL,62.881883980193784,63.190552607359315,61.445736434059555,62.4000244140625,57896000.0
2020-04-17,GOOGL,63.60442205768856,64.01631085791675,62.82530896845832,63.470436096191406,51050000.0
2020-04-20,GOOGL,63.01835225673442,63.36225423770926,62.350894746468136,62.58462905883789,35292000.0
2020-04-21,GOOGL,61.66954496414456,62.03130971478895,59.79818256505655,60.15349960327149,49648000.0
2020-04-22,GOOGL,61.590139235921335,63.51410167305656,61.396105886699345,62.44865417480469,46296000.0
2020-04-23,GOOGL,62.812407383951104,63.92450716957352,62.553862820825465,63.08187103271485,34202000.0
2020-04-24,GOOGL,62.27943083977364,63.40641744784095,61.73355610755944,63.35133361816406,37402000.0
2020-04-27,GOOGL,64.11555906230626,64.21977499252665,62.77866017804189,63.06648635864258,44186000.0
2020-04-28,GOOGL,63.67886133804558,63.75627174373277,61.05766382769787,61.167335510253906,80700000.0
2020-04-29,GOOGL,66.74568488278513,67.49750400441403,65.83903737899195,66.60574340820312,108358000.0
2020-04-30,GOOGL,66.06879356607821,66.99380351750953,65.5794868588234,66.83003997802734,55842000.0
2020-05-01,GOOGL,65.70801754388526,67.06477049960726,64.99193160873368,65.37205505371094,48872000.0
2020-05-04,GOOGL,64.91601469955403,65.72688930286978,64.31455634139917,65.64897155761719,30806000.0
2020-05-05,GOOGL,66.37349822196448,68.03643246348844,66.25092732812242,66.94517517089844,39666000.0
2020-05-06,GOOGL,67.39081754771591,67.92130943867623,66.75214189978065,66.76702880859375,31732000.0
2020-05-07,GOOGL,67.55507422258476,68.28407086121807,67.11986308544923,67.9505844116211,30652000.0
2020-05-08,GOOGL,68.57289006017024,69.3083306365863,68.08606692584334,68.69794464111328,33326000.0
2020-05-11,GOOGL,68.32327341716166,70.24574435202634,68.25925819267765,69.6532211303711,32718000.0
2020-05-12,GOOGL,69.88298973182424,70.18619502601786,68.21012823629849,68.24337768554688,33918000.0
2020-05-13,GOOGL,68.2919940513972,68.74705936567139,65.90254715203265,66.91092681884766,40368000.0
2020-05-14,GOOGL,66.17598785756756,67.35954237194446,65.66881835817256,67.33423614501953,36660000.0
2020-05-15,GOOGL,66.90746177228863,68.21358719606583,66.44792885100179,68.1381607055664,41544000.0
2020-05-18,GOOGL,67.56847263256927,69.11577969209408,67.20223652116248,68.7396240234375,47094000.0
2020-05-19,GOOGL,68.75451250919471,69.1023785172191,68.17290840940507,68.20466613769531,31586000.0
2020-05-20,GOOGL,68.93713311617326,70.07205925671711,68.85078753013752,69.92963409423828,38262000.0
2020-05-21,GOOGL,70.02044390375272,70.29189145435492,69.19666631420762,69.8100357055664,30894000.0
2020-05-22,GOOGL,69.66860218679889,70.31868908167836,69.27408397743726,70.1321029663086,28544000.0
2020-05-26,GOOGL,71.55732784975878,71.713647949531,70.43778849540769,70.5355453491211,44590000.0
2020-05-27,GOOGL,70.467573246818,70.7330690901068,69.2071002683885,70.4814682006836,31684000.0
2020-05-28,GOOGL,69.47506277315657,71.68139184261054,69.42941009442607,70.3802261352539,35170000.0
2020-05-29,GOOGL,70.48890171815204,71.29779236800545,70.26807420727738,71.13849639892578,37044000.0
2020-06-01,GOOGL,70.75043231360314,71.53847677860361,70.580709445191,71.20549011230469,25162000.0
2020-06-02,GOOGL,71.21193893289512,71.60894080375162,70.54745734497106,71.57469940185547,23442000.0
2020-06-03,GOOGL,71.59405093550622,71.9071833180926,71.0442046165178,71.42284393310547,27732000.0
2020-06-04,GOOGL,71.30027160879436,71.52557428848117,69.77331097931382,70.18470001220703,26982000.0
2020-06-05,GOOGL,70.25119916881421,71.7727078334822,69.85320532299941,71.4610595703125,42642000.0
2020-06-08,GOOGL,70.77921607068053,71.90669115835331,70.68988704719936,71.85905456542969,33878000.0
2020-06-09,GOOGL,71.72009398687536,72.83963325598626,71.57716908576363,72.05952453613281,33624000.0
2020-06-10,GOOGL,72.5275098675716,73.0862838915856,72.1726925648837,72.6858139038086,31762000.0
2020-06-11,GOOGL,71.51118424615481,72.03572441713648,69.39616788575559,69.5693588256836,47144000.0
2020-06-12,GOOGL,70.75836219306613,71.1876215355899,68.77038463113773,70.11621856689453,36676000.0
2020-06-15,GOOGL,68.95350509114319,70.71568786340231,68.8398618016423,70.50428771972656,30468000.0
2020-06-16,GOOGL,71.90668995328939,72.31212725295,70.91369682317725,71.78114318847656,30648000.0
2020-06-17,GOOGL,72.1022135717086,72.56173892847367,71.21838864270325,72.08235931396484,30610000.0
2020-06-18,GOOGL,71.94888266167098,72.10371106870679,70.77723135590205,71.16828155517578,34862000.0
2020-06-19,GOOGL,71.46006869153939,71.68337989176418,70.41793966091524,70.69783020019531,52784000.0
2020-06-22,GOOGL,70.71618350159525,72.00345416311006,70.42736539823349,71.98905944824219,29442000.0
2020-06-23,GOOGL,72.05555555937595,73.20686010594555,71.70818179866274,72.65006256103516,37752000.0
2020-06-24,GOOGL,72.61534214894262,73.2361474446459,70.9638190872354,71.09780883789062,31592000.0
2020-06-25,GOOGL,71.02434975061476,71.57518802053703,70.44472962264075,71.5146484375,23958000.0
2020-06-26,GOOGL,71.09431665579434,71.31216826522814,67.24192480980548,67.61609649658203,97640000.0
2020-06-29,GOOGL,67.50693541130255,69.37581791051717,67.07569211299183,69.33462524414062,45074000.0
2020-06-30,GOOGL,69.3202318055594,70.66605818577068,68.82645747874786,70.37078857421875,40286000.0
2020-07-01,GOOGL,70.42638389298779,71.8808939458053,70.17875084186853,71.55931854248047,42182000.0
2020-07-02,GOOGL,72.04763064781929,73.86787699730431,72.00941384931251,72.94534301757812,57218000.0
2020-07-06,GOOGL,73.84951911840722,74.93382524567807,73.2952051310002,74.42020416259766,44712000.0
2020-07-07,GOOGL,74.24552002438814,75.49557348396944,73.9264283274638,73.93734741210938,42364000.0
2020-07-08,GOOGL,74.47726904554796,74.99188203847628,74.05545313077235,74.61621856689453,31766000.0
2020-07-09,GOOGL,74.93034396940267,75.88364370968078,74.21872553346911,75.36357116699219,41836000.0
2020-07-10,GOOGL,75.09510790320913,76.48907845135179,74.47331060985266,76.37345123291016,35918000.0
2020-07-13,GOOGL,76.91585336815388,78.2269463706536,74.7631199227052,75.04449462890625,42954000.0
2020-07-14,GOOGL,74.07977692160784,75.56902051449428,73.73934679927795,75.47274780273438,38108000.0
2020-07-15,GOOGL,75.59036199992138,76.24044892666795,74.32988909406994,75.2752456665039,31026000.0
2020-07-16,GOOGL,74.51202029765803,75.22712209638328,73.85548176066365,75.17799377441406,26484000.0
2020-07-17,GOOGL,75.27673380206025,75.60029313499953,74.34328822168523,75.27375793457031,34264000.0
2020-07-20,GOOGL,75.18194052229816,77.86218959279846,74.57155461054553,77.60562896728516,30166000.0
2020-07-21,GOOGL,78.65719115591367,78.75743169114544,77.04883714436846,77.21260070800781,27486000.0
2020-07-22,GOOGL,77.20217285392138,77.76144652618308,76.58285179107716,77.65574645996094,24482000.0
2020-07-23,GOOGL,77.70935063528133,77.92869400834472,74.86384609206827,75.26879119873047,33910000.0
2020-07-24,GOOGL,74.39737923019781,75.20328650022337,73.82172685321873,74.8449935913086,29902000.0
2020-07-27,GOOGL,75.09560151396478,76.30148653573652,75.04944906873521,75.89803314208984,27124000.0
2020-07-28,GOOGL,75.67819005490078,75.72831031816976,74.46336997984878,74.61869812011719,30910000.0
2020-07-29,GOOGL,74.68568953299999,76.0915633025399,74.58693315341795,75.604248046875,22676000.0
2020-07-30,GOOGL,74.33683382646932,76.46674464281898,74.19788429386662,76.34169006347656,36042000.0
2020-07-31,GOOGL,74.29118175072095,74.68669194397553,72.15481941817586,73.83959197998047,91468000.0
2020-08-03,GOOGL,73.99095183151731,74.32492290209571,73.03417639444977,73.58203887939453,45482000.0
2020-08-04,GOOGL,73.77805289203164,74.09565287557423,72.65255421158827,73.11257934570312,37212000.0
2020-08-05,GOOGL,73.28726620357594,73.94132093873706,73.00935957632822,73.39990997314453,29134000.0
2020-08-06,GOOGL,73.25400858814031,74.74871158432148,73.0431006448764,74.6832046508789,33306000.0
2020-08-07,GOOGL,74.88618940652373,75.4345440924859,73.75622301234296,74.356689453125,27718000.0
2020-08-10,GOOGL,73.98101701743722,74.79238376648463,73.32050325505837,74.2797622680664,20546000.0
2020-08-11,GOOGL,74.13982012855085,74.95566211247646,73.35525125440243,73.47187042236328,31098000.0
2020-08-12,GOOGL,73.79840700821114,75.01670289215501,73.6931991158398,74.79685974121094,22512000.0
2020-08-13,GOOGL,74.84499955940771,76.27221957426538,74.84499955940771,75.26383209228516,22388000.0
2020-08-14,GOOGL,75.11297363738187,75.41966216296682,74.38795233108324,74.66734313964844,21942000.0
2020-08-17,GOOGL,75.23008167921238,75.61765619945626,74.685694859427,75.24347686767578,19990000.0
2020-08-18,GOOGL,75.73377735195302,77.28456008844866,75.51294982781033,77.20565795898438,28378000.0
2020-08-19,GOOGL,77.04238688913141,77.85475322202173,76.42257355605528,76.6513442993164,30472000.0
2020-08-20,GOOGL,76.42108908080341,78.41601831022678,76.14765758595809,78.22148895263672,26382000.0
2020-08-21,GOOGL,78.00065067341802,78.99712707798484,77.52971397251127,78.187744140625,34838000.0
2020-08-24,GOOGL,79.02639966986824,79.83579016442737,78.16143693431773,78.66314697265625,25638000.0
2020-08-25,GOOGL,78.41253291150737,79.84074471193138,78.30236524817361,79.69038391113281,25150000.0
2020-08-26,GOOGL,79.71271651139712,82.01978600785452,79.44871240871136,81.59002685546875,52188000.0
2020-08-27,GOOGL,81.71309628506668,81.78157909214075,80.33352058616987,80.81538391113281,31350000.0
2020-08-28,GOOGL,80.86254480757151,81.45208466993914,80.67099129983526,81.35680389404297,22418000.0
2020-08-31,GOOGL,81.56224830979725,81.60840076153923,80.6570923419746,80.86551666259766,26422000.0
2020-09-01,GOOGL,80.99602062020955,82.33887127868402,80.86550650072458,82.1334228515625,22652000.0
2020-09-02,GOOGL,82.77506893604762,85.65779065315286,82.38700223432284,85.22555541992188,49522000.0
2020-09-03,GOOGL,84.33876290318153,84.36258498681123,79.7826871845487,80.86451721191406,63726000.0
2020-09-04,GOOGL,79.84670453576004,81.13645913479783,76.3218387159225,78.4676284790039,55850000.0
2020-09-08,GOOGL,75.67819363218968,77.19423512243685,75.25637772077722,75.60871887207031,54032000.0
2020-09-09,GOOGL,76.8642343918004,77.35154968410572,75.68663149054102,76.78136444091797,39242000.0
2020-09-10,GOOGL,76.92775032379502,78.0929423126136,75.43006388983795,75.73029327392578,33024000.0
2020-09-11,GOOGL,75.83451139910771,76.35805197313077,74.09118337949273,75.21965789794922,30706000.0
2020-09-14,GOOGL,76.00819769874438,77.26619442098949,74.69115310887393,74.8757553100586,42660000.0
2020-09-15,GOOGL,75.82161195068608,76.96794929706259,75.53428554034802,76.1803970336914,23042000.0
2020-09-16,GOOGL,76.54564251599456,77.1356820188287,75.01272258332794,75.03753662109375,22128000.0
2020-09-17,GOOGL,73.73339423552551,74.37107796130607,72.57465352945174,73.79443359375,40008000.0
2020-09-18,GOOGL,73.85695861877808,74.19937265583256,71.0442113083804,72.01040649414062,63056000.0
2020-09-21,GOOGL,71.04421437886803,71.46304688740663,69.60806684484395,70.97077178955078,56908000.0
2020-09-22,GOOGL,71.97219001757368,72.64957456925964,70.93899627600688,72.4436264038086,33950000.0
2020-09-23,GOOGL,72.06003158587683,72.10915989592557,69.60806095366121,69.9410400390625,37726000.0
2020-09-24,GOOGL,69.608060937413,71.3603166157109,69.58175518077466,70.60948944091797,34552000.0
2020-09-25,GOOGL,70.71817425152294,71.75483613203042,69.8561874444943,71.41342163085938,30326000.0
2020-09-28,GOOGL,73.04756061151633,73.09718110510907,71.77170133684484,72.38605499267578,30784000.0
2020-09-29,GOOGL,72.64660413596586,73.0480660321558,72.15481369174223,72.75131225585938,31816000.0
2020-09-30,GOOGL,72.49921433138267,73.75274352180791,72.2421614908849,72.73046875,40924000.0
2020-10-01,GOOGL,73.62669659515059,74.19292159737675,73.28626646757014,73.83710479736328,32884000.0
2020-10-02,GOOGL,72.43419600433289,73.39692299375919,71.82480208695794,72.23420715332031,31222000.0
2020-10-05,GOOGL,72.58407414754559,73.67830733435456,72.45703566376906,73.58551025390625,21602000.0
2020-10-06,GOOGL,73.22177076550952,73.66938519119856,71.70870482524668,72.00695037841797,26096000.0
2020-10-07,GOOGL,72.41832463079594,72.89770426386879,71.12410260316045,72.4098892211914,36108000.0
2020-10-08,GOOGL,72.72302733778457,73.84355876633454,72.72302733778457,73.61528778076172,26076000.0
2020-10-09,GOOGL,74.0832479306486,75.02562863489327,73.79244587231484,74.9561538696289,32966000.0
2020-10-12,GOOGL,76.32331696836458,78.82540773717346,75.89157394902875,77.6428451538086,55344000.0
2020-10-13,GOOGL,78.2592048255547,78.6636502086918,77.34709764690986,77.76593017578125,39072000.0
2020-10-14,GOOGL,78.13960670707321,78.59863235974427,76.7153626294545,77.58578491210938,33174000.0
2020-10-15,GOOGL,76.6458902262155,77.98080531787049,76.47865858893644,77.19027709960938,31210000.0
2020-10-16,GOOGL,77.50588599458379,78.29393046378365,77.29895342687239,77.79718780517578,34194000.0
2020-10-19,GOOGL,78.20559891498712,78.60260079245475,75.57497780370291,75.92383575439453,29734000.0
2020-10-20,GOOGL,75.58441610200431,78.10189404898057,75.45489392732365,76.97242736816406,41670000.0
2020-10-21,GOOGL,77.90387889868303,80.15140068876588,77.76939696227232,78.70482635498047,60322000.0
2020-10-22,GOOGL,78.65569689727067,80.06603832391136,78.28251710135257,79.73057556152344,30512000.0
2020-10-23,GOOGL,80.14693590256121,81.09328441349074,79.99110798217251,81.03671264648438,30548000.0
2020-10-26,GOOGL,80.14443739325498,80.86796676130896,77.80114300839921,78.62045288085938,35826000.0
2020-10-27,GOOGL,78.8507232899388,79.49931843074643,78.25820014746962,79.34449005126953,25902000.0
2020-10-28,GOOGL,76.9193189772867,77.10788899788803,74.85839093339294,74.97351837158203,45174000.0
2020-10-29,GOOGL,75.28218061851324,78.84128724607514,75.25885830217857,77.26023864746094,55406000.0
2020-10-30,GOOGL,82.74679062825668,83.4355865281123,79.47798597119375,80.19953155517578,99878000.0
2020-11-02,GOOGL,80.56825511870791,82.29024494886494,80.10673821901906,80.60696411132812,44228000.0
2020-11-03,GOOGL,80.92653865196347,82.3279448648545,80.00102885652811,81.66594696044922,31432000.0
2020-11-04,GOOGL,84.63948153548641,87.83781924294622,84.51145110327435,86.63788604736328,71342000.0
2020-11-05,GOOGL,87.85866770874907,88.91915931430586,86.39869809059148,87.46414947509766,39758000.0
2020-11-06,GOOGL,86.9103342731499,87.76190180648214,86.18282936178207,87.32669067382812,28622000.0
2020-11-09,GOOGL,89.12559909444359,90.16325299322276,87.21850731003066,87.41055297851562,53440000.0
2020-11-10,GOOGL,85.83991783029099,87.30931470732818,85.1625332301368,86.23443603515625,43022000.0
2020-11-11,GOOGL,86.76443103612137,87.4839927088133,86.49943497923725,86.70637512207031,31838000.0
2020-11-12,GOOGL,86.44682541087165,87.58721098528301,86.24683654348757,86.48751831054688,26474000.0
2020-11-13,GOOGL,86.74457768582197,88.19015241863731,86.14808672166791,87.94847869873047,29744000.0
2020-11-16,GOOGL,87.54553261179751,89.0442111765779,87.40608331966793,88.03632354736328,25468000.0
2020-11-17,GOOGL,87.73013533866205,88.19066026800272,87.3147784714661,87.4224624633789,21314000.0
2020-11-18,GOOGL,87.17334492122757,87.58820959498601,86.27661691281018,86.37934112548828,20108000.0
2020-11-19,GOOGL,86.0116147048315,87.5132690324479,85.85231873640768,87.26911163330078,20106000.0
2020-11-20,GOOGL,87.43933790525898,87.75495401552938,86.099463049473,86.1679458618164,27694000.0
2020-11-23,GOOGL,86.35850382471271,86.64483829608162,84.86776845214185,85.7302474975586,22530000.0
2020-11-24,GOOGL,85.72727127928064,87.66165318603427,85.39130873171393,87.53362274169922,27984000.0
2020-11-25,GOOGL,87.72766219346009,87.85519287716374,86.76245134021605,87.54503631591797,19600000.0
2020-11-27,GOOGL,87.56538232050816,89.1767122831429,87.56538232050816,88.68095397949219,14790000.0
2020-11-30,GOOGL,88.1167194862883,88.34945805842784,86.73664396560041,87.06218719482422,32418000.0
2020-12-01,GOOGL,87.67058926121352,90.40294282397186,87.49044706213408,89.0948257446289,37350000.0
2020-12-02,GOOGL,89.09481223303423,90.94979955479826,88.58913445361796,90.564208984375,29424000.0
2020-12-03,GOOGL,90.34438241647054,91.50014714254404,90.16870781369848,90.40889739990234,24728000.0
2020-12-04,GOOGL,90.32850630008762,90.7890236553359,89.99948744675892,90.50418090820312,20544000.0
2020-12-07,GOOGL,90.09675400163334,90.77860623301,89.47594869785405,90.17020416259766,22288000.0
2020-12-08,GOOGL,89.74790262698619,90.11760684582036,88.89236720463734,89.88734436035156,19936000.0
2020-12-09,GOOGL,89.83919334116746,90.73294542075456,87.43932691550214,88.22637939453125,31728000.0
2020-12-10,GOOGL,87.46911000864011,88.08396358785399,86.02651096263251,87.71971893310547,28688000.0
2020-12-11,GOOGL,87.34007541184674,88.19908629682062,86.97979863058944,88.07452392578125,18628000.0
2020-12-14,GOOGL,87.87206082320614,88.8189014511486,86.80065024940325,86.95597839355469,33050000.0
2020-12-15,GOOGL,87.33313722198446,87.53858565705434,86.43046500850052,87.39368438720703,21352000.0
2020-12-16,GOOGL,87.7921613925864,87.7921613925864,86.79718438631407,87.20063018798828,24676000.0
2020-12-17,GOOGL,87.53511044992315,87.67306801784623,85.90840149530362,86.37288665771484,34880000.0
2020-12-18,GOOGL,86.65377457814161,86.7624505284676,85.10695960958034,85.66374969482422,85256000.0
2020-12-21,GOOGL,84.81564931543565,86.19870057444582,84.06482215164931,86.0776138305664,33974000.0
2020-12-22,GOOGL,85.81808690722899,85.9808585248168,84.64941910188612,85.36600494384766,20370000.0
2020-12-23,GOOGL,85.55010471511076,86.55153319563468,85.41462325656956,85.76348876953125,22974000.0
2020-12-24,GOOGL,85.8017013279546,86.46717488960903,85.57094668185455,86.05776977539062,9312000.0
2020-12-28,GOOGL,86.5912450693575,88.67996325193205,86.43790838917894,88.03285217285156,27650000.0
2020-12-29,GOOGL,88.691373155201,88.75290469779057,87.09741391594572,87.22891998291016,19726000.0
2020-12-30,GOOGL,87.58820379818833,87.72516940602775,85.75207866076447,86.16148376464844,21026000.0
2020-12-31,GOOGL,86.21210764385076,87.21601985817294,86.15354439427452,86.97484588623047,21070000.0
2021-01-04,GOOGL,87.3400758073068,87.46363865106508,84.71689827186873,85.6592788696289,37324000.0
2021-01-05,GOOGL,85.6076753306863,86.68652187444044,85.20124606667888,86.35006713867188,20360000.0
2021-01-06,GOOGL,84.37547823924433,86.54459001427169,84.16903787338767,85.49799346923828,46588000.0
2021-01-07,GOOGL,85.69055424492905,88.2244108524011,85.69055424492905,88.05171966552734,41936000.0
2021-01-08,GOOGL,88.19164922097684,89.29332585763812,87.40062131631798,89.21739959716797,35484000.0
2021-01-11,GOOGL,88.18470162798775,88.54994580133611,86.9500347222767,87.15597534179688,34796000.0
2021-01-12,GOOGL,86.6135656079174,87.73211302288776,85.17543429898133,86.22003936767578,29528000.0
2021-01-13,GOOGL,85.71833405616691,87.16094060271311,85.71833405616691,86.70736694335938,23432000.0
2021-01-14,GOOGL,86.78774893221043,87.7147504644655,85.65629851518884,85.89698028564453,29212000.0
2021-01-15,GOOGL,85.80270536196944,86.72573164848349,84.9437018754626,85.73323059082031,31444000.0
2021-01-19,GOOGL,86.49646797023269,89.51565598079557,85.99178203469376,88.5544204711914,41660000.0
2021-01-20,GOOGL,90.63369100589752,94.27369142216018,90.29326846427875,93.2985610961914,64152000.0
2021-01-21,GOOGL,93.9724816453864,95.8795659562927,93.26581533779938,93.50103759765624,58634000.0
2021-01-22,GOOGL,93.86379288072814,94.50544439835652,93.12140106015978,93.91838073730467,32744000.0
2021-01-25,GOOGL,94.91981325917727,95.37041104765358,92.2609023975788,94.00373077392578,50586000.0
2021-01-26,GOOGL,93.59234042721772,95.06918077277226,93.10304122733542,94.6821060180664,31462000.0
2021-01-27,GOOGL,93.04249028584238,93.31840541043216,89.19009786238911,90.26497650146484,82512000.0
2021-01-28,GOOGL,90.8634721784876,93.691598830972,90.8634721784876,91.96514892578124,55278000.0
2021-01-29,GOOGL,91.01331852253465,91.68425159297892,89.40249609555491,90.6828155517578,44530000.0
2021-02-01,GOOGL,91.537869114529,95.05876695305972,91.537869114529,93.94369506835938,40252000.0
2021-02-02,GOOGL,94.93917374200196,96.73758204200148,94.60370337579502,95.2364273071289,66332000.0
2021-02-03,GOOGL,102.50599859407848,104.54112080046828,99.92251415054167,102.1720199584961,97882000.0
2021-02-04,GOOGL,102.25836545435276,102.68910899646728,100.99193325022928,101.91149139404295,48596000.0
2021-02-05,GOOGL,102.20575339863728,104.01111275805968,101.73134112371685,103.65827941894533,29866000.0
2021-02-08,GOOGL,104.21259473058925,104.95697040723633,102.39384015907451,103.44439697265624,28828000.0
2021-02-09,GOOGL,102.96204375401462,104.13865469002172,102.7238456524226,102.99132537841795,21892000.0
2021-02-10,GOOGL,103.37592426780196,104.1570250983957,101.84251204141984,103.54167175292967,25102000.0
2021-02-11,GOOGL,103.76597151325436,103.91484058963358,102.6672707820542,103.65431213378906,20480000.0
2021-02-12,GOOGL,103.20868656852797,104.1877847485389,102.90100612778934,103.9659652709961,18990000.0
2021-02-16,GOOGL,103.80320209991204,106.4526858181554,103.80320209991204,104.74359893798828,31004000.0
2021-02-17,GOOGL,103.91385613661627,105.32618913024352,103.63447293017356,105.1366195678711,20294000.0
2021-02-18,GOOGL,104.46073001635575,105.303862158223,103.8816019889264,104.50092315673828,22546000.0
2021-02-19,GOOGL,104.5991837297748,105.13463539467114,103.39031525447268,103.65729522705078,37938000.0
2021-02-22,GOOGL,101.9099993387489,103.23647893744952,101.6321002802352,101.9427490234375,29466000.0
2021-02-23,GOOGL,99.9443518529508,102.84791239328172,98.76525719424058,102.23355102539062,34658000.0
2021-02-24,GOOGL,100.74082627734852,103.63297538297375,100.6162714718314,103.40916442871094,22608000.0
2021-02-25,GOOGL,102.0256127941476,103.36896303196636,99.57215061949934,100.0416030883789,41548000.0
2021-02-26,GOOGL,100.7363652714973,102.05490166561076,99.3002177541742,100.3373794555664,40042000.0
2021-03-01,GOOGL,101.63209158055663,103.03300560280508,100.95818263525662,102.70697021484376,26060000.0
2021-03-02,GOOGL,102.46777579992728,103.9515673872358,102.06234608378271,102.44991302490234,25564000.0
2021-03-03,GOOGL,101.8281222231942,103.02110427360444,98.95234399009124,99.81632232666016,33892000.0
2021-03-04,GOOGL,99.98801971974596,102.95162763201309,99.51955914782164,100.93387603759766,49216000.0
2021-03-05,GOOGL,102.2846628478054,104.52026594581169,100.62867233193391,104.06719207763672,53100000.0
2021-03-08,GOOGL,103.4215726006688,104.89443749241916,99.50764106068316,99.62227630615234,36868000.0
2021-03-09,GOOGL,101.71894467377746,102.42212772357182,101.01674600755987,101.25296020507812,33920000.0
2021-03-10,GOOGL,102.2970659351344,102.2970659351344,100.20933995964218,101.0460205078125,27100000.0
2021-03-11,GOOGL,102.13926584834768,104.77187091897012,102.05142854718903,104.23939514160156,27702000.0
2021-03-12,GOOGL,103.04194682941647,103.10149446258993,100.85893998678274,101.7313461303711,33818000.0
2021-03-15,GOOGL,101.48223051757223,101.97897318600188,100.62917885594194,101.9516830444336,26168000.0
2021-03-16,GOOGL,102.52484679250944,104.89146380814894,102.19235989786291,103.41313934326172,31900000.0
2021-03-17,GOOGL,102.64793201994412,104.1629817776318,101.43956320765407,103.3302764892578,26382000.0
2021-03-18,GOOGL,101.64102887234584,102.66181951662612,100.2019054886591,100.30909729003906,31700000.0
2021-03-19,GOOGL,100.72544755239356,101.08820045745158,99.39549239049998,100.58798217773438,46072000.0
2021-03-22,GOOGL,100.62124164348486,101.648976017911,99.9448489322674,100.7730941772461,33536000.0
2021-03-23,GOOGL,101.23261124865265,102.43155255458386,100.6395958801365,101.30109405517578,28510000.0
2021-03-24,GOOGL,101.8186946424431,102.6047552882136,100.6892279688105,100.86441040039062,25218000.0
2021-03-25,GOOGL,100.69169304464262,101.51497081308096,99.05604902007528,100.86091613769533,35616000.0
2021-03-26,GOOGL,100.82766746682842,101.20481507110642,99.44114060264997,100.4773178100586,27978000.0
2021-03-29,GOOGL,100.34978722521926,101.6921456617526,99.52055008099022,101.52242279052734,26492000.0
2021-03-30,GOOGL,101.87922713070152,102.36009090991652,101.04403828817073,101.55616760253906,27312000.0
2021-03-31,GOOGL,101.94969987021643,103.53075620217572,101.58247178886016,102.35265350341795,42570000.0
2021-04-01,GOOGL,103.82799880608552,105.98668362413872,103.78730590753312,105.69042205810548,39880000.0
2021-04-05,GOOGL,106.55241526747184,110.61373186270572,106.45614255746916,110.1159896850586,48510000.0
2021-04-06,GOOGL,109.7170060552788,110.56460573116816,109.26393216477742,109.63462829589844,35240000.0
2021-04-07,GOOGL,109.82517529156657,111.38340125147715,109.82517529156657,111.11195373535156,24134000.0
2021-04-08,GOOGL,112.35111313829852,112.73769574092296,111.30948379590892,111.67770385742188,28664000.0
2021-04-09,GOOGL,111.4300610226402,112.84586194117158,111.0241239862525,112.68209838867188,26146000.0
2021-04-12,GOOGL,111.86080254119268,111.99826033542476,110.55566149487322,111.38936614990234,25024000.0
2021-04-13,GOOGL,111.70549055106234,112.32481171879677,111.31146450496534,111.8761978149414,25682000.0
2021-04-14,GOOGL,112.52132265803311,112.52132265803311,110.96260423492672,111.25489044189452,21002000.0
2021-04-15,GOOGL,112.24936757265024,113.93909964977728,111.71440816514466,113.40562438964844,29174000.0
2021-04-16,GOOGL,113.6036456631792,113.85177090924827,112.6945143981174,113.28157806396484,26282000.0
2021-04-19,GOOGL,112.65778563629344,114.34056652546512,112.65778563629344,113.6294403076172,30290000.0
2021-04-20,GOOGL,114.0130523362759,114.08798664621496,112.00969537265848,113.09598541259766,22288000.0
2021-04-21,GOOGL,112.75059980196684,113.14511805494396,111.39930606796882,113.06324005126952,23204000.0
2021-04-22,GOOGL,112.9168285050062,113.58577771200164,111.17598403868456,111.78141021728516,24146000.0
2021-04-23,GOOGL,112.49997995220494,114.44131306155018,112.21463744660008,114.1341323852539,29066000.0
2021-04-26,GOOGL,114.36191465854154,115.35491539207553,114.0046137037265,114.63038635253906,32038000.0
2021-04-27,GOOGL,115.01249899515436,115.05319189753914,113.45079717646414,113.68999481201172,44386000.0
2021-04-28,GOOGL,118.72792498547076,120.65734705575764,116.77865622813732,117.06747436523438,81106000.0
2021-04-29,GOOGL,118.56564700649056,119.3065470422006,117.80240903725968,118.7408218383789,41234000.0
2021-04-30,GOOGL,117.51309506724208,118.19940722981916,116.4481435849962,116.79254150390624,44856000.0
2021-05-03,GOOGL,117.35877344421958,118.18453498753864,115.89930359845005,116.27545928955078,28242000.0
2021-05-04,GOOGL,114.81001845371824,115.37772756393407,111.98784395750256,114.4765396118164,44818000.0
2021-05-05,GOOGL,115.55838657968523,115.8744948855566,114.54851496753456,114.8705825805664,26636000.0
2021-05-06,GOOGL,114.4517251533314,115.99109649658205,113.79221092567428,115.99109649658205,25190000.0
2021-05-07,GOOGL,117.30814515238436,117.6733817083904,116.42828806274473,116.7146224975586,28898000.0
2021-05-10,GOOGL,115.5340544612841,115.67598742632394,113.37040211218113,113.72820281982422,30914000.0
2021-05-11,GOOGL,111.31245758968728,113.15900213602517,110.8583841691217,112.6518325805664,34186000.0
2021-05-12,GOOGL,110.47478602478672,111.5561162328278,108.85849635134446,109.18750762939452,46376000.0
2021-05-13,GOOGL,110.47130973397276,111.13231572556356,109.50858260758544,110.61621856689452,33204000.0
2021-05-14,GOOGL,112.0801548093948,113.37933665290709,111.65635497248752,113.06471252441406,31996000.0
2021-05-17,GOOGL,112.3297641754445,113.6304377384808,111.92978642061708,113.58776092529295,21598000.0
2021-05-18,GOOGL,114.2542271454535,114.51873100821116,112.26128204938492,112.27517700195312,22204000.0
2021-05-19,GOOGL,110.5859354435944,112.89647277536368,110.4375585644556,112.72328186035156,23684000.0
2021-05-20,GOOGL,113.69098569300492,114.73310713657824,113.31978979628988,114.48250579833984,32352000.0
2021-05-21,GOOGL,115.00157839071797,115.07502854849965,113.60661602300084,113.84630584716795,40632000.0
2021-05-24,GOOGL,114.87653394991712,117.390536195804,114.73113291341008,117.16673278808594,31832000.0
2021-05-25,GOOGL,117.71061174116316,118.30611079968943,116.86698744390246,117.25753784179688,22440000.0
2021-05-26,GOOGL,117.43867278904202,118.55375229526584,117.4356969215563,118.12300872802734,21572000.0
2021-05-27,GOOGL,118.55671711942162,118.55671711942162,116.92951595867764,117.24810791015624,35224000.0
2021-05-28,GOOGL,117.83069992865224,117.91257792108246,116.76028885976044,116.9587860107422,21482000.0
2021-06-01,GOOGL,117.83168978545552,118.39096348703528,116.83124568620666,118.1661605834961,23354000.0
2021-06-02,GOOGL,118.5616749306312,118.7844939306939,116.73596907023165,117.64064025878906,21158000.0
2021-06-03,GOOGL,116.4069665373418,116.96723225649065,115.60254339356484,116.49877166748048,18696000.0
2021-06-04,GOOGL,117.57512855840815,119.05196883289784,117.2346984558086,118.78101348876952,24458000.0
2021-06-07,GOOGL,118.57607279219508,119.32392413070296,118.15724030193508,119.21424865722656,24120000.0
2021-06-08,GOOGL,119.69611425817284,120.06879431068796,118.8410711054014,119.02269744873048,24240000.0
2021-06-09,GOOGL,119.66733155702188,119.73928242428627,118.94627815938064,119.494140625,17942000.0
2021-06-10,GOOGL,119.44351508642232,120.88661377093756,119.287694745619,120.84343719482422,25904000.0
2021-06-11,GOOGL,121.08511637699016,121.17047000516756,120.04100343499866,120.59879302978516,21958000.0
2021-06-14,GOOGL,120.7010138258984,121.52776727722208,119.99336321142542,121.52727508544922,22098000.0
2021-06-15,GOOGL,121.5317391337335,121.854798679798,120.1481955864892,120.50897216796876,21562000.0
2021-06-16,GOOGL,120.66031764210322,120.97196589201818,118.5740833616936,119.86681365966795,26472000.0
2021-06-17,GOOGL,119.7923747217894,121.60368576319932,119.5963536816442,120.83052825927734,25842000.0
2021-06-18,GOOGL,120.45685158183925,120.6910818510485,119.1149929914567,119.21027374267578,46116000.0
2021-06-21,GOOGL,119.59685210380827,121.08510361383242,118.999361625183,120.89900970458984,27414000.0
2021-06-22,GOOGL,120.83699476359855,121.48212191742986,120.15614205708611,121.41313934326172,22390000.0
2021-06-23,GOOGL,121.17790930527332,122.17239413660434,120.92085647379636,121.2111587524414,19148000.0
2021-06-24,GOOGL,121.77985701377752,122.13269035567586,121.382862712785,121.58135986328124,21362000.0
2021-06-25,GOOGL,121.085112104462,121.71336839672357,120.65337662784324,121.5897979736328,34594000.0
2021-06-28,GOOGL,121.758521573653,121.86422922179604,120.49507286854836,121.61709594726562,28526000.0
2021-06-29,GOOGL,121.75059355767355,122.09846715134644,120.7784390263466,121.35557556152344,23108000.0
2021-06-30,GOOGL,121.07966138959463,121.34019744310686,120.44446136096887,121.1739501953125,24474000.0
2021-07-01,GOOGL,120.81218874752682,121.66772416765814,120.62014306561282,121.52629852294922,18110000.0
2021-07-02,GOOGL,122.22649002373326,124.46358492049244,122.13666881147287,124.31818389892578,25982000.0
2021-07-06,GOOGL,124.70625497523152,125.4799123179405,123.64824707773292,125.2436981201172,26404000.0
2021-07-07,GOOGL,126.208410278611,126.32948945977284,125.2069741393354,125.52556610107422,24060000.0
2021-07-08,GOOGL,123.0959213892183,124.6536477834332,123.09195356628403,124.10628509521484,23790000.0
2021-07-09,GOOGL,124.08744098137892,124.791616029745,123.61748866107416,124.57723999023438,18632000.0
2021-07-12,GOOGL,125.23178767794649,126.11660464739364,124.66903830023148,126.02330780029295,17668000.0
2021-07-13,GOOGL,126.0858217415927,127.09717735782496,125.72455299411632,126.38655090332033,19240000.0
2021-07-14,GOOGL,126.99843774774148,128.3566826384462,126.95526116951176,127.2753448486328,23742000.0
2021-07-15,GOOGL,127.68425815211094,127.73487061260047,125.58114534521545,126.05258178710938,24218000.0
2021-07-16,GOOGL,126.70564909050016,126.8530340257524,125.2074703197204,126.0178451538086,20424000.0
2021-07-19,GOOGL,125.14394623897842,125.2585814894931,122.57882443943063,123.64378356933594,27968000.0
2021-07-20,GOOGL,124.5861538619806,126.09029189296702,123.4179859291458,125.26304626464844,26312000.0
2021-07-21,GOOGL,125.18762444582607,126.63915867752108,125.07844872969363,126.59251403808594,20746000.0
2021-07-22,GOOGL,126.88528161966792,127.51948960821602,126.54286761164278,127.45844268798828,14302000.0
2021-07-23,GOOGL,129.4524101224055,132.39865543395226,128.82714473165672,132.0175323486328,41506000.0
2021-07-26,GOOGL,132.32864717421313,133.23032723046808,131.30934087302742,133.02984619140625,30572000.0
2021-07-27,GOOGL,133.24375654153485,133.39114148344112,129.12835158486462,130.91087341308594,54710000.0
2021-07-28,GOOGL,135.28977752970368,137.25989239813106,134.26303523992692,135.0734100341797,95130000.0
2021-07-29,GOOGL,135.12899677919694,135.63616633400994,134.5265540400748,134.75929260253906,31716000.0
2021-07-30,GOOGL,134.0223752606491,134.2898550052644,133.24822569744882,133.7161865234375,25576000.0
2021-08-02,GOOGL,134.10375968033432,134.3216113441576,132.79068281831607,133.84323120117188,21634000.0
2021-08-03,GOOGL,134.12160154439192,134.71412469345836,132.31972539676443,134.61289978027344,20762000.0
2021-08-04,GOOGL,134.33450184746084,134.63225514353746,133.47846680037628,134.1121826171875,19676000.0
2021-08-05,GOOGL,134.6630495329034,135.32753887134209,133.83480416701212,135.22976684570312,17870000.0
2021-08-06,GOOGL,135.02181756289275,135.4490854531946,134.19605607043894,134.7205810546875,20488000.0
2021-08-09,GOOGL,134.92306449777362,136.15525526849018,134.32457443388773,135.8862762451172,17760000.0
2021-08-10,GOOGL,136.3120586436504,136.739341684584,135.3418956435353,135.7810821533203,19414000.0
2021-08-11,GOOGL,136.15277807095418,136.6500129504423,135.24959853381438,135.25704956054688,15352000.0
2021-08-12,GOOGL,134.95582328461904,136.27039955007274,134.4099598131721,136.16519165039062,16506000.0
2021-08-13,GOOGL,136.22075907791498,136.82271722045272,136.00539109097147,136.69467163085938,15948000.0
2021-08-16,GOOGL,136.49367603744454,137.32490460237238,134.28437116129226,137.2722930908203,22384000.0
2021-08-17,GOOGL,136.71701126967452,137.22864843735246,135.06152034652905,135.6366729736328,21716000.0
2021-08-18,GOOGL,135.47638678008008,136.0763610262698,134.30672701456993,134.4332733154297,19258000.0
2021-08-19,GOOGL,133.42736229214302,135.32997885564367,133.2432522758854,134.6625213623047,21782000.0
2021-08-20,GOOGL,134.98014118566647,136.52248864700474,134.23576540706904,136.39892578125,31194000.0
2021-08-23,GOOGL,136.93486475189124,139.8180789523817,136.57557987363364,138.9913330078125,28454000.0
2021-08-24,GOOGL,139.55702905815937,141.01452236958926,139.28608129387433,140.20216369628906,19268000.0
2021-08-25,GOOGL,140.56295954298056,141.12322528868177,140.31583381143977,141.0135498046875,15848000.0
2021-08-26,GOOGL,140.6870101446203,141.34950029059405,140.29695193911795,140.3798370361328,20610000.0
2021-08-27,GOOGL,140.59025038508423,143.42880397436727,140.43591417092568,142.9241180419922,28780000.0
2021-08-30,GOOGL,143.3171329571625,144.87586650188038,143.08191071362054,143.50621032714844,24434000.0
2021-08-31,GOOGL,144.05853400521448,144.08284070648722,143.1990308749765,143.61239624023438,22448000.0
2021-09-01,GOOGL,143.91264203896188,145.15723608656572,143.79701482675657,144.12652587890625,21936000.0
2021-09-02,GOOGL,144.1270137169677,144.4282350739372,142.11123857880438,142.2124786376953,32342000.0
2021-09-03,GOOGL,142.00753585009178,143.07397156605705,141.33262733689926,142.66159057617188,19850000.0
2021-09-07,GOOGL,142.75587753973872,143.48089873899315,142.5419937114171,143.1985321044922,20124000.0
2021-09-08,GOOGL,143.0194090417109,143.31714724471485,141.92765181614865,142.61346435546875,18344000.0
2021-09-09,GOOGL,142.76182262055423,143.22829924541583,142.10380011064456,142.46456909179688,15314000.0
2021-09-10,GOOGL,143.13103101123474,143.63324834342055,139.6825992095329,139.81956481933594,36840000.0
2021-09-13,GOOGL,140.8850133140272,141.87801407207704,140.19076541104684,141.26515197753906,22094000.0
2021-09-14,GOOGL,141.9231620681561,142.28791402642847,140.68700352159263,141.4755401611328,19674000.0
2021-09-15,GOOGL,141.7008640719296,143.3672741920818,140.28754656710873,143.346435546875,27408000.0
2021-09-16,GOOGL,142.87099696216728,143.21787856046222,141.33361711274972,142.53305053710938,26190000.0
2021-09-17,GOOGL,141.95791332781604,142.3742621569546,139.4166134851855,139.744140625,53384000.0
2021-09-20,GOOGL,137.12543075040233,137.95764383732217,135.2997322450259,137.6792449951172,46518000.0
2021-09-21,GOOGL,138.70150564295537,138.961549489437,137.24104391217074,137.99038696289062,25332000.0
2021-09-22,GOOGL,138.25937452976518,139.8304963856978,137.51251502650064,139.2315216064453,25056000.0
2021-09-23,GOOGL,139.93024135046866,140.6339242140277,139.34863720343068,140.1570281982422,20952000.0
2021-09-24,GOOGL,139.4846026662083,141.2631718861117,139.18933300671583,141.14852905273438,22984000.0
2021-09-27,GOOGL,139.7485880718307,140.87408668323022,139.0171154416389,140.0140838623047,21882000.0
2021-09-28,GOOGL,137.61521342871015,138.0534004027572,134.34492472467014,134.8114013671875,45772000.0
2021-09-29,GOOGL,135.952776944704,136.1224998181307,132.86114615387476,133.34597778320312,30848000.0
2021-09-30,GOOGL,133.25465763125644,134.526041888036,132.55444295249788,132.6735382080078,37996000.0
2021-10-01,GOOGL,133.43928275970532,135.8838255062705,133.06759462080367,135.51907348632812,35360000.0
2021-10-04,GOOGL,134.94090486104298,134.94090486104298,130.0672375051425,132.65716552734375,51202000.0
2021-10-05,GOOGL,133.03584356631302,136.19547307632376,133.03584356631302,135.0029754638672,32404000.0
2021-10-06,GOOGL,133.739508771599,136.7170117498164,133.54101160192383,136.5334014892578,24364000.0
2021-10-07,GOOGL,137.850443401675,138.99182860687787,137.61125333266637,138.1809539794922,25110000.0
2021-10-08,GOOGL,138.53031118041213,139.2786547710328,138.17350997032952,138.7372589111328,26526000.0
2021-10-11,GOOGL,138.2474552462398,139.6568048342749,137.81768850604507,137.87228393554688,17954000.0
2021-10-12,GOOGL,138.43402701454784,138.46083253617908,134.74192230236443,135.42576599121094,36332000.0
2021-10-13,GOOGL,136.37210417426144,136.96512710925458,135.49523045857015,136.55026245117188,19654000.0
2021-10-14,GOOGL,138.4280727926186,140.27759317448889,137.78393763383104,140.09249877929688,31894000.0
2021-10-15,GOOGL,140.55253377590688,140.65525799212097,139.69948208035825,140.30787658691406,30274000.0
2021-10-18,GOOGL,140.01858818725026,141.72519151751183,140.01163692378543,141.7073211669922,20396000.0
2021-10-19,GOOGL,142.3122259032988,142.5851727491795,141.5306404974809,142.16285705566406,20164000.0
2021-10-20,GOOGL,142.26309046678062,142.46953840645264,140.31629790538835,140.7058563232422,23288000.0
2021-10-21,GOOGL,140.70586399440023,141.08997046295738,139.44638307898973,140.82199096679688,26292000.0
2021-10-22,GOOGL,138.10651842470995,139.528771131412,135.0357259164038,136.53489685058594,50588000.0
2021-10-25,GOOGL,136.51851473554404,136.96513715391242,134.40845059559413,136.41629028320312,34412000.0
2021-10-26,GOOGL,138.21916373627255,139.0325068979377,137.267355663292,138.26382446289062,49236000.0
2021-10-27,GOOGL,138.3596042211611,147.53527135391386,138.3596042211611,145.1210174560547,85782000.0
2021-10-28,GOOGL,146.03114674370437,146.0544690636937,143.54244317975258,144.75527954101562,36206000.0
2021-10-29,GOOGL,143.99004609130722,147.13032034071645,143.5647621281139,146.935791015625,43320000.0
2021-11-01,GOOGL,146.93578052178322,146.93578052178322,142.15141957153645,142.42088317871094,46924000.0
2021-11-02,GOOGL,143.49528827408025,145.50956421119818,143.25311477300548,144.34188842773438,33482000.0
2021-11-03,GOOGL,144.8063781414798,145.5691239438991,143.50670412146945,145.4986572265625,27494000.0
2021-11-04,GOOGL,146.02120570689476,148.61064946538178,145.2108308442372,147.1556396484375,38412000.0
2021-11-05,GOOGL,148.05085702722778,149.2001777894654,147.08566141589458,147.73574829101562,38354000.0
2021-11-08,GOOGL,148.70144323665562,149.48552742281953,147.31740001470018,147.9134063720703,23052000.0
2021-11-09,GOOGL,148.11389827574533,148.71088906033273,146.14079981403162,147.8017578125,19530000.0
2021-11-10,GOOGL,146.39388220777226,146.95961498797055,143.4536043601575,144.79942321777344,29970000.0
2021-11-11,GOOGL,145.39098629504358,146.4291476158048,144.50864533911016,144.67340087890625,16518000.0
2021-11-12,GOOGL,145.5160161174187,147.73377171558494,144.3205504253786,147.56304931640625,22360000.0
2021-11-15,GOOGL,147.78388336285937,148.42801853120432,146.46832288502367,147.3387451171875,23508000.0
2021-11-16,GOOGL,147.03852213551875,147.64691660374896,146.20779328379493,146.76707458496094,18904000.0
2021-11-17,GOOGL,146.91742834177575,147.44543653660836,146.13584294303453,146.93678283691406,19594000.0
2021-11-18,GOOGL,147.1298197269716,149.45128376291623,146.77550224440623,148.71484375,35608000.0
2021-11-19,GOOGL,148.850821889898,149.83440281847206,147.78240224110786,147.8096923828125,33682000.0
2021-11-22,GOOGL,148.2126562711061,148.70592331969485,145.05154308495818,145.2048797607422,30594000.0
2021-11-23,GOOGL,145.05700179836143,145.5602035724951,143.03429028793806,144.68878173828125,27218000.0
2021-11-24,GOOGL,144.38256427836453,145.1527458877794,143.29032269361113,145.0242156982422,18040000.0
2021-11-26,GOOGL,143.26600240488204,143.47343471608676,140.7787985817031,141.1167449951172,30470000.0
2021-11-29,GOOGL,142.92012308902753,145.20039440867032,142.8144154479387,144.43914794921875,32596000.0
2021-11-30,GOOGL,143.92106736043897,144.90513286079363,140.53961906199348,140.83340454101562,42068000.0
2021-12-01,GOOGL,142.9201188972118,144.8559922423106,139.85527889177976,139.9937286376953,34020000.0
2021-12-02,GOOGL,140.1907403286436,142.78563565182435,139.1629985850342,141.8938751220703,29194000.0
2021-12-03,GOOGL,142.603540088609,143.31714251294005,139.24888176478848,140.93663024902344,41230000.0
2021-12-06,GOOGL,141.96782338203911,142.77373060812116,139.09899659163847,142.0814666748047,30618000.0
2021-12-07,GOOGL,144.5046873644642,146.42469000799423,144.13845117635495,146.16514587402344,32240000.0
2021-12-08,GOOGL,146.48966913877248,147.28020490132727,145.30810591665517,147.0752410888672,24270000.0
2021-12-09,GOOGL,146.48419715632372,147.9818836126796,146.0117688087392,146.53134155273438,23270000.0
2021-12-10,GOOGL,147.58489560327317,147.86031099599933,145.60386142739566,146.89163208007812,24458000.0
2021-12-13,GOOGL,146.67325115189786,146.86034457967102,144.426236973576,144.73292541503906,27070000.0
2021-12-14,GOOGL,142.88838224618928,143.3965362015146,140.15602113354242,142.8278350830078,38446000.0
2021-12-15,GOOGL,142.33357371721698,145.6207335434512,140.61555168516296,145.34283447265625,36370000.0
2021-12-16,GOOGL,146.0668568032806,146.56955875627122,142.53007278515918,143.36180114746094,33650000.0
2021-12-17,GOOGL,141.43138309383306,142.75587874027252,140.24038500191537,140.66220092773438,50416000.0
2021-12-20,GOOGL,138.95013079239632,140.7113292733153,138.27622180996892,140.54507446289062,27192000.0
2021-12-21,GOOGL,140.9882260878411,142.79011743592406,139.4488622569165,142.39659118652344,28756000.0
2021-12-22,GOOGL,141.9946312572679,145.4013858438992,141.9946312572679,145.3170166015625,26322000.0
2021-12-23,GOOGL,145.40137781045914,147.1318028392247,145.35373364931638,145.81475830078125,26384000.0
2021-12-27,GOOGL,146.1516982622642,147.2315366159607,146.0658448812409,146.7973175048828,15976000.0
2021-12-28,GOOGL,147.12435498406532,147.18688605386762,144.95922615738593,145.58697509765625,18200000.0
2021-12-29,GOOGL,145.54480223641073,146.31151586245565,144.5552847534047,145.5552215576172,17788000.0
2021-12-30,GOOGL,145.59392492050907,146.19538324277852,144.89967709451196,145.1041259765625,15688000.0
2021-12-31,GOOGL,144.9547612243931,145.59839661195713,143.7657470703125,143.7657470703125,18136000.0
2022-01-03,GOOGL,143.96722101651818,144.75725699875156,142.6352894390565,143.90420532226562,28646000.0
2022-01-04,GOOGL,144.30566816404834,145.38650621065128,142.6387735560891,143.316650390625,28400000.0
2022-01-05,GOOGL,143.33697877967597,143.41588090539815,136.65546802283728,136.74180603027344,54618000.0
2022-01-06,GOOGL,135.97114712472833,138.89058651246134,135.5344442800259,136.7145233154297,37348000.0
2022-01-07,GOOGL,137.10951820455404,137.41025492629657,134.74836087315734,135.98948669433594,29760000.0
2022-01-10,GOOGL,134.06504915322984,137.7784923866588,132.1659006036538,137.62960815429688,44408000.0
2022-01-11,GOOGL,136.9720874131419,139.1645217290707,135.66744595665384,138.6881103515625,28730000.0
2022-01-12,GOOGL,140.09148951411504,141.53856351346735,139.63941518856805,140.36988830566406,26108000.0
2022-01-13,GOOGL,140.47857244926956,141.77876136551572,137.37105536435357,137.5477294921875,31436000.0
2022-01-14,GOOGL,136.05104407819525,139.68658493826246,135.97115755847778,138.43453979492188,29662000.0
2022-01-18,GOOGL,135.15382402606036,136.10314842718847,134.42285105215512,134.9781494140625,34872000.0
2022-01-19,GOOGL,135.49971818596012,136.924954324365,134.00303093607937,134.103271484375,28648000.0
2022-01-20,GOOGL,135.2282544434575,136.59394277770195,131.96738542394968,132.3078155517578,29908000.0
2022-01-21,GOOGL,131.59918447816986,133.85413470989914,129.11098076605415,129.37399291992188,55652000.0
2022-01-24,GOOGL,125.03327622017262,130.21909952147814,123.56636302838504,129.82308959960938,76622000.0
2022-01-25,GOOGL,127.77458065092937,128.42863539946603,125.55187278454918,125.9831085205078,46960000.0
2022-01-26,GOOGL,130.13574398925348,132.0026351291837,126.1885624812348,128.26388549804688,49130000.0
2022-01-27,GOOGL,130.3193534803954,131.65773660980562,127.9656316406239,128.03759765625,31950000.0
2022-01-28,GOOGL,128.68666808776362,132.35644978053813,127.52147605384,132.35098266601562,34362000.0
2022-01-31,GOOGL,133.15592938853976,134.45710287849602,131.2180716800117,134.2888641357422,39986000.0
2022-02-01,GOOGL,136.56268808721643,136.7597011273852,133.36088165017736,136.61181640625,68644000.0
2022-02-02,GOOGL,150.11578031488366,150.41005044814193,144.43123734697568,146.89015197753906,123200000.0
2022-02-03,GOOGL,144.61286316505112,148.55259367465578,141.5956515737135,142.0169677734375,71518000.0
2022-02-04,GOOGL,142.3688132081946,143.78858213047806,139.4612771720624,142.21844482421875,57998000.0
2022-02-07,GOOGL,143.1682685356502,143.1682685356502,137.85838215439898,138.15713500976562,54974000.0
2022-02-08,GOOGL,137.98393352600814,138.95012868811895,135.98652845498887,138.3536376953125,54284000.0
2022-02-09,GOOGL,139.90638557598996,141.45568390747968,139.13570423260293,140.53016662597656,40144000.0
2022-02-10,GOOGL,138.6558762627554,140.42351129626465,136.92246749211452,137.5804901123047,39330000.0
2022-02-11,GOOGL,137.56065622822797,138.1129712080033,132.39963847863444,133.27552795410156,39958000.0
2022-02-14,GOOGL,132.25720762086638,135.27788715232825,132.25720762086638,134.5096893310547,34302000.0
2022-02-15,GOOGL,136.53886766966465,137.07284283056677,134.80299027969542,135.58409118652344,26680000.0
2022-02-16,GOOGL,135.62178690030257,137.05049099274288,133.9122003011313,136.70510864257812,25022000.0
2022-02-17,GOOGL,135.22130816652052,136.08527894268366,131.48504232159402,131.5450897216797,38950000.0
2022-02-18,GOOGL,132.46612837230094,133.06461847926178,129.2201611900481,129.42510986328125,45620000.0
2022-02-22,GOOGL,128.86433355708314,131.18926578040976,127.2619388627428,128.84002685546875,44990000.0
2022-02-23,GOOGL,130.66126157793636,131.0607395809099,126.57116292849084,126.63121032714844,32786000.0
2022-02-24,GOOGL,124.01645216954688,132.00261130443673,124.01645216954688,131.6959228515625,54456000.0
2022-02-25,GOOGL,132.55049129326056,134.25709440677767,130.76348675698117,133.45118713378906,36406000.0
2022-02-28,GOOGL,132.05225159221422,134.73348521833475,131.5981781769132,134.04420471191406,38864000.0
2022-03-01,GOOGL,133.8670269115429,135.23369956009327,132.21948692768655,133.05615234375,26496000.0
2022-03-02,GOOGL,133.6184269882909,134.24815989047295,132.07359595195584,133.56234741210938,23520000.0
2022-03-03,GOOGL,134.99003246039214,135.41631592852903,132.02791664044642,132.89537048339844,24604000.0
2022-03-04,GOOGL,131.93066729654552,132.84773411932804,129.36007848583986,130.9173126220703,30430000.0
2022-03-07,GOOGL,130.50196658252938,130.7471083714347,125.34790098196343,125.43077850341795,45112000.0
2022-03-08,GOOGL,125.30324479087164,130.26574953506457,124.73206001019544,126.15133666992188,40428000.0
2022-03-09,GOOGL,130.26573904313827,132.73260407205578,128.92635657630487,132.41946411132812,37026000.0
2022-03-10,GOOGL,130.28164376257828,132.27259751382948,129.9307942927176,131.43641662597656,27102000.0
2022-03-11,GOOGL,132.48747149297876,132.79217610039157,128.65940026907458,128.8966064453125,31526000.0
2022-03-14,GOOGL,129.27325019146025,129.43105445194786,124.33555942411138,125.00648498535156,38812000.0
2022-03-15,GOOGL,126.02378891344858,128.8807121292498,124.77770327867375,128.2291259765625,30920000.0
2022-03-16,GOOGL,129.75262441968042,132.33311772405185,127.76910672795162,132.28102111816406,35576000.0
2022-03-17,GOOGL,132.15051431173177,133.07503224064973,131.19373888959393,132.83534240722656,28264000.0
2022-03-18,GOOGL,132.42392655212842,135.22228639905342,131.26667022049563,135.10467529296875,44566000.0
2022-03-21,GOOGL,135.1424031283874,136.02226032262783,133.0869344773446,135.08087158203125,26832000.0
2022-03-22,GOOGL,135.08087260988333,139.99226524903366,135.08087260988333,138.81912231445312,35496000.0
2022-03-23,GOOGL,137.66237103767637,138.5417285094916,136.80138367889504,137.2385711669922,25154000.0
2022-03-24,GOOGL,138.1561240851599,140.5569900941861,136.7175005538764,140.51034545898438,26396000.0
2022-03-25,GOOGL,140.8517544009212,140.9698652761117,138.68959391227574,140.61058044433594,24126000.0
2022-03-28,GOOGL,139.84388368780657,140.9376247499745,138.76304562317353,140.3947296142578,35050000.0
2022-03-29,GOOGL,141.57777718767315,142.71517932919343,140.97333542328835,141.43682861328125,34318000.0
2022-03-30,GOOGL,141.39168860096095,141.6502331537412,140.53813719870882,140.8740997314453,19884000.0
2022-03-31,GOOGL,140.98774376810368,141.0423392002614,137.9819661266326,138.02464294433594,37524000.0
2022-04-01,GOOGL,138.453883236437,139.4175947580096,137.2703210012843,139.09950256347656,25942000.0
2022-04-04,GOOGL,139.305971501773,142.63432431956434,139.25832732948422,141.8993682861328,25942000.0
2022-04-05,GOOGL,141.79761431614833,141.91819372538492,139.32976482705615,139.5366973876953,21418000.0
2022-04-06,GOOGL,137.70948469684797,138.31541054878005,134.50072794464424,135.5240020751953,32468000.0
2022-04-07,GOOGL,134.9900557399391,136.13590856530524,133.22092149350598,134.86947631835938,26234000.0
2022-04-08,GOOGL,134.56673589726554,134.65258928092018,131.96837241273985,132.2879638671875,25142000.0
2022-04-11,GOOGL,130.83493193049026,131.10191186146784,127.70359309059508,127.85742950439452,36884000.0
2022-04-12,GOOGL,130.61313547778892,130.61313547778892,125.83820864259684,126.75676727294922,32710000.0
2022-04-13,GOOGL,127.04012777095204,129.3566247373108,126.78306734700756,128.919921875,27928000.0
2022-04-14,GOOGL,129.5010341712906,129.5010341712906,125.65160981411958,125.77964782714844,31598000.0
2022-04-18,GOOGL,126.04762980933042,127.25103124090629,125.23576318572876,126.71905517578124,20808000.0
2022-04-19,GOOGL,126.73394682499422,129.355633163312,126.04713475929697,129.03407287597656,26490000.0
2022-04-20,GOOGL,129.91042868655606,130.41363040865102,126.54386726306718,127.0798110961914,31696000.0
2022-04-21,GOOGL,128.2807486036101,129.12288118231135,123.59266724701,123.87850952148438,36446000.0
2022-04-22,GOOGL,124.06262339881272,124.46160921970548,118.03318293050306,118.73834991455078,56884000.0
2022-04-25,GOOGL,118.2078486951762,122.35302716632054,117.62227679355271,122.15105438232422,46128000.0
2022-04-26,GOOGL,121.37740906871235,121.59129290122092,117.62228107667312,117.76023864746094,73054000.0
2022-04-27,GOOGL,113.61108393889344,116.36279188370548,111.89108568755888,113.4374008178711,91820000.0
2022-04-28,GOOGL,115.54199599993348,118.75223733155552,113.2592408453906,117.6336898803711,48884000.0
2022-04-29,GOOGL,115.85909136700216,117.0357022536662,112.96099060726236,113.25377655029295,42676000.0
2022-05-02,GOOGL,112.55456335153876,115.87001248679226,111.75559982416154,115.70873260498048,35534000.0
2022-05-03,GOOGL,115.55738873809956,117.55380967126412,115.16436220268554,116.45411682128906,24968000.0
2022-05-04,GOOGL,116.15387837554545,121.93320955294836,114.25273835602404,121.34416198730467,49916000.0
2022-05-05,GOOGL,119.30258703193356,120.13132441982566,114.14306924777586,115.63182067871094,45840000.0
2022-05-06,GOOGL,114.32072750015296,116.68982830154226,113.16049515980836,114.87850952148438,39710000.0
2022-05-09,GOOGL,112.40073109237773,114.21403375682236,111.16060468534064,111.66727447509766,40802000.0
2022-05-10,GOOGL,114.64129249603656,115.37822468562553,112.05384051914056,113.5371322631836,39900000.0
2022-05-11,GOOGL,112.38733478952014,115.49187605345284,112.38733478952014,112.7505874633789,37534000.0
2022-05-12,GOOGL,110.54227785783269,113.43789516198557,109.00092247698522,111.9977798461914,53836000.0
2022-05-13,GOOGL,113.67410719481576,116.99104817996168,112.75307250236035,115.18022918701172,35038000.0
2022-05-16,GOOGL,114.09344655582711,115.29883944533805,113.03544618325748,113.58677673339844,25990000.0
2022-05-17,GOOGL,115.96430800340062,116.02336344596291,114.00858771379085,115.5995635986328,23054000.0
2022-05-18,GOOGL,114.13759944080856,114.53460130112576,110.71892645653855,111.0603485107422,35126000.0
2022-05-19,GOOGL,110.59587399910444,112.16253561354502,109.17510560363476,109.55622863769533,34144000.0
2022-05-20,GOOGL,111.11145738973212,111.342219588695,105.00311572660544,108.09127807617188,48962000.0
2022-05-23,GOOGL,108.76570147382164,111.3065015318097,107.92554522357143,110.65194702148438,37184000.0
2022-05-24,GOOGL,104.97881024305308,105.66016266842033,101.12045838122783,105.17532348632812,76780000.0
2022-05-25,GOOGL,104.19820028544912,105.70134635864694,103.0776689447451,105.01155853271484,40258000.0
2022-05-26,GOOGL,104.88451675621047,107.8347216654048,104.4359029084361,106.9841537475586,37948000.0
2022-05-27,GOOGL,108.66198784959496,111.4757272544518,108.32006598746688,111.47423553466795,37914000.0
2022-05-31,GOOGL,111.9010021867458,114.86709364566386,111.2380123045194,112.9088897705078,50012000.0
2022-06-01,GOOGL,113.99370154703936,116.22335308466774,112.40073416812857,113.03791809082033,36606000.0
2022-06-02,GOOGL,113.1451007120963,117.01535590801268,112.0995036968005,116.7404327392578,37992000.0
2022-06-03,GOOGL,115.19213472594434,115.4491951222644,112.66721372995826,113.68204498291016,26136000.0
2022-06-06,GOOGL,115.82933823689108,118.45202410472795,115.29289456409867,115.94447326660156,33542000.0
2022-06-07,GOOGL,114.61451316562906,116.8084392723452,114.18922914451456,116.27099609375,31590000.0
2022-06-08,GOOGL,115.8859032493853,117.6813432560986,115.7256153068181,116.3151626586914,26108000.0
2022-06-09,GOOGL,115.45515824119836,117.41187812168783,113.9152945311241,113.97434997558594,25798000.0
2022-06-10,GOOGL,111.6017563504371,112.42950168530383,109.5383447471123,110.327880859375,41452000.0
2022-06-13,GOOGL,105.98570813873415,107.97566993786648,105.3232179549584,105.59466552734376,47252000.0
2022-06-14,GOOGL,105.73609475699467,107.1151707392392,105.00660593631495,105.9152374267578,33706000.0
2022-06-15,GOOGL,107.73100798954948,110.58792369792694,106.86207751338269,108.94136810302734,39698000.0
2022-06-16,GOOGL,106.41694479005932,107.83373777282831,104.34956513406652,105.23834991455078,51684000.0
2022-06-17,GOOGL,105.23835774506158,107.88436583223476,104.25825995731331,106.34003448486328,51376000.0
2022-06-21,GOOGL,108.11263143059072,111.64594004037724,107.78560405644993,110.70752716064452,47416000.0
2022-06-22,GOOGL,109.72743298190343,112.49650392931514,109.55473424500164,110.65145111083984,30774000.0
2022-06-23,GOOGL,111.38987212109171,111.8970416953208,109.67185771563076,111.4002914428711,28362000.0
2022-06-24,GOOGL,112.14765087738256,117.19352549247178,112.10546625400416,117.09030151367188,41164000.0
2022-06-27,GOOGL,117.38606391266642,117.69026114363896,114.31575650129828,114.96485900878906,36420000.0
2022-06-28,GOOGL,114.93408839680072,116.42979107455284,111.0092451116475,111.16754913330078,35792000.0
2022-06-29,GOOGL,110.71546893086192,112.31190436109492,110.04106016755956,110.86384582519533,24716000.0
2022-06-30,GOOGL,109.17510001051674,110.05644130249397,105.94947205566056,108.1458740234375,43170000.0
2022-07-01,GOOGL,107.12360200109671,108.43072706417608,105.93012023346462,107.9220733642578,35476000.0
2022-07-05,GOOGL,106.29734968195304,112.52677878685982,104.93861261421624,112.41363525390624,39342000.0
2022-07-06,GOOGL,112.45234903571333,114.72269353445353,110.6400382310177,113.71282196044922,37432000.0
2022-07-07,GOOGL,114.21700853285824,118.2956881859461,113.97235893217574,117.8922348022461,40936000.0
2022-07-08,GOOGL,116.37073191522164,118.78746921249528,116.02484225798968,118.45845794677734,38238000.0
2022-07-11,GOOGL,117.11312990957636,117.11312990957636,114.4656302547842,114.8090362548828,31196000.0
2022-07-12,GOOGL,115.34349827319495,116.09680918580032,112.83743934520427,113.16545867919922,29960000.0
2022-07-13,GOOGL,110.86333799664992,113.33963043551984,110.36758731712142,110.51844787597656,43722000.0
2022-07-14,GOOGL,109.3840355997886,110.25991744168836,107.5603134722688,109.53985595703124,37004000.0
2022-07-15,GOOGL,111.16061252157375,112.29206306351028,110.06836316457388,110.93927764892578,46770000.0
2022-07-18,GOOGL,111.7953006779903,112.8275025218004,107.5573251702464,108.21237182617188,43164600.0
2022-07-19,GOOGL,110.01873331526212,113.16495963876076,108.73840612847393,112.95653533935548,36530900.0
2022-07-20,GOOGL,112.32133126160736,114.5346117230483,111.63651075173104,113.04586029052734,35600400.0
2022-07-21,GOOGL,113.4230039425963,113.6909834314568,110.2767778430608,113.48255157470705,32676200.0
2022-07-22,GOOGL,110.16761001759993,111.49755771109314,105.70135555742696,107.09085845947266,48901200.0
2022-07-25,GOOGL,107.5970258197846,109.04607621995324,105.50284832248128,106.70377349853516,34690900.0
2022-07-26,GOOGL,105.80059805632132,106.39609710232088,103.2895719046994,104.2324447631836,47991000.0
2022-07-27,GOOGL,108.44065902823432,113.05579009257278,107.20003280514234,112.212158203125,59858500.0
2022-07-28,GOOGL,111.5273315315114,113.4825519907323,110.62415205622167,113.36345672607422,32816600.0
2022-07-29,GOOGL,112.23200722978598,115.83478288766383,112.21215297072064,115.4477081298828,37223400.0
2022-08-01,GOOGL,114.4353600580981,115.84470955891426,113.48255250344202,113.9986572265625,26034300.0
2022-08-02,GOOGL,113.14511628283007,115.47749216545203,112.86721720877222,114.26663970947266,20236000.0
2022-08-03,GOOGL,114.84228896413124,117.73047048772344,114.61401797621708,117.19451904296876,28499000.0
2022-08-04,GOOGL,116.5990208769786,117.88926763439125,116.01344134911656,117.30369567871094,21602900.0
2022-08-05,GOOGL,115.3583742777627,117.22427310368766,115.13009575614204,116.58907318115234,19159500.0
2022-08-08,GOOGL,117.50219448024508,119.24899838566922,116.00351582840236,116.42037200927734,19138300.0
2022-08-09,GOOGL,116.2615639715928,116.44021445054224,114.84228726998916,115.75538635253906,19086500.0
2022-08-10,GOOGL,117.88926147915558,120.01321290367328,117.5220409743198,118.80236053466795,30930400.0
2022-08-11,GOOGL,120.37051145245026,120.57893573886966,117.67090771413612,117.94880676269533,24293700.0
2022-08-12,GOOGL,119.35816000390892,120.76750946044922,118.56415625736685,120.76750946044922,19096300.0
2022-08-15,GOOGL,120.22163979863927,121.38287168867272,119.70554262587667,121.16452026367188,19494800.0
2022-08-16,GOOGL,120.60871067326374,121.511890161635,119.73531257366948,120.78736114501952,19041200.0
2022-08-17,GOOGL,119.21920571560992,120.38042990143228,118.48474962917167,118.65348052978516,22847000.0
2022-08-18,GOOGL,118.53439597699447,119.91397177569962,117.8297211682602,119.2688446044922,17987700.0
2022-08-19,GOOGL,118.16714923508972,118.2564782494692,115.88440181456612,116.33102416992188,21809500.0
2022-08-22,GOOGL,114.33610073730644,114.76287642751537,112.99622603573272,113.38330078125,21456600.0
2022-08-23,GOOGL,112.62900929255083,114.14753450962372,112.57938121699137,113.00615692138672,15870400.0
2022-08-24,GOOGL,112.6488552620206,113.91925523756754,112.02358240373204,112.83743286132812,17734600.0
2022-08-25,GOOGL,113.38330709839336,115.84471280114528,113.2542847000928,115.77523803710938,16956800.0
2022-08-26,GOOGL,113.85970932808004,114.25671121949163,109.36368127038315,109.5125503540039,37245700.0
2022-08-29,GOOGL,109.16518204997358,110.1179820941564,107.98411101792682,108.59945678710938,21191200.0
2022-08-30,GOOGL,109.34384184760368,109.67136902037288,106.99161914105568,108.1230697631836,27513300.0
2022-08-31,GOOGL,109.82023252604236,110.01872968878592,107.31912587125797,107.40845489501952,28627000.0
2022-09-01,GOOGL,107.46801025771003,109.62173567430116,106.5549111279362,108.91706085205078,28360900.0
2022-09-02,GOOGL,109.7606798148013,109.90955647633426,106.45565730411391,107.04122924804688,24160700.0
2022-09-06,GOOGL,106.49535649820784,107.21987796172488,104.98675079205104,106.00902557373048,25068300.0
2022-09-07,GOOGL,106.25713507818315,109.15524321958736,106.0983388849472,108.62921142578124,23167000.0
2022-09-08,GOOGL,107.22980641541218,108.77810551573629,106.35640828203118,107.56725311279295,24238300.0
2022-09-09,GOOGL,108.25207530196376,110.15767525562512,108.20244722697193,109.82022857666016,23197700.0
2022-09-12,GOOGL,110.15767076513058,110.7829511669418,109.10562225338327,110.02864837646484,22966800.0
2022-09-13,GOOGL,106.991603410664,107.48785387625672,103.30941829244654,103.5376968383789,38172900.0
2022-09-14,GOOGL,103.78581739454695,104.49049211527398,102.88264552539968,104.21259307861328,26395100.0
2022-09-15,GOOGL,103.24986363822816,104.48056258899445,101.58246188434002,102.13826751708984,34188300.0
2022-09-16,GOOGL,101.30456950094974,102.35661806239246,100.18304617737743,102.0290985107422,42797200.0
2022-09-19,GOOGL,100.98697993521787,102.55513338200242,100.78848275782978,102.29708099365234,23036800.0
2022-09-20,GOOGL,101.31449934165514,101.60232552737466,99.76619270219214,100.3815460205078,26517100.0
2022-09-21,GOOGL,100.90756858013354,102.10849380682068,98.52556481376558,98.53549194335938,31487300.0
2022-09-22,GOOGL,98.0789447485582,100.48079525894666,98.0491709312513,99.38904571533205,34298600.0
2022-09-23,GOOGL,98.88286748104298,98.9126488703435,96.73906935446828,97.99954223632812,31625400.0
2022-09-26,GOOGL,97.3643478638111,99.1309984554555,97.06660210321118,97.43382263183594,27072700.0
2022-09-27,GOOGL,98.6843639996458,99.25008920522836,96.14356413908985,96.76883697509766,30072800.0
2022-09-28,GOOGL,96.91772447156976,99.94484798785372,96.38177302120953,99.29972839355467,32466300.0
2022-09-29,GOOGL,97.90029792581367,97.90029792581367,95.24039494587193,96.68944549560548,31047200.0
2022-09-30,GOOGL,96.32221919924832,98.15834442273268,94.84338734754718,94.9327163696289,32941500.0
2022-10-03,GOOGL,96.0343924144823,98.5454185638728,95.7961867385492,97.9002914428711,27982000.0
2022-10-04,GOOGL,99.68679428970091,101.07628951245434,99.62723908573932,100.87779235839844,28850800.0
2022-10-05,GOOGL,99.0813650298318,101.16561537101283,98.05909033124463,100.66936492919922,22176900.0
2022-10-06,GOOGL,99.92499811757948,102.15812530354548,99.83566909260648,100.6594467163086,22324000.0
2022-10-07,GOOGL,99.10122683508853,99.77612784180832,97.5628547740736,97.94000244140624,27502800.0
2022-10-10,GOOGL,98.2575948961487,98.35684347756712,96.28252010885105,97.12614440917967,18225100.0
2022-10-11,GOOGL,96.69936577168872,98.50571715876576,95.5877620057255,96.45124053955078,26507100.0
2022-10-12,GOOGL,96.5703472290624,98.00947060399533,96.01454153781964,96.8283920288086,21876400.0
2022-10-13,GOOGL,94.43645668554218,99.03173286068407,93.67222679633758,98.31713104248048,34574500.0
2022-10-14,GOOGL,99.24017037079604,99.93492559661024,95.6473216874648,95.8358917236328,25410700.0
2022-10-17,GOOGL,98.11864498975568,100.1731216631464,98.08887117266298,99.22032165527344,28419200.0
2022-10-18,GOOGL,102.35663109902744,102.69408539533752,99.2203317020616,100.01432800292967,24060700.0
2022-10-19,GOOGL,99.2600211090797,100.26244160630186,98.17819114716924,98.88286590576172,23811100.0
2022-10-20,GOOGL,99.25009547236613,101.55269738443776,98.64466928421018,99.22032165527344,25323200.0
2022-10-21,GOOGL,97.1162108324488,100.55026301239435,96.98718844238796,100.37161254882812,32458700.0
2022-10-24,GOOGL,101.03659588940504,101.97946872710928,99.2302445321138,101.75119018554688,27176400.0
2022-10-25,GOOGL,102.12834936574455,104.03394937421808,101.94969889168884,103.69650268554688,40611400.0
2022-10-26,GOOGL,95.70686820538242,97.57276729062484,93.97991864924414,94.2181167602539,88114100.0
2022-10-27,GOOGL,93.81119011334766,94.71436964764622,91.1115937849124,91.5284423828125,60710900.0
2022-10-28,GOOGL,91.57806614303196,95.82597688593536,91.4391166054612,95.56792449951172,43697300.0
2022-10-31,GOOGL,94.70443378065085,95.30985993363518,93.2752376379598,93.80126190185548,31675000.0
2022-11-01,GOOGL,94.7342155851969,95.30986797136448,89.692316357766,89.79156494140625,47161400.0
2022-11-02,GOOGL,90.25804009758636,90.49623820875752,86.22848103429116,86.31781005859375,57038300.0
2022-11-03,GOOGL,85.67267885094222,85.87117600546605,82.71502278657815,82.80435180664062,61288000.0
2022-11-04,GOOGL,84.75958132144375,85.99028036002329,83.08225231902676,85.93073272705078,51124900.0
2022-11-07,GOOGL,86.62548312568902,88.23333741705386,86.19870740729978,87.82640838623047,34078900.0
2022-11-08,GOOGL,88.23332977294922,89.64267920564933,86.9331484706756,88.23332977294922,30429000.0
2022-11-09,GOOGL,87.78669965811274,88.769280979615,86.62547544780726,86.66517639160156,31769100.0
2022-11-10,GOOGL,91.55821325740864,93.68216469901468,90.92301325088243,93.23554229736328,51620100.0
2022-11-11,GOOGL,93.97992401150628,96.20312417620435,93.21569398564696,95.68702697753906,33090500.0
2022-11-14,GOOGL,94.37690418520388,96.06416020914902,93.8012594349028,94.98233032226562,30179500.0
2022-11-15,GOOGL,97.52313939319664,99.38903833699794,95.98475998763868,97.70178985595705,41640800.0
2022-11-16,GOOGL,97.16583842815656,98.89278785268417,96.90778607712296,98.10871124267578,29105200.0
2022-11-17,GOOGL,96.24282260056737,98.5354974736292,96.06417211875852,97.62239837646484,26052600.0
2022-11-18,GOOGL,98.02931128973258,98.15834125388724,95.64731516977584,96.6993637084961,28342300.0
2022-11-21,GOOGL,96.56041614884042,97.66209278418218,94.64488905580473,94.88308715820312,21647400.0
2022-11-22,GOOGL,95.23045520724948,96.49093554938902,93.34470961675402,96.32221221923828,23438500.0
2022-11-23,GOOGL,96.3619125281782,98.01939485108537,96.3619125281782,97.72164154052734,18868100.0
2022-11-25,GOOGL,97.5032907612572,97.90029265387534,96.66959360172228,96.72914123535156,9701400.0
2022-11-28,GOOGL,96.3123087825622,96.84826029151168,94.89303189002446,95.3297348022461,26237500.0
2022-11-29,GOOGL,95.01212485400968,95.39919964146274,93.40427049461734,94.4761734008789,20061700.0
2022-11-30,GOOGL,94.10893714279987,100.28229409060886,93.71193525947234,100.232666015625,43647500.0
2022-12-01,GOOGL,100.26243983174288,101.48321929784336,99.49821745338676,100.232666015625,28687100.0
2022-12-02,GOOGL,98.30722990126468,100.01432530964262,98.1583532325541,99.68680572509766,21480700.0
2022-12-05,GOOGL,98.65458401715505,100.61973142014833,98.25758217071603,98.7339859008789,24405100.0
2022-12-06,GOOGL,98.55534069801136,99.0317368813684,95.69693330914572,96.25273895263672,24910700.0
2022-12-07,GOOGL,95.6870279579022,96.15349708147154,94.00969879373666,94.2280502319336,31045400.0
2022-12-08,GOOGL,94.66473795397768,94.8632426874311,92.749210816195,93.00726318359376,32213300.0
2022-12-09,GOOGL,93.0668111039124,93.55314202323372,92.05446346281964,92.13386535644533,28225400.0
2022-12-12,GOOGL,92.01475338165665,92.85837759418384,90.92300395531667,92.6102523803711,29420000.0
2022-12-13,GOOGL,97.02688879023071,98.78361202768082,94.31735803816476,94.91285705566406,40593700.0
2022-12-14,GOOGL,94.48609332844649,96.14357577360636,92.89809322343211,94.35707092285156,28733600.0
2022-12-15,GOOGL,92.43160841135212,92.93778600326952,89.33501037181313,90.17863464355467,40107000.0
2022-12-16,GOOGL,90.07938798524049,90.64511322161134,88.84868136014701,89.58313751220703,58011800.0
2022-12-19,GOOGL,89.58313045138497,89.88087616842834,87.54850064344215,87.77677917480469,29493000.0
2022-12-20,GOOGL,87.44925276224407,88.51122839633814,86.78427899285954,88.35242462158203,23453800.0
2022-12-21,GOOGL,88.41199077267231,89.54344130530257,87.65768789352492,88.90824127197266,24745600.0
2022-12-22,GOOGL,87.49889248151766,87.87604013849288,85.67268668964738,87.10189056396484,27658300.0
2022-12-23,GOOGL,86.45675502144779,88.8784596690233,86.41705407631922,88.56085968017578,23003000.0
2022-12-27,GOOGL,88.13407950720169,88.27302902200118,86.35750205691602,86.73464965820312,20097300.0
2022-12-28,GOOGL,86.3277389438716,87.37978756410344,85.29553701156534,85.37493133544922,19523200.0
2022-12-29,GOOGL,85.97044152530074,88.18371457098455,85.96051439483823,87.78671264648438,23333500.0
2022-12-30,GOOGL,86.32774074812349,87.63784177185843,85.92081170141935,87.56836700439453,23986300.0
2023-01-03,GOOGL,88.91815210738409,90.36721008671272,87.85617644594524,88.4516830444336,28131200.0
2023-01-04,GOOGL,89.67246086306939,89.97021418207204,86.61555606707714,87.41948699951172,34854800.0
2023-01-05,GOOGL,86.81406171973046,86.9133103030513,85.25583548783042,85.55358123779297,27194400.0
2023-01-06,GOOGL,86.13915710492884,87.03240946135887,84.2236299964327,86.68502807617188,41381500.0
2023-01-09,GOOGL,87.69738621274176,89.37471527318449,87.20113572832027,87.35993194580078,29003900.0
2023-01-10,GOOGL,85.3352230319229,88.00504506350373,85.18634639588852,87.75691986083984,30467800.0
2023-01-11,GOOGL,88.51123072369855,90.91308108868463,88.34250738771924,90.83367919921876,26862000.0
2023-01-12,GOOGL,90.79399854850716,91.1810733486632,89.07696841608055,90.44661712646484,30258100.0
2023-01-13,GOOGL,90.16871112383096,91.49866635399356,89.4541092177354,91.42919158935548,26329200.0
2023-01-17,GOOGL,91.36963776683696,91.5582153760755,89.37471624963791,90.60541534423828,32602400.0
2023-01-18,GOOGL,91.449031228945,92.10408544977494,89.96027989671057,90.43668365478516,29116700.0
2023-01-19,GOOGL,90.03968954197848,92.90801675008116,89.95036051681471,92.35221862792967,37000400.0
2023-01-20,GOOGL,94.38683418356588,97.56284161050858,94.3074322941516,97.2849349975586,63191100.0
2023-01-23,GOOGL,97.2154660481496,99.2897969930446,96.76884364481532,99.04167175292967,40005100.0
2023-01-24,GOOGL,97.36434045143623,98.86301898722768,96.4710880932764,96.96733856201172,33078500.0
2023-01-25,GOOGL,94.85330946494906,95.4388889257961,93.05688528262908,94.50593566894533,42330000.0
2023-01-26,GOOGL,95.77632593006132,96.83830146909294,94.66472232281568,96.7886734008789,30114000.0
2023-01-27,GOOGL,96.58025989693051,99.56768971813064,96.58025989693051,98.62481689453124,33879800.0
2023-01-30,GOOGL,96.74900229918671,97.55292569844816,95.67709938538358,96.21305084228516,27226200.0
2023-01-31,GOOGL,96.14357246377932,98.1384939775665,96.09394438600728,98.09879302978516,29870700.0
2023-02-01,GOOGL,97.96976938145956,100.43117510729805,96.84824601659454,99.67687225341795,35531100.0
2023-02-02,GOOGL,105.00659089150652,107.04121305064062,104.81801331062144,106.93203735351562,69883800.0
2023-02-03,GOOGL,102.15812220922524,107.001524077653,101.81074839414418,103.99424743652344,65309300.0
2023-02-06,GOOGL,101.6320988290303,103.57739978303069,101.11599409443308,102.12834930419922,31999600.0
2023-02-07,GOOGL,102.44594211421888,107.36874557367616,102.3466935405881,106.83279418945312,49010200.0
2023-02-08,GOOGL,101.2847196022862,102.36654194573852,97.30478888374736,98.62481689453124,94743500.0
2023-02-09,GOOGL,99.25009341009356,99.2798672265676,92.92785973388536,94.29751586914062,119455000.0
2023-02-10,GOOGL,94.73420738768355,96.02446157990344,93.54320934269664,93.86080932617188,54980700.0
2023-02-13,GOOGL,94.02952744911616,94.48607692679492,93.13627517879664,93.90050506591795,50076100.0
2023-02-14,GOOGL,93.72186834498302,94.1387169414864,91.56814302420062,93.9699935913086,54726100.0
2023-02-15,GOOGL,93.78141881159203,96.391701327919,93.44397210105132,96.21305084228516,50169000.0
2023-02-16,GOOGL,94.65481268808418,96.94748732289182,94.02953228064146,94.79376220703124,42462600.0
2023-02-17,GOOGL,94.13869882242984,94.8433734777026,92.5109981255953,93.64244842529295,34284100.0
2023-02-21,GOOGL,92.3025791741885,92.40182774488592,91.03217929602812,91.10165405273438,33629300.0
2023-02-22,GOOGL,91.0123356539718,91.41926468512888,89.93051323448256,90.96271514892578,30884000.0
2023-02-23,GOOGL,91.2306869535742,91.2505412133106,89.08688880510833,90.20841217041016,41206400.0
2023-02-24,GOOGL,88.76929699297735,89.21591943991449,87.91574547787702,88.46161651611328,36585100.0
2023-02-27,GOOGL,89.1960678100586,89.48389400941119,88.67003591816348,89.1960678100586,27502300.0
2023-02-28,GOOGL,88.66011444958845,90.54586782791486,88.65018731956766,89.38463592529297,30142000.0
2023-03-01,GOOGL,89.30524066283623,90.34736213861636,88.99756021287892,89.68238830566406,31111200.0
2023-03-02,GOOGL,88.98764047944798,91.58798817098749,88.91815814235167,91.31008911132812,32204400.0
2023-03-03,GOOGL,91.78649146163596,93.0271176528378,91.75671007241478,92.94771575927734,35160100.0
2023-03-06,GOOGL,93.31493408001565,95.25031543626798,93.29508739318103,94.41661071777344,32639300.0
2023-03-07,GOOGL,94.2677392987866,94.95255977422713,92.8286084430734,93.15613555908205,27835500.0
2023-03-08,GOOGL,93.41418287651032,95.24038080876726,93.29508004833596,93.54320526123048,34103300.0
2023-03-09,GOOGL,93.34472325975116,94.813620517912,91.2108445683197,91.62769317626952,28813500.0
2023-03-10,GOOGL,91.47880785314275,92.09416114868084,89.72208455892081,89.95035552978516,35941000.0
2023-03-13,GOOGL,89.41440265175312,91.875808221167,88.74942886454899,90.4267578125,37335600.0
2023-03-14,GOOGL,91.86588978493322,93.6523946069612,91.7467945115858,93.26531982421876,36050200.0
2023-03-15,GOOGL,92.52095462628074,96.2031328333521,91.94530216552694,95.3892822265625,50622100.0
2023-03-16,GOOGL,95.47858895236912,100.43117417550806,94.78384131193948,99.56769561767578,65492000.0
2023-03-17,GOOGL,99.5081464183196,102.06879309004395,99.34934263318692,100.85794830322266,61028500.0
2023-03-20,GOOGL,99.36920316966916,100.98697707895346,99.12107791886092,100.46095275878906,32960400.0
2023-03-21,GOOGL,100.49071743651176,104.31184443694538,100.46094362067213,104.13319396972656,42110300.0
2023-03-22,GOOGL,103.48806284447171,105.79066457024908,102.55511717159573,102.59481811523438,43427400.0
2023-03-23,GOOGL,104.27214642263456,105.50285304125944,103.67664737256062,104.80809783935548,40797800.0
2023-03-24,GOOGL,104.20267726028,104.69892775737728,103.06129960251988,104.64930725097656,30393300.0
2023-03-27,GOOGL,103.83545616080272,103.9744056934422,101.16562607817814,101.691650390625,31120900.0
2023-03-28,GOOGL,101.67179161770622,101.68171117444312,98.99203472350514,100.2723617553711,32057900.0
2023-03-29,GOOGL,101.5129944157898,101.7214187034689,99.89522061779614,100.62966918945312,28779600.0
2023-03-30,GOOGL,100.15326948059464,100.4013947056614,99.03173861709708,100.13341522216795,33086200.0
2023-03-31,GOOGL,100.54034796899096,103.11092176173696,100.28229560510373,102.9521255493164,36863400.0
2023-04-03,GOOGL,101.62217211579193,103.74612355244491,101.16562258542722,103.57740020751952,25035400.0
2023-04-04,GOOGL,103.5476176490454,104.78824373731965,103.25979148790408,103.9346923828125,24420100.0
2023-04-05,GOOGL,104.98675068203352,105.30435068738927,102.88265348611964,103.68657684326172,28290500.0
2023-04-06,GOOGL,104.47065726298725,108.35133223109835,103.54763103113568,107.6069564819336,48711500.0
2023-04-10,GOOGL,106.17775899818363,106.78317763428656,104.33170655524752,105.64180755615234,27067400.0
2023-04-11,GOOGL,105.75097264997711,105.9296231127123,103.89499326334943,104.55996704101562,26311800.0
2023-04-12,GOOGL,105.78074743753037,105.94947077272556,103.5575399759029,103.85529327392578,24370300.0
2023-04-13,GOOGL,105.046293985597,106.68392202189077,105.046293985597,106.62437438964844,24843600.0
2023-04-14,GOOGL,106.08842602348172,108.12305600146055,106.03879794707,108.05358123779295,26578000.0
2023-04-17,GOOGL,103.8751497069163,105.36390108383588,103.7361926119972,105.17532348632812,37571200.0
2023-04-18,GOOGL,105.69141368807011,105.74104175957936,103.28956344176272,103.71633911132812,26596400.0
2023-04-19,GOOGL,102.80325882912756,104.19276178994863,102.29708118201934,103.39875793457033,20905700.0
2023-04-20,GOOGL,103.130778643884,105.45322726139376,103.09107769672384,104.50042724609376,27820800.0
2023-04-21,GOOGL,104.6790773585638,105.20510165529122,103.99424927374731,104.6195297241211,25800100.0
2023-04-24,GOOGL,104.69891971395418,105.8303701546386,103.9148430801148,105.17532348632812,23542800.0
2023-04-25,GOOGL,105.03637557743666,105.88992698575956,103.06129326840652,103.07122039794922,46664100.0
2023-04-26,GOOGL,104.13319140174777,105.552467975158,101.86036345847234,102.93226623535156,53347600.0
2023-04-27,GOOGL,103.6667276651916,107.5573373867394,102.76355568188748,106.7831802368164,50089200.0
2023-04-28,GOOGL,106.23729608563892,106.54496893818438,104.30191480844488,106.53504180908205,36139800.0
2023-05-01,GOOGL,106.03878673620314,107.18016422336927,106.01894005104552,106.39608764648438,26681700.0
2023-05-02,GOOGL,106.3365485246071,106.39609615702363,102.93227004814128,104.53019714355467,30997200.0
2023-05-03,GOOGL,104.73862499300648,106.68392596400858,104.1728997492568,104.6195297241211,21795400.0
2023-05-04,GOOGL,104.69892635616654,104.80810206984134,103.1903281969406,103.9049301147461,23419500.0
2023-05-05,GOOGL,104.03394463322049,105.08599317017097,103.32926989883089,104.7783203125,26639300.0
2023-05-08,GOOGL,104.3912487209223,107.15040011064862,104.37140203396784,106.96182250976562,26511400.0
2023-05-09,GOOGL,107.5771848789166,109.3239887931404,106.38618668459873,106.54498291015624,36360100.0
2023-05-10,GOOGL,107.1603273461475,112.09305821305404,107.12062640001808,110.91197967529295,63153400.0
2023-05-11,GOOGL,114.53460704620213,117.03570601894896,113.552033261071,115.69583129882812,78900000.0
2023-05-12,GOOGL,115.8050066061785,117.14488132168266,115.23928138975758,116.6287841796875,41102300.0
2023-05-15,GOOGL,115.2392819935686,117.59151189110725,115.14003341637807,115.63628387451172,36266800.0
2023-05-16,GOOGL,115.61642782881712,119.84448378697832,115.55688019785936,118.61378479003906,45035600.0
2023-05-17,GOOGL,118.71303548354884,120.75758495283628,117.99843361058365,119.93380737304688,33323600.0
2023-05-18,GOOGL,120.04299070810453,122.38529363069811,119.92389543649637,121.90889739990234,35234200.0
2023-05-19,GOOGL,122.6234854701716,125.0253357573237,121.23398273827031,121.83940887451172,41353400.0
2023-05-22,GOOGL,122.01806609562544,125.48189220233128,121.8195613673932,124.11224365234376,35253000.0
2023-05-23,GOOGL,123.22892250659226,123.6953915959423,121.2935410963352,121.6409149169922,34046300.0
2023-05-24,GOOGL,120.21170619685464,120.99578278040062,118.96115300024633,119.99335479736328,34182600.0
2023-05-25,GOOGL,123.58620270600284,124.38020641613278,121.04540294907596,122.55400848388672,42317000.0
2023-05-26,GOOGL,122.24633339773538,124.3206642054446,121.53173154191558,123.675537109375,35635900.0
2023-05-30,GOOGL,124.6978199598951,124.71767421950892,121.0851170726814,122.74259185791016,35076700.0
2023-05-31,GOOGL,121.82949030094537,123.12966410835033,121.58136506611656,121.94859313964844,37325800.0
2023-06-01,GOOGL,121.8989611091008,123.4869610460502,121.70046395655,122.7922134399414,30772700.0
2023-06-02,GOOGL,123.060191211232,125.20399690730268,122.8319202321501,123.73509216308594,26980100.0
2023-06-05,GOOGL,123.08004629574243,126.4743977650919,122.91131537751194,125.06504821777344,32305500.0
2023-06-06,GOOGL,125.0650390332728,127.32793227447584,124.41991194155317,126.35528564453124,26638300.0
2023-06-07,GOOGL,126.01784008371892,128.072309065116,121.204212248466,121.58135986328124,52539000.0
2023-06-08,GOOGL,121.31339671268852,122.30589768119812,120.33081530189337,121.22406768798828,29389200.0
2023-06-09,GOOGL,121.33323932610408,122.83191785844092,120.99579264278889,121.31339263916016,23778300.0
2023-06-12,GOOGL,121.8691824783794,123.11973569214682,120.74765922363488,122.71280670166016,28306400.0
2023-06-13,GOOGL,124.04277534219,124.2214258208004,122.25627055608604,122.90139770507812,22278300.0
2023-06-14,GOOGL,122.17686661381848,123.11974706875884,120.53923851602217,122.74259185791016,30592300.0
2023-06-15,GOOGL,122.21656558107,124.51916746718288,121.48211700306516,124.15193939208984,35246300.0
2023-06-16,GOOGL,124.98564920040792,125.16429968039004,122.35552007874196,122.60364532470705,45535600.0
2023-06-20,GOOGL,122.00813366210224,123.63583450194002,121.22405705707855,122.1768569946289,26097500.0
2023-06-21,GOOGL,121.48212139117618,121.74017376602716,119.19936610971776,119.64599609375,30306300.0
2023-06-22,GOOGL,119.10011432011008,122.31581528654226,117.93889002281252,122.22649383544922,26952200.0
2023-06-23,GOOGL,120.4697540800412,121.86918395539072,120.15215410135052,121.42255401611328,34913600.0
2023-06-26,GOOGL,119.85441072671466,121.08510972170824,117.38307803534232,117.45255279541016,33969900.0
2023-06-27,GOOGL,116.20200844412273,118.18701026555762,115.22935421985996,117.44263458251952,39535900.0
2023-06-28,GOOGL,116.21193098693968,119.48718710532653,115.97373288245846,119.2787628173828,27091400.0
2023-06-29,GOOGL,118.34580529426692,119.15965573005693,117.41285959657364,118.20685577392578,24090900.0
2023-06-30,GOOGL,119.26883719212228,120.17201669011786,118.79244097715116,118.80236053466795,29532200.0
2023-07-03,GOOGL,118.34581546548606,119.28869594561498,117.9289668686366,119.00086975097656,14467900.0
2023-07-05,GOOGL,118.3458033859375,121.69053409377196,118.33588382905948,120.83698272705078,27584800.0
2023-07-06,GOOGL,118.90161667979092,119.39786715412696,117.5121138372137,119.20928955078124,24745200.0
2023-07-07,GOOGL,119.199352956304,120.1422333259838,118.50460537627106,118.5840072631836,21709500.0
2023-07-10,GOOGL,117.41286157602865,117.42278113323384,115.26905595945564,115.57672882080078,35315200.0
2023-07-11,GOOGL,115.41793425521224,116.82728376089246,114.48498095632308,116.26155853271484,23078800.0
2023-07-12,GOOGL,117.9091093235366,119.4276344809341,117.52203458036396,118.0381317138672,30404400.0
2023-07-13,GOOGL,120.02314237165878,123.8938976615702,119.54673857522506,123.60607147216795,44297900.0
2023-07-14,GOOGL,123.86411595510596,125.82926350630274,122.56393462065938,124.47946166992188,33283100.0
2023-07-17,GOOGL,124.995567566589,126.14686468961106,123.26861052378432,123.71524047851562,25716200.0
2023-07-18,GOOGL,123.66559859051128,123.74500047210738,122.03789787869248,122.83190155029295,26193600.0
2023-07-19,GOOGL,123.66561821898068,124.24127059365078,120.88662007165094,121.1148910522461,37224000.0
2023-07-20,GOOGL,120.50946759155578,123.15944340000809,117.3334674734311,118.30611419677734,37906800.0
2023-07-21,GOOGL,119.71547124691322,120.08269176427814,117.8396449955782,119.11996459960938,72937900.0
2023-07-24,GOOGL,120.74766705234958,122.07761466691946,120.0727661155314,120.61863708496094,29686100.0
2023-07-25,GOOGL,120.4499242325444,122.22650196463997,120.11246994865928,121.29354858398438,52509600.0
2023-07-26,GOOGL,129.0946172624733,129.99778169720037,127.3577404462354,128.3006134033203,61682100.0
2023-07-27,GOOGL,130.68260803004364,132.2408419072244,127.82420023434912,128.42962646484375,44952100.0
2023-07-28,GOOGL,129.799265024623,132.73707431896543,129.59084831881933,131.5857696533203,36591200.0
2023-07-31,GOOGL,131.7346357432163,132.52863946512642,130.7917629491062,131.72471618652344,28055500.0
2023-08-01,GOOGL,129.79926191480814,131.6353945728261,129.7000057705623,130.56349182128906,23166800.0
2023-08-02,GOOGL,128.47925798305656,129.1144580497241,126.60343160302544,127.41728973388672,26273300.0
2023-08-03,GOOGL,127.01035151213354,128.4197010851892,126.46447294473376,127.48674774169922,20089500.0
2023-08-04,GOOGL,128.31051623779516,130.5237890233023,126.95079483936227,127.1492919921875,26147200.0
2023-08-07,GOOGL,128.1914178864696,130.62304202480823,128.05246836840342,130.54364013671875,22746300.0
2023-08-08,GOOGL,129.64044716003372,130.52377224929486,128.56854449929656,130.4145965576172,23535200.0
2023-08-09,GOOGL,130.67268510255067,131.04982518382914,128.0326288117845,128.68768310546875,24912900.0
2023-08-10,GOOGL,130.33521897689877,131.0597403574535,128.47923208801416,128.71743774414062,20857800.0
2023-08-11,GOOGL,127.69517985741136,128.955645199412,127.2088489247228,128.5884246826172,19591100.0
2023-08-14,GOOGL,128.4196995095872,130.3848471837526,127.99293136308722,130.34515380859375,24695600.0
2023-08-15,GOOGL,130.11688653714737,130.43447898056365,128.31052745646844,128.80677795410156,19770700.0
2023-08-16,GOOGL,127.73487091064452,129.30302424952546,126.91110086620328,127.73487091064452,25216100.0
2023-08-17,GOOGL,128.82662921684016,131.00020876899563,128.32044402863997,128.9457244873047,33446300.0
2023-08-18,GOOGL,127.54628706629671,128.2807431949733,125.4322628444653,126.50416564941406,30504800.0
2023-08-21,GOOGL,126.2262700322158,127.76464194810237,125.61091672255242,127.40734100341795,25248700.0
2023-08-22,GOOGL,127.54628200242816,129.3030127917116,127.35771955742976,128.1120147705078,22054900.0
2023-08-23,GOOGL,129.20375527825698,132.40954397470435,128.89608243334328,131.37733459472656,27819700.0
2023-08-24,GOOGL,132.94550528703812,133.24325861449066,128.59836122593913,128.80677795410156,28500700.0
2023-08-25,GOOGL,128.5685593040722,129.77941160779702,126.2957389175236,128.90602111816406,26762900.0
2023-08-28,GOOGL,130.32528013006436,131.54605189710958,129.1640559890661,130.02752685546875,20543300.0
2023-08-29,GOOGL,131.24832315951218,135.54585383099212,131.24832315951218,133.56085205078125,43075600.0
2023-08-30,GOOGL,133.76928107064825,135.25803254284958,133.06461385464962,134.8610382080078,28315800.0
2023-08-31,GOOGL,134.9900609451091,136.9651434659,134.77170950484623,135.14886474609375,30053800.0
2023-09-01,GOOGL,136.4291897075704,136.4291897075704,133.83876157564302,134.64268493652344,21543700.0
2023-09-05,GOOGL,134.42433443329878,135.3969811480602,133.57078298930236,134.75186157226562,19403100.0
2023-09-06,GOOGL,134.99998980551268,135.5061598618362,132.66760640562674,133.45169067382812,18684500.0
2023-09-07,GOOGL,132.58819181549026,134.56327406172488,131.9529918442149,134.24566650390625,18844300.0
2023-09-08,GOOGL,133.89829184203546,135.63516831051766,133.8387442147853,135.35726928710938,23558300.0
2023-09-11,GOOGL,135.51607902909177,136.4490323863561,134.77170328374638,135.8932342529297,20763400.0
2023-09-12,GOOGL,135.23817228733398,135.84359846496358,134.17620415931236,134.3250732421875,18405500.0
2023-09-13,GOOGL,134.0769375034417,135.8733616364172,133.14398427221744,135.68479919433594,20749500.0
2023-09-14,GOOGL,136.56814159733074,137.65988359424148,135.21833965192076,137.06439208984375,24751000.0
2023-09-15,GOOGL,136.94528129329058,137.48124030456012,135.45652981988454,136.36962890625,38919600.0
2023-09-18,GOOGL,135.58554599898608,138.11642627515133,135.58554599898608,137.17355346679688,21861300.0
2023-09-19,GOOGL,136.38947604665375,137.3720574197808,135.59547227341233,137.00482177734375,20353700.0
2023-09-20,GOOGL,137.0445418305698,137.0445418305698,132.61798064460575,132.73709106445312,29927500.0
2023-09-21,GOOGL,130.45433880616167,131.23840796235106,129.09461723083658,129.4618377685547,31503900.0
2023-09-22,GOOGL,129.7794091306759,131.03988948397537,128.62811962390344,129.2732391357422,26397300.0
2023-09-25,GOOGL,128.8564156388002,130.18636343695547,127.99294455474433,130.12681579589844,20094600.0
2023-09-26,GOOGL,128.79685599233989,129.38242793397103,126.26597547277304,127.6058578491211,25718700.0
2023-09-27,GOOGL,127.60586778894698,129.918381917851,127.60586778894698,129.5610809326172,22746500.0
2023-09-28,GOOGL,128.86633128049803,132.3003915392616,128.81670319967083,131.31781005859375,22513100.0
2023-09-29,GOOGL,132.28052789506322,133.04475788137387,129.38242688382053,129.87867736816406,30859800.0
2023-10-02,GOOGL,130.2260695069411,133.41198939838114,130.18636098407492,133.1638641357422,22288000.0
2023-10-03,GOOGL,132.93559116374053,133.25318362014062,130.8513329307273,131.43690490722656,22989400.0
2023-10-04,GOOGL,131.79419070491505,134.55335719954957,131.53614591729064,134.225830078125,26752300.0
2023-10-05,GOOGL,134.05709838867188,134.4739469324216,132.4492366977958,134.05709838867188,19832600.0
2023-10-06,GOOGL,133.00505810690692,137.1239464843942,133.00505810690692,136.5482940673828,27597600.0
2023-10-09,GOOGL,135.9130610739724,137.89806266081155,134.59303320140117,137.3819580078125,19278100.0
2023-10-10,GOOGL,137.46137628621003,138.67222861017186,136.30015203671138,137.02467346191406,27786600.0
2023-10-11,GOOGL,137.54080433515963,140.05183090806798,137.54080433515963,139.49603271484375,25884300.0
2023-10-12,GOOGL,139.99224472470698,140.1609680480309,137.22315893559568,137.92784118652344,24765500.0
2023-10-13,GOOGL,138.33479709793974,138.95014288451765,135.59548458868076,136.32994079589844,23420500.0
2023-10-16,GOOGL,137.13386618680707,138.58292436140798,136.95522326980412,138.05690002441406,28501900.0
2023-10-17,GOOGL,137.59041875340512,138.85088412200298,136.1512801850149,138.6722412109375,23515800.0
2023-10-18,GOOGL,138.4042623643259,139.6647428833376,136.34979315539405,136.92544555664062,23375000.0
2023-10-19,GOOGL,137.46137089391803,138.6126755411059,136.34977476248778,136.7169952392578,26066000.0
2023-10-20,GOOGL,136.30015222216522,136.83609605175457,134.06702516754572,134.5831298828125,26335700.0
2023-10-23,GOOGL,134.0273213470116,136.6276841287948,132.94549894839827,135.47637939453125,26317900.0
2023-10-24,GOOGL,136.79641151026584,138.31493679389348,136.38948247495046,137.76905822753906,44814300.0
2023-10-25,GOOGL,127.19892549752396,127.34779458240868,124.13209362181638,124.66804504394533,84366200.0
2023-10-26,GOOGL,122.34559572670734,123.39765194257096,120.36059371391482,121.36302185058594,57061100.0
2023-10-27,GOOGL,121.95851234164763,122.3852880471967,119.30853665872228,121.25383758544922,44566500.0
2023-10-30,GOOGL,122.28604612521336,124.4596257174064,121.82949657826616,123.52667236328124,28940100.0
2023-10-31,GOOGL,124.1221675739272,124.42984802046038,121.76994514607122,123.14952087402344,26292300.0
2023-11-01,GOOGL,123.13958253001532,125.54143281598546,122.79220874025611,125.5017318725586,30082400.0
2023-11-02,GOOGL,127.45696935668228,128.01276746198673,125.97814507096508,126.53394317626952,27124600.0
2023-11-03,GOOGL,127.05999397649356,128.55866517271366,126.9011901672032,128.13189697265625,26393100.0
2023-11-06,GOOGL,128.08224111307598,129.3625605799608,127.7050859338931,129.2732391357422,19052700.0
2023-11-07,GOOGL,129.72980920218515,130.9208073441977,128.90603157499936,129.98785400390625,29757300.0
2023-11-08,GOOGL,129.98783224244534,131.21853869829624,129.79925466552717,130.85130310058594,26425800.0
2023-11-09,GOOGL,130.97043911965648,131.55601107722748,129.09461282832507,129.26333618164062,23747800.0
2023-11-10,GOOGL,129.1243853429863,131.80413499720473,128.43955723420933,131.595703125,26913300.0
2023-11-13,GOOGL,130.79178389238834,131.59570729972106,130.26575956056902,131.09945678710938,18324800.0
2023-11-14,GOOGL,133.1836984817578,134.68236939202447,132.3202275430886,132.6179656982422,32395200.0
2023-11-15,GOOGL,133.85858358428234,134.01738735349468,132.5683446064248,133.61045837402344,23861500.0
2023-11-16,GOOGL,134.17621044610362,136.1909862320152,133.3127394362453,135.9031524658203,28013200.0
2023-11-17,GOOGL,134.9801160980622,135.03966372618416,132.6477330342115,134.2952880859375,37240600.0
2023-11-20,GOOGL,132.68748612727182,135.63521586452535,132.61800377487862,135.22828674316406,27815500.0
2023-11-21,GOOGL,135.2679473163652,136.15127255285424,134.9404353311043,135.94285583496094,22635300.0
2023-11-22,GOOGL,136.43909143782605,138.3744650434286,136.43909143782605,137.45144653320312,17813900.0
2023-11-24,GOOGL,136.9949104607267,137.09416661748833,134.97021510431284,135.6649627685547,12514300.0
2023-11-27,GOOGL,135.0099144629775,137.38199132880567,134.9801406435023,135.38706970214844,23436500.0
2023-11-28,GOOGL,135.0595159672369,136.22074013136128,134.4044617789531,136.17111206054688,18730000.0
2023-11-29,GOOGL,136.53836114342,137.25294788509495,133.8288226820438,133.9777069091797,23967200.0
2023-11-30,GOOGL,134.03725467489437,134.53350514378005,130.29552189907486,131.53614807128906,38988300.0
2023-12-01,GOOGL,130.87120056152344,131.1193258458321,129.69012178511585,130.87120056152344,31442300.0
2023-12-04,GOOGL,128.90603964218352,129.05490874011545,126.94088425548,128.3006134033203,36669900.0
2023-12-05,GOOGL,127.98299525723668,131.14907573021983,127.28824761685544,130.00770568847656,27384800.0
2023-12-06,GOOGL,130.45433249808588,130.85132683618656,128.9060333773847,129.04498291015625,23576200.0
2023-12-07,GOOGL,134.02732621189014,137.52093391588886,133.68987951198724,135.9031524658203,56767100.0
2023-12-08,GOOGL,133.19362268827305,135.3771217203374,133.02489934634232,133.9777069091797,32260100.0
2023-12-11,GOOGL,131.38728665345792,132.34007912846104,130.3749313974492,132.2904510498047,31138000.0
2023-12-12,GOOGL,130.82156269889427,132.00264138703446,130.27568408533818,131.5262451171875,29032800.0
2023-12-13,GOOGL,132.37979009748466,132.49888537297187,130.583365685189,131.57586669921875,30104800.0
2023-12-14,GOOGL,132.37978056258655,132.71722724840416,128.71744966150473,130.95057678222656,38722400.0
2023-12-15,GOOGL,130.63295958195536,132.5087856193142,130.19625677632916,131.60562133789062,50847100.0
2023-12-18,GOOGL,131.6353903862347,136.12148324947407,131.43687810405666,134.7816162109375,32258000.0
2023-12-19,GOOGL,135.81382173780045,136.43910216120065,135.05952649346082,135.625244140625,25476800.0
2023-12-20,GOOGL,137.9278622500159,140.63738568200563,137.03461742674637,137.30258178710938,49107200.0
2023-12-21,GOOGL,138.44395531377506,139.63495335905975,138.1362673150206,139.36697387695312,27488300.0
2023-12-22,GOOGL,139.7143532323911,140.9252055185312,139.6548056026402,140.428955078125,26532200.0
2023-12-26,GOOGL,140.52820742657298,141.6100298393638,140.13121309993724,140.458740234375,16780300.0
2023-12-27,GOOGL,140.52820465495105,141.0145355681964,138.84095608348233,139.31735229492188,19628600.0
2023-12-28,GOOGL,139.72428432008698,140.0815852724405,138.70200954003505,139.17840576171875,16045700.0
2023-12-29,GOOGL,138.58289317029994,139.30741452234906,137.73926142269332,138.64244079589844,18733000.0
