Date,Ticker,Open,High,Low,Close,Volume
2015-01-02,MSFT,39.77320123398954,40.421027343691314,39.67091358543994,39.85844039916992,27913900.0
2015-01-05,MSFT,39.5260103778422,39.83287663163892,39.4237227104654,39.49191665649414,39673900.0
2015-01-06,MSFT,39.53453616002297,39.84992503054683,38.81851598662671,38.91228103637695,36447900.0
2015-01-07,MSFT,39.19357602591046,39.602729978462385,38.77589945528449,39.40667724609375,29114100.0
2015-01-08,MSFT,39.84994324445492,40.702348447544864,39.82437212889592,40.56596374511719,29645200.0
2015-01-09,MSFT,40.58299109022796,40.761995309191505,39.97778449182773,40.224979400634766,23944200.0
2015-01-12,MSFT,40.42104057523402,40.52333150893356,39.51749342255559,39.722068786621094,23651900.0
2015-01-13,MSFT,40.03745401426905,40.83871334601777,39.26176578567912,39.517486572265625,35270600.0
2015-01-14,MSFT,39.17652130126953,39.4151968410114,38.88670355789202,39.17652130126953,29719600.0
2015-01-15,MSFT,39.398153150162365,39.53453779589711,38.70770405206786,38.767372131347656,32750800.0
2015-01-16,MSFT,38.622466295696704,39.44929681842669,38.50312688105879,39.41520309448242,35695300.0
2015-01-20,MSFT,39.46634754379108,39.76469121980071,38.84409233611397,39.54306411743164,36161900.0
2015-01-21,MSFT,39.15948928817026,39.32997095922107,38.767383720920584,39.14244079589844,39081100.0
2015-01-22,MSFT,39.53453971616776,40.18236600195738,39.27881889945257,40.17384338378906,35898000.0
2015-01-23,MSFT,40.36989048589873,40.39546158850258,39.892542643408,40.21645736694336,26211600.0
2015-01-26,MSFT,40.06303728625299,40.17385085304349,39.41521088001737,40.07155990600586,42525500.0
2015-01-27,MSFT,36.61079226440187,36.823893496148486,35.894771995666574,36.36359405517578,169164000.0
2015-01-28,MSFT,36.431787786193325,36.47440738194732,35.08498644903329,35.110557556152344,84507100.0
2015-01-29,MSFT,34.888940184687556,35.9033010592918,34.7696039937538,35.80953598022461,63585300.0
2015-01-30,MSFT,35.41742421099202,35.44299857003973,34.39453764408609,34.43716049194336,78004900.0
2015-02-02,MSFT,34.59911294308808,35.26398768462323,34.29224667725142,35.18727111816406,50352500.0
2015-02-03,MSFT,35.485615403198985,35.74133621209748,34.99121902121759,35.46004104614258,52082400.0
2015-02-04,MSFT,35.74985480725598,35.98000448486701,35.25546173257263,35.664615631103516,41614800.0
2015-02-05,MSFT,35.98854423328505,36.346552813198954,35.68167787812034,36.18459701538086,36548200.0
2015-02-06,MSFT,36.3806356694289,36.474400713946245,35.92886218402657,36.15048599243164,34616600.0
2015-02-09,MSFT,36.00557672417473,36.431779083235355,35.980002371498244,36.10786437988281,31381100.0
2015-02-10,MSFT,36.43180131779736,36.457372434414104,35.9544532137211,36.312461853027344,29670700.0
2015-02-11,MSFT,36.355069600218116,36.355069600218116,35.98000937022295,36.12491989135742,38262500.0
2015-02-12,MSFT,36.363598631772355,36.730133056640625,36.23573657596541,36.730133056640625,33268800.0
2015-02-13,MSFT,36.977331439688896,37.3950080871582,36.781278671250845,37.3950080871582,40264900.0
2015-02-17,MSFT,37.74698129764625,37.77273438678963,37.07737150664744,37.41217803955078,33695700.0
2015-02-18,MSFT,37.455092691396345,37.51518540269189,37.24905819923508,37.36924362182617,27111700.0
2015-02-19,MSFT,37.06877634048277,37.36923986676834,36.95717419865949,37.34348678588867,27603400.0
2015-02-20,MSFT,37.352082839714015,37.66971956171807,37.1632213906069,37.652549743652344,29721100.0
2015-02-23,MSFT,37.515191824425855,37.93584087550007,37.47226891969694,37.90150451660156,32518800.0
2015-02-24,MSFT,37.9015041094298,38.03027282223321,37.70405285514408,37.84999465942383,25271700.0
2015-02-25,MSFT,37.72980145649005,37.8499868736407,37.60102949536749,37.76414108276367,29759800.0
2015-02-26,MSFT,37.7641489171417,37.97018016791169,37.678299833647806,37.824241638183594,28957300.0
2015-02-27,MSFT,37.88432935795532,37.94442207106412,37.48084690581862,37.64395523071289,33807700.0
2015-03-02,MSFT,37.48944203955659,37.935847531639645,37.38642639517075,37.66972351074219,31924000.0
2015-03-03,MSFT,37.39501824987818,37.62680593874953,36.99153561279004,37.15464401245117,31748600.0
2015-03-04,MSFT,36.92283311116953,37.09452795144631,36.811234248575325,36.96575927734375,25748700.0
2015-03-05,MSFT,36.9743502501989,37.12029204102703,36.75973247383378,37.008689880371094,23193500.0
2015-03-06,MSFT,36.91425864655696,37.008690994970834,36.184559494861965,36.364837646484375,36248800.0
2015-03-09,MSFT,36.21889353453086,37.02585844222675,36.21889353453086,36.78548431396485,32108000.0
2015-03-10,MSFT,36.35625348681155,36.66530363833272,36.08154296875,36.08154296875,39159700.0
2015-03-11,MSFT,36.321917058403415,36.37342323368623,35.918434553047035,36.03861999511719,32215300.0
2015-03-12,MSFT,35.48062007735564,35.75533062886587,35.07713752209645,35.21449279785156,59992500.0
2015-03-13,MSFT,34.93978354909624,35.600806861691986,34.86252099892769,35.52354431152344,58007700.0
2015-03-16,MSFT,35.600807516769144,35.7467460726572,35.437695866296295,35.678070068359375,35273500.0
2015-03-17,MSFT,35.51495880323603,35.909858112764354,35.326097333261586,35.798255920410156,31673400.0
2015-03-18,MSFT,35.56647079546785,36.76833207997192,35.48062496434979,36.48503494262695,44194800.0
2015-03-19,MSFT,36.278999795771384,36.5622969286853,36.24466342874634,36.30475616455078,33879100.0
2015-03-20,MSFT,36.536534450109194,36.897090772324994,36.476441729739896,36.81124496459961,71904500.0
2015-03-23,MSFT,36.811244828650224,37.025862621978725,36.725395746434245,36.79407501220703,26246100.0
2015-03-24,MSFT,36.725392213545895,37.060195414961925,36.6996391287623,36.82841110229492,25513300.0
2015-03-25,MSFT,36.84557580636682,36.85416235073839,35.57503904836871,35.59220886230469,43469900.0
2015-03-26,MSFT,35.386184354837695,35.72098760305891,35.12864037176804,35.37759780883789,37495600.0
2015-03-27,MSFT,35.30033089559839,35.56645811689016,35.051376764178706,35.17156219482422,34401400.0
2015-03-30,MSFT,35.28316456850319,35.660893987652805,35.120056221475295,35.16297912597656,35049700.0
2015-03-31,MSFT,35.00846074434047,35.22307858269431,34.80242945341344,34.90544509887695,34887200.0
2015-04-01,MSFT,34.85392462424695,34.991279866394244,34.604970499284995,34.95694351196289,36865300.0
2015-04-02,MSFT,34.90543244089757,34.9741116961732,34.44185729220848,34.587799072265625,37487500.0
2015-04-06,MSFT,34.63072995558142,35.86692736235728,34.49337468816188,35.66947937011719,39223700.0
2015-04-07,MSFT,35.72099251062476,35.97853325426914,35.463451766980384,35.652313232421875,28809400.0
2015-04-08,MSFT,35.5922162218866,35.78966421076695,35.23165987909844,35.55787658691406,24753400.0
2015-04-09,MSFT,35.41193465942193,35.729568065481544,35.41193465942193,35.60938262939453,25723900.0
2015-04-10,MSFT,35.73815570715242,36.01286621943795,35.549291001903256,35.8154182434082,28022000.0
2015-04-13,MSFT,35.540696120152845,36.10728677599034,35.53210957736981,35.8497428894043,30276700.0
2015-04-14,MSFT,35.884105512501364,36.08155355058932,35.53213235333438,35.75533676147461,24244400.0
2015-04-15,MSFT,35.84975232695598,36.45068276250917,35.78107634064535,36.27898788452149,27343600.0
2015-04-16,MSFT,36.01287517684648,36.34767849229393,35.90127298009451,36.193153381347656,22509700.0
2015-04-17,MSFT,35.77248756486649,35.832583552000955,35.33466876436686,35.72956466674805,42387600.0
2015-04-20,MSFT,35.82399802762644,37.06019521259872,35.78107512828571,36.83699417114258,46057700.0
2015-04-21,MSFT,36.914267182688576,37.04303919208636,36.51078460972985,36.60521697998047,26013800.0
2015-04-22,MSFT,36.63096021625637,37.02585941058348,36.52794460133977,36.90567398071289,25064300.0
2015-04-23,MSFT,36.81983350061287,37.43793388400727,36.742570952688574,37.206146240234375,46309500.0
2015-04-24,MSFT,39.197803142029144,41.32681177483166,39.18921986913123,41.09502410888672,130933700.0
2015-04-27,MSFT,40.545592201157085,41.31821754950315,40.53700893053438,41.23236846923828,59248200.0
2015-04-28,MSFT,41.017736218899636,42.245349797995445,40.94906025370883,42.20242691040039,60730800.0
2015-04-29,MSFT,41.82471210873283,42.33121017744821,41.635847422999454,42.11659240722656,47804600.0
2015-04-30,MSFT,41.80753665852008,42.52865240025135,41.72168759711943,41.75602722167969,64725500.0
2015-05-01,MSFT,41.704536433231546,41.96207716275732,41.55001134055447,41.77321243286133,38937300.0
2015-05-04,MSFT,41.52426143220641,41.95349713976432,41.361153042265485,41.41266250610352,34039500.0
2015-05-05,MSFT,41.05208105934969,41.34396131684246,40.61426231051395,40.86321640014648,50369200.0
2015-05-06,MSFT,40.83746608905464,41.009160947720225,39.50683666530865,39.730037689208984,52433000.0
2015-05-07,MSFT,39.72144490444841,40.4253907090169,39.62701259106377,40.0905876159668,32971700.0
2015-05-08,MSFT,40.82030188288669,41.189444733541634,40.79454879673181,40.99199676513672,35364900.0
2015-05-11,MSFT,40.82030801823641,41.129358197775645,40.6657829284668,40.6657829284668,24609400.0
2015-05-12,MSFT,40.21936979592358,40.93190238208625,39.85022696028875,40.64860534667969,29928300.0
2015-05-13,MSFT,41.36971874316726,41.481320896674234,40.837467608822536,40.88897705078125,34184600.0
2015-05-14,MSFT,41.2323637221432,41.910556641521126,41.2323637221432,41.824710845947266,32980900.0
2015-05-15,MSFT,41.95348155262423,41.98782118242458,41.24953551575374,41.46415328979492,28642700.0
2015-05-18,MSFT,41.18944543025521,41.39547994740179,40.87181202134481,41.2151985168457,24136500.0
2015-05-19,MSFT,41.0942412697432,41.31025388582368,40.7659011703954,41.11152267456055,28574800.0
2015-05-20,MSFT,40.94735097684118,41.413939018636846,40.84366584402802,41.11152267456055,25047900.0
2015-05-21,MSFT,40.85230007820489,41.12879593047673,40.61900608483355,40.9732666015625,22410700.0
2015-05-22,MSFT,40.86958594799018,40.91278781161259,40.45484212425132,40.52396774291992,25720600.0
2015-05-26,MSFT,40.46346553438015,40.50666737778053,39.91047073215142,40.2560920715332,29581900.0
2015-05-27,MSFT,40.45484662922138,41.275695313819035,40.282035859396935,41.137447357177734,27335600.0
2015-05-28,MSFT,41.04239696277748,41.49170359874301,40.94735088454176,40.99919509887695,19283700.0
2015-05-29,MSFT,40.98190351918856,41.102870026513074,40.256101179151386,40.48939514160156,36519600.0
2015-06-01,MSFT,40.66220271197051,41.27567754953237,40.282018522762705,40.80908966064453,28837300.0
2015-06-02,MSFT,40.549886856928325,40.912786454629185,40.28203003760807,40.54124450683594,21498300.0
2015-06-03,MSFT,40.93005368548547,41.24975460638176,40.45482677378057,40.48074722290039,28002200.0
2015-06-04,MSFT,40.42890724507502,40.74860487715995,39.91911752554457,40.05736541748047,27745500.0
2015-06-05,MSFT,40.014180799309266,40.195630617590304,39.60807599984024,39.86729049682617,25438100.0
2015-06-08,MSFT,40.00552796581839,40.11785542697971,39.461175357518435,39.51301956176758,22121600.0
2015-06-09,MSFT,39.53893618706831,39.694465488664655,39.27972178310439,39.44389343261719,24406100.0
2015-06-10,MSFT,39.564859380456774,40.46347237796018,39.47845238295264,40.273380279541016,28417400.0
2015-06-11,MSFT,40.31658748499484,40.54123911616339,39.85864187371452,40.126495361328125,27347800.0
2015-06-12,MSFT,39.936410549253935,40.15242314928912,39.65991468489615,39.72039794921875,23931000.0
2015-06-15,MSFT,39.271084247137104,39.44389495514685,38.89954237854769,39.29700469970703,33254500.0
2015-06-16,MSFT,39.18467168136604,39.95367905801571,39.14146983452024,39.59941864013672,27070300.0
2015-06-17,MSFT,39.51302440290506,39.806801670796546,39.193326677758385,39.72039794921875,28704100.0
2015-06-18,MSFT,39.936405941088566,40.43755340137683,39.8932007891943,40.368431091308594,32658300.0
2015-06-19,MSFT,40.42892633313372,40.46348914645857,39.73768654709322,39.83272933959961,63837000.0
2015-06-22,MSFT,40.03145247992224,40.36843157374661,39.884562213125,39.945045471191406,20318100.0
2015-06-23,MSFT,39.85864453504064,39.98825011302947,39.41797700004307,39.66855239868164,25896500.0
2015-06-24,MSFT,39.46118886505158,39.96233978939929,39.357503717152255,39.43526840209961,34890900.0
2015-06-25,MSFT,39.77223013946283,39.79815388712221,39.31428458259024,39.44389343261719,20616000.0
2015-06-26,MSFT,39.44389690074512,39.988246208104584,38.90818334988145,39.10691452026367,49835300.0
2015-06-29,MSFT,38.91684058469174,39.08100901534545,38.329285901384786,38.33792495727539,34081700.0
2015-06-30,MSFT,38.63168940835494,38.6403317574533,37.9663702596693,38.147823333740234,35945400.0
2015-07-01,MSFT,38.41567106465172,39.080990113554066,38.10461246557115,38.40703201293945,28343900.0
2015-07-02,MSFT,38.432960512243326,38.66625451040682,38.070060934716075,38.36383819580078,21752000.0
2015-07-06,MSFT,37.98364084841792,38.43294728699982,37.97500179786938,38.35518264770508,23034000.0
2015-07-07,MSFT,38.31199429458171,38.44160317107866,37.430662504238185,38.27743148803711,36435800.0
2015-07-08,MSFT,38.3983895251375,38.795855120341265,38.044129076607355,38.225582122802734,39785900.0
2015-07-09,MSFT,38.666252850847826,39.07235756682356,38.4502402650889,38.46752166748047,32424700.0
2015-07-10,MSFT,38.890906261240424,39.00323373385692,38.510725279580015,38.5452880859375,25465800.0
2015-07-13,MSFT,38.86498091044257,39.41797255816424,38.83906045698381,39.34885025024414,28178300.0
2015-07-14,MSFT,39.27108940076851,39.7117536327371,39.15012287811402,39.41797637939453,22880300.0
2015-07-15,MSFT,39.469814311360416,39.65126406648996,39.25380175637096,39.538936614990234,26629600.0
2015-07-16,MSFT,39.75494778424249,40.34250217702064,39.720388281677224,40.31658172607422,26271700.0
2015-07-17,MSFT,40.22154493472051,40.4202761285904,39.97096953093604,40.28202819824219,29467100.0
2015-07-20,MSFT,40.30795379179442,40.72269760177718,40.126500696853185,40.54124450683594,30631900.0
2015-07-21,MSFT,40.42026979521866,40.89550007141274,40.161055378442875,40.852294921875,42781900.0
2015-07-22,MSFT,39.262443245231246,40.54987960315657,39.05507302538072,39.34885025024414,59152400.0
2015-07-23,MSFT,39.11555957669878,39.94504711817342,38.968669303845076,39.84136199951172,33934000.0
2015-07-24,MSFT,39.66855280995318,40.0228133338738,39.57350674078827,39.69447326660156,32333200.0
2015-07-27,MSFT,39.69448621985858,39.75496950250236,39.09829244975913,39.184696197509766,39701400.0
2015-07-28,MSFT,39.383421841026674,39.43526275951297,38.700821181502064,39.176048278808594,34328900.0
2015-07-29,MSFT,39.22788300530192,40.42026998735654,39.10691320054739,39.99688720703125,40945900.0
2015-07-30,MSFT,39.97097349697291,40.95599380654252,39.685838554377455,40.50668716430664,39777900.0
2015-07-31,MSFT,40.86093260641223,40.93005490482085,40.17833219314457,40.35114288330078,31201500.0
2015-08-03,MSFT,40.59309597076015,40.610377377941305,40.13515021677942,40.44620895385742,24125900.0
2015-08-04,MSFT,40.39434957808037,41.2238370350392,40.33386632368275,41.07695007324219,33403900.0
2015-08-05,MSFT,41.457140882634754,41.82868284598045,41.07695986492585,41.11152267456055,26959700.0
2015-08-06,MSFT,41.223843253767726,41.2756874636823,40.031456090548375,40.28202819824219,27368000.0
2015-08-07,MSFT,40.08328452101249,40.42026354028335,39.97095708255899,40.385704040527344,19163000.0
2015-08-10,MSFT,40.567156378974666,41.03374426457656,40.47211033234208,40.8954963684082,23079900.0
2015-08-11,MSFT,40.454834986351344,40.558520099969,39.659910288465404,40.1005744934082,29237400.0
2015-08-12,MSFT,39.910473837873944,40.52395192782025,39.49573017599523,40.385704040527344,30181400.0
2015-08-13,MSFT,40.662201887343976,40.696761388861205,40.16969355775814,40.3770637512207,22627200.0
2015-08-14,MSFT,40.20425832177701,40.696766715829305,40.195619269289345,40.6103630065918,21473400.0
2015-08-17,MSFT,40.44621078582885,40.99920265630747,40.23883718635361,40.88687515258789,21099700.0
2015-08-18,MSFT,40.73901830050117,41.25217002841056,40.61725404605269,41.11301040649414,23574100.0
2015-08-19,MSFT,40.68681125912133,40.94773831903037,40.2693326082224,40.53895568847656,31485500.0
2015-08-20,MSFT,40.06930034332975,40.41720095944442,39.712703704833984,39.712703704833984,36238200.0
2015-08-21,MSFT,39.39958645103045,39.556141367242965,37.46004867553711,37.46004867553711,70053100.0
2015-08-24,MSFT,35.18131634422236,37.12955050909933,34.54640053848314,36.25110626220703,88753700.0
2015-08-25,MSFT,37.025169285467165,37.60790212652427,35.12911852389488,35.198699951171875,70616600.0
2015-08-26,MSFT,36.538125283498026,37.26001797810126,35.7118670378265,37.146949768066406,63408000.0
2015-08-27,MSFT,37.5992128045016,38.2254325455004,37.33828901836075,38.18194580078125,50943200.0
2015-08-28,MSFT,37.747076618816386,38.39938782777409,37.73837727804751,38.20804214477539,28246700.0
2015-08-31,MSFT,37.88623878887231,38.2080447448659,37.48615203193729,37.85144805908203,34441700.0
2015-09-01,MSFT,36.677270418165186,37.04256629198784,36.23370041190755,36.372859954833984,49688900.0
2015-09-02,MSFT,36.8425283976727,37.72967181810065,36.42504972649935,37.712276458740234,37671500.0
2015-09-03,MSFT,37.755760328502305,38.2515164202035,37.64269216016641,37.83403778076172,28285200.0
2015-09-04,MSFT,37.23392882224355,37.43397054871074,36.70338178700039,37.05997848510742,37138800.0
2015-09-08,MSFT,37.66010047936635,38.26892494893747,37.57312697706753,38.17325210571289,32469800.0
2015-09-09,MSFT,38.45156093299935,38.61681518779342,37.32088911866216,37.46004867553711,33469500.0
2015-09-10,MSFT,37.503546395724165,38.08627949176296,37.18174044832077,37.651405334472656,31366600.0
2015-09-11,MSFT,37.52092073784899,37.91230792368828,37.3469705088288,37.81663513183594,27132500.0
2015-09-14,MSFT,37.773157348345535,37.78185336883458,37.277401234833874,37.433956146240234,23656000.0
2015-09-15,MSFT,37.56442025053073,38.521145176846545,37.46875074394235,38.251522064208984,28882200.0
2015-09-16,MSFT,38.24283099879461,38.599427642843146,38.12976279912276,38.52984619140625,23372200.0
2015-09-17,MSFT,38.52115318571852,39.13867368536481,38.338506838131835,38.48636245727539,32768200.0
2015-09-18,MSFT,37.834030486520426,38.260208381728674,37.68617494843929,37.81663513183594,63143700.0
2015-09-21,MSFT,37.93841920174782,38.67770723350575,37.9210238379366,38.36459732055664,26177200.0
2015-09-22,MSFT,37.729676356485,38.312406034938704,37.668794250313,38.18194580078125,28085900.0
2015-09-23,MSFT,38.20804699864263,38.41678475404391,37.84275094995018,38.155860900878906,17145200.0
2015-09-24,MSFT,37.79055993502145,38.38198897615733,37.634004993672185,38.190643310546875,27905600.0
2015-09-25,MSFT,38.68640840111923,38.903845500935205,38.06018849194463,38.21674346923828,29384600.0
2015-09-28,MSFT,38.121070220624546,38.34720332257184,37.58182387674948,37.651405334472656,27613800.0
2015-09-29,MSFT,37.72098586051125,37.894936197996365,37.44266664766575,37.78186798095703,32763600.0
2015-09-30,MSFT,38.16453529587222,38.52982778795838,37.97318971364159,38.49503707885742,34958900.0
2015-10-01,MSFT,38.92123321524675,38.92123321524675,38.05148498697308,38.799468994140625,28657900.0
2015-10-02,MSFT,38.50375038872165,39.634422302246094,38.19933655034817,39.634422302246094,41839000.0
2015-10-05,MSFT,39.79098275696337,40.782495239071565,39.747496007679494,40.55636215209961,34369300.0
2015-10-06,MSFT,40.29542824135406,41.03471274740924,40.1997554262074,40.66072082519531,27017200.0
2015-10-07,MSFT,40.9651551622683,41.18259229862392,39.964946325728874,40.70423126220703,27711500.0
2015-10-08,MSFT,40.49548248821169,41.33044006912496,40.44329639521968,41.26955795288086,33772700.0
2015-10-09,MSFT,41.269541804317406,41.34781925426261,40.80857312449556,40.97382736206055,28600600.0
2015-10-12,MSFT,40.860767023177495,40.93904448811527,40.44328831611796,40.8781623840332,19769100.0
2015-10-13,MSFT,40.49547840337041,40.99123462439413,40.49547840337041,40.782493591308594,19987800.0
2015-10-14,MSFT,40.57374687767156,40.965130836438945,40.46937472536319,40.59983825683594,24697800.0
2015-10-15,MSFT,40.88686752319336,40.904262887928176,40.46938872303733,40.88686752319336,27189400.0
2015-10-16,MSFT,40.89555684815327,41.34782626700711,40.791188003133385,41.32173156738281,26450300.0
2015-10-19,MSFT,41.24347288217503,41.64355971958999,40.895575467770314,41.417423248291016,29387600.0
2015-10-20,MSFT,41.26085593459046,41.58266517708754,40.89556326082786,41.547874450683594,30802200.0
2015-10-21,MSFT,41.67833672534126,41.73922215842299,40.9738427294368,41.052120208740234,25144300.0
2015-10-22,MSFT,41.339135555450824,42.5741798642754,40.95644749862601,41.77400970458984,56637100.0
2015-10-23,MSFT,45.48782538681325,47.02727993617929,45.4443386449765,45.98358154296875,135227100.0
2015-10-26,MSFT,45.68786629329088,47.24471617705127,45.66177491218813,47.183834075927734,64633300.0
2015-10-27,MSFT,46.95770828106097,47.28821021880627,46.60111164035858,46.696781158447266,50999900.0
2015-10-28,MSFT,46.56631713220705,46.949005126953125,45.97488811989208,46.949005126953125,47000800.0
2015-10-29,MSFT,46.56632975643601,46.81855758667869,46.2880105361085,46.40977478027344,30202100.0
2015-10-30,MSFT,46.37497551153586,46.95770855283258,45.76615108495724,45.783546447753906,46619800.0
2015-11-02,MSFT,45.966188651665966,46.40976206857347,45.766146974211445,46.30539321899414,30285000.0
2015-11-03,MSFT,46.03576155006104,47.30559282398072,46.00967017196655,47.09685516357422,36596900.0
2015-11-04,MSFT,47.12296248155199,47.73178694635921,47.01859361604477,47.314308166503906,37087800.0
2015-11-05,MSFT,47.39257834531781,47.57522466127945,46.96640029024809,47.296905517578125,31468500.0
2015-11-06,MSFT,47.044681741620714,47.81875713297092,46.9316135430942,47.766571044921875,32851200.0
2015-11-09,MSFT,47.44476539709563,47.72308456593922,46.583716505306455,47.10556411743164,32513100.0
2015-11-10,MSFT,47.0272784730362,47.07946455231208,46.33148067181919,46.54021835327149,55283700.0
2015-11-11,MSFT,46.705481683011605,47.14035580795989,46.496740643192865,46.66199493408203,36516300.0
2015-11-12,MSFT,46.514140527309806,46.94901469452604,46.261912714046005,46.37498092651367,35361100.0
2015-11-13,MSFT,46.15752301278216,46.34886862171072,45.68785832786211,45.957481384277344,36848200.0
2015-11-16,MSFT,46.166239937138386,46.870733915069216,45.96619491460165,46.76636505126953,32165200.0
2015-11-17,MSFT,46.5562115100206,46.87143184360062,46.27601640021374,46.3810920715332,31551300.0
2015-11-18,MSFT,46.40735520407604,47.265453069291006,46.3898425937424,47.1516227722168,29710000.0
2015-11-19,MSFT,47.274213801509255,47.86087125104908,47.090333052376856,47.230430603027344,28149200.0
2015-11-20,MSFT,47.5018672060133,47.545647060746056,46.64376936053378,47.4493293762207,37147600.0
2015-11-23,MSFT,47.5018672060133,47.68574460000416,47.06406197830811,47.4493293762207,28235900.0
2015-11-24,MSFT,47.21291234445209,47.66823016465207,46.915208007594195,47.50186538696289,24600000.0
2015-11-25,MSFT,47.36178509153615,47.48437006078685,47.01153945922851,47.01153945922851,21005100.0
2015-11-27,MSFT,47.107845569318265,47.353018787607056,47.09909093375288,47.221675872802734,9009100.0
2015-11-30,MSFT,47.75579224782336,48.12354701430537,47.2829618278991,47.58942413330078,56241400.0
2015-12-01,MSFT,47.6419658599076,48.359966182927415,47.54564817312879,48.35121154785156,39952800.0
2015-12-02,MSFT,48.43877833316888,48.999168585149384,48.21112104587281,48.34246063232422,47274900.0
2015-12-03,MSFT,48.58764575128013,48.83281571141272,47.22169167299096,47.458106994628906,38627800.0
2015-12-04,MSFT,47.38803969198947,49.235578395737555,47.37052708103108,48.95538330078125,43963700.0
2015-12-07,MSFT,48.85031575646818,49.0079259303309,48.41251046022492,48.867828369140625,30709800.0
2015-12-08,MSFT,48.57011618259645,49.121748400369086,48.14982353754581,48.850311279296875,32878000.0
2015-12-09,MSFT,48.482570451033965,48.92037586358848,47.72954460700976,48.141082763671875,36373200.0
2015-12-10,MSFT,48.500072799276175,48.73648807282144,48.16733982093215,48.39500045776367,31775800.0
2015-12-11,MSFT,47.904651279414466,48.246138851575566,47.291723240571635,47.335506439208984,39549500.0
2015-12-14,MSFT,47.57190862125413,48.34244327090742,47.00276059713033,48.281150817871094,46768900.0
2015-12-15,MSFT,48.73648982389102,48.94663785465602,48.23739200853748,48.333709716796875,39843000.0
2015-12-16,MSFT,48.631411333675715,49.25309403000909,47.94843282513092,49.14802169799805,37503300.0
2015-12-17,MSFT,49.349413940152935,49.72592676528967,48.622655539013394,48.77151107788086,41280900.0
2015-12-18,MSFT,48.83281751347128,49.03420760818205,47.30925316453331,47.39681625366211,84684200.0
2015-12-21,MSFT,48.05351497331075,48.46504972089371,47.484366696186456,48.009735107421875,37246300.0
2015-12-22,MSFT,48.149828915104216,48.5788762435117,47.72077824650733,48.46504592895508,28322200.0
2015-12-23,MSFT,48.7715069568212,48.929117118685895,48.54384634959927,48.87657928466797,27279800.0
2015-12-24,MSFT,48.911618888449134,48.9991786307011,48.535105984423545,48.7452507019043,9558500.0
2015-12-28,MSFT,48.46503398106636,48.99040222167969,48.14105907047738,48.99040222167969,22458300.0
2015-12-29,MSFT,49.28810891549632,49.77844858882127,49.086718929639495,49.51576614379883,27731400.0
2015-12-30,MSFT,49.44572728023347,49.717164404519295,49.28811711894986,49.30562973022461,21704500.0
2015-12-31,MSFT,49.069211935583354,49.200551503027675,48.52633103487574,48.5788688659668,27334100.0
2016-01-04,MSFT,47.56317057323853,47.98346328735352,46.7488523958315,47.98346328735352,53778000.0
2016-01-05,MSFT,48.09729353192875,48.50007363146237,47.755805911011585,48.20236587524414,34079700.0
2016-01-06,MSFT,47.56317847030419,47.63322893771551,46.96776285806848,47.32676315307617,39518900.0
2016-01-07,MSFT,46.14467505944843,46.83640817170509,45.593039496745995,45.68059921264648,56564900.0
2016-01-08,MSFT,45.85573111773771,46.65253671581279,45.66309903635223,45.820709228515625,48754000.0
2016-01-11,MSFT,45.9783110176299,46.27601875446898,45.05892055804105,45.79443359375,36943800.0
2016-01-12,MSFT,46.19720525540144,46.49491293803342,45.584280620737445,46.214717864990234,36095500.0
2016-01-13,MSFT,47.107852540873054,47.3442678183948,44.91882590477124,45.21653366088867,66883600.0
2016-01-14,MSFT,45.53175284726817,46.77511834096031,45.15524000843137,46.50368118286133,52381900.0
2016-01-15,MSFT,44.92758743732935,45.50549038138709,44.07824396644531,44.64739227294922,71820700.0
2016-01-19,MSFT,45.076422535919264,45.251545282188296,43.83305738376741,44.2708625793457,43564500.0
2016-01-20,MSFT,43.76301754515323,44.98887372565408,42.99247927911872,44.47226333618164,63273000.0
2016-01-21,MSFT,44.65613496350685,45.16399065069624,44.04320695283268,44.2008171081543,40191200.0
2016-01-22,MSFT,45.015148104839795,45.82071172423945,44.88380515748651,45.78568649291992,37555800.0
2016-01-25,MSFT,45.47920944763029,46.10089545867244,45.225284934026725,45.347869873046875,34707700.0
2016-01-26,MSFT,45.34786962007338,45.91701445380467,45.13772162564753,45.68059921264648,28900800.0
2016-01-27,MSFT,45.540507633754046,45.70687579204162,44.6736549760463,44.848777770996094,36775200.0
2016-01-28,MSFT,45.4091667607752,45.71562913814373,44.875043754342,45.58428955078125,62513800.0
2016-01-29,MSFT,47.92216825699034,48.23738861083984,47.28297291287969,48.23738861083984,83611700.0
2016-02-01,MSFT,48.0534995168213,48.23737689852388,47.72076663074859,47.90464401245117,44208500.0
2016-02-02,MSFT,47.431818938666936,47.5106240168707,46.10089392485295,46.40735626220703,56313800.0
2016-02-03,MSFT,46.626260080589866,46.748845018671965,44.88379368019544,45.671844482421875,57559800.0
2016-02-04,MSFT,45.61931326846333,46.24099936495791,44.98011789843552,45.53175354003906,46987100.0
2016-02-05,MSFT,45.47921339425498,45.53175123276095,43.39526256969188,43.92062759399414,62009000.0
2016-02-08,MSFT,43.38650860601537,43.40402122047044,42.195677544587795,43.26392364501953,59290500.0
2016-02-09,MSFT,42.92242059407172,43.99066631074443,42.61595496148786,43.15007781982422,46740500.0
2016-02-10,MSFT,43.684221536667074,44.12202692924171,43.36024648141506,43.526611328125,38237000.0
2016-02-11,MSFT,42.62472143156917,43.87684477325074,42.47586590260138,43.50908660888672,48878600.0
2016-02-12,MSFT,43.9994315534535,44.37594436928526,43.56162626436441,44.21833419799805,34243300.0
2016-02-16,MSFT,44.888581595094216,45.0561408996582,44.20952015422154,45.0561408996582,37291200.0
2016-02-17,MSFT,45.408907115450575,46.5377349224477,45.37363040543886,46.22906875610352,40789000.0
2016-02-18,MSFT,46.14969068590266,46.69646610976845,45.94685133165473,46.026222229003906,27176000.0
2016-02-19,MSFT,45.832206603178776,46.10559263008327,45.44416961401664,45.699920654296875,33559100.0
2016-02-22,MSFT,46.1055955602136,46.74056277252624,46.1055955602136,46.43190002441406,25008300.0
2016-02-23,MSFT,46.15850644581126,46.18496228921027,44.95912553720965,45.13550567626953,28895300.0
2016-02-24,MSFT,44.703377487617075,45.41771558461275,44.27124965045684,45.29425048828125,33014500.0
2016-02-25,MSFT,45.62055253851472,45.94685363769531,44.63282838295173,45.94685363769531,26939500.0
2016-02-26,MSFT,46.38780670322359,46.458360117340035,45.064960466087875,45.24134063720703,35975900.0
2016-02-29,MSFT,45.28543065716657,45.5500025715,44.6769226553773,44.870941162109375,31654000.0
2016-03-01,MSFT,44.95031143022364,46.37898427230456,44.90621386900832,46.37016677856445,33024500.0
2016-03-02,MSFT,46.220250497883974,46.70529347793731,45.99977611020772,46.696475982666016,29289900.0
2016-03-03,MSFT,46.71411055492487,46.71411055492487,45.6646504014908,46.16733169555664,24427800.0
2016-03-04,MSFT,46.21142100842083,46.25551520167698,45.6029097033035,45.88511657714844,33034200.0
2016-03-07,MSFT,45.47062362199629,45.682277078995625,44.60636471687841,45.00321578979492,38407800.0
2016-03-08,MSFT,44.80039197878117,45.973317259462625,44.624011807318375,45.55000686645508,33835100.0
2016-03-09,MSFT,45.76166111180274,46.608281911340505,45.73520526312093,46.599464416503906,28251600.0
2016-03-10,MSFT,46.67883409454228,46.68765158914612,45.11787514425232,45.90276336669922,38387800.0
2016-03-11,MSFT,46.740559325048,46.80229187011719,46.19378391264751,46.80229187011719,32275700.0
2016-03-14,MSFT,46.484804290044835,47.26087482954172,46.41425425782026,46.89047622680664,24083600.0
2016-03-15,MSFT,46.52008560183487,47.26087951660156,46.511268108496495,47.26087951660156,21104800.0
2016-03-16,MSFT,47.13741244172663,48.151592341544266,47.09331824854696,47.93111801147461,31691700.0
2016-03-17,MSFT,47.807647682272666,48.504347296293176,47.622450072724206,48.20450210571289,28223900.0
2016-03-18,MSFT,48.43380147707785,48.47789903648846,47.13741464335494,47.17269134521485,67625500.0
2016-03-21,MSFT,46.961038757068806,47.56072928638671,46.67883184493941,47.49899673461914,23925700.0
2016-03-22,MSFT,47.27852065654495,47.842934460297585,47.14623469946533,47.6841926574707,23124100.0
2016-03-23,MSFT,47.719465761121505,47.83411335766297,47.39316468622651,47.59600067138672,20129000.0
2016-03-24,MSFT,47.48135425149152,47.9134854404434,47.384345003104066,47.807655334472656,19950000.0
2016-03-28,MSFT,47.8076589093536,47.878212318609826,47.03159159256546,47.21678924560547,17025100.0
2016-03-29,MSFT,47.32260852294836,48.38088594548476,47.13741089915156,48.24860000610352,23924300.0
2016-03-30,MSFT,48.44262753190583,49.068773918325235,48.41617168475824,48.54845428466797,23008300.0
2016-03-31,MSFT,48.46025368886594,49.02466738044863,48.380882803226434,48.707183837890625,26360500.0
2016-04-01,MSFT,48.548447286992584,49.04231100231775,48.125136972787296,49.00703430175781,24399200.0
2016-04-04,MSFT,48.883575439453125,49.08641144724761,48.50435927056768,48.883575439453125,18928800.0
2016-04-05,MSFT,48.67191448283231,48.76892373148809,48.02812980850114,48.1163215637207,19272300.0
2016-04-06,MSFT,47.93993564827246,48.680729482110905,47.80764971344839,48.61017608642578,21188700.0
2016-04-07,MSFT,48.38970736187019,48.42498406378843,47.825293587863946,48.02812957763672,19225100.0
2016-04-08,MSFT,48.21333325506458,48.751291252095925,47.904670485049174,47.99285888671875,22167200.0
2016-04-11,MSFT,48.05458911610726,48.63664124506904,47.88702646293078,47.89584732055664,21414200.0
2016-04-12,MSFT,47.94876420670735,48.31034203261421,47.410806215052105,48.19569778442383,24944300.0
2016-04-13,MSFT,48.61018660330343,48.89239351875762,48.40735059308147,48.81302261352539,20818000.0
2016-04-14,MSFT,48.69837709184666,49.01586070446242,48.56609113186619,48.82184219360352,20877100.0
2016-04-15,MSFT,48.768921047660655,49.31569644324616,48.60136176822174,49.07758712768555,28793800.0
2016-04-18,MSFT,48.93648913111573,49.90657494378132,48.689555566812096,49.79192733764648,23786000.0
2016-04-19,MSFT,49.94184711813813,50.06531220700587,49.10404397545817,49.73019027709961,29596800.0
2016-04-20,MSFT,49.64200227522582,49.82719990996793,48.936485073228695,49.02467346191406,36195700.0
2016-04-21,MSFT,49.20987620640675,49.58909237263858,48.87475423909616,49.192237854003906,38909100.0
2016-04-22,MSFT,45.779286103731955,46.2378730773403,44.77392377720139,45.66463851928711,126834100.0
2016-04-25,MSFT,45.66463030409744,45.97329630450817,45.53234775892462,45.955657958984375,33226900.0
2016-04-26,MSFT,46.087943447222266,46.16731432506255,45.05612539946915,45.36478805541992,33532600.0
2016-04-27,MSFT,45.40007640246764,45.41771475364536,44.579911575646726,44.923851013183594,43369300.0
2016-04-28,MSFT,44.64164334539688,44.77392929484074,43.706834298454616,44.00667953491211,43134800.0
2016-04-29,MSFT,43.52163375967466,44.31534273644373,43.52163375967466,43.980220794677734,48411700.0
2016-05-02,MSFT,44.0948622714159,44.75628520548714,43.900843800886946,44.63282012939453,33114500.0
2016-05-03,MSFT,44.394715966434504,44.45644851629621,43.74211039967569,43.90085220336914,26460200.0
2016-05-04,MSFT,43.95376495017592,44.147783447646475,43.61864300840993,43.980220794677734,24257600.0
2016-05-05,MSFT,43.98021768357841,44.359433794079365,43.85675259907508,44.04195022583008,25390700.0
2016-05-06,MSFT,44.024315596015754,44.43880844116211,43.79502375744488,44.43880844116211,24787300.0
2016-05-09,MSFT,44.527007289516085,44.61519569589574,44.094876024242794,44.15660858154297,17951600.0
2016-05-10,MSFT,44.38589587007912,45.06495387874321,44.26242741342328,44.99440383911133,22891000.0
2016-05-11,MSFT,45.09140834633651,45.664639553197425,44.976760759295885,45.02085494995117,24039100.0
2016-05-12,MSFT,45.15314291779736,45.69110081484264,44.90620938350877,45.42652893066406,24102800.0
2016-05-13,MSFT,45.36479771970772,45.77047305074257,45.012040804067375,45.04731750488281,22592300.0
2016-05-16,MSFT,44.80037995783687,45.82338064082078,44.75628576784562,45.708736419677734,20032000.0
2016-05-17,MSFT,45.93075553091335,45.93963469663691,44.72298573041795,44.85619354248047,27803500.0
2016-05-18,MSFT,44.82954874071723,45.41567187060497,44.669696670047735,45.12261199951172,24907500.0
2016-05-19,MSFT,44.82067687755117,44.953884699675946,44.24343281857178,44.68746566772461,23842400.0
2016-05-20,MSFT,44.82955927476239,45.4867294294589,44.75851577538284,44.953887939453125,23905800.0
2016-05-23,MSFT,44.936128884161555,45.00717577545901,44.38552902741521,44.429931640625,26118700.0
2016-05-24,MSFT,45.02492972040033,45.92187454802242,44.7585106994622,45.8153076171875,34757900.0
2016-05-25,MSFT,46.10837781918349,46.61457847600472,45.99293169654404,46.28599166870117,24040200.0
2016-05-26,MSFT,46.117253330934176,46.16165593960592,45.611056139132046,46.081729888916016,24335200.0
2016-05-27,MSFT,46.108372500631184,46.463600158691406,45.97516466963511,46.463600158691406,17721400.0
2016-05-31,MSFT,46.41032317181734,47.0674934387207,46.25047442399488,47.0674934387207,37653100.0
2016-06-01,MSFT,46.57016595006621,47.02308137228447,46.57016595006621,46.93427276611328,25324800.0
2016-06-02,MSFT,46.747776560145425,46.83658516020979,46.037324698138995,46.60568618774414,22840800.0
2016-06-03,MSFT,46.51688649688672,46.552406553426955,45.824192884969456,45.99292755126953,23368300.0
2016-06-06,MSFT,46.170539806342624,46.490240630487754,46.08173119877287,46.29486846923828,18243300.0
2016-06-07,MSFT,46.3925548557157,46.82770516283144,46.26822280883789,46.26822280883789,20866800.0
2016-06-08,MSFT,46.19716977072319,46.57015567121185,46.06395858471942,46.21493148803711,21149400.0
2016-06-09,MSFT,46.1794153699196,46.1794153699196,45.726503363611066,45.841949462890625,20305700.0
2016-06-10,MSFT,45.335756118611826,46.22382187367847,45.32687695165004,45.71762466430664,25833200.0
2016-06-13,MSFT,44.03029618707181,45.042690477623495,43.56850164638653,44.527610778808594,83217800.0
2016-06-14,MSFT,44.314460749034005,44.49207110257695,44.02139756782753,44.252296447753906,42577100.0
2016-06-15,MSFT,44.207905319583325,44.5098477647989,44.12797927856445,44.12797927856445,33757600.0
2016-06-16,MSFT,43.97701376576226,44.82067685629285,43.96813121167042,44.749629974365234,31188600.0
2016-06-17,MSFT,44.76739512335523,44.78515684519741,44.24343618596797,44.51873779296875,45710500.0
2016-06-20,MSFT,44.97164747576505,45.140382130532906,44.42992684505075,44.465450286865234,35607900.0
2016-06-21,MSFT,44.58089984172744,45.67322027129784,44.5453763998629,45.4600830078125,34097800.0
2016-06-22,MSFT,45.36239292873684,45.699855420974,45.24694345102336,45.282466888427734,28816800.0
2016-06-23,MSFT,45.5400087705088,46.23270233168442,45.42456266673107,46.099491119384766,29028800.0
2016-06-24,MSFT,44.234534734859544,45.238046105638496,43.97699497944179,44.252296447753906,133503000.0
2016-06-27,MSFT,43.6040241469147,43.64843014170137,42.66267668098854,43.0090217590332,50216300.0
2016-06-28,MSFT,43.44418068341352,43.93261962150333,43.22216421617358,43.905975341796875,38140700.0
2016-06-29,MSFT,44.32335312220863,45.04268746417644,44.22566536602397,44.882835388183594,31304000.0
2016-06-30,MSFT,45.042694909011075,45.55777127079861,44.8473193643493,45.44232177734375,28527800.0
2016-07-01,MSFT,45.40680790004461,45.93076688752568,45.35352272942366,45.433448791503906,21400400.0
2016-07-05,MSFT,45.14038268134197,45.54000954967464,45.06045663013505,45.44232177734375,24806400.0
2016-07-06,MSFT,45.09598080733462,45.770912720939855,44.74963568300924,45.62882232666016,28167500.0
2016-07-07,MSFT,45.66434238445342,45.83307705670584,45.35352070562352,45.62882232666016,19585200.0
2016-07-08,MSFT,45.9396341658953,46.499116455658445,45.77978208310583,46.445831298828125,28391000.0
2016-07-11,MSFT,46.62345071899318,46.916514035323765,46.596809831218366,46.70337677001953,22269200.0
2016-07-12,MSFT,47.01420056522672,47.422713393393835,46.88099273257179,47.25397872924805,27317600.0
2016-07-13,MSFT,47.56480318430941,47.83122223398001,47.22733724795225,47.5203971862793,25356800.0
2016-07-14,MSFT,47.8134756589447,47.946686919830455,47.58257997947288,47.72467041015625,24545500.0
2016-07-15,MSFT,47.91114530123611,47.95554790879649,47.2539751911564,47.68912887573242,32024400.0
2016-07-18,MSFT,47.689125481627045,48.25748694843307,47.55591428072495,47.920021057128906,31433900.0
2016-07-19,MSFT,47.69800345073268,47.866738086002165,47.005313353904405,47.147403717041016,53336500.0
2016-07-20,MSFT,49.86489355866787,50.4776577107866,49.314290350756195,49.651756286621094,89893300.0
2016-07-21,MSFT,49.7139063213919,49.935922696561235,49.518530827178566,49.554054260253906,32776700.0
2016-07-22,MSFT,49.80272281009464,50.29115823546443,49.536300407436954,50.23787307739258,32157200.0
2016-07-25,MSFT,50.149071144514046,50.38884928994957,49.96257477292966,50.37996673583984,25610600.0
2016-07-26,MSFT,50.19347850524843,50.877289565276186,50.18459595029754,50.406612396240234,28079000.0
2016-07-27,MSFT,50.27340673479535,50.4421380214339,49.829373823712835,49.90041732788086,32327500.0
2016-07-28,MSFT,49.73167794969214,50.060261301874704,49.48302064400823,49.91817092895508,37550400.0
2016-07-29,MSFT,49.9625818805346,50.406614793537834,49.77608887012179,50.3355712890625,30558700.0
2016-08-01,MSFT,50.264515839643096,50.39772704594654,49.85600644227502,50.24675750732422,26003400.0
2016-08-02,MSFT,50.4865322583477,50.53093825224999,50.00697936859904,50.24675750732422,35122000.0
2016-08-03,MSFT,50.33556164820149,50.717430151260494,50.16683039315049,50.59310150146485,22075600.0
2016-08-04,MSFT,50.442139796378,51.08154829490089,50.32669028687751,50.96609878540039,26587700.0
2016-08-05,MSFT,51.19698423619854,51.69429881418279,51.01937043504638,51.47228240966797,29335200.0
2016-08-08,MSFT,51.56109619140625,51.58773707856377,51.3124354896961,51.56109619140625,19473500.0
2016-08-09,MSFT,51.65879196804297,51.95185534222455,51.52558411517163,51.6854362487793,16920700.0
2016-08-10,MSFT,51.64989474203471,51.79198510137546,51.34795230497293,51.52556610107422,15756900.0
2016-08-11,MSFT,51.53445660240318,51.907445995032184,51.53445660240318,51.77423477172851,18162300.0
2016-08-12,MSFT,51.534443400468525,51.67653375466451,51.17033665610998,51.45451736450195,21655200.0
2016-08-15,MSFT,51.5166768794279,51.95183045416229,51.47227428307564,51.61436462402344,19283900.0
2016-08-16,MSFT,51.480336436685334,51.4892709437306,51.17651206490423,51.32842254638672,20523500.0
2016-08-17,MSFT,51.41778507816901,51.54288863071476,51.14076763409189,51.4356575012207,18856400.0
2016-08-18,MSFT,51.31056421716661,51.560774797770215,51.17652612177398,51.471412658691406,14214300.0
2016-08-19,MSFT,51.31949776412144,51.587577340888906,51.11396997497249,51.489280700683594,17271000.0
2016-08-22,MSFT,51.47139521921388,51.60543667800779,51.16757086692146,51.5339469909668,15221900.0
2016-08-23,MSFT,51.73948677542296,51.98969390421017,51.694804009153984,51.73054885864258,18732400.0
2016-08-24,MSFT,51.65011153747895,51.864577171140134,51.57862526546896,51.78415298461914,18151500.0
2016-08-25,MSFT,51.7216018341637,52.08797793071838,51.63223973206765,51.980743408203125,18552600.0
2016-08-26,MSFT,52.079044386839755,52.45435842951013,51.55181987108046,51.85564422607422,20971200.0
2016-08-29,MSFT,51.98970260156169,52.3650133575282,51.918212890625,51.918212890625,16417200.0
2016-08-30,MSFT,51.810973065583674,51.998628412174085,51.48034172985537,51.73054885864258,16930200.0
2016-08-31,MSFT,51.51608071440915,51.650118771506875,51.20331843021561,51.34629440307617,20860300.0
2016-09-01,MSFT,50.944169571176616,51.66798729664105,50.944169571176616,51.462459564208984,26075400.0
2016-09-02,MSFT,51.5339469909668,51.998619730285554,51.31054683218754,51.5339469909668,18900500.0
2016-09-06,MSFT,51.63224571353397,51.65011813602365,51.122893603434086,51.4803352355957,16278400.0
2016-09-07,MSFT,51.355237679126965,51.68586901172419,51.301620405401835,51.525020599365234,17493400.0
2016-09-08,MSFT,51.49820169136985,51.64117764590572,51.09608075398281,51.319480895996094,20146100.0
2016-09-09,MSFT,50.74757229601534,51.39990024016875,50.22928237915039,50.22928237915039,35113900.0
2016-09-12,MSFT,50.041628143573035,51.12288393355954,49.693124492983614,50.97990798950195,29303000.0
2016-09-13,MSFT,50.48843660166003,50.62247806235896,50.0863156283792,50.51524353027344,30130200.0
2016-09-14,MSFT,50.390140597714435,50.604606255677346,50.06844381517806,50.27397155761719,24062500.0
2016-09-15,MSFT,50.17568404527413,51.24800223038661,50.02377014346616,51.10502624511719,26847000.0
2016-09-16,MSFT,51.498214887222275,51.498214887222275,50.71184523136855,51.15864562988281,44607000.0
2016-09-19,MSFT,51.17651266882348,51.60544059719679,50.80119860098674,50.87268829345703,20937100.0
2016-09-20,MSFT,51.24800279308995,51.24800279308995,50.71184369464669,50.76546096801758,17384000.0
2016-09-21,MSFT,51.39096069545323,51.69478498667304,51.00671563570177,51.61436080932617,33707300.0
2016-09-22,MSFT,51.757338879799136,51.82882855541729,51.49819732772172,51.6679801940918,19822200.0
2016-09-23,MSFT,51.712663918765834,51.74840875960372,51.27480154935657,51.319480895996094,19955300.0
2016-09-26,MSFT,51.00673464510816,51.06034851077697,50.78333444797748,50.84588623046875,21688700.0
2016-09-27,MSFT,50.87268000698641,51.882449591346536,50.64927986762982,51.78415298461914,28065100.0
2016-09-28,MSFT,51.72160617490446,51.88245456336091,51.5339474491613,51.85564422607422,20536400.0
2016-09-29,MSFT,51.65904728040414,51.98074060414952,51.122884923197574,51.29267120361328,25463500.0
2016-09-30,MSFT,51.44460572137629,51.62332659071685,51.23907791472062,51.471412658691406,29910800.0
2016-10-03,MSFT,51.30162381061945,51.426727382132256,50.98886488183746,51.3105583190918,19189500.0
2016-10-04,MSFT,51.17650327544556,51.47138968071914,50.90842379551989,51.149696350097656,20085900.0
2016-10-05,MSFT,51.19438603967145,51.79309688552104,51.16757570009069,51.50714492797851,16726400.0
2016-10-06,MSFT,51.59650802612305,51.703739160036015,51.185449096626826,51.59650802612305,16212600.0
2016-10-07,MSFT,51.69479913473373,51.81096818020957,51.3105505610042,51.65011978149414,20089000.0
2016-10-10,MSFT,51.74840921772659,52.17733708513146,51.71266437657227,51.86457824707031,18196500.0
2016-10-11,MSFT,51.73054745897704,51.84671651226357,50.836946698839064,51.10502624511719,26497400.0
2016-10-12,MSFT,51.03355026245117,51.17652627659273,50.39909441274904,51.03355026245117,22177500.0
2016-10-13,MSFT,50.66715682083906,51.20331583973678,50.327587624168686,50.863746643066406,25313700.0
2016-10-14,MSFT,51.04247875030485,51.59651372245676,51.04247875030485,51.3105583190918,27402500.0
2016-10-17,MSFT,51.25694332095286,51.34630203897354,50.8190774214917,51.131839752197266,23830000.0
2016-10-18,MSFT,51.40885154403566,51.78416564247872,51.301620405401835,51.525020599365234,19149500.0
2016-10-19,MSFT,51.35523013710565,51.68586142114641,51.29267836468756,51.408843994140625,22878400.0
2016-10-20,MSFT,51.38204582913994,51.39991825413849,50.63142102328332,51.15864562988281,49455600.0
2016-10-21,MSFT,53.86623762981426,54.018151489035766,53.160295817904455,53.31220626831055,80032200.0
2016-10-24,MSFT,53.56242182225272,54.509639739990234,53.55348731561699,54.509639739990234,54067000.0
2016-10-25,MSFT,54.375610181089165,54.84028303062704,54.33093082049867,54.50071716308594,35137200.0
2016-10-26,MSFT,54.33985304792555,54.68835673224852,54.036028711292445,54.17900466918945,29911600.0
2016-10-27,MSFT,54.161132960220584,54.3577261832188,53.69646023874393,53.70539474487305,28479900.0
2016-10-28,MSFT,53.624977670293255,54.08071594611565,53.240732497069494,53.499874114990234,33574700.0
2016-10-31,MSFT,53.7590213453848,53.99135604206896,53.5445556640625,53.5445556640625,26434700.0
2016-11-01,MSFT,53.5892345994796,53.63391395232423,52.94584101030536,53.43732070922851,24533000.0
2016-11-02,MSFT,53.455197017685,53.55349364637785,52.99052421492923,53.106693267822266,22147000.0
2016-11-03,MSFT,53.196039487868795,53.29433609347844,52.82072889424894,52.91008758544922,21600400.0
2016-11-04,MSFT,52.40968112387689,52.9726470966226,52.29351208127803,52.46329498291016,28697000.0
2016-11-07,MSFT,53.41945195910572,54.080718016645434,53.41945195910572,53.991355895996094,31664800.0
2016-11-08,MSFT,54.1075160916755,54.31304382230201,53.75007789403557,54.03602981567383,22935400.0
2016-11-09,MSFT,53.61604909186491,54.14327371095425,52.90116911907003,53.76795959472656,49632500.0
2016-11-10,MSFT,54.04497302290815,54.0539109393572,51.49821224554343,52.45436477661133,57822400.0
2016-11-11,MSFT,52.03436910234604,52.829673191404794,51.837775854689745,52.74031448364258,38767800.0
2016-11-14,MSFT,52.740319194886816,52.79393646962344,51.18545231568966,51.93607711791992,41328400.0
2016-11-15,MSFT,52.47585683769406,53.51943619674933,52.46685854089268,52.9616584777832,35904100.0
2016-11-16,MSFT,53.0246344190682,53.67237453441603,52.907684011898574,53.66337966918945,27332500.0
2016-11-17,MSFT,54.34711130586191,54.832916469503026,53.95127196799434,54.55402755737305,32132700.0
2016-11-18,MSFT,54.67996189260836,55.003831916476216,54.24813633806603,54.29311752319336,27686300.0
2016-11-21,MSFT,54.428067822634006,54.85089853861996,54.35609517657484,54.75193786621094,19652600.0
2016-11-22,MSFT,54.85988353824538,55.11178089046556,54.70694684063856,54.98583221435547,23206700.0
2016-11-23,MSFT,54.88687636561648,54.96784386904017,54.20315345036202,54.33810043334961,21848900.0
2016-11-25,MSFT,54.2481276288824,54.45504379272461,54.0951909376336,54.45504379272461,8409600.0
2016-11-28,MSFT,54.28413979434003,54.89589371434351,54.167185930615545,54.527042388916016,20732600.0
2016-11-29,MSFT,54.56300783874008,55.246730729621646,54.446054019776206,54.95884704589844,22366700.0
2016-11-30,MSFT,54.75194665437214,55.03983042112733,54.17617912086177,54.212162017822266,34655400.0
2016-12-01,MSFT,54.077207228037125,54.11319354938663,53.02462963555315,53.25853729248047,34542100.0
2016-12-02,MSFT,53.15057967596821,53.50143771575576,52.89867886824446,53.30351638793945,25515700.0
2016-12-05,MSFT,53.70836222768401,54.5090390952014,53.5824135202334,54.17617416381836,23552700.0
2016-12-06,MSFT,54.365102784911095,54.39209081588346,53.798330111574614,53.93327713012695,19907000.0
2016-12-07,MSFT,53.98724307138704,55.21974887636808,53.7983200263063,55.210750579833984,30809000.0
2016-12-08,MSFT,55.147782315437055,55.39968316851262,54.73394985717397,54.88688659667969,21220800.0
2016-12-09,MSFT,55.03981588007547,55.76852340256913,54.9948346968746,55.75053024291992,27349400.0
2016-12-12,MSFT,55.615582543962205,56.047408074439254,55.52562017872108,55.93045425415039,20198100.0
2016-12-13,MSFT,56.22734266357333,57.05500750029569,55.9934384281045,56.6591682434082,35718900.0
2016-12-14,MSFT,56.677162135466055,57.08199969423118,56.2543314149953,56.389278411865234,30352700.0
2016-12-15,MSFT,56.40726430132656,56.81210180789846,56.04740797729726,56.29930877685547,27669900.0
2016-12-16,MSFT,56.632167028480005,56.632167028480005,55.885466444515814,56.047401428222656,42453100.0
2016-12-19,MSFT,56.281329726294544,57.36989040319368,56.155377579019145,57.23494338989258,34338200.0
2016-12-20,MSFT,57.29790742433091,57.39686809200944,56.70414685010423,57.1629638671875,26028400.0
2016-12-21,MSFT,57.064003199508974,57.3069057205805,56.78511435712807,57.1629638671875,17096300.0
2016-12-22,MSFT,57.432854605941074,57.6667588315475,57.046010230179114,57.17195892333984,22176600.0
2016-12-23,MSFT,57.08199707712491,57.16296458516573,56.49723135995855,56.89307403564453,12403800.0
2016-12-27,MSFT,56.86607610556463,57.639764776145505,56.86607610556463,56.92905044555664,11763200.0
2016-12-28,MSFT,57.03701450906745,57.03701450906745,56.52422144784674,56.66816329956055,14653300.0
2016-12-29,MSFT,56.551206216582784,56.85708306284392,56.434252396347695,56.58719253540039,10250600.0
2016-12-30,MSFT,56.64118309535151,56.668174557303054,55.80451984360147,55.90348052978515,25579900.0
2017-01-03,MSFT,56.48823180264094,56.53321298518354,55.894471270283574,56.29930877685547,20694100.0
2017-01-04,MSFT,56.2093364119295,56.45223888748976,55.885466444515814,56.047401428222656,21340000.0
2017-01-05,MSFT,55.94844077908583,56.371271395636334,55.80449895266239,56.047401428222656,24876000.0
2017-01-06,MSFT,56.047409547594576,56.812103399620426,55.81350533271314,56.5332145690918,19922900.0
2017-01-09,MSFT,56.46124991532337,56.74913708243749,56.26333199222875,56.353294372558594,20382700.0
2017-01-10,MSFT,56.434257300285,56.740134173125746,56.02941975801862,56.335296630859375,18593000.0
2017-01-11,MSFT,56.32630317164977,56.88407744833084,56.1643681507029,56.84809112548828,21517300.0
2017-01-12,MSFT,56.73113527348151,57.03701212456635,55.732537217532645,56.326297760009766,20968200.0
2017-01-13,MSFT,56.33529969106816,56.560209067673014,56.09239715251354,56.40727233886719,19422300.0
2017-01-17,MSFT,56.38928432180422,56.40727748539565,55.804518516540405,56.254337310791016,20664000.0
2017-01-18,MSFT,56.3802850678023,56.40727652865416,55.88548508888809,56.22734832763672,19670100.0
2017-01-19,MSFT,55.993425388216274,56.6591550484832,55.957439073649454,56.047401428222656,18451700.0
2017-01-20,MSFT,56.38027478753546,56.51522177165382,56.1103842511431,56.44325256347656,30213500.0
2017-01-23,MSFT,56.40725868726623,56.785104701231184,56.29030487882016,56.64116287231445,23097600.0
2017-01-24,MSFT,56.85709382821957,57.34289892870727,56.62318614346108,57.14497756958008,24672900.0
2017-01-25,MSFT,57.531823914568534,57.6667674924315,57.08200512466861,57.28892135620117,23672700.0
2017-01-26,MSFT,57.68476581308067,58.06261196061261,57.171969219959294,57.819705963134766,43554600.0
2017-01-27,MSFT,58.827295913779224,59.295111260132195,58.37747716119569,59.17815399169922,44818000.0
2017-01-30,MSFT,59.09718926848641,59.18715164528744,58.29651244668532,58.593387603759766,31651400.0
2017-01-31,MSFT,58.3504945727363,58.611390297194035,57.81071339206414,58.16157150268555,25270500.0
2017-02-01,MSFT,57.900667846304806,58.134575509238985,57.09999105086114,57.198951721191406,39671500.0
2017-02-02,MSFT,56.90206220414507,57.046004042407475,56.452243530594515,56.8300895690918,45827000.0
2017-02-03,MSFT,57.12698631728961,57.30691451961857,56.74014188342807,57.28892135620117,30301800.0
2017-02-06,MSFT,57.126984793480055,57.26193179958845,56.80311472429585,57.252933502197266,19796400.0
2017-02-07,MSFT,57.34289566542399,57.37887855716266,56.884078619347775,57.06400680541992,20277200.0
2017-02-08,MSFT,57.189952242288385,57.40586673962167,56.875080508515374,56.983036041259766,18096400.0
2017-02-09,MSFT,57.14497759747746,57.97264592817666,56.96504940107808,57.63077926635742,22644400.0
2017-02-10,MSFT,57.80170685052872,57.8466914690398,57.55880432431604,57.57679748535156,18170700.0
2017-02-13,MSFT,57.792696540264494,58.35047412088229,57.69373589106315,58.22452545166016,22920100.0
2017-02-14,MSFT,58.29695376507102,58.577529953754826,57.943961685199795,58.44176483154297,23108400.0
2017-02-15,MSFT,58.37840027093632,58.44175639811913,58.070672483276915,58.40555191040039,17005200.0
2017-02-16,MSFT,58.59561703783671,59.04816275123894,58.32409375297512,58.3964958190918,20546300.0
2017-02-17,MSFT,58.351261083008474,58.55038235530195,58.19739715634585,58.48702621459961,21248800.0
2017-02-21,MSFT,58.477963902108094,58.78569170563997,58.333145943763455,58.36935043334961,20655900.0
2017-02-22,MSFT,58.22453827054164,58.27884155123569,57.97111375356913,58.25168991088867,19292700.0
2017-02-23,MSFT,58.306003737377615,58.58658685074635,58.09783652019911,58.48702621459961,20273100.0
2017-02-24,MSFT,58.40556437352435,58.64994299144869,58.05257917456825,58.48702621459961,21796800.0
2017-02-27,MSFT,58.41460937348622,58.41460937348622,57.97111644816998,58.134033203125,15871500.0
2017-02-28,MSFT,57.9982718524365,58.10687842591873,57.70863936166515,57.90776062011719,23239800.0
2017-03-01,MSFT,58.043513064710154,58.821892275695376,57.9439524513074,58.776641845703125,26937500.0
2017-03-02,MSFT,58.55037232709531,58.6046756083104,57.81724695684039,57.93490982055664,24539600.0
2017-03-03,MSFT,57.91680785105291,58.179281767689645,57.58192150293512,58.152130126953125,18135900.0
2017-03-06,MSFT,57.898703746836134,58.43270441163825,57.75388924647538,58.17022705078125,18750300.0
2017-03-07,MSFT,58.09783061454744,58.63183133114286,58.09783061454744,58.287899017333984,18521000.0
2017-03-08,MSFT,58.16117511698879,58.903349786473576,58.15212226953305,58.8218879699707,21510900.0
2017-03-09,MSFT,59.00292349033128,59.01196943449572,58.360309284310986,58.58658218383789,19846800.0
2017-03-10,MSFT,58.93051778612527,59.06628291446022,58.60468424024191,58.767601013183594,19538200.0
2017-03-13,MSFT,58.8400155422448,59.00293233052543,58.44177296971394,58.568485260009766,20100000.0
2017-03-14,MSFT,58.40555786287035,58.42366356122497,58.06162555243994,58.29695129394531,14280200.0
2017-03-15,MSFT,58.42366735885481,58.75854684187559,58.15213710829098,58.60468292236328,24833800.0
2017-03-16,MSFT,58.604676129012304,58.61372897772867,58.19738770567984,58.5051155090332,20674300.0
2017-03-17,MSFT,58.74949565874648,59.04817062137264,58.541321564503505,58.71329116821289,49219700.0
2017-03-20,MSFT,58.74950221854619,58.99387392530808,58.57753259563518,58.767601013183594,14598100.0
2017-03-21,MSFT,59.002913677468584,59.283489816522625,58.04351204742944,58.11592102050781,26640500.0
2017-03-22,MSFT,58.034467431050935,58.95765769034914,58.034467431050935,58.858097076416016,20680000.0
2017-03-23,MSFT,58.776647300321535,59.04817062137264,58.62277648922869,58.71329116821289,19269200.0
2017-03-24,MSFT,59.156779412356755,59.23823433063704,58.61372590792165,58.81284713745117,22617100.0
2017-03-27,MSFT,58.49606127262711,59.03006884941964,58.24263675698326,58.92145538330078,18614700.0
2017-03-28,MSFT,58.79475528022542,59.25635397503251,58.51417906637286,59.09343719482422,20080400.0
2017-03-29,MSFT,58.93957077429048,59.28350311561766,58.78569994565608,59.256351470947266,13618400.0
2017-03-30,MSFT,59.21108297536702,59.71793889986551,59.1567796962529,59.47356033325195,15122800.0
2017-03-31,MSFT,59.419249421755794,59.90799958690312,59.23822700579432,59.609317779541016,21040300.0
2017-04-03,MSFT,59.56407325845531,59.68173958045914,59.00292091154691,59.32875442504883,20400900.0
2017-04-04,MSFT,59.183926403410645,59.56406313612885,59.08436579646549,59.491661071777344,12997400.0
2017-04-05,MSFT,60.00756792501851,60.052818355867856,59.22918869928995,59.33779525756836,21448600.0
2017-04-06,MSFT,59.373994769769745,59.79033598731341,59.26538822059278,59.491661071777344,18103500.0
2017-04-07,MSFT,59.60027885805307,59.699839483769495,59.229194902901526,59.446414947509766,14108500.0
2017-04-10,MSFT,59.3830435777624,59.57311193119208,59.15677074197007,59.31063461303711,17952700.0
2017-04-11,MSFT,59.373998860125816,59.383051708280696,58.69518025980738,59.2653923034668,18791500.0
2017-04-12,MSFT,59.211082404428915,59.29254422761461,58.93050625797804,59.039119720458984,17108500.0
2017-04-13,MSFT,59.09342500913094,59.60932688918915,58.78569030761719,58.78569030761719,17896500.0
2017-04-17,MSFT,58.86714984825068,59.274438246321786,58.83999820908593,59.2653923034668,16689300.0
2017-04-18,MSFT,59.129626165981634,59.47355843154027,58.97576227654486,59.183929443359375,15155600.0
2017-04-19,MSFT,59.41925184525762,59.5097596042803,58.73138044714637,58.86714553833008,26992800.0
2017-04-20,MSFT,59.24728474111558,59.50976208694109,58.95765575698048,59.28348922729492,22299500.0
2017-04-21,MSFT,59.43734472734331,60.369587672688205,59.238223534104854,60.09806442260742,32522600.0
2017-04-24,MSFT,61.075572478363846,61.238489211291984,60.731633317015806,61.12082290649414,29770000.0
2017-04-25,MSFT,61.45572093902257,61.58243321042935,61.184190697264675,61.473819732666016,30242700.0
2017-04-26,MSFT,61.61861825675515,61.82678539181315,61.202277081340426,61.3923454284668,26190800.0
2017-04-27,MSFT,61.6819818275924,61.890148987810306,61.16607999295297,61.79058837890625,34971000.0
2017-04-28,MSFT,62.369869393928454,62.57803660805473,61.265656467619664,61.96257400512695,39548800.0
2017-05-01,MSFT,62.16169068438956,62.94912285368625,61.99877392195924,62.822410583496094,31954400.0
2017-05-02,MSFT,63.09393476573553,63.09393476573553,62.56897997914563,62.72285079956055,23906100.0
2017-05-03,MSFT,62.79526607031773,62.79526607031773,62.18885622668699,62.52374267578125,28928000.0
2017-05-04,MSFT,62.47847153599353,62.52372887774652,62.125486367282896,62.27935028076172,21749400.0
2017-05-05,MSFT,62.36080905972504,62.47846847509736,61.98971821037307,62.451316833496094,19128800.0
2017-05-08,MSFT,62.42416244362855,62.49657142157774,61.92635935185312,62.397010803222656,18566100.0
2017-05-09,MSFT,62.32460917299885,62.70474599409781,62.16169240605629,62.487525939941406,22858400.0
2017-05-10,MSFT,62.44228160459074,62.95818365649435,62.378925454543015,62.731910705566406,17977800.0
2017-05-11,MSFT,61.87206622049373,62.20695261946812,61.65484615631373,61.96257400512695,28789400.0
2017-05-12,MSFT,62.09831839805599,62.09831839805599,61.58241660209173,61.89014434814453,18714100.0
2017-05-15,MSFT,61.67292839252655,61.980663064017286,61.15702656280044,61.93540573120117,31530300.0
2017-05-16,MSFT,62.108372670380405,63.209810020106254,62.04465338386342,63.18250274658203,34956000.0
2017-05-17,MSFT,62.70914956856808,62.900307416066,61.38014243009617,61.4256591796875,30548800.0
2017-05-18,MSFT,61.35282540866749,62.01732539986675,61.11615084918838,61.635009765625,25201300.0
2017-05-19,MSFT,61.44385835453048,61.99002459537242,61.3801390755136,61.61681365966797,26961100.0
2017-05-22,MSFT,61.79888514258763,62.35415628701148,61.44387663318649,62.30863952636719,16237600.0
2017-05-23,MSFT,62.55440212206458,62.58170939316432,62.24490351154585,62.51799011230469,15425800.0
2017-05-24,MSFT,62.690951871683566,62.700049666398904,62.308629202314165,62.59991836547851,14593900.0
2017-05-25,MSFT,62.78197797960729,63.61032871001563,62.72736343218385,63.373661041259766,21854100.0
2017-05-26,MSFT,63.537521558357845,63.9198373398349,63.28263742582398,63.683162689208984,19827900.0
2017-05-30,MSFT,63.52841285534324,64.09278869628906,63.51020337457096,64.09278869628906,17072800.0
2017-05-31,MSFT,64.20202017542059,64.39317806130575,63.54661774102443,63.57392501831055,30436400.0
2017-06-01,MSFT,63.93802358332275,64.27482946396557,63.218902018629656,63.810585021972656,21603600.0
2017-06-02,MSFT,64.1200866772903,65.41268182945693,63.93802662037039,65.3216552734375,34770300.0
2017-06-05,MSFT,65.51281375908758,66.35026919438745,65.36716571214093,65.79499816894531,33316800.0
2017-06-06,MSFT,65.81319501376966,66.10448410686605,65.78588080154954,66.0134506225586,31511100.0
2017-06-07,MSFT,66.12268854094131,66.24102235111695,65.49459359450748,65.8951187133789,22301800.0
2017-06-08,MSFT,66.00435956224426,66.0134573556991,65.0849754470274,65.49459838867188,24588300.0
2017-06-09,MSFT,65.57653072391496,65.6129427343637,62.436062535299506,64.01084899902344,49187400.0
2017-06-12,MSFT,63.03685913030149,63.66495424508112,62.01734352940846,63.51930618286133,47761700.0
2017-06-13,MSFT,63.73777580455524,64.46600227699894,63.68316124983078,64.3112564086914,25258600.0
2017-06-14,MSFT,64.54790955267727,64.72085789998872,63.2006931108869,63.96532440185547,25510700.0
2017-06-15,MSFT,63.05505571460128,63.910720637181655,62.62723019819229,63.628536224365234,26068700.0
2017-06-16,MSFT,63.473786330806824,63.74686598694617,63.00954188702495,63.71955871582031,48345100.0
2017-06-19,MSFT,64.17469165114754,64.57521677175744,64.03814836504144,64.5114974975586,23798300.0
2017-06-20,MSFT,64.46600421690111,64.51152097712941,63.60124133162395,63.63765335083008,21512200.0
2017-06-21,MSFT,63.91070986532343,64.28392771797239,63.66493750604926,63.96532440185547,19891100.0
2017-06-22,MSFT,64.21111876442784,64.25662857391723,63.45558508911124,63.956241607666016,22965700.0
2017-06-23,MSFT,63.80147614653581,64.85740352340679,63.6467303241986,64.82099151611328,27617300.0
2017-06-26,MSFT,64.9939644857686,65.27614893791619,64.12009690776902,64.20201873779297,19607000.0
2017-06-27,MSFT,63.81969929702153,63.88341858721799,62.97313904447899,63.00044631958008,25215100.0
2017-06-28,MSFT,63.00043007108236,63.57390353494544,62.61811442850698,63.537498474121094,25806200.0
2017-06-29,MSFT,63.15517981720293,63.2553111029016,61.98091860345703,62.34503173828125,28918700.0
2017-06-30,MSFT,62.60902400538775,63.15519032606456,62.57261199135842,62.745567321777344,24161100.0
2017-07-03,MSFT,63.109664952158425,63.35543730513846,61.91719435766757,62.05373764038086,16165500.0
2017-07-05,MSFT,62.135692979056955,63.20982328059528,62.09928095842549,62.88212203979492,21176300.0
2017-07-06,MSFT,62.144775324081344,62.60901979060078,62.00823896176483,62.41786193847656,21117600.0
2017-07-07,MSFT,62.53617886820279,63.57389661067091,62.53617886820279,63.22799301147461,16878300.0
2017-07-10,MSFT,63.22801716600997,63.94713884908659,62.991342536734685,63.70136642456055,15014500.0
2017-07-11,MSFT,63.71955777198127,64.33854803956146,63.49198792279562,63.710453033447266,17460000.0
2017-07-12,MSFT,64.34767536216559,64.88473706119326,64.22023675748501,64.76640319824219,17750900.0
2017-07-13,MSFT,65.0849771293554,65.57652883896279,64.91202182091557,65.33074951171875,20269800.0
2017-07-14,MSFT,65.75858559220178,66.69617231550131,65.5037084571162,66.25013732910156,25868100.0
2017-07-17,MSFT,66.26833251050904,66.86000847007465,66.1955085033725,66.76898193359375,21803900.0
2017-07-18,MSFT,66.53232305402317,66.8054096726689,66.14090954944879,66.7234878540039,26435300.0
2017-07-19,MSFT,66.90553707486991,67.3970887928873,66.86002032611836,67.23323822021484,22416200.0
2017-07-20,MSFT,67.52454684177182,67.63378290337042,66.70529374198941,67.56095886230469,42361000.0
2017-07-21,MSFT,66.8600340993491,67.62467257763045,66.60515692154938,67.1695327758789,46717100.0
2017-07-24,MSFT,66.93285511028446,67.13311772518816,66.5687418963579,66.99657440185547,21394800.0
2017-07-25,MSFT,67.1786219635085,67.64285945350115,66.90553536772879,67.53363037109375,22018700.0
2017-07-26,MSFT,67.67020216246303,67.70661419062773,67.1877549428282,67.4062271118164,16252200.0
2017-07-27,MSFT,67.14221271690411,67.74299352950507,65.83140811503888,66.5960464477539,36844200.0
2017-07-28,MSFT,66.15001048656964,66.73258881880268,66.03167665013784,66.48681640625,18306700.0
2017-07-31,MSFT,66.7234879967608,66.85092656709982,65.91333982322797,66.17731475830078,23600100.0
2017-08-01,MSFT,66.54141929507094,66.83270841014706,65.98614833431951,66.06807708740234,22132300.0
2017-08-02,MSFT,66.04077630520003,66.04987409930712,65.0303655688343,65.77679443359375,26499200.0
2017-08-03,MSFT,65.71307063894255,65.94064048385384,65.40357203852535,65.6766586303711,18214400.0
2017-08-04,MSFT,65.90423388690066,66.48681218212054,65.75858584065513,66.15911102294922,22579000.0
2017-08-07,MSFT,66.26834902136625,66.35937558052655,65.77679726804308,65.90423583984375,18705700.0
2017-08-08,MSFT,65.62203188577152,66.56872319811518,65.31254025503915,66.25923156738281,22044600.0
2017-08-09,MSFT,65.76766351665076,66.00433802196862,65.585610478639,65.96792602539062,22213400.0
2017-08-10,MSFT,65.44909437677133,65.71307625280602,64.94843789724325,65.00305938720703,24734500.0
2017-08-11,MSFT,65.18512150201433,66.17732291405956,64.88472757281671,65.99526977539062,21443700.0
2017-08-14,MSFT,66.5050103077193,67.10579804134213,66.40487901878217,66.98745727539062,20096600.0
2017-08-15,MSFT,67.34434585572784,67.34434585572784,66.8410290492881,67.00575256347656,19181400.0
2017-08-16,MSFT,67.1155742953688,67.8110744642509,66.96000400210944,67.3992691040039,18150400.0
2017-08-17,MSFT,67.33522408356264,67.60061245194441,66.25537109375,66.25537109375,22977500.0
2017-08-18,MSFT,66.13642363478812,66.65804731044399,65.82528287262554,66.33775329589844,18761500.0
2017-08-21,MSFT,66.31942190913068,66.32857515711589,65.614768433803,66.02658081054688,17734800.0
2017-08-22,MSFT,66.20959963198582,67.02406410336259,66.20959963198582,66.95085906982422,14343700.0
2017-08-23,MSFT,66.76783924200988,66.94171605975373,66.37433332629912,66.54821014404297,13766500.0
2017-08-24,MSFT,66.56650422961584,66.67632226058251,65.95336926595444,66.520751953125,17098300.0
2017-08-25,MSFT,66.6763231128409,67.1247345267252,66.32857648315876,66.63971710205078,12794300.0
2017-08-28,MSFT,66.85932525610987,66.88677801013833,66.3926144738651,66.64884948730469,14569700.0
2017-08-29,MSFT,66.11810571175825,66.9508768997089,65.93508260634778,66.85021209716797,11478400.0
2017-08-30,MSFT,66.81358479003703,67.9117370363493,66.648861254902,67.72871398925781,16897800.0
2017-08-31,MSFT,67.74703857973083,68.59810932932977,67.5365626958501,68.42423248291016,27652800.0
2017-09-01,MSFT,68.36929631996178,68.39674907670276,67.39010843220673,67.6646499633789,21736200.0
2017-09-05,MSFT,67.11557446675825,67.61889833668494,66.78613436684854,67.36266326904297,21556000.0
2017-09-06,MSFT,67.48163469984327,67.7561762910291,67.12473482043131,67.17049407958984,16535800.0
2017-09-07,MSFT,67.42672660998586,68.26864388417465,67.35351459086968,68.03070831298828,17471200.0
2017-09-08,MSFT,68.02155726148095,68.12222203521301,67.57313891235381,67.70126342773438,14703800.0
2017-09-11,MSFT,68.0032799493956,68.57981607943118,68.0032799493956,68.41509246826172,17910400.0
2017-09-12,MSFT,68.41506993142231,68.8543280952534,68.05817005510356,68.34185791015625,14394900.0
2017-09-13,MSFT,68.57063109154053,68.84517264371773,68.22288450974688,68.82686614990234,13380800.0
2017-09-14,MSFT,68.63471534867519,69.08312686735893,68.19545009841457,68.42423248291016,15733900.0
2017-09-15,MSFT,68.47912261255068,68.99159275205768,67.78362243616115,68.91838073730469,38578400.0
2017-09-18,MSFT,68.84519434386395,69.52238820897045,68.67131750721994,68.78113555908203,23307000.0
2017-09-19,MSFT,68.82687832021416,69.2844430001639,68.64385524098743,69.03736114501953,16093300.0
2017-09-20,MSFT,68.95497989867829,69.13800991738918,68.00324474702563,68.57978057861328,21587900.0
2017-09-21,MSFT,68.73537635789711,68.85434067778218,67.82024687048737,67.91175842285156,19186100.0
2017-09-22,MSFT,67.71039756653681,68.18626859020485,67.58228005598326,68.09475708007812,14111400.0
2017-09-25,MSFT,67.80191794492322,67.94834196578228,66.73121847444732,67.04236602783203,24149200.0
2017-09-26,MSFT,67.41756536299057,67.54568289030146,66.79527723810277,67.04236602783203,18019600.0
2017-09-27,MSFT,67.30774847759879,67.87512405439692,66.95999494923245,67.58228302001953,19565100.0
2017-09-28,MSFT,67.29861445904714,67.69212036596898,67.08813163269606,67.6006088256836,10883800.0
2017-09-29,MSFT,67.66468219650774,68.21375853853202,67.60976967498617,68.16799926757812,17079100.0
2017-10-02,MSFT,68.36930541287845,68.64384698056384,67.9941060510493,68.27779388427734,15304800.0
2017-10-03,MSFT,68.33270365764002,68.52487997422675,67.89344550026536,67.95750427246094,12190400.0
2017-10-04,MSFT,67.80194512592192,68.37848121182898,67.45419840979649,68.35102844238281,13317700.0
2017-10-05,MSFT,68.83603000977956,69.65964781141284,68.5980944266671,69.52237701416016,21195300.0
2017-10-06,MSFT,69.24784082393039,69.57728797029459,69.12887651403129,69.54983520507812,13959800.0
2017-10-09,MSFT,69.522382561222,70.05315929594455,69.42171776733036,69.81522369384766,11386500.0
2017-10-10,MSFT,69.85182970816128,70.12636434268846,69.6779528856424,69.81522369384766,13944500.0
2017-10-11,MSFT,69.87927568818144,69.9707872241381,69.50406931431165,69.9341812133789,15388900.0
2017-10-12,MSFT,69.99826245680705,70.73036894323846,69.88845137116176,70.57479858398438,16876500.0
2017-10-13,MSFT,71.00488739889423,71.26112949785659,70.7303527656881,70.91337585449219,15335700.0
2017-10-16,MSFT,70.84932396743505,71.20622391264052,70.78526518193365,71.05980682373047,12380100.0
2017-10-17,MSFT,70.8950641414684,71.03233492539684,70.69373458929097,71.00487518310547,16824000.0
2017-10-18,MSFT,71.07807598334638,71.2427995016923,70.80354144069051,71.0231704711914,13300700.0
2017-10-19,MSFT,70.9865666970326,71.3160137440641,70.78523717030433,71.29771423339844,15092800.0
2017-10-20,MSFT,71.67295681643927,72.2677925094483,71.58144524410375,72.12136840820312,22866400.0
2017-10-23,MSFT,72.28606550312661,72.60635937970002,72.07558966218532,72.1396484375,20627200.0
2017-10-24,MSFT,72.20371264304838,72.4782472799513,71.80105346399732,72.16710662841797,17517200.0
2017-10-25,MSFT,71.91087460824183,72.38673885518662,71.38925109556533,71.95662689208984,20410800.0
2017-10-26,MSFT,72.47822887715768,72.67955841556405,72.06642353542219,72.07557678222656,32120700.0
2017-10-27,MSFT,77.20944512524447,78.884126081662,76.51394505031135,76.69696807861328,71066700.0
2017-10-30,MSFT,76.5963258214326,77.17286179553592,76.05640284200325,76.77020263671875,31756700.0
2017-10-31,MSFT,77.20031343526804,77.20031343526804,76.05640173427354,76.1204605102539,27086600.0
2017-11-01,MSFT,76.57802519065172,76.65123721516727,75.84591890926205,76.1204605102539,22307400.0
2017-11-02,MSFT,76.27603879732365,77.2918330525151,76.06556293219889,76.91663360595703,23992900.0
2017-11-03,MSFT,76.94409500996973,77.36505376935798,76.32180663046438,76.9990005493164,17633500.0
2017-11-06,MSFT,77.05388316753555,77.5114478110052,76.94407212150755,77.30097198486328,19860900.0
2017-11-07,MSFT,77.57550745870037,77.69447873575201,76.80680220028576,77.1179428100586,17939700.0
2017-11-08,MSFT,76.99899385185299,77.42910582434887,76.71530594739139,77.38334655761719,18034200.0
2017-11-09,MSFT,76.97153067910033,77.11794774545723,75.86422499634769,76.9532241821289,21178400.0
2017-11-10,MSFT,76.67867245266751,76.96236025546992,76.16620236195833,76.75188446044922,19397800.0
2017-11-13,MSFT,76.55971140356412,76.8159464597195,76.37668137639484,76.80679321289062,14196900.0
2017-11-14,MSFT,76.41330961216535,76.96238588964849,75.93744536684895,76.91663360595703,18801300.0
2017-11-15,MSFT,76.76946527315523,76.97180594436432,76.05208072392053,76.31880187988281,19383100.0
2017-11-16,MSFT,76.42916992695879,76.7234817380464,76.28201752988853,76.5211410522461,20962800.0
2017-11-17,MSFT,76.44758094058173,76.44758094058173,75.63821806421102,75.7853775024414,22079000.0
2017-11-20,MSFT,75.78536073095984,75.9601037540021,75.64740054238682,75.90492248535156,16315000.0
2017-11-21,MSFT,76.0980860864125,77.10978273543118,76.0980860864125,76.99942016601562,21237500.0
2017-11-22,MSFT,77.10057308541384,77.16495357532041,76.37398926107,76.43836975097656,20553100.0
2017-11-24,MSFT,76.34640076233218,76.73268371258582,76.1348608513186,76.57633209228516,7425600.0
2017-11-27,MSFT,76.6223087051093,77.23852995848891,76.61311650476624,77.13735961914062,18265200.0
2017-11-28,MSFT,77.32130134458636,78.2318273756663,77.27531227539224,78.06627655029297,21926000.0
2017-11-29,MSFT,77.9099285178625,78.10306998683792,76.50274994607939,76.64990234375,27381100.0
2017-11-30,MSFT,76.80626919388013,77.73518678449203,76.6499105448825,77.41328430175781,33054600.0
2017-12-01,MSFT,76.88902596835317,78.00189262775271,76.53953291549144,77.49604797363281,29532100.0
2017-12-04,MSFT,77.64321421292556,77.65241343139007,74.22183470669327,74.57133483886719,39094900.0
2017-12-05,MSFT,74.81043585273461,76.04287112874037,74.47934127415303,75.04036712646484,26152300.0
2017-12-06,MSFT,75.00359901844058,76.46595883824645,74.89322945928755,76.13485717773438,26162100.0
2017-12-07,MSFT,75.91412261398065,76.15325314258213,75.41747013932223,75.86813354492188,23184500.0
2017-12-08,MSFT,76.91660779461333,77.79035085214026,76.64069447403561,77.40406799316406,24489100.0
2017-12-11,MSFT,77.52364718671419,78.51695220513025,77.36729556815256,78.38819122314453,22857900.0
2017-12-12,MSFT,78.46173046242802,79.14233195354254,78.25019766090278,78.7100601196289,23924100.0
2017-12-13,MSFT,78.85722738057987,79.09635786911498,78.33298435910194,78.49853515625,22062700.0
2017-12-14,MSFT,78.5721276114763,78.97680896289891,77.74437349126946,77.89153289794922,19306000.0
2017-12-15,MSFT,78.4157834075802,80.09887542445843,78.0662832921939,79.87814331054688,53936700.0
2017-12-18,MSFT,80.12644814051872,80.47594113018381,79.30789341495017,79.44584655761719,22283800.0
2017-12-19,MSFT,79.4182717294624,79.4182717294624,78.42496680296928,78.94001770019531,23524800.0
2017-12-20,MSFT,79.28029766219947,79.37227578210029,77.90990928241081,78.6548843383789,23674900.0
2017-12-21,MSFT,79.14235679712147,79.18833884726175,78.54453400972609,78.63650512695312,17990700.0
2017-12-22,MSFT,78.54453584036617,78.75606871322388,78.10306464366201,78.64570617675781,14145800.0
2017-12-26,MSFT,78.46175385981242,78.66409452470121,78.20423192884354,78.5445327758789,9891200.0
2017-12-27,MSFT,78.77447723300271,79.07798828103711,78.37899505382238,78.82965850830078,14678000.0
2017-12-28,MSFT,79.00439511396286,79.03198574691288,78.68249270130207,78.8388442993164,10594300.0
2017-12-29,MSFT,78.75608124168873,79.14237123161061,78.6365194691818,78.67330932617188,18717400.0
2018-01-02,MSFT,79.21593535154082,79.38148618159725,78.63651095481676,79.05038452148438,22483800.0
2018-01-03,MSFT,79.15155276127561,79.56543333390027,79.06878085691875,79.41827392578125,26061400.0
2018-01-04,MSFT,79.63899517027336,80.62310778985463,79.62060375523768,80.11725616455078,21912000.0
2018-01-05,MSFT,80.62311196696939,81.31290584615176,80.41157208989713,81.11056518554688,23407100.0
2018-01-08,MSFT,81.1197872794323,81.4692874645285,80.56795337611314,81.19336700439453,22113000.0
2018-01-09,MSFT,81.5336351675501,81.60721486291023,80.80705146399727,81.13815307617188,19484300.0
2018-01-10,MSFT,80.80708405196984,81.11059515502119,80.39321037831712,80.77029418945312,18652200.0
2018-01-11,MSFT,81.05539673254475,81.05539673254475,80.23684169035815,81.00941467285156,17808900.0
2018-01-12,MSFT,81.55203440637554,82.57292997235957,81.3496937331972,82.40737915039062,24271500.0
2018-01-16,MSFT,82.86722450467084,83.50183702619276,80.94500254374965,81.25770568847656,36599700.0
2018-01-17,MSFT,81.92913844862522,83.03280609668973,81.62562738947577,82.90404510498047,25621200.0
2018-01-18,MSFT,82.59131234198878,83.39146864508182,82.46255139627392,82.86722564697266,24159700.0
2018-01-19,MSFT,82.90403716345706,83.33630917290769,82.462572953299,82.77527618408203,36875000.0
2018-01-22,MSFT,82.77526906919721,84.26522643854351,82.5361385493634,84.25602722167969,23601600.0
2018-01-23,MSFT,84.52276611328125,84.89065767862903,84.19166440616306,84.52276611328125,23412800.0
2018-01-24,MSFT,85.12056780989315,85.92992343833319,84.22843326683576,84.44916534423828,33277500.0
2018-01-25,MSFT,85.04698911416199,85.75517442027561,84.55033667144298,84.91822814941406,26383200.0
2018-01-26,MSFT,85.64481668553067,86.50935363769531,85.14816421499522,86.50935363769531,29172200.0
2018-01-29,MSFT,87.50265052657227,87.7877630786822,86.19664249290906,86.38058471679688,31569900.0
2018-01-30,MSFT,85.81036184490877,86.14146347007718,84.70668742203196,85.2953109741211,38635100.0
2018-01-31,MSFT,86.22423905002036,87.74178706069002,86.00350696279733,87.38309478759766,48756300.0
2018-02-01,MSFT,87.1807438953469,88.35799091176672,86.06787735585796,86.69329071044922,47227900.0
2018-02-02,MSFT,86.12308137824279,86.4265924283938,84.1548696868141,84.41239166259766,47867800.0
2018-02-05,MSFT,83.29033946822165,85.75520410173274,80.93584442138672,80.93584442138672,51031500.0
2018-02-06,MSFT,79.91495151789421,84.1364953904821,78.4066021953743,83.99853515625,67998600.0
2018-02-07,MSFT,83.22592048532535,84.40316746446057,82.03947429064971,82.41656494140625,41107600.0
2018-02-08,MSFT,82.5085341293745,82.66488570520217,77.95589789804686,78.18582916259766,55628700.0
2018-02-09,MSFT,79.37226097690481,81.79113491647627,77.10053937122488,81.1013412475586,63499100.0
2018-02-12,MSFT,81.6163902277474,82.57290501929835,80.87141526248767,81.97508239746094,35720300.0
2018-02-13,MSFT,81.79117281234417,82.77527862194945,80.75188572908073,82.61892700195312,26407700.0
2018-02-14,MSFT,81.78726678093133,84.07889560579135,81.69486364362217,83.91256713867188,34960900.0
2018-02-15,MSFT,84.28219993700782,85.67751079358638,83.73701640656893,85.6220703125,27823900.0
2018-02-16,MSFT,85.42803245586843,86.39828337793764,84.8274083183028,85.01221466064453,30596900.0
2018-02-20,MSFT,84.53169849953919,85.99168525713296,84.0973959194674,85.6775131225586,30911700.0
2018-02-21,MSFT,85.91776474979562,86.26889954702081,84.54093170166016,84.54093170166016,26922500.0
2018-02-22,MSFT,85.05839724126503,85.68674850866587,84.42080354422218,84.76270294189453,24392800.0
2018-02-23,MSFT,86.49066558372857,86.92496813785755,85.34485102915376,86.91572570800781,26329200.0
2018-02-26,MSFT,87.22989341350915,88.2001369230107,87.0912851836068,88.17241668701172,30199800.0
2018-02-27,MSFT,88.46811298885646,88.56051612761406,87.04508209228516,87.04508209228516,25869100.0
2018-02-28,MSFT,87.63648705863406,88.44040932124332,86.51839265540829,86.64775848388672,31167300.0
2018-03-01,MSFT,86.85103397949682,87.38698205782441,84.8643347580464,85.79762268066406,37135600.0
2018-03-02,MSFT,84.62410413002264,86.07485554957388,83.9587901197988,85.98245239257812,32830400.0
2018-03-05,MSFT,85.3263564611165,87.10976452415015,85.25243818045402,86.52761840820312,23901600.0
2018-03-06,MSFT,87.17444927443293,87.31305750971401,85.88079121156342,86.23192596435547,22175800.0
2018-03-07,MSFT,86.08406707940098,86.80482131511762,85.40951088064443,86.73089599609375,26716100.0
2018-03-08,MSFT,87.10975585991332,87.87671522600101,86.6477331646663,87.25760650634766,25887800.0
2018-03-09,MSFT,88.05229483198872,89.20735168457031,87.78432079620089,89.20735168457031,36937300.0
2018-03-12,MSFT,89.17038692629052,89.82645835716865,88.74532686050642,89.41987609863281,26073700.0
2018-03-13,MSFT,89.63241795148544,89.85418690852516,86.83256107541916,87.23914337158203,35387800.0
2018-03-14,MSFT,87.89521383561674,88.16318788678146,86.39825753080598,86.72167205810547,32132000.0
2018-03-15,MSFT,86.42599545620382,87.39624628657492,85.77916626922935,87.02662658691406,27611000.0
2018-03-16,MSFT,87.48865160906345,88.13548081200781,86.78637486735988,87.41472625732422,49081300.0
2018-03-19,MSFT,86.6200397712735,86.76789046352128,85.11384785602169,85.83460235595703,33344100.0
2018-03-20,MSFT,85.98244005235989,86.64774691718975,85.93623495553888,86.05635833740234,23075200.0
2018-03-21,MSFT,85.87155192407741,86.90648546214253,85.20623801031468,85.45573425292969,24457100.0
2018-03-22,MSFT,84.33763040076025,84.78117534649422,82.84992361901482,82.97004699707031,38604700.0
2018-03-23,MSFT,82.70208172728512,83.58916466295189,80.46589305300583,80.55829620361328,44068900.0
2018-03-26,MSFT,83.72777473814205,86.860288846375,83.53372600266577,86.65699768066406,56396800.0
2018-03-27,MSFT,87.72888472151247,87.91369100722773,81.78727169195523,82.67435455322266,56569000.0
2018-03-28,MSFT,82.99778089477907,84.30068865926589,82.11994033778943,82.6004409790039,52501100.0
2018-03-29,MSFT,83.3304249961197,85.28016160077323,81.68562510402134,84.33763122558594,45867500.0
2018-04-02,MSFT,83.59839403974992,83.97724901305776,80.86322031937621,81.79650115966797,48515400.0
2018-04-03,MSFT,82.7760100277572,83.21031260604194,81.21437064198659,82.89613342285156,37213800.0
2018-04-04,MSFT,81.17738917766125,85.71445559844452,81.06650823859991,85.3171157836914,35560000.0
2018-04-05,MSFT,85.41879745743044,86.0009437833412,84.45778896313402,85.36334991455078,29771900.0
2018-04-06,MSFT,84.54093273801065,85.43725812734291,82.68360609713334,83.37664031982422,38026000.0
2018-04-09,MSFT,84.12510659467954,86.09332105193137,83.73700916083968,83.8756103515625,31533900.0
2018-04-10,MSFT,85.37257514530569,86.194975191566,84.67954092318236,85.82535552978516,26812000.0
2018-04-11,MSFT,85.02143600612344,86.20421322354785,84.53169297546253,84.88282775878906,24872100.0
2018-04-12,MSFT,85.40954451903166,87.0081466854737,85.40954451903166,86.47219848632812,26758900.0
2018-04-13,MSFT,86.90650309184494,87.02662649790037,85.41878891341595,86.01017761230469,23346100.0
2018-04-16,MSFT,86.92498422426422,87.47017488775838,86.32435307122851,87.01738739013672,20288100.0
2018-04-17,MSFT,87.78432757016371,89.2073585683427,87.67343956579238,88.77305603027344,26771000.0
2018-04-18,MSFT,88.91166094528484,89.37368370467632,88.26482485219204,89.11495208740234,21043300.0
2018-04-19,MSFT,89.11494952177993,89.6970956438864,88.09849384045617,88.81001281738281,23552500.0
2018-04-20,MSFT,88.62522486046105,88.81003117713907,86.90649932570095,87.78433990478516,31154400.0
2018-04-23,MSFT,88.4681195122334,88.97634738773681,87.44242838160518,88.10774230957031,22331800.0
2018-04-24,MSFT,88.93014446172948,89.14267804665059,85.39105525556225,86.04712677001953,34524800.0
2018-04-25,MSFT,86.21343979493052,86.21343979493052,83.42281870159779,85.29862976074219,33729300.0
2018-04-26,MSFT,86.44446105971308,87.92293247905914,86.02863634651999,87.10053253173828,42529000.0
2018-04-27,MSFT,90.1868611101914,90.46407764691796,86.77713718794699,88.54206085205078,48272800.0
2018-04-30,MSFT,89.01331331759467,89.07799622685539,86.07484806134876,86.41674041748047,41523600.0
2018-05-01,MSFT,86.13029728585327,88.05231399890465,85.74219979088399,87.78433990478516,31408900.0
2018-05-02,MSFT,87.77510018492943,87.94142869504036,86.11182213372933,86.40751647949219,27471000.0
2018-05-03,MSFT,85.8992813161426,87.71965234364822,85.42801606868831,86.92497253417969,31142500.0
2018-05-04,MSFT,86.23193474917386,88.12623104121072,85.86231510073881,87.93218231201172,22531300.0
2018-05-07,MSFT,87.9414312830542,89.36446256701277,87.8767483633247,88.91168212890625,24242000.0
2018-05-08,MSFT,88.56976906635501,88.8562279953753,87.83977219870397,88.53280639648438,23484600.0
2018-05-09,MSFT,88.71763303365299,89.60471609368709,87.83054997361889,89.57699584960938,27327400.0
2018-05-10,MSFT,90.0574724195726,90.51025273474404,89.67861743542318,90.47329711914062,22388100.0
2018-05-11,MSFT,90.3716536601258,90.4363365638024,89.66937709884566,90.27924346923828,16778300.0
2018-05-14,MSFT,90.4825447871688,91.19406385755369,89.91887639890854,90.58419036865234,19454100.0
2018-05-15,MSFT,89.85417525987188,90.41784353378472,89.02253296640156,89.9281005859375,24594000.0
2018-05-16,MSFT,90.35500788131046,90.39213075533549,89.66825241300842,90.16011810302734,17384700.0
2018-05-17,MSFT,89.79817397706762,90.52205227945322,88.93508667488544,89.25990295410156,17246700.0
2018-05-18,MSFT,89.10213228191465,89.95593705979779,89.10213228191465,89.42694854736328,17865800.0
2018-05-21,MSFT,90.02092212959856,90.958255363169,89.83531481306385,90.57775115966795,19422500.0
2018-05-22,MSFT,90.65200426458884,91.10674718327532,90.206536756155,90.48495483398438,15441200.0
2018-05-23,MSFT,89.75177470200997,91.62644092138044,89.38983552627826,91.5614776611328,21251200.0
2018-05-24,MSFT,91.62647348703013,91.82136333704028,89.84461028035602,91.23668670654295,26649300.0
2018-05-25,MSFT,91.22740027011844,91.85847512360968,90.81905563536944,91.2830810546875,18363900.0
2018-05-29,MSFT,90.80047033531292,91.76564384117565,90.23436596444952,90.95824432373048,28671000.0
2018-05-30,MSFT,91.23665273232618,92.10902256697098,90.86543815461404,91.83060455322266,22158500.0
2018-05-31,MSFT,92.14615029702637,92.79578292272308,91.51507556900758,91.72852325439452,34140900.0
2018-06-01,MSFT,92.13687235656568,93.60319416177286,92.03478621313576,93.5382308959961,28655600.0
2018-06-04,MSFT,93.9744374996253,94.53126663172728,93.59393322640122,94.3549346923828,27281600.0
2018-06-05,MSFT,94.66118486084474,94.96744333470636,94.22499983694472,94.83751678466795,23514400.0
2018-06-06,MSFT,95.1066379821328,95.21799953361742,94.568366881741,95.11591339111328,21122900.0
2018-06-07,MSFT,95.26441907009514,95.30154195293332,93.15773972194036,93.62176513671876,28232200.0
2018-06-08,MSFT,93.81663895827812,94.61476310199232,93.30621533736814,94.31778717041016,22165100.0
2018-06-11,MSFT,93.74241813205184,94.28068224269768,93.4268771619129,93.779541015625,23490900.0
2018-06-12,MSFT,93.82590035260756,94.15071659842438,93.50108410679074,94.02079010009766,18325200.0
2018-06-13,MSFT,94.4013245578546,94.67046012824623,93.32478227628803,93.59391784667967,29492900.0
2018-06-14,MSFT,94.33636434328318,94.68902109497796,93.73312991289912,94.12290954589844,25691800.0
2018-06-15,MSFT,94.2064347974158,94.224992697244,92.8700394348938,92.92572021484376,65738600.0
2018-06-18,MSFT,92.81436106800756,93.83521551626828,92.26680742255752,93.60320281982422,23586000.0
2018-06-19,MSFT,92.4802622186909,93.73312936339563,92.34105318473136,93.60320281982422,28653100.0
2018-06-20,MSFT,94.0765095857676,95.14376231236214,93.84449689207914,94.54053497314452,26180800.0
2018-06-21,MSFT,94.73539923874476,95.08805588908218,93.62173436108456,93.86302947998048,23198200.0
2018-06-22,MSFT,93.18557739257812,93.51966914204806,92.46169187407529,93.18557739257812,38923100.0
2018-06-25,MSFT,92.80507536576351,92.90716151510308,90.29934116307405,91.3109130859375,35433300.0
2018-06-26,MSFT,91.70997587684896,92.87932181770438,91.64501260682732,91.9512710571289,26897200.0
2018-06-27,MSFT,92.41529623547164,92.8236337545161,90.39214529861948,90.5220718383789,31298400.0
2018-06-28,MSFT,90.37355955997629,91.97909011888488,90.26219802602768,91.53362274169922,26650700.0
2018-06-29,MSFT,91.81205926421748,92.7215520976185,91.2552302407209,91.51508331298828,28053200.0
2018-07-02,MSFT,91.04178116317922,92.86075986352716,90.94897750019052,92.81436157226562,19564500.0
2018-07-03,MSFT,93.25052879877232,93.38973072648396,91.8213300037306,91.92341613769533,14670300.0
2018-07-05,MSFT,92.34106409861374,92.73084377539644,91.9048790448713,92.58235931396484,18977400.0
2018-07-06,MSFT,92.7030013671571,94.13220056477316,92.49882904171676,93.88162994384766,19234600.0
2018-07-09,MSFT,94.33635771384182,94.8931867333479,93.9651360073494,94.52196502685548,18212000.0
2018-07-10,MSFT,94.66117622219916,95.13448408584044,94.53124968401768,94.77254486083984,19293100.0
2018-07-11,MSFT,93.87234003641169,94.97671567605168,93.82593466412636,94.6426239013672,19644600.0
2018-07-12,MSFT,95.37575110576944,96.8977605089926,95.33863531488984,96.69358825683594,24335900.0
2018-07-13,MSFT,96.860644234378,98.00214251395784,96.60078411727658,97.84437561035156,24635200.0
2018-07-16,MSFT,97.81655166741002,98.20633128788536,96.9998624658822,97.36180877685548,21786900.0
2018-07-17,MSFT,97.08338836983258,98.83740370004402,96.81425280587617,98.32697296142578,25901700.0
2018-07-18,MSFT,98.3177030252555,98.4197891786622,97.1854799278105,97.55670166015624,29493900.0
2018-07-19,MSFT,97.38034681045926,97.7330034788786,96.41517336585142,96.88848114013672,40171600.0
2018-07-20,MSFT,100.30375480299404,100.41511639263156,98.447652784051,98.6239776611328,56004000.0
2018-07-23,MSFT,98.65179426657436,100.35940419099228,98.4940202631834,100.2016372680664,29707000.0
2018-07-24,MSFT,100.758462873596,100.9904755455054,99.54271873853948,99.9139404296875,26316600.0
2018-07-25,MSFT,100.19234986705848,103.15283378143926,99.85825105814244,102.8558578491211,30702100.0
2018-07-26,MSFT,102.77232230528706,103.0136174457982,101.6215415343685,101.73291015625,31372100.0
2018-07-27,MSFT,102.25262176173544,102.25262176173544,98.5032962544902,99.9324951171875,37005300.0
2018-07-30,MSFT,99.4777481327014,99.79328194459038,97.22258484494236,97.7886962890625,34668300.0
2018-07-31,MSFT,98.82813664589592,99.04159146460223,97.79799959830964,98.44763946533205,27655200.0
2018-08-01,MSFT,98.40121181883418,98.79099140255308,97.83510034132898,98.63322448730467,23628700.0
2018-08-02,MSFT,97.81653801707952,100.31298940214222,97.29682484850647,99.83040618896484,26104300.0
2018-08-03,MSFT,100.04390181996456,100.27591457271916,99.13440871376098,100.26663208007812,18659600.0
2018-08-06,MSFT,100.34082987790626,100.61924079979698,99.82111674554184,100.35010528564452,20265900.0
2018-08-07,MSFT,100.74918189563336,101.25033012413172,100.38724268846208,101.04615783691406,16080200.0
2018-08-08,MSFT,101.4637897324434,101.85356934634784,100.93480109058304,101.61227416992188,15487500.0
2018-08-09,MSFT,101.8164426412747,102.23406970945088,101.7143564966404,101.7793197631836,13677200.0
2018-08-10,MSFT,101.54729603634028,101.79787366607422,100.58212255238482,101.1575164794922,18183700.0
2018-08-13,MSFT,101.38026094215842,101.6958018758714,100.3222836640868,100.42436981201172,18472500.0
2018-08-14,MSFT,100.749195269001,101.85357801620138,100.26661195553652,101.67724609375,16788300.0
2018-08-15,MSFT,101.0716799695474,101.53749102107156,99.5158727633078,100.2984390258789,29982800.0
2018-08-16,MSFT,100.89468207750905,101.41638820905452,99.96305992391324,100.2798080444336,21384300.0
2018-08-17,MSFT,100.0189494709643,100.52202625912888,99.39476436827796,100.22390747070312,18061500.0
2018-08-20,MSFT,100.15869178606764,100.52202382856036,99.19912218114013,99.5624542236328,17914200.0
2018-08-21,MSFT,99.60903446581422,100.0096322581083,98.6121990907168,98.73331451416016,22881900.0
2018-08-22,MSFT,98.61219432908564,100.00030921817454,98.54698106873148,99.7394561767578,18000600.0
2018-08-23,MSFT,99.82329990196216,100.78286943607527,99.56244687611144,100.20526123046876,18167700.0
2018-08-24,MSFT,100.30774389537036,101.13688694693622,100.20526490178696,100.98783111572266,17234000.0
2018-08-27,MSFT,101.79832934102028,102.14303202804128,101.09030176271834,102.10576629638672,19662300.0
2018-08-28,MSFT,102.4225461606116,102.94425231416082,102.2828014101357,102.72066497802734,19151500.0
2018-08-29,MSFT,102.8976744005522,104.36963925755737,102.7299821116818,104.36032104492188,20818000.0
2018-08-30,MSFT,104.03422906442836,104.90995603598638,103.8199599805654,104.29508209228516,22798700.0
2018-08-31,MSFT,104.05289408798494,105.0683589552395,103.89451289949602,104.64913177490234,23222700.0
2018-09-04,MSFT,103.27029954991292,104.30440056127516,102.68338023577972,104.07149505615234,22634600.0
2018-09-05,MSFT,103.41936199301728,103.80132332359184,100.70833851458,101.07167053222656,32872400.0
2018-09-06,MSFT,100.8480878698027,101.53748620318744,100.15868953641798,101.30458068847656,23477600.0
2018-09-07,MSFT,100.82947321619756,101.28596610124356,99.8978510219002,100.8108367919922,22498600.0
2018-09-10,MSFT,101.39776388338817,102.14306453827147,100.95058917662922,101.90084075927734,20727900.0
2018-09-11,MSFT,101.45365172408124,103.95971042907188,101.44433351258996,103.6336441040039,24301800.0
2018-09-12,MSFT,103.81064202764873,104.20192157040417,102.95355147464764,104.07149505615234,18891100.0
2018-09-13,MSFT,104.45349355229432,105.95340600549548,104.45349355229432,105.1894760131836,26055600.0
2018-09-14,MSFT,105.60870089116209,105.95340368917108,104.75161011027434,105.6180191040039,19122300.0
2018-09-17,MSFT,105.91610863397028,105.92541973652146,104.21123864913366,104.47209167480467,20736500.0
2018-09-18,MSFT,104.51868928740004,105.92543358948788,104.08082574802609,105.46894073486328,22170900.0
2018-09-19,MSFT,105.3198827337354,105.57141757689006,103.4473202961614,104.06218719482422,21728400.0
2018-09-20,MSFT,104.6025505590179,106.01862043333765,104.27648417602128,105.8043441772461,23714500.0
2018-09-21,MSFT,106.20493504164284,107.406728580566,105.748442135571,106.44715881347656,71229700.0
2018-09-24,MSFT,105.30124944942492,107.04338541169668,104.5466377897588,106.82910919189452,27334500.0
2018-09-25,MSFT,106.950211273216,107.22969361598464,105.97200530424588,106.62413787841795,22668000.0
2018-09-26,MSFT,106.6427950759153,107.19244876584496,105.96270773802752,106.1863021850586,19352000.0
2018-09-27,MSFT,106.93157915899005,107.0526945760084,106.39123665707874,106.58688354492188,19091300.0
2018-09-28,MSFT,106.38193693798134,106.73595080071384,105.90680764526986,106.54962921142578,21647800.0
2018-10-01,MSFT,106.90363081900536,107.77003961452672,106.88500150529738,107.70482635498048,18883100.0
2018-10-02,MSFT,107.41604327549676,107.91911301232652,106.61484760911844,107.27629852294922,20787200.0
2018-10-03,MSFT,107.5278350596829,108.23586993791932,107.07134216147747,107.29492950439452,16648000.0
2018-10-04,MSFT,106.77321933093434,106.91296408040952,103.9969820886142,105.07766723632812,34821700.0
2018-10-05,MSFT,104.92859486481096,105.43167165317764,103.07466887065956,104.46278381347656,29068900.0
2018-10-08,MSFT,104.02494356070186,104.3696392433174,101.86357312323906,103.27032470703124,29640600.0
2018-10-09,MSFT,103.54048112576368,105.3478303004216,103.2237330188758,104.58390045166016,26198600.0
2018-10-10,MSFT,103.63365960739618,103.87588338841697,98.5563210651286,98.9010238647461,61376300.0
2018-10-11,MSFT,98.14637765972611,101.4815861725152,97.07501092310582,98.6680908203125,63904300.0
2018-10-12,MSFT,101.5560910199083,103.63360358427778,99.7953264452701,102.07779693603516,47742100.0
2018-10-15,MSFT,101.46297598197236,101.99400034521736,99.63699023735155,100.24254608154295,32068100.0
2018-10-16,MSFT,102.04989713165062,103.79203321280478,101.50023633499656,103.41006469726562,31610200.0
2018-10-17,MSFT,104.04356724645947,104.16467557329408,102.05921452560354,103.139892578125,26548200.0
2018-10-18,MSFT,102.571595270802,102.97219307171096,100.45681615939796,101.08100128173828,32506200.0
2018-10-19,MSFT,101.48160688897951,103.27963802564292,100.81083776537466,101.23007202148438,32785500.0
2018-10-22,MSFT,101.84492745148158,102.9815075480795,100.83877387996417,102.13372802734376,26545600.0
2018-10-23,MSFT,100.40091412557544,101.5188649495755,97.92280294831062,100.7083511352539,43770400.0
2018-10-24,MSFT,100.99716854059726,101.0716929165259,94.643498160518,95.3235855102539,63897800.0
2018-10-25,MSFT,99.26433753453978,101.79834367443904,98.89168727323585,100.8946762084961,61646800.0
2018-10-26,MSFT,98.46313676373248,101.3138979629816,97.59672797270608,99.64629364013672,55523100.0
2018-10-29,MSFT,100.7176748969787,101.26732857392436,94.6807600162986,96.74896240234376,55162000.0
2018-10-30,MSFT,96.57195561799315,97.24271759646788,93.26469413770624,96.63716888427734,65350900.0
2018-10-31,MSFT,98.23024346077084,100.74562046596915,98.18365950938409,99.50656127929688,51062400.0
2018-11-01,MSFT,99.73015920317836,99.9816940694064,98.31408948098742,98.67742156982422,33384200.0
2018-11-02,MSFT,99.19914270765094,99.98170200488345,97.80170929883816,98.9010238647461,37680200.0
2018-11-05,MSFT,99.0966428079584,100.37296050346526,98.65877929489368,100.15869140625,27922100.0
2018-11-06,MSFT,100.03757676581957,101.39774415478183,99.01279389552876,100.35433197021484,24340200.0
2018-11-07,MSFT,101.956713285798,104.56525060406317,101.91944755311695,104.3043975830078,37901700.0
2018-11-08,MSFT,104.15534096146504,104.53730228002146,103.32619796187662,104.10875701904295,25644100.0
2018-11-09,MSFT,103.27027166301656,103.82924330282536,101.3231855776788,102.07779693603516,32039200.0
2018-11-12,MSFT,101.93808626241496,102.44116303841544,98.84510124189217,99.5624542236328,33621800.0
2018-11-13,MSFT,100.19595266843776,101.30457805641318,99.34817320521508,99.6276626586914,35374600.0
2018-11-14,MSFT,101.14340774799876,101.29311464777986,97.74701276641638,98.21483612060548,39495100.0
2018-11-15,MSFT,98.2335506343939,100.86272286540328,97.2230575659847,100.37618255615234,38505200.0
2018-11-16,MSFT,100.1890732302161,101.8732333917908,99.92709323653244,101.32120513916016,33502100.0
2018-11-19,MSFT,101.30246433882108,101.57380273647784,96.88621794288454,97.88735961914062,44773900.0
2018-11-20,MSFT,95.24883135586276,96.3435362177465,92.95649279161178,95.16461944580078,64052500.0
2018-11-21,MSFT,96.93300563699796,97.70959418287946,95.66052543650396,96.47454071044922,28130600.0
2018-11-23,MSFT,95.59503495517306,97.1294951860587,95.43597670721488,96.43711853027344,13823100.0
2018-11-26,MSFT,98.04642972961533,99.76801642748327,97.84994475682076,99.61831665039062,32336200.0
2018-11-27,MSFT,99.4311630940194,100.42295336462016,98.57972838241696,100.24517822265624,29124500.0
2018-11-28,MSFT,100.94694307721193,104.16557068498466,100.9188748124682,103.96908569335938,46788500.0
2018-11-29,MSFT,103.22993562711468,103.9690976166171,102.0135916669876,103.09894561767578,28123200.0
2018-11-30,MSFT,103.57612340055104,103.8287520962516,102.3223598063701,103.75389862060548,33665600.0
2018-12-03,MSFT,105.72808228502042,106.1210522050718,103.60416731276514,104.87664031982422,34732800.0
2018-12-04,MSFT,104.73630196877636,105.3912518539766,101.24633636741918,101.53638458251952,45197000.0
2018-12-06,MSFT,99.01015916524184,102.2100699952234,98.24292895796404,102.16329193115234,49107400.0
2018-12-07,MSFT,101.40540148856748,102.4065433172814,97.58796782391283,98.07450103759766,45044900.0
2018-12-10,MSFT,98.05579599048662,101.03115335779512,97.20435390228052,100.66624450683594,40801500.0
2018-12-11,MSFT,102.73402956267572,103.81001775643406,100.5259023702065,101.60189056396484,42381900.0
2018-12-12,MSFT,103.75388234444064,104.1094255903541,102.02293703757942,102.06036376953124,36183000.0
2018-12-13,MSFT,102.5281862086454,103.73517153321606,101.6393173949254,102.40654754638672,31333400.0
2018-12-14,MSFT,101.28377167394228,102.2287769927059,98.71074283234098,99.20663452148438,47043100.0
2018-12-17,MSFT,98.6265336031472,98.99143528773176,95.1646361253914,96.2686996459961,56957300.0
2018-12-18,MSFT,97.07336187060982,97.78445548403378,95.92251309017917,97.27920532226562,49319200.0
2018-12-19,MSFT,96.97977756172538,100.00191227055944,94.82778739224072,97.01720428466795,68198200.0
2018-12-20,MSFT,96.41841321682328,97.5973231383496,92.42319706750445,94.9775161743164,70334200.0
2018-12-21,MSFT,95.08977787557288,96.37161650965814,91.18813259029544,91.90858459472656,111242100.0
2018-12-24,MSFT,91.39397465391517,91.6653130675158,87.93208454078325,88.07242584228516,43935200.0
2018-12-26,MSFT,89.017434450094,94.21027695616014,87.91337095954383,94.08863830566406,51634800.0
2018-12-27,MSFT,92.90973347017926,94.67810541533932,90.19635622393604,94.6687469482422,49498500.0
2018-12-28,MSFT,95.52017737630304,95.81959120202131,93.11556541124668,93.92958068847656,38196300.0
2018-12-31,MSFT,94.77165805845593,95.81022649895426,93.97635976630964,95.03363800048828,33173800.0
2019-01-02,MSFT,93.1436446281424,95.20206479537764,92.57289949171086,94.61260986328124,35329300.0
2019-01-03,MSFT,93.6582317189333,93.7424436325408,90.94485490538372,91.13198852539062,42579100.0
2019-01-04,MSFT,93.30271218719452,95.91316795571504,92.56355026233724,95.37049102783205,44060600.0
2019-01-07,MSFT,95.09914125882104,96.62424299027651,94.48161807579945,95.49211120605467,35656100.0
2019-01-08,MSFT,96.40904725208507,97.27919906273624,95.16463529327083,96.18449401855467,31514400.0
2019-01-09,MSFT,97.1762716635842,98.13062820412024,96.59616811091756,97.55988311767578,32280800.0
2019-01-10,MSFT,96.5774630752603,97.07335473319615,95.791516057491,96.9330062866211,30067600.0
2019-01-11,MSFT,96.54939569994856,96.78330740024812,95.09914030272373,96.18449401855467,28314200.0
2019-01-14,MSFT,95.34239388611878,96.24997226756568,94.74358060858178,95.48274230957033,28437100.0
2019-01-15,MSFT,95.91316398131302,98.28970792089758,95.32370187639646,98.25228118896484,31587600.0
2019-01-16,MSFT,98.48618428887448,99.42183109003462,98.205487393159,98.59845733642578,29853900.0
2019-01-17,MSFT,98.24291317192788,99.76801487324238,98.0183599405778,99.29084014892578,28393000.0
2019-01-18,MSFT,100.54459174710584,100.95627857211822,99.09434367080635,100.77850341796876,37427600.0
2019-01-22,MSFT,99.88029985007604,100.20777481534334,98.11192789921378,98.87915802001952,32371300.0
2019-01-23,MSFT,99.29082924058092,100.15162248153604,98.5610188266396,99.84285736083984,25874300.0
2019-01-24,MSFT,99.983222483155,100.11421247045404,98.56103528045266,99.36569213867188,23164800.0
2019-01-25,MSFT,100.3387493775169,100.9375626900766,99.36567596000296,100.27325439453124,31225600.0
2019-01-28,MSFT,99.42184318624786,99.62768664969413,97.92480954993792,98.31777954101562,29476700.0
2019-01-29,MSFT,98.13060969684862,98.21482160012974,95.59500834862742,96.31546020507812,31490500.0
2019-01-30,MSFT,97.88737767865446,99.53411102294922,97.6160392309377,99.53411102294922,49471900.0
2019-01-31,MSFT,97.12013981771992,98.44875654849314,96.54003623713147,97.7095947265625,55636400.0
2019-02-01,MSFT,97.10142593470664,97.40083263186976,95.76345069522982,96.16577911376952,35535700.0
2019-02-04,MSFT,96.24998581387896,98.99143113591866,96.15641542613052,98.93528747558594,31315100.0
2019-02-05,MSFT,99.2346842701261,100.3668158925924,99.14112103011736,100.32003784179688,27325400.0
2019-02-06,MSFT,100.11421310957806,100.11421310957806,98.73881109573868,99.20663452148438,20609800.0
2019-02-07,MSFT,98.42069810799954,98.79495115122825,97.57861448389652,98.49554443359376,29760700.0
2019-02-08,MSFT,97.67214736669412,98.97269556114904,97.55051587931656,98.8697738647461,21461100.0
2019-02-11,MSFT,99.36569886625855,99.72124926021628,98.2148571658676,98.47683715820312,18914100.0
2019-02-12,MSFT,99.30955636445228,100.24520321705758,98.69203315371064,100.01129150390624,25056600.0
2019-02-13,MSFT,100.58202277889684,100.84400271933686,99.84286101070222,99.9364242553711,18394900.0
2019-02-14,MSFT,99.46860222595582,100.38553916819592,98.86043755825308,100.02063751220705,21784700.0
2019-02-15,MSFT,100.96564332268883,101.3305449808762,100.45103475938964,101.25569152832033,26606900.0
2019-02-19,MSFT,100.85337248550329,101.667387796007,100.84401401846245,101.20891571044922,18038500.0
2019-02-20,MSFT,101.34987718381134,101.4250503314656,99.87463821339932,100.68273162841795,21607700.0
2019-02-21,MSFT,100.44781480098752,102.87209489839476,100.41962666456044,102.80632019042967,29063200.0
2019-02-22,MSFT,103.40767859732853,104.4882619316208,103.19155762912727,104.27214813232422,27763200.0
2019-02-25,MSFT,105.01446577002685,105.40911396699464,104.54464443966386,104.85472106933594,23750600.0
2019-02-26,MSFT,104.54464916002046,106.40513769767531,104.4600775889062,105.57825469970705,21536700.0
2019-02-27,MSFT,104.94870235661116,105.5782612864626,104.1875868447184,105.39972686767578,21487100.0
2019-02-28,MSFT,105.27754876207936,106.06684503751336,104.98626187503632,105.26815032958984,29083900.0
2019-03-01,MSFT,106.0762709305597,106.19842190893112,104.92990561279368,105.73799896240234,23501200.0
2019-03-04,MSFT,106.1984066830746,106.4145276418749,104.11240607038502,105.48428344726562,26608000.0
2019-03-05,MSFT,105.4748904461263,105.60643984733515,104.51645807033258,104.95808410644533,19538300.0
2019-03-06,MSFT,105.11783325412598,105.86015186027753,104.70438816490108,105.00507354736328,17687000.0
2019-03-07,MSFT,104.67620643096195,104.81715428080749,103.23855413412969,103.72716522216795,25339000.0
2019-03-08,MSFT,102.57138872051958,104.0278304358787,102.23311681409594,103.83990478515624,22818400.0
2019-03-11,MSFT,104.29094349869374,106.132642369858,104.28155223310416,106.01988983154295,26491600.0
2019-03-12,MSFT,106.01048999751696,107.10987024500496,105.8507524577428,106.76220703125,26132700.0
2019-03-13,MSFT,107.241433271911,108.05892511226205,106.91255971622006,107.58910369873048,35513800.0
2019-03-14,MSFT,107.62665193746516,108.2468122546062,107.42932787433377,107.6736297607422,30763400.0
2019-03-15,MSFT,108.37840577327972,110.17312710580102,107.67367361695264,108.91400909423828,54681100.0
2019-03-18,MSFT,109.158291803173,110.51137959842036,109.04553926617236,110.47379302978516,31207600.0
2019-03-19,MSFT,110.96238805275766,111.29126868857384,109.9287826557889,110.5489501953125,37588700.0
2019-03-20,MSFT,110.30462975952524,111.582544101271,109.66567258865236,110.4267807006836,28113300.0
2019-03-21,MSFT,110.06976542200609,113.52765147676224,110.02278041085664,112.9638671875,29854400.0
2019-03-22,MSFT,112.28730552214324,112.37186992623192,109.97578528128656,109.98518371582033,33624500.0
2019-03-25,MSFT,109.52474459239774,110.88723073129488,109.29923236450956,110.55835723876952,27067100.0
2019-03-26,MSFT,111.46042705620825,111.5449914637493,109.79725535218049,110.79328155517578,26097700.0
2019-03-27,MSFT,110.76508040070443,111.07516421645624,108.5475230250512,109.72207641601562,22733400.0
2019-03-28,MSFT,110.35164104923356,110.48319045380126,109.12070423662882,109.87242126464844,18334800.0
2019-03-29,MSFT,110.94360787339669,111.17851853690168,109.900603953922,110.82145690917967,25399800.0
2019-04-01,MSFT,111.7704984898254,111.9208447658488,110.97180361293992,111.83627319335938,22789100.0
2019-04-02,MSFT,111.873851693975,112.2685070556212,111.36644380234804,111.99600982666016,18142300.0
2019-04-03,MSFT,112.62557397175928,113.1611700210368,111.95842851872273,112.72893524169922,22860700.0
2019-04-04,MSFT,112.85111071537747,112.97326888032512,111.2349237823695,112.15577697753906,20112800.0
2019-04-05,MSFT,112.18393386944004,112.9732374124314,112.16514417101602,112.65375518798828,15826200.0
2019-04-08,MSFT,112.5786007576444,112.77592488394492,111.47922041015336,112.6913604736328,15116200.0
2019-04-09,MSFT,111.46982764341668,112.32490606977387,111.42284980271178,112.08059692382812,17612000.0
2019-04-10,MSFT,112.5316146577548,113.0860004239597,112.3248921114055,112.93566131591795,16477200.0
2019-04-11,MSFT,113.26455437045593,113.55584137114757,112.68197320016635,113.06723022460938,14209100.0
2019-04-12,MSFT,113.35850094397703,113.67798320725164,113.10480055544288,113.64978790283205,19745100.0
2019-04-15,MSFT,113.64039025552708,114.24176100908056,113.29271987626136,113.7437515258789,15792600.0
2019-04-16,MSFT,114.298120576374,114.30751900927952,112.85107017178768,113.48062896728516,14071800.0
2019-04-17,MSFT,113.92226341106084,114.49544595343816,113.26451647828549,114.42027282714844,19300900.0
2019-04-18,MSFT,114.81493509545452,116.06465434326424,113.97865372941985,115.92371368408205,27991000.0
2019-04-22,MSFT,115.2189919030442,116.5156962645373,115.17200689989168,116.2901840209961,15648700.0
2019-04-23,MSFT,116.60966465127404,118.00033908525296,116.35596426132996,117.86878967285156,24025500.0
2019-04-24,MSFT,118.19764174972124,118.2540180108303,117.0042916509502,117.4647216796875,31257000.0
2019-04-25,MSFT,122.2099213966424,123.44085098045554,121.05416494575492,121.35484313964844,38033900.0
2019-04-26,MSFT,121.8716365189339,122.64215029620046,121.2326864636658,122.0501708984375,23654900.0
2019-04-29,MSFT,122.05959040494422,122.32268923420278,121.54279835035042,121.93744659423828,16324200.0
2019-04-30,MSFT,121.97502040602684,122.81130186165755,121.58037218022687,122.71734619140624,24166500.0
2019-05-01,MSFT,122.6515612573132,122.764313793925,119.9923706790094,120.16150665283205,26821700.0
2019-05-02,MSFT,120.25547195404762,120.27426165311287,117.94394467926575,118.59230041503906,27350200.0
2019-05-03,MSFT,119.67288314475454,121.61793588792014,119.56952188434808,121.11992645263672,24911100.0
2019-05-06,MSFT,118.76144843462455,120.80047151310346,118.4983496075828,120.41521453857422,24239800.0
2019-05-07,MSFT,118.8272209441428,119.50376486911462,116.7224231978234,117.94395446777344,36017700.0
2019-05-08,MSFT,117.86877272757172,118.74264065226777,117.22041702472826,117.9345474243164,28419000.0
2019-05-09,MSFT,116.7881888638694,118.19765287549863,116.1116449912626,117.92515563964844,27235800.0
2019-05-10,MSFT,117.37078610606736,120.2085042202484,116.34657172172498,119.456787109375,30915100.0
2019-05-13,MSFT,116.61905292538538,117.9721406709432,115.61363555025692,115.90492248535156,33944900.0
2019-05-14,MSFT,116.39353639477912,118.2822129395221,116.23379169761566,117.20162963867188,25266300.0
2019-05-15,MSFT,117.19220889978928,119.502852302543,116.66405628553342,118.8520965576172,24722700.0
2019-05-16,MSFT,119.54057618530489,122.02098880117526,119.2670702560236,121.59657287597656,30112200.0
2019-05-17,MSFT,121.0118470204102,123.0395657012684,120.64403042485117,120.78550720214844,25770500.0
2019-05-20,MSFT,119.32365002405018,120.33278907320177,118.60688333925702,119.04071807861328,23706900.0
2019-05-21,MSFT,120.181905575469,120.27621623344382,119.38025418952007,119.68205261230467,15293300.0
2019-05-22,MSFT,119.41799136313176,120.94585007268154,119.32367350065476,120.40826416015624,15396500.0
2019-05-23,MSFT,119.0218576045165,119.1067422292162,117.6449019203884,119.00299835205078,23603800.0
2019-05-24,MSFT,119.6914590606036,120.17244546730647,118.80492324399457,119.05956268310548,14123400.0
2019-05-28,MSFT,119.75748967485922,120.719469783704,118.88038698939434,118.984130859375,23128400.0
2019-05-29,MSFT,118.24850256739,118.25793579164932,116.98472394342744,117.83353424072266,22763100.0
2019-05-30,MSFT,118.13533763374024,118.6068981303833,117.68263639096838,118.57860565185548,16829600.0
2019-05-31,MSFT,117.16391438853874,117.53173096960305,116.30567090242772,116.64519500732422,26646800.0
2019-06-03,MSFT,116.80553794460616,117.29596490889058,112.2408356203234,113.02362060546876,37983600.0
2019-06-04,MSFT,114.38168302946914,116.26792452321484,113.78751954929774,116.15475463867188,29382600.0
2019-06-05,MSFT,117.84295396842124,118.71063066784006,117.14504651482568,118.67290496826172,24926100.0
2019-06-06,MSFT,119.24819378924208,120.69116743214,118.45596859199114,120.54969787597656,21459000.0
2019-06-07,MSFT,121.84178219391802,124.72772962794798,120.96467233974084,123.9260711669922,33885600.0
2019-06-10,MSFT,124.86921798098136,126.4536687865883,124.49197532725267,125.05785369873048,26477100.0
2019-06-11,MSFT,126.26501173316532,126.60453578180704,123.81289200509944,124.58625793457033,23913700.0
2019-06-12,MSFT,123.9260563796068,124.46364209558156,123.27531517362482,124.01094818115234,17092500.0
2019-06-13,MSFT,124.47311299895388,125.43510050596628,124.07700388215704,124.79378509521484,17200800.0
2019-06-14,MSFT,124.73716367619096,126.18013748598996,124.15243332972886,124.9163589477539,17821700.0
2019-06-17,MSFT,125.08614473290542,126.12356921411472,124.99182687512068,125.29363250732422,14517800.0
2019-06-18,MSFT,126.55739297122072,127.54767277168736,125.97266263171277,127.47222137451172,25934500.0
2019-06-19,MSFT,127.32132828717874,128.19842386331072,126.19901205380964,127.97208404541016,23744400.0
2019-06-20,MSFT,129.63197614056992,129.83003787884442,128.00038087061822,129.16041564941406,33042600.0
2019-06-21,MSFT,128.81144370863893,129.89602689853749,128.6982738149818,129.17926025390625,36727900.0
2019-06-24,MSFT,129.20752806064533,130.52789120418356,129.20752806064533,129.9431610107422,20628800.0
2019-06-25,MSFT,129.44331950783055,129.76397710052322,125.18040980133205,125.84059143066406,33327400.0
2019-06-26,MSFT,126.70830302100477,128.0192405413714,126.00096232172312,126.31217956542967,23657700.0
2019-06-27,MSFT,126.51021966392378,127.04780541109147,125.91604897302912,126.51964569091795,16557500.0
2019-06-28,MSFT,126.91576596285807,126.94405843402694,125.58596225439948,126.34046173095705,30043000.0
2019-07-01,MSFT,128.8586229198593,128.92463390459372,127.29303865361554,127.962646484375,22613500.0
2019-07-02,MSFT,128.37763563629107,128.82090369112822,127.6420023518561,128.8114776611328,15237800.0
2019-07-03,MSFT,129.01895514578754,129.9054911846708,128.53795422760638,129.64141845703125,13629300.0
2019-07-05,MSFT,128.20783898785004,129.51877627445242,128.00035126845566,129.26412963867188,18141100.0
2019-07-08,MSFT,128.6416705891053,129.30186665783538,127.6702573222246,129.16983032226562,16779700.0
2019-07-09,MSFT,128.26446121303454,129.17928977148654,128.0758398835453,128.69830322265625,19953100.0
2019-07-10,MSFT,129.3301833172079,130.69770584654648,129.22643943479554,130.0092315673828,24204400.0
2019-07-11,MSFT,130.33930228681356,131.30128961053194,130.0280706705846,130.52792358398438,22327900.0
2019-07-12,MSFT,130.95235192435405,131.21642464364177,130.16011937560694,130.99949645996094,18936800.0
2019-07-15,MSFT,131.5087898406472,131.6030933027449,130.58453532314013,130.99949645996094,16651500.0
2019-07-16,MSFT,131.05607652152622,131.1409539421897,128.75485939988272,129.2830047607422,22726100.0
2019-07-17,MSFT,129.86772930214644,130.08464305339308,128.47191456887074,128.51907348632812,20211000.0
2019-07-18,MSFT,127.839996906421,128.8491284391012,127.0100461947753,128.66050720214844,30381800.0
2019-07-19,MSFT,132.24445469405325,132.66885635227752,128.6888837707502,128.84921264648438,48992400.0
2019-07-22,MSFT,129.59427075853463,131.27302512580252,129.5188193454019,130.55624389648438,25074900.0
2019-07-23,MSFT,131.81053163312706,132.02745973545242,130.17893700281385,131.3672637939453,18034600.0
2019-07-24,MSFT,130.99950103300492,132.7348546086114,130.95235649575224,132.7159881591797,20738300.0
2019-07-25,MSFT,132.44243473151045,132.61220394299596,131.39558455601656,132.21609497070312,18356900.0
2019-07-26,MSFT,132.38587652901236,133.62136260921432,132.3198655490715,133.3007049560547,19037600.0
2019-07-29,MSFT,133.45159924618142,133.46102527389118,131.442747246086,133.00833129882812,16605900.0
2019-07-30,MSFT,132.1689731748998,133.18754555722603,131.84831549645008,132.36703491210938,16846500.0
2019-07-31,MSFT,132.34814157341756,132.49904435292876,127.39675744889549,128.51907348632812,38598800.0
2019-08-01,MSFT,129.20759977453332,132.92349947205085,129.14157438527096,130.20730590820312,40557500.0
2019-08-02,MSFT,130.23555156042286,130.4524797120907,127.56651789282414,129.1132354736328,30791600.0
2019-08-05,MSFT,125.71800061953849,126.3121569145877,123.34133226669928,124.69000244140624,42749600.0
2019-08-06,MSFT,126.18956138723084,127.96261864176836,125.63312358902176,127.02893829345705,32696700.0
2019-08-07,MSFT,126.18013292815006,127.93433829505418,124.33162411022316,127.58538818359376,33414500.0
2019-08-08,MSFT,128.8303559262844,131.08441491804373,128.19845208650713,130.99009704589844,27496500.0
2019-08-09,MSFT,130.72596967933129,131.45217669708933,128.69826579299587,129.87716674804688,23466700.0
2019-08-12,MSFT,129.2736298852801,130.0186893018294,127.54771636112324,128.06642150878906,20484300.0
2019-08-13,MSFT,128.31159174080213,130.90517402211208,127.32131199158016,130.716552734375,25154600.0
2019-08-14,MSFT,129.03218917746645,129.5620931859437,126.4867440150012,126.78008270263672,32527300.0
2019-08-15,MSFT,127.16807543092284,127.34786741626806,125.1430765095678,126.49622344970705,28074400.0
2019-08-16,MSFT,127.63170303241654,129.12679731764476,127.48029778962918,128.8145294189453,24449100.0
2019-08-19,MSFT,130.44215701336793,131.10453719319122,129.53373959617815,130.97206115722656,24355700.0
2019-08-20,MSFT,130.78279472179804,131.2559254227919,129.8649200067657,129.8838348388672,21170800.0
2019-08-21,MSFT,131.10452575731034,131.99401382354478,130.58407907613025,131.3316192626953,14970300.0
2019-08-22,MSFT,131.20858424508518,131.71955895086975,128.96593533505185,130.37586975097656,18697000.0
2019-08-23,MSFT,129.81758210656008,130.9152486126461,125.6634958315282,126.22178649902344,38508600.0
2019-08-26,MSFT,127.73583987402743,128.2752013988544,126.70440390759688,128.17111206054688,20312600.0
2019-08-27,MSFT,129.06060558214665,129.3728736102259,127.42357722779605,128.44554138183594,23102100.0
2019-08-28,MSFT,127.63171107894944,128.46441108918015,126.37318199168313,128.27516174316406,17393300.0
2019-08-29,MSFT,129.87437380079524,131.00042714796504,129.55264839840464,130.69761657714844,20168700.0
2019-08-30,MSFT,131.67230079530856,131.70068748926707,128.94707710364324,130.45162963867188,23940100.0
2019-09-03,MSFT,129.26879191180686,129.82708276526384,128.40769042940715,128.7294158935547,18869300.0
2019-09-04,MSFT,129.9216950134586,130.29073638731955,129.14575372345155,130.2339630126953,17995900.0
2019-09-05,MSFT,131.63442250588605,132.8361785137353,131.30322524395183,132.52391052246094,26101800.0
2019-09-06,MSFT,132.50500103443846,132.6469344885703,130.77334070000464,131.62498474121094,20824500.0
2019-09-09,MSFT,132.08863656852438,132.240041870684,129.1268479536001,130.1298828125,25773900.0
2019-09-10,MSFT,129.4485670781148,129.53372714187452,127.28162030820413,128.7672576904297,28903400.0
2019-09-11,MSFT,128.60646885167208,128.94712374118902,127.83052709934556,128.80517578125,24726100.0
2019-09-12,MSFT,130.4421508336526,130.98151236924028,129.51480418702818,130.1298828125,27010000.0
2019-09-13,MSFT,130.3759155389344,130.64086761851087,129.23094714622312,129.94064331054688,23363100.0
2019-09-16,MSFT,128.53071441647882,129.35395738521586,128.36985167769146,129.00384521484375,16731400.0
2019-09-17,MSFT,129.59998094212014,130.12988507006756,129.098449065165,130.00686645507812,17814200.0
2019-09-18,MSFT,129.97845946854483,131.21805952545353,129.19306081626476,131.0761260986328,23982100.0
2019-09-19,MSFT,132.7604950650766,134.7192489168912,132.54285895683168,133.48912048339844,35772100.0
2019-09-20,MSFT,133.43232404235206,134.03793080267528,130.82064759573402,131.9467010498047,39167300.0
2019-09-23,MSFT,131.74794080309454,132.12645394054223,131.00040081968507,131.66278076171875,17139300.0
2019-09-24,MSFT,132.81724556763135,133.1295135502643,129.52426006528748,129.9973907470703,29773200.0
2019-09-25,MSFT,130.11095524333092,132.43876486839468,128.71994969398878,131.87100219726562,21382000.0
2019-09-26,MSFT,131.9467033158957,132.64692757150533,131.00044183421406,132.04132080078125,17456600.0
2019-09-27,MSFT,132.61858027322558,132.81730159647788,129.30666410361715,130.32862854003906,22477700.0
2019-09-30,MSFT,130.63142918340864,131.7385536279767,130.37593448425983,131.5587615966797,17280900.0
2019-10-01,MSFT,132.15486932334264,132.71316007868177,129.63781055814192,129.7040557861328,21466600.0
2019-10-02,MSFT,128.92811704834605,129.04166379707252,126.40160081755964,127.41409301757812,30521700.0
2019-10-03,MSFT,127.6979678489094,129.40124118739985,126.0609397363503,128.9564971923828,24132900.0
2019-10-04,MSFT,129.40124311299635,130.820635176393,129.08897512639277,130.69761657714844,22897700.0
2019-10-07,MSFT,129.77031782504656,130.7544235555265,129.6567710512083,129.7513885498047,15303700.0
2019-10-08,MSFT,129.7135198142711,130.3569706622819,128.33197176000724,128.37928771972656,25550500.0
2019-10-09,MSFT,130.07310496994796,131.24645992440614,129.60943166254842,130.81118774414062,19749900.0
2019-10-10,MSFT,131.047764629733,132.16434630571698,130.82065666431697,131.62498474121094,17654600.0
2019-10-11,MSFT,132.59010905145118,133.45121017192574,132.00343175296493,132.1737518310547,25446000.0
2019-10-14,MSFT,132.1832572684401,132.75100544512486,132.02239456310593,132.05078125,13304300.0
2019-10-15,MSFT,132.53338562580973,134.17041400568684,132.29682024680068,133.96224975585938,19695700.0
2019-10-16,MSFT,133.2241324920144,133.41339631785604,132.03184835874671,132.86456298828125,20751600.0
2019-10-17,MSFT,133.37554222971096,133.82028624544105,131.5492646475538,132.18325805664062,21460600.0
2019-10-18,MSFT,132.24949306427663,132.47660100682907,129.22145935759556,130.02578735351562,32273500.0
2019-10-21,MSFT,131.00991132990816,131.05722729611554,129.6472923604472,130.99098205566406,20078200.0
2019-10-22,MSFT,131.50200399404298,132.4861099166559,128.93762815335432,129.04171752929688,27431000.0
2019-10-23,MSFT,129.52428971160091,130.06365130410842,128.32253346194244,129.8649444580078,29844600.0
2019-10-24,MSFT,131.89939883307514,132.87404708892518,131.21808935186658,132.4198455810547,37029300.0
2019-10-25,MSFT,131.85205567325806,133.5553290249875,131.71957965916815,133.1673583984375,25959700.0
2019-10-28,MSFT,136.6401588615074,137.84191504487853,135.79798667917763,136.4414520263672,35280100.0
2019-10-29,MSFT,136.33733718681492,136.7347652215847,134.98417594668706,135.15451049804688,20589500.0
2019-10-30,MSFT,135.80744568493486,137.20790857093175,135.11666443894944,136.8388671875,18496600.0
2019-10-31,MSFT,137.1132602397693,137.14164692441986,135.30591208220838,135.6654815673828,24605100.0
2019-11-01,MSFT,136.5076636429936,136.6590689315044,135.28699279653247,135.99668884277344,33128400.0
2019-11-04,MSFT,137.04702598383813,137.20788867238403,136.41303264469778,136.78207397460938,16912000.0
2019-11-05,MSFT,137.17956399176896,137.22687996597492,136.17652886935866,136.6969757080078,18250200.0
2019-11-06,MSFT,136.61175914564606,136.7537070245888,135.50463499615046,136.31842041015625,16575800.0
2019-11-07,MSFT,136.11023186973287,137.09435177935313,136.04400108207145,136.50765991210938,17786700.0
2019-11-08,MSFT,136.24269476385365,138.14468917347034,136.03451612758914,138.11630249023438,16732700.0
2019-11-11,MSFT,137.52964485568222,138.5516090225391,136.95242475510946,138.25827026367188,14362600.0
2019-11-12,MSFT,138.41911715730924,139.63980245539213,138.21093849312152,139.1666717529297,18641600.0
2019-11-13,MSFT,138.8543916063246,139.53570091335743,138.4191050450751,139.3937530517578,16919200.0
2019-11-14,MSFT,139.11936428055844,140.4346671360793,139.10043500844046,140.1034698486328,19729800.0
2019-11-15,MSFT,140.92673797095122,141.92978742980915,140.30221626711236,141.91085815429688,23485700.0
2019-11-18,MSFT,142.00546036046342,142.45966180601263,140.9740244236987,142.2609405517578,21534000.0
2019-11-19,MSFT,142.77193136240143,143.19774612465324,142.12846607198227,142.30825805664062,23935700.0
2019-11-20,MSFT,142.71653051718937,143.21975444233186,140.9599988217842,142.06138610839844,25696800.0
2019-11-21,MSFT,141.85246079917468,142.2322619058404,140.99793366305576,141.9284210205078,18576100.0
2019-11-22,MSFT,142.48867469225863,142.7070513485023,141.30182299190173,142.0329132080078,15901800.0
2019-11-25,MSFT,142.4221842599477,143.70398971346074,142.34622402312368,143.5900421142578,22420900.0
2019-11-26,MSFT,143.7135043560251,144.71995231545992,143.6755314749622,144.3496551513672,24620100.0
2019-11-27,MSFT,144.63450485722754,144.79591495830078,143.86542723355166,144.62501525878906,15184400.0
2019-11-29,MSFT,144.41612593217906,144.6060193135359,143.63754423429873,143.7324981689453,11977300.0
2019-12-02,MSFT,144.1407721356058,144.15976582063908,140.82709125016626,141.9949493408203,27418400.0
2019-12-03,MSFT,140.03899571455364,141.88097718200572,139.24142044839056,141.7670440673828,24066000.0
2019-12-04,MSFT,142.55514365956435,142.59311654269516,141.6626287826511,142.27980041503906,17574700.0
2019-12-05,MSFT,142.46969103125002,142.72605507318448,141.92847966360355,142.35574340820312,17869100.0
2019-12-06,MSFT,143.36217026236042,144.1977038587485,142.67854264572176,144.08377075195312,16403500.0
2019-12-09,MSFT,143.43812729439733,144.52053524859164,143.28620683010584,143.71347045898438,16687400.0
2019-12-10,MSFT,143.64703846350994,144.21673311388275,143.14381446711988,143.49513244628906,16476100.0
2019-12-11,MSFT,143.88438018425694,144.1977107308099,142.7355160014967,144.0363006591797,18856600.0
2019-12-12,MSFT,143.98881851636642,145.68839798152246,143.39065521078382,145.49850463867188,24612100.0
2019-12-13,MSFT,145.27066789318906,147.0651873288227,145.10925777852694,146.72337341308594,23845400.0
2019-12-16,MSFT,147.27404064931557,148.024124479351,146.99869745518305,147.67282104492188,24144200.0
2019-12-17,MSFT,147.59684461237717,147.84371898824114,146.64736344473508,146.875244140625,25425600.0
2019-12-18,MSFT,146.5049702330823,147.62535123386945,146.39102262315123,146.57142639160156,24129200.0
2019-12-19,MSFT,146.22013048807054,147.9007165639386,145.98276014636912,147.84375,24958900.0
2019-12-20,MSFT,149.40090391753216,150.48331213280017,148.39444146479494,149.45787048339844,53477500.0
2019-12-23,MSFT,150.13199416339762,150.13199416339762,149.32494366706504,149.45787048339844,17718200.0
2019-12-24,MSFT,149.52433703673594,149.7427282049792,149.1825231298524,149.4293975830078,8989200.0
2019-12-26,MSFT,149.60026528341558,150.71115662111214,149.4483448044312,150.65419006347656,14520600.0
2019-12-27,MSFT,151.39483264183525,151.48978659351093,150.2269743735068,150.92959594726562,18412800.0
2019-12-30,MSFT,150.9580207722818,150.98650404916577,148.81218399413635,149.6287384033203,16348400.0
2019-12-31,MSFT,148.8502197444965,149.7997012504471,148.5463787083821,149.7332305908203,18369400.0
2020-01-02,MSFT,150.7586493016358,152.61013505752078,150.33138558688324,152.5056915283203,22622100.0
2020-01-03,MSFT,150.32190239946755,151.86954723170166,150.07502796286428,150.6067352294922,21116200.0
2020-01-06,MSFT,149.1445317269712,151.06248810455452,148.6033204049661,150.9960174560547,20813700.0
2020-01-07,MSFT,151.27139620215743,151.6037060270749,149.37243324398585,149.61929321289062,21634100.0
2020-01-08,MSFT,150.9011003331217,152.67664073690742,149.97061244271396,152.00250244140625,27746500.0
2020-01-09,MSFT,153.66405788565248,154.0248654340376,152.89498031182998,153.90142822265625,21385000.0
2020-01-10,MSFT,154.59454321052573,154.97432991321804,153.03738006085885,153.18930053710938,20725900.0
2020-01-13,MSFT,153.58814070127926,155.05984010091498,153.11339989416706,155.03135681152344,21626500.0
2020-01-14,MSFT,155.13577932217422,155.33517680880362,153.5501469800864,153.93943786621094,23477400.0
2020-01-15,MSFT,154.40463316070066,155.6579553399232,154.35717068949413,154.93634033203125,21417900.0
2020-01-16,MSFT,156.04722053124934,157.84173918417008,155.74337963292575,157.7752685546875,23865400.0
2020-01-17,MSFT,158.9621363784131,159.0096133346895,157.07266362690274,158.65830993652344,34371700.0
2020-01-21,MSFT,158.25953798746136,159.69326403956893,158.02216765967506,158.08863830566406,29517200.0
2020-01-22,MSFT,158.94318658850688,159.02865092857752,157.31007735957985,157.32907104492188,24138800.0
2020-01-23,MSFT,157.7943071736997,158.37349137414458,156.92078607413185,158.2975311279297,19680800.0
2020-01-24,MSFT,159.04764360030214,159.0666372872533,156.1422324781189,156.70242309570312,24918100.0
2020-01-27,MSFT,153.00891432015612,155.1262681697583,152.10690993192532,154.0818328857422,32078100.0
2020-01-28,MSFT,155.50606002902032,157.386029114127,154.83193635911937,157.1011962890625,24899900.0
2020-01-29,MSFT,159.36094890964196,160.22498042935823,157.3195697689756,159.55084228515625,34754500.0
2020-01-30,MSFT,165.25722163927998,165.25722163927998,162.16190335753365,164.05137634277344,51597500.0
2020-01-31,MSFT,163.51018671757376,163.69057600096366,161.0130461758437,161.6302032470703,36142700.0
2020-02-03,MSFT,161.82004910989713,165.6844439546216,161.7915658373062,165.5705108642578,30107000.0
2020-02-04,MSFT,168.19114861437248,171.51433379094814,167.40307724823202,171.02059936523438,36433300.0
2020-02-05,MSFT,174.733038337566,174.89444841618726,169.39695819420768,170.81167602539062,39186300.0
2020-02-06,MSFT,171.82760240815628,174.53362944198756,170.96357109695458,174.3532257080078,27751400.0
2020-02-07,MSFT,173.61270427083156,176.2522617760695,173.26138625148627,174.60015869140625,33529100.0
2020-02-10,MSFT,174.30575990590592,179.30002578710295,173.9924293723042,179.16709899902344,35844300.0
2020-02-11,MSFT,181.01861612373995,181.06609308949365,174.22983017110295,175.12234497070312,53159900.0
2020-02-12,MSFT,176.20476736113224,176.46113140653625,172.66320564680828,175.37872314453125,47062900.0
2020-02-13,MSFT,173.83105183407446,176.82191236947082,173.6316543706779,174.42922973632812,35295800.0
2020-02-14,MSFT,173.99247235841844,176.04335572798814,173.42277770422567,175.98638916015625,23149500.0
2020-02-18,MSFT,176.23325276599533,178.21766552222772,176.1288092268285,177.7714080810547,27792200.0
2020-02-19,MSFT,179.04715195867632,179.1613962650694,177.53335678894416,178.30453491210938,29997500.0
2020-02-20,MSFT,177.99038262590284,178.2760079740867,172.42075371010682,175.58163452148438,36862400.0
2020-02-21,MSFT,174.39150943819044,174.705695811561,168.7552293329656,170.031005859375,48572600.0
2020-02-24,MSFT,159.72960430957176,166.18467073776185,155.40717628325572,162.7000732421875,68311100.0
2020-02-25,MSFT,165.8514056385486,166.46073285003268,159.61531360581694,160.01519775390625,68073300.0
2020-02-26,MSFT,161.57658020435423,164.95643327525875,160.14846836228023,162.0145263671875,56206100.0
2020-02-27,MSFT,155.49279743909102,159.02498531537503,150.4087091199143,150.59912109375,93174900.0
2020-02-28,MSFT,145.10574080749583,155.86419021733548,144.71538660701916,154.2456512451172,97012700.0
2020-03-02,MSFT,157.3874578629097,164.63274652111016,154.5312339166153,164.50897216796875,71030800.0
2020-03-03,MSFT,165.47060721979446,166.6130941024236,154.48365562186393,156.62582397460938,71677000.0
2020-03-04,MSFT,160.41504106949054,162.51911762282631,157.68257731898743,162.37631225585938,49814400.0
2020-03-05,MSFT,158.0920102947307,162.6810028946942,157.74926281414156,158.3014678955078,47817300.0
2020-03-06,MSFT,154.81688787610258,155.292925288608,148.523672701681,153.8267364501953,72821100.0
2020-03-09,MSFT,143.76328229915575,150.1897866403432,142.8112075819428,143.4014892578125,70419300.0
2020-03-10,MSFT,150.5801493440142,153.31259928936166,145.26757037585006,153.20787048339844,65354400.0
2020-03-11,MSFT,149.5995195250043,150.14219461233048,143.90610170212486,146.2672576904297,56371600.0
2020-03-12,MSFT,138.33645927607344,146.1149079701268,131.93851601607352,132.3955078125,93226400.0
2020-03-13,MSFT,140.43102427946823,154.15042478211845,133.9854742160237,151.21803283691406,92727400.0
2020-03-16,MSFT,133.29043474929534,142.1923374524822,128.53006207967763,128.929931640625,87905900.0
2020-03-17,MSFT,133.29044104633834,140.43100038810647,128.53006815182624,139.5455780029297,81059800.0
2020-03-18,MSFT,131.3862914772269,139.00288808460238,128.54911330868097,133.6712646484375,81593200.0
2020-03-19,MSFT,135.92771236898116,142.95401395111134,132.3383865929663,135.87059020996094,85922700.0
2020-03-20,MSFT,139.00291200117317,140.05020002588367,129.34887472137007,130.76747131347656,84866200.0
2020-03-23,MSFT,130.4437399557186,133.8331378449838,126.1689341603844,129.46310424804688,78975200.0
2020-03-24,MSFT,136.86070967154618,142.4303513196159,134.49956897413122,141.23072814941406,82516700.0
2020-03-25,MSFT,141.77344860070977,146.9336917873563,137.5176734833681,139.87881469726562,75638200.0
2020-03-26,MSFT,141.28789935793438,149.15204677343388,141.25933827515485,148.62840270996094,64568100.0
2020-03-27,MSFT,144.4773451571793,147.46685932924893,142.0495516081798,142.5255889892578,57042300.0
2020-03-30,MSFT,145.1342488589376,152.90318078769192,142.82070011414092,152.5509033203125,63420300.0
2020-03-31,MSFT,151.760666028489,156.8828313704925,149.0567779967451,150.15167236328125,77927200.0
2020-04-01,MSFT,145.6674448705902,150.18980018520003,143.5919287730892,144.82009887695312,57969900.0
2020-04-02,MSFT,144.58208885937998,148.02859520469897,143.15397656899793,147.8191375732422,49630700.0
2020-04-03,MSFT,147.6667804454456,149.83750943261026,144.89623979452293,146.4576416015625,41243300.0
2020-04-06,MSFT,152.63662871229192,158.5204436100187,150.02793870466274,157.34939575195312,67111700.0
2020-04-07,MSFT,161.46235622358842,161.8527103645991,155.43572120612328,155.6547088623047,62769000.0
2020-04-08,MSFT,157.7301782832382,158.6822527688212,155.6641783928235,157.216064453125,48318200.0
2020-04-09,MSFT,158.38714875924393,159.34873898293552,155.502363560662,157.22561645507812,51385100.0
2020-04-13,MSFT,156.4735003826598,157.6350328097064,154.5217441222941,157.57789611816406,41905300.0
2020-04-14,MSFT,160.90063304210452,165.42298811281455,159.94855829037607,165.37538146972656,52874300.0
2020-04-15,MSFT,162.99519027424256,165.2516172547934,161.12913194567304,163.64260864257812,40940800.0
2020-04-16,MSFT,165.94662248113914,168.78380100859152,164.61370918973023,168.5552978515625,50479600.0
2020-04-17,MSFT,170.89741933389325,171.37345671365338,167.44138330803202,170.04055786132812,52765600.0
2020-04-20,MSFT,168.16497619786358,170.18337012056065,166.6035741104452,166.6702117919922,36669600.0
2020-04-21,MSFT,165.18495298161926,165.34680393000076,158.14912184782517,159.7771759033203,56203700.0
2020-04-22,MSFT,163.17607112940274,165.66098650812486,162.63339614169652,165.20399475097656,34620200.0
2020-04-23,MSFT,165.76571876652025,166.6701867832874,162.71908277595958,163.2046356201172,32790800.0
2020-04-24,MSFT,163.81396026372389,166.19414686415578,162.52866821599432,166.18463134765625,34277600.0
2020-04-27,MSFT,168.12691267316922,168.42205358456525,164.99459246600085,165.70864868164062,33194400.0
2020-04-28,MSFT,167.17478918130797,167.2509568988296,161.2719290846962,161.6717987060547,34392700.0
2020-04-29,MSFT,164.9183938130075,169.1646391773293,163.64261710014011,168.92662048339844,51286600.0
2020-04-30,MSFT,171.37347061957357,171.7542947432801,167.78414441722774,170.621337890625,53875900.0
2020-05-01,MSFT,167.37473740415624,170.07862610171935,165.67051553295815,166.2036895751953,39370500.0
2020-05-04,MSFT,166.12751167973556,170.42136314126972,165.47057784378438,170.26902770996094,30372900.0
2020-05-05,MSFT,171.96372550563353,174.84851064820512,171.2782305680416,172.09701538085938,36839200.0
2020-05-06,MSFT,173.35378650241677,175.37218048986895,172.92535573512856,173.79173278808594,32139300.0
2020-05-07,MSFT,175.34362420943816,175.70541730295008,173.82982867738997,174.8009490966797,28316000.0
2020-05-08,MSFT,176.11475736870673,176.13380292861683,174.57240114862012,175.82913208007812,30877800.0
2020-05-11,MSFT,174.37246159084364,178.52350753297063,174.08685082562172,177.79042053222656,30892700.0
2020-05-12,MSFT,177.84751493524746,178.0760035117733,173.56317979534458,173.7631072998047,32038200.0
2020-05-13,MSFT,173.80126472459057,175.2293769827589,168.0792856459235,171.1354522705078,44711500.0
2020-05-14,MSFT,169.03131304138955,172.03035665828403,167.26045375720105,171.87802124023438,41873900.0
2020-05-15,MSFT,170.4784768252257,178.0950736821285,168.51720545897413,174.38198852539062,46610400.0
2020-05-18,MSFT,176.84789609269052,177.2763268520163,175.14368857359156,176.04815673828125,35264500.0
2020-05-19,MSFT,176.1623510602996,177.65711506203405,174.69616266008333,174.82945251464844,26799100.0
2020-05-20,MSFT,176.44297810112155,177.43590168394044,175.61237082100766,177.25450134277344,31261300.0
2020-05-21,MSFT,177.0062391047125,178.218745508789,174.9917661551853,175.12542724609375,29119500.0
2020-05-22,MSFT,174.89633837713157,176.10884503151505,174.27575745211465,175.20184326171875,20826900.0
2020-05-26,MSFT,177.90373593128038,178.05649567052782,172.90097829867662,173.34970092773438,36073600.0
2020-05-27,MSFT,172.04168637143127,173.75065470607606,168.60468023193414,173.57879638671875,39517100.0
2020-05-28,MSFT,172.55720871041643,175.812813793565,172.2135067154607,173.18731689453125,33810200.0
2020-05-29,MSFT,174.45712104187402,175.92740760351523,172.2421637494854,174.95358276367188,42130400.0
2020-06-01,MSFT,174.27571828325208,174.71489875560292,173.24462678253732,174.55259704589844,22622400.0
2020-06-02,MSFT,175.90831405939235,176.6243587570561,173.13961372227922,176.53843688964844,30794600.0
2020-06-03,MSFT,176.4525023602853,177.52179103698336,175.26863663396563,176.96804809570312,27311000.0
2020-06-04,MSFT,175.95609226076186,177.42636462239412,174.0466393107112,174.63856506347656,28761800.0
2020-06-05,MSFT,174.35208395269206,179.23073513676752,173.76970042147488,178.7247314453125,39893600.0
2020-06-08,MSFT,177.52179393272417,180.0136299251493,176.08970461680087,179.8322296142578,33211600.0
2020-06-09,MSFT,179.48856656059746,182.06632497526755,178.78206376690073,181.2070770263672,29783900.0
2020-06-10,MSFT,182.4768798509931,189.5323080740531,182.36230276524785,187.92835998535156,43872300.0
2020-06-11,MSFT,184.3862436885804,186.8971632528805,177.645880216475,177.83682250976562,52854700.0
2020-06-12,MSFT,181.91356347610144,183.04014821353977,176.7962293435296,179.24034118652344,43373600.0
2020-06-15,MSFT,176.2233940561889,182.1808918134006,175.67919303595784,180.3860015869141,32770200.0
2020-06-16,MSFT,184.15715975098976,186.72537588920383,182.79190810253792,184.8063812255859,42556700.0
2020-06-17,MSFT,186.20025698099536,187.43186198574108,184.9209273187357,185.4460296630859,25687800.0
2020-06-18,MSFT,185.21689755377497,187.59417122560848,185.21689755377497,187.4318695068359,23061600.0
2020-06-19,MSFT,189.5990954500768,190.26740095716144,185.57014923426544,186.31483459472656,44441100.0
2020-06-22,MSFT,186.9258660699253,191.67085720535485,186.3912216436179,191.48947143554688,32818900.0
2020-06-23,MSFT,192.94065784911191,194.7164495650015,192.31053491844844,192.7688140869141,30917400.0
2020-06-24,MSFT,192.47283702212528,194.04812966453952,187.6610080841898,188.883056640625,36740600.0
2020-06-25,MSFT,188.84486850692,191.52764712810412,186.6203544390852,191.26986694335935,27803900.0
2020-06-26,MSFT,190.68745414699424,190.84021383073977,186.05704095618464,187.44139099121097,54675800.0
2020-06-29,MSFT,186.91635658226548,189.54185450751925,184.787320525546,189.4559326171875,26701600.0
2020-06-30,MSFT,188.92127153941016,195.14607740403173,188.78761042128565,194.29637145996097,34310300.0
2020-07-01,MSFT,193.9430939489472,197.00777168624572,192.6351236205007,195.43246459960935,32061200.0
2020-07-02,MSFT,196.3681166874613,198.6021875092701,195.7189097355974,196.92185974121097,29315800.0
2020-07-06,MSFT,199.375524371828,201.57139809916723,198.6690215611975,201.16085815429688,31897600.0
2020-07-07,MSFT,200.9221571381713,204.951103494478,198.5735384788071,198.82176208496097,33600700.0
2020-07-08,MSFT,200.55935767068064,203.60492228255777,199.24183073570933,203.19439697265625,33600000.0
2020-07-09,MSFT,206.5359071342689,206.5836463547509,201.8959375219358,204.61691284179688,33121700.0
2020-07-10,MSFT,203.94859866879057,204.3877791145161,201.5236006200323,203.996337890625,26177600.0
2020-07-13,MSFT,204.76966993541564,206.0299155036595,197.1509589891043,197.69515991210935,38135600.0
2020-07-14,MSFT,196.7977578100698,199.39461478768135,192.8833737365906,198.9172515869141,37591800.0
2020-07-15,MSFT,200.07244971421295,201.76231941702616,195.7475405543772,198.6212615966797,32179400.0
2020-07-16,MSFT,196.100780795123,196.3872016054385,193.1506799551989,194.6877899169922,29940700.0
2020-07-17,MSFT,195.2128812655641,195.75706766321048,192.2723226107304,193.6948699951172,31635300.0
2020-07-20,MSFT,195.71889626461103,202.6884013378712,193.8189856368911,202.0200958251953,36884800.0
2020-07-21,MSFT,203.98685897529617,204.25418121870496,198.6117443428135,199.2991485595703,37990400.0
2020-07-22,MSFT,199.72875959032635,202.68841725194093,198.95543353865747,202.1633148193359,49605700.0
2020-07-23,MSFT,197.80974046340648,201.37086541200424,192.99791184978267,193.37025451660156,67457000.0
2020-07-24,MSFT,191.3462527785989,193.67578739689665,188.5679956116307,192.18641662597656,39827000.0
2020-07-27,MSFT,192.34871831188457,194.73553417958752,191.7663346574463,194.6209716796875,30160900.0
2020-07-28,MSFT,194.39183650307967,195.43248474859328,192.60650285545827,192.8738250732422,23251400.0
2020-07-29,MSFT,193.33213155849023,195.38478786883624,192.86431029197777,194.82150268554688,19632600.0
2020-07-30,MSFT,191.9000005238427,195.203360176597,190.53474880627297,194.668701171875,25079600.0
2020-07-31,MSFT,195.1460861148151,195.814406303239,190.00011098536464,195.7284698486328,51044000.0
2020-08-03,MSFT,201.9437490161104,207.7866704087044,200.91264267012852,206.73646545410156,78983000.0
2020-08-04,MSFT,204.4737699271548,205.04661164641544,200.78852510543567,203.63360595703125,49280100.0
2020-08-05,MSFT,205.1706632320827,205.26614168330795,201.9914376714027,203.2994079589844,28806400.0
2020-08-06,MSFT,202.72656173379295,206.5741072287933,201.972334431106,206.55502319335935,32656800.0
2020-08-07,MSFT,205.12292518159745,205.9344336921622,201.3803857438252,202.86021423339844,27820400.0
2020-08-10,MSFT,202.0869244488363,202.28742339193712,197.00778784990837,198.82176208496097,36716500.0
2020-08-11,MSFT,197.78115211742505,198.2489587951998,193.9431473748633,194.1722869873047,36446500.0
2020-08-12,MSFT,195.9957812270536,200.75987132859507,195.48023536785797,199.71922302246097,28013100.0
2020-08-13,MSFT,199.9579066140326,201.78143759879455,198.7263013564412,199.25140380859375,22588900.0
2020-08-14,MSFT,199.3086759242567,200.1011005760824,198.11526793680267,199.4423370361328,17958900.0
2020-08-17,MSFT,200.11061982872903,201.62863100924193,199.461398429336,200.75982666015625,20184800.0
2020-08-18,MSFT,200.9985107365117,202.74566147426796,199.73827969640456,201.91505432128903,21336200.0
2020-08-19,MSFT,202.40314743769983,202.98693882389875,200.25938579261916,200.69004821777344,27627600.0
2020-08-20,MSFT,200.5369666654989,205.76238052182669,199.9340449690193,205.3604278564453,26981500.0
2020-08-21,MSFT,204.6712909159274,206.9586015816506,203.70469183736137,203.8673858642578,36249300.0
2020-08-24,MSFT,205.56138064913603,206.2600261676856,203.30277922932777,204.50865173339844,25460100.0
2020-08-25,MSFT,203.94395890733225,207.30314311645603,203.94395890733225,207.16915893554688,23043700.0
2020-08-26,MSFT,208.5186256041175,212.54773159064493,208.0209637087079,211.6481170654297,39600800.0
2020-08-27,MSFT,213.3133444511128,221.21844139680744,209.97328995814232,216.8448028564453,57602200.0
2020-08-28,MSFT,218.3760615356364,220.7303721446688,216.8448155439647,219.07470703125,26292900.0
2020-08-31,MSFT,217.24677683197143,218.87373215192653,214.6723523382902,215.8399353027344,28774200.0
2020-09-01,MSFT,215.82076800431625,217.67741660984777,214.78716935990127,217.50515747070312,25725500.0
2020-09-02,MSFT,218.17508170027884,222.85497822455,217.58172518572937,221.69696044921875,34080800.0
2020-09-03,MSFT,219.4192640650184,219.4575390126665,205.7241051930909,207.96356201171875,58400300.0
2020-09-04,MSFT,205.85802516997373,208.97795084268267,196.37381445206572,205.04454040527344,59664100.0
2020-09-08,MSFT,197.6275372649197,201.00586639470475,193.5122878055951,193.95252990722656,52924300.0
2020-09-09,MSFT,198.68028735290457,205.60920497288097,197.81894789080067,202.21173095703125,45679000.0
2020-09-10,MSFT,204.23109563870372,205.51353258521655,195.34025420679887,196.54611206054688,35461500.0
2020-09-11,MSFT,198.29749929866705,199.66606590860468,192.5935831848138,195.26370239257812,33620100.0
2020-09-14,MSFT,195.4646681130152,200.21154951496803,195.2636845078276,196.5843963623047,30375800.0
2020-09-15,MSFT,199.46506793098095,200.7666350383276,198.03908170354327,199.80960083007812,21823900.0
2020-09-16,MSFT,201.57052545994569,201.5992353158293,195.84746540395423,196.23985290527344,26328100.0
2020-09-17,MSFT,191.45466968029996,195.55077435424172,191.36854011828825,194.19178771972656,34011300.0
2020-09-18,MSFT,194.08653090763448,194.9000011831459,187.8179542280491,191.7800750732422,55225300.0
2020-09-21,MSFT,188.71756826877157,194.0004009186753,187.94237293600173,193.8376922607422,39839700.0
2020-09-22,MSFT,196.2494098087427,199.15880164458324,193.39745228545732,198.5080108642578,33517100.0
2020-09-23,MSFT,198.96739879376585,199.15881731097764,191.4355445226873,191.9714813232422,30803800.0
2020-09-24,MSFT,191.2632721600438,196.73750842133495,190.64119122847163,194.4597625732422,31202500.0
2020-09-25,MSFT,194.80431377069104,200.05842216755153,193.8376998854324,198.8908538818359,29437300.0
2020-09-28,MSFT,201.8193392138042,203.4367290473442,199.12049626248603,200.4412078857422,32004900.0
2020-09-29,MSFT,200.355116762719,201.04418255893373,197.92424170296624,198.3549041748047,24221900.0
2020-09-30,MSFT,198.80474978814112,202.8721459465072,197.66587652728887,201.2930450439453,33829100.0
2020-10-01,MSFT,204.3172719381247,204.7957891208522,202.2405091174697,203.33152770996097,27158400.0
2020-10-02,MSFT,199.06314721641624,201.92468521479896,196.70883626143583,197.33091735839844,33154800.0
2020-10-05,MSFT,198.3166193860791,201.36956068656312,198.0869259310169,201.34085083007812,21331600.0
2020-10-06,MSFT,199.84786948820184,201.14942185632785,196.01973305531848,197.0628967285156,28554300.0
2020-10-07,MSFT,198.16349487639656,201.08245204459112,197.8381067601212,200.81448364257812,25681100.0
2020-10-08,MSFT,201.465257678714,202.1160485073524,199.36936511507264,201.53225708007812,19925800.0
2020-10-09,MSFT,202.15431848195584,206.5853912490092,202.15431848195584,206.53753662109375,26458000.0
2020-10-12,MSFT,209.38951492760037,214.24168553354383,207.494591221442,211.8873748779297,40461400.0
2020-10-13,MSFT,213.15068374881272,215.53370444968047,210.95906699025755,213.28466796875,28950800.0
2020-10-14,MSFT,213.41861215766087,214.5861949709035,209.71489472731523,211.3705596923828,23421700.0
2020-10-15,MSFT,207.77211713637485,210.8920431681378,206.72893882786133,210.2221221923828,22733100.0
2020-10-16,MSFT,210.69105957382027,212.73911204437525,209.8967340903278,210.2221221923828,26057900.0
2020-10-19,MSFT,210.94949400810776,212.7487231255043,204.5373672599519,205.0158843994141,27625800.0
2020-10-20,MSFT,206.52796616476093,208.03050214058405,203.93439727230083,205.4273681640625,22753500.0
2020-10-21,MSFT,203.96311314649793,207.59984583306044,203.96311314649793,205.57093811035156,22724900.0
2020-10-22,MSFT,204.73836030997748,206.77684823635343,202.60417770638836,205.65711975097656,22351500.0
2020-10-23,MSFT,205.7910607935234,206.98735353152375,204.00141153049333,206.9394989013672,18879600.0
2020-10-26,MSFT,204.6617488550272,207.04475442647643,199.15880276043248,201.05372619628903,37111600.0
2020-10-27,MSFT,202.49884428314488,205.44651110092087,201.29298655899265,204.0875244140625,36700300.0
2020-10-28,MSFT,198.7472542116309,199.86698226845564,193.41658228624215,193.97164916992188,51195600.0
2020-10-29,MSFT,195.30194494131683,198.45058052991052,194.6320094260078,195.92401123046875,31432600.0
2020-10-30,MSFT,194.75643484993753,195.5124853460683,191.0431379547193,193.77069091796875,36953700.0
2020-11-02,MSFT,195.5125282945089,196.45999749689344,191.5216970654332,193.63674926757812,30842200.0
2020-11-03,MSFT,195.129716771613,199.1779676457642,194.39279629464988,197.56057739257812,27512000.0
2020-11-04,MSFT,204.8244545683417,208.93970436806256,203.2931940743862,207.09262084960935,42311800.0
2020-11-05,MSFT,212.4998742035629,214.49050715621627,211.6481143221895,213.6961669921875,36080100.0
2020-11-06,MSFT,212.7104504671977,214.72022845380212,208.66219923478127,214.10772705078125,25231900.0
2020-11-09,MSFT,214.79671140158777,218.31858948099165,208.51857075348184,209.00665283203125,44395000.0
2020-11-10,MSFT,205.28387234682293,207.19794108665343,200.7092492268829,201.94381713867188,44045100.0
2020-11-11,MSFT,203.2644922966665,208.6717296625899,203.08265346292407,207.24575805664065,29440800.0
2020-11-12,MSFT,207.87738032507988,209.69573924790384,205.24553658757185,206.1834259033203,21593900.0
2020-11-13,MSFT,207.0638939666924,208.078347754169,204.95842191301892,207.2074432373047,18621100.0
2020-11-16,MSFT,205.63794400285644,208.38464222221836,205.3029907782792,207.89654541015625,24953300.0
2020-11-17,MSFT,206.81509518658177,208.327196362461,204.88188202560576,205.2455596923828,24154100.0
2020-11-18,MSFT,205.0056517579843,206.46415620662827,202.39570259363785,202.5396423339844,28372800.0
2020-11-19,MSFT,202.82752451855407,204.4107593078625,201.43618011662315,203.825439453125,24792700.0
2020-11-20,MSFT,203.6143280475377,204.6602228406842,201.50334356702317,201.8775634765625,22843100.0
2020-11-23,MSFT,202.41492719145955,203.7007070686572,199.73781746855303,201.60891723632812,25683500.0
2020-11-24,MSFT,201.10994475986428,205.581403777196,200.4094847999164,205.20718383789065,33979700.0
2020-11-25,MSFT,206.4066162928991,206.5793264368259,203.86384156453596,205.21678161621097,21012900.0
2020-11-27,MSFT,206.1571286123674,207.5196733497575,205.3798890879226,206.5217437744141,14512200.0
2020-11-30,MSFT,205.4374764288516,206.07076156750256,202.3093673195992,205.40869140625,33064800.0
2020-12-01,MSFT,205.83088300781273,208.5272022203273,204.71782793602847,207.4621124267578,30904500.0
2020-12-02,MSFT,206.1859017974964,206.7520267240643,204.1900574028058,206.65606689453125,23724500.0
2020-12-03,MSFT,205.92686346517047,207.62525322851428,205.0056986968468,205.57183837890625,25120900.0
2020-12-04,MSFT,205.5526461958313,206.66571603517735,204.55471646351504,205.68698120117188,24666000.0
2020-12-07,MSFT,205.69653117219067,206.81919092081037,204.3723762756061,205.61976623535156,24620000.0
2020-12-08,MSFT,205.31273262389476,208.17215713451805,204.2764278806708,207.2701873779297,23284100.0
2020-12-09,MSFT,206.4545685538064,206.5217287203082,202.66438960856496,203.2305145263672,32440600.0
2020-12-10,MSFT,203.2017287160043,204.45872339489904,201.8487742094355,202.00230407714844,26733300.0
2020-12-11,MSFT,201.55132484988863,204.6890238920396,200.64935515374503,204.6314392089844,30979400.0
2020-12-14,MSFT,204.47793178105667,207.46210106509508,204.2668318593756,205.53341674804688,28798400.0
2020-12-15,MSFT,206.4641624379437,206.704047371014,203.65271805023912,205.46624755859375,27000600.0
2020-12-16,MSFT,206.06118358324636,211.20431778476424,206.03239855894847,210.40789794921875,35023300.0
2020-12-17,MSFT,210.9740110508689,211.9527457460483,209.1029113699491,210.5422210693359,32515800.0
2020-12-18,MSFT,209.7458038330078,210.8013034819783,207.2797941315631,209.7458038330078,63354900.0
2020-12-21,MSFT,208.74789477288223,214.93692380229916,208.4888149169169,213.58396911621097,37181900.0
2020-12-22,MSFT,213.67990881116995,216.50095801273704,212.87389893684067,214.87933349609375,22612200.0
2020-12-23,MSFT,214.08288793068596,214.51467783690325,211.8663537228794,212.07745361328125,18699600.0
2020-12-24,MSFT,212.4612981178636,214.562692596367,212.2501981931746,213.73748779296875,10550600.0
2020-12-28,MSFT,215.3686881144162,216.88476263524183,213.99655333703305,215.85806274414065,17933500.0
2020-12-29,MSFT,217.15340433614244,217.98819910213228,214.53386533011712,215.0807952880859,17403200.0
2020-12-30,MSFT,216.11710776630215,216.5009324049276,212.5092440117001,212.7107391357422,20272300.0
2020-12-31,MSFT,212.72993716646016,213.9773416379235,210.79166297669136,213.4208068847656,20942100.0
2021-01-04,MSFT,213.5263708383666,213.97735567410496,206.11872309394096,208.8822021484375,37130100.0
2021-01-05,MSFT,208.46960485056292,209.678634329478,206.97272515420607,209.08370971679688,23823000.0
2021-01-06,MSFT,203.58555805690816,207.7307770299068,203.36486800201897,203.66232299804688,35930700.0
2021-01-07,MSFT,205.37985754212093,210.46542054850585,205.06322234622965,209.45790100097656,27694500.0
2021-01-08,MSFT,209.8321610847662,211.65529553000536,208.2489262362572,210.734130859375,22956200.0
2021-01-11,MSFT,209.6306524821385,210.05285231905128,207.96104802927815,208.6903076171875,23031300.0
2021-01-12,MSFT,207.74034052523805,208.3160701892637,204.68901137357724,206.23385620117188,23249300.0
2021-01-13,MSFT,205.3606828455848,207.98981215260577,205.27431314841093,207.58680725097656,20087100.0
2021-01-14,MSFT,207.17420728087288,208.66149665183417,204.1324683776545,204.4011383056641,29480800.0
2021-01-15,MSFT,204.88090623740473,205.8308411021779,203.45118691542208,204.0460968017578,31746500.0
2021-01-19,MSFT,205.10163584312352,208.20094535182324,204.0269559335494,207.68280029296875,30480900.0
2021-01-20,MSFT,208.89179464606343,216.6544674866323,208.49837984592523,215.2631378173828,37777300.0
2021-01-21,MSFT,215.6086111691637,217.1438808555298,213.42086138301295,215.86769104003903,30709400.0
2021-01-22,MSFT,217.89226790023852,220.76129675652857,216.66405830590344,216.8079833984375,30172700.0
2021-01-25,MSFT,219.84973400806652,220.48303373157987,215.14799527840103,220.24314880371097,33152100.0
2021-01-26,MSFT,222.4789314379848,224.70505648888917,220.7709515133043,222.9299163818359,49169600.0
2021-01-27,MSFT,228.37043413974956,230.71171320212767,220.82845198964583,223.47677612304688,69870600.0
2021-01-28,MSFT,226.07718323182823,232.82274716387465,225.5782184133488,229.26284790039065,49111200.0
2021-01-29,MSFT,226.4418038621358,228.38966849505235,221.98953975241,222.57485961914065,42503100.0
2021-02-01,MSFT,225.54942071149748,232.6883990922533,223.02582637835744,229.9537048339844,33314200.0
2021-02-02,MSFT,231.53692010747773,232.50604988153788,229.0325210392779,229.8193359375,25916300.0
2021-02-03,MSFT,229.87693764522305,235.17358635543027,229.57946803336847,233.16815185546875,27158100.0
2021-02-04,MSFT,232.84192558169505,233.39846040880124,230.64457129523996,232.2182159423828,25296100.0
2021-02-05,MSFT,232.4292824543555,233.43680200271672,230.69251805189364,232.40049743652344,18054800.0
2021-02-08,MSFT,233.31205633978672,233.8206111749062,231.0667371083445,232.6595764160156,22211900.0
2021-02-09,MSFT,232.08389373842272,234.8569632583783,231.6137285927524,233.9070281982422,23565000.0
2021-02-10,MSFT,235.08727333327803,235.97004827617175,231.14356379496925,232.9954833984375,22186700.0
2021-02-11,MSFT,234.87619105534824,235.2312161565307,232.3525962665071,234.59793090820312,15751100.0
2021-02-12,MSFT,234.06052752923827,235.37510696165688,232.90908274109216,235.07765197753903,16561100.0
2021-02-16,MSFT,235.11601808481555,236.17151764085375,233.0913886756254,233.83982849121097,26728500.0
2021-02-17,MSFT,232.0894692554744,234.9650917712769,231.72399963468183,234.8592987060547,21653500.0
2021-02-18,MSFT,232.55109320398296,234.5996101987233,231.64704608816615,234.4649658203125,16925600.0
2021-02-19,MSFT,234.4265012623312,234.5322943217012,230.993047615162,231.7528381347656,25262600.0
2021-02-22,MSFT,228.33862759094472,228.82911468835837,223.51063965852657,225.53993225097656,36446900.0
2021-02-23,MSFT,221.51983481114613,225.84770894272071,219.9810292498646,224.34738159179688,30228700.0
2021-02-24,MSFT,221.2120477133172,226.20353110586373,220.24068577960895,225.57839965820312,26339700.0
2021-02-25,MSFT,223.20285135829647,225.6168375975213,219.16350592936016,220.2310485839844,39542200.0
2021-02-26,MSFT,222.6739313555886,226.36704708770696,220.7600439590597,223.49142456054688,37819200.0
2021-03-01,MSFT,226.87675570412392,228.3867098260675,224.2319439435093,227.87698364257812,25324000.0
2021-03-02,MSFT,227.9443015684846,228.22321721235295,224.5204748274745,224.9244079589844,22812500.0
2021-03-03,MSFT,223.2797975753155,224.64548028860872,218.56721558423757,218.85574340820312,34029500.0
2021-03-04,MSFT,218.0671372652844,223.59719816718905,215.68198738845183,218.05751037597656,44727800.0
2021-03-05,MSFT,220.74081539432257,224.34737709839985,217.79786339181743,222.7412567138672,41872800.0
2021-03-08,MSFT,222.52000486158624,224.44350410139808,218.44219586527137,218.69224548339844,35267400.0
2021-03-09,MSFT,223.97227598423436,226.37665024660328,222.808552384188,224.8378448486328,33080500.0
2021-03-10,MSFT,227.93467679656288,227.93467679656288,223.16439187152451,223.5298614501953,29746800.0
2021-03-11,MSFT,225.9727579423364,230.0217167133336,225.3476117161372,228.05975341796875,29907600.0
2021-03-12,MSFT,225.05904836070448,226.7998276939092,224.30888474756043,226.7324981689453,22653700.0
2021-03-15,MSFT,225.97273196365256,226.19393030127117,222.94321138913833,225.82846069335935,26034900.0
2021-03-16,MSFT,227.24222868505888,230.87764154891525,226.91523729363269,228.61753845214844,28092200.0
2021-03-17,MSFT,227.11720307886736,229.42541133970815,224.30889550204407,227.97315979003903,29562100.0
2021-03-18,MSFT,223.6645134307909,225.23217017671175,221.51981565564105,221.8948974609375,34833000.0
2021-03-19,MSFT,222.18344837964992,223.57798268898384,220.57732793509152,221.53907775878903,46430700.0
2021-03-22,MSFT,221.4621083916309,227.83849894840333,221.33707623409987,226.96331787109375,30127000.0
2021-03-23,MSFT,228.4059539788877,231.82978074938532,228.002020843899,228.4925079345703,31638400.0
2021-03-24,MSFT,228.75217929157247,228.8964358811069,226.31895364718335,226.45359802246097,25620100.0
2021-03-25,MSFT,226.29972771990109,227.8769967829049,222.71240512495487,223.45294189453125,34061900.0
2021-03-26,MSFT,222.69313628302467,227.6557680411861,222.69313628302467,227.43455505371097,25479900.0
2021-03-29,MSFT,227.54034233627743,227.74231621643256,223.01050977920332,226.2419891357422,25227500.0
2021-03-30,MSFT,224.5974527570833,224.90521976885407,222.26040754639652,222.98171997070312,24792000.0
2021-03-31,MSFT,224.00111959464277,229.95435241146976,223.50100565623833,226.7517242431641,43623500.0
2021-04-01,MSFT,229.34845404428123,233.5512955722621,228.9445209279314,233.08004760742188,30338000.0
2021-04-05,MSFT,233.4743464742084,240.39895589372136,233.41664384156837,239.54299926757812,36910600.0
2021-04-06,MSFT,238.1388502881798,239.8603758409947,237.43677709710136,238.37928771972656,22931900.0
2021-04-07,MSFT,238.3312093103771,241.33186391127128,237.73492914613195,240.3412628173828,22719800.0
2021-04-08,MSFT,243.10147460682455,244.41906699343323,242.3609232323544,243.5631103515625,23625200.0
2021-04-09,MSFT,243.19761999572464,246.19828876802333,242.78407470611,246.0636444091797,24326800.0
2021-04-12,MSFT,244.96727170717304,247.8140572665073,244.8807030813656,246.12136840820312,27148700.0
2021-04-13,MSFT,247.4197885755792,249.27595883783357,247.00621381251943,248.60272216796875,23837500.0
2021-04-14,MSFT,247.63133499844136,248.92967367444348,245.4000685451672,245.81361389160156,23070900.0
2021-04-15,MSFT,248.0640816410756,249.98758095240143,247.87174932010515,249.57403564453125,25627500.0
2021-04-16,MSFT,249.54519003796193,251.0166658707798,247.74672283677015,250.7666015625,24878600.0
2021-04-19,MSFT,250.23767328668572,251.4783386995464,247.95833104347497,248.84312438964844,23209300.0
2021-04-20,MSFT,247.95832800540825,250.24729711029528,247.01580268272733,248.38150024414065,19722900.0
2021-04-21,MSFT,249.03550796276252,250.7089433060169,247.41014837179264,250.61276245117188,24030400.0
2021-04-22,MSFT,250.2569352817448,251.76688968100433,245.8617458343259,247.3332366943359,25606200.0
2021-04-23,MSFT,248.0160083504401,251.50716433105552,247.4293257925449,251.16091918945312,21462600.0
2021-04-26,MSFT,251.65144677426983,252.40161041619083,250.21844901797465,251.5456390380859,19763300.0
2021-04-27,MSFT,251.57451893980152,253.12295149793457,250.1703723428828,251.9496154785156,31014200.0
2021-04-28,MSFT,246.2848623553483,246.72728837126857,243.2745956256258,244.8230133056641,46903100.0
2021-04-29,MSFT,245.68861412319575,246.30413341760544,239.47570386310056,242.8514404296875,40589000.0
2021-04-30,MSFT,240.18738532021044,243.3996259293706,240.05274094363295,242.53404235839844,30945100.0
2021-05-03,MSFT,243.70736061841964,244.62103454544211,241.5145725438365,242.2262725830078,19626600.0
2021-05-04,MSFT,241.3703068929317,241.60113208821093,236.3595848411974,238.3119354248047,32756100.0
2021-05-05,MSFT,239.53340899269972,239.95658126359143,236.41734895274763,237.04248046875,21901300.0
2021-05-06,MSFT,237.0231967181629,240.3027665247048,235.3305226285614,240.177734375,26491100.0
2021-05-07,MSFT,242.50517474133576,244.5729453481798,241.5626641686399,242.80332946777344,27032900.0
2021-05-10,MSFT,241.27418591709016,242.10129139478525,237.66762389373437,237.7253265380859,29299900.0
2021-05-11,MSFT,235.19591291269415,237.1675029074403,233.29165244697984,236.8116455078125,33641600.0
2021-05-12,MSFT,232.9069451500173,235.0324186454118,228.96377981158372,229.8582000732422,36684400.0
2021-05-13,MSFT,232.55112159269123,236.20577403515944,232.1856519459029,233.73406982421875,29624300.0
2021-05-14,MSFT,236.18651381020268,239.6488042289052,236.09995985164096,238.658203125,23901100.0
2021-05-17,MSFT,237.11938007606832,237.1578436051603,234.20527979910628,235.80177307128903,24970200.0
2021-05-18,MSFT,236.8501345720607,236.98477896115793,233.60902766820809,233.7821502685547,20168000.0
2021-05-19,MSFT,230.6877939044373,234.46655675985048,230.00338303930883,234.3605194091797,25739800.0
2021-05-20,MSFT,235.17030690260145,239.01654072016677,235.07390394552377,237.59950256347656,21800700.0
2021-05-21,MSFT,238.6501927760456,239.38280508852012,235.92215439273173,236.3366546630859,21863100.0
2021-05-24,MSFT,238.86222991233876,242.11082031164497,238.5923193646664,241.7445068359375,21411500.0
2021-05-25,MSFT,242.69885149014345,243.6435384405459,241.7830824773741,242.6506500244141,17704300.0
2021-05-26,MSFT,242.3710739801652,243.8266787181688,241.7155811593852,242.42892456054688,17771600.0
2021-05-27,MSFT,242.12050060290292,242.41932914380973,240.2696787642651,240.3275146484375,24426200.0
2021-05-28,MSFT,241.9566065033929,242.99769645582097,240.56848656682217,240.6841583251953,18270200.0
2021-06-01,MSFT,242.17835290026315,242.2361887883552,238.062208634772,238.48634338378903,23213300.0
2021-06-02,MSFT,239.19002042782083,240.28894628092957,236.98251960220148,238.38992309570312,19406700.0
2021-06-03,MSFT,236.38487261967325,237.46451498894615,234.2448567027044,236.8572235107422,25307700.0
2021-06-04,MSFT,238.8333360851662,242.58318090352876,238.59234344977264,241.7541656494141,25281100.0
2021-06-07,MSFT,240.97336560600587,244.9352853461703,240.80949236967595,244.66537475585935,23079200.0
2021-06-08,MSFT,245.966711756898,246.78609255033888,243.41218115377325,243.47003173828125,22455000.0
2021-06-09,MSFT,244.6653675483943,246.32339810233208,244.0869940329192,244.4532928466797,17937600.0
2021-06-10,MSFT,245.1280611011444,248.18384593485345,244.53040407577595,247.9717712402344,24563600.0
2021-06-11,MSFT,248.69474693138196,249.1767321950456,247.364462896783,248.5983734130859,18999700.0
2021-06-14,MSFT,248.6080000043137,250.58415729093173,247.54762651125608,250.5263214111328,19150500.0
2021-06-15,MSFT,250.41062415177615,250.6226988537061,248.39592919246516,249.05142211914065,18038900.0
2021-06-16,MSFT,250.0539758314548,251.19145411585615,245.25340620695536,248.1067657470703,27220000.0
2021-06-17,MSFT,246.84391372215748,252.3192586743206,246.7860778501168,251.4998779296875,27565500.0
2021-06-18,MSFT,250.27570689999416,252.8494920853847,249.42740801319655,250.08290100097656,37202200.0
2021-06-21,MSFT,250.45883242002785,254.0255057623141,248.62729428014612,253.16758728027344,26696100.0
2021-06-22,MSFT,253.25434630223117,256.2137429771152,252.9458686631843,255.94383239746097,24694100.0
2021-06-23,MSFT,256.4065233683773,257.2162551197523,254.90273162753124,255.71246337890625,19518700.0
2021-06-24,MSFT,256.5704260891659,258.1995388052665,255.90528400185624,257.0813293457031,21446900.0
2021-06-25,MSFT,256.6378303039386,257.6210694452841,255.2207927489773,255.47140502929688,25611100.0
2021-06-28,MSFT,256.5993028499447,259.2116545976608,256.32939229392287,259.03814697265625,19590000.0
2021-06-29,MSFT,259.18279836308574,261.86263574229974,258.32487973429147,261.62164306640625,19937800.0
2021-06-30,MSFT,260.9371313522289,261.58297500014504,259.8864072211994,261.1395568847656,21656500.0
2021-07-01,MSFT,259.89610109622566,262.04576613920506,259.8864813944336,261.8144226074219,16725300.0
2021-07-02,MSFT,262.990458422631,267.9838189235368,262.6819807793661,267.64642333984375,26458000.0
2021-07-06,MSFT,268.0127618499895,269.30447900628104,264.41714069196416,267.6560974121094,31565600.0
2021-07-07,MSFT,269.3334265040299,270.5769570309203,267.1644922775725,269.8443298339844,23260000.0
2021-07-08,MSFT,266.92339917919395,268.6874814939076,264.96654043436456,267.4246826171875,24618600.0
2021-07-09,MSFT,265.78594865890636,268.0319869902947,265.4003663407423,267.92596435546875,23916700.0
2021-07-12,MSFT,269.1020410285344,269.69004898436486,266.61498036204364,267.3283386230469,18931700.0
2021-07-13,MSFT,267.5210258732207,272.6590040234236,267.39573444593185,270.85638427734375,26120100.0
2021-07-14,MSFT,272.1771515282098,273.43995087759686,270.4419864994417,272.3313903808594,23113700.0
2021-07-15,MSFT,271.83971576724895,272.3313501989015,269.74788657077227,270.9046630859375,22604200.0
2021-07-16,MSFT,271.9071833087747,273.86404237165414,269.3912048461886,270.6347351074219,26186800.0
2021-07-19,MSFT,268.88025615363426,270.268375880713,264.5616875965378,267.0294494628906,32935600.0
2021-07-20,MSFT,268.01281700988335,270.8468936915249,266.30659917830576,269.25634765625,26259700.0
2021-07-21,MSFT,268.8513350191112,271.3769327258679,267.29935681688346,271.2612609863281,24364300.0
2021-07-22,MSFT,273.6133860645504,276.1004464547859,273.20853492440204,275.8305358886719,23384100.0
2021-07-23,MSFT,277.0162179583788,279.5418161445663,276.1775682694742,279.2333679199219,22768100.0
2021-07-26,MSFT,278.58749439112125,279.2526364370559,276.3125379693512,278.63568115234375,23176100.0
2021-07-27,MSFT,279.00195421321143,279.146543893957,272.75544466065816,276.2160949707031,33604100.0
2021-07-28,MSFT,278.5778724720444,279.69608197123205,273.6037803210582,275.9076843261719,33566900.0
2021-07-29,MSFT,275.92687903313424,278.22113330159044,275.7726402383259,276.1775207519531,18168300.0
2021-07-30,MSFT,274.8954476220652,276.33175408187753,273.68083552324634,274.6448059082031,20944800.0
2021-08-02,MSFT,276.04259896913004,276.4378304339473,273.51700077653703,274.55810546875,16267400.0
2021-08-03,MSFT,275.13644497004975,276.88122904351155,273.7675940558321,276.7751770019531,17879000.0
2021-08-04,MSFT,275.90763514474173,277.2282700106873,274.3941944133545,276.18719482421875,16191300.0
2021-08-05,MSFT,276.5437874257691,279.19470558833507,275.79189181456275,279.0886535644531,13900200.0
2021-08-06,MSFT,278.1150990766891,279.06942032308825,277.2571513322383,279.0308532714844,16589300.0
2021-08-09,MSFT,279.31044035047853,281.04557540856166,277.44033530754433,277.94158935546875,16117600.0
2021-08-10,MSFT,278.3946460159266,278.8284444729027,274.9243760322883,276.11968994140625,18616600.0
2021-08-11,MSFT,276.86200152431667,278.25977073088046,275.5606352661451,276.61138916015625,13955900.0
2021-08-12,MSFT,276.3028972091101,279.52255547623497,276.0233374986392,279.3683166503906,14561300.0
2021-08-13,MSFT,279.05022137488925,282.34698437046103,278.87668430824215,282.2987976074219,18249000.0
2021-08-16,MSFT,282.6264854543607,284.1977619217253,279.5706863259346,283.9856872558594,22507600.0
2021-08-17,MSFT,281.8552428936899,282.85775065666365,280.59241494776654,282.5203552246094,20075300.0
2021-08-18,MSFT,282.05684226178516,284.7418088904568,280.3473295062777,280.7916259765625,21813000.0
2021-08-19,MSFT,278.82140335515624,287.3012660466153,278.7731243483728,286.62518310546875,29850500.0
2021-08-20,MSFT,289.47437850845176,295.3851678311773,287.8711203793521,293.95574951171875,40817600.0
2021-08-23,MSFT,292.8836425777973,294.96014066163036,291.5315063470008,294.23577880859375,22830200.0
2021-08-24,MSFT,294.59309830175226,295.2015669171145,291.6763454579412,292.275146484375,18175800.0
2021-08-25,MSFT,293.89782433305635,294.1779192519182,290.150482663144,291.6861267089844,20006100.0
2021-08-26,MSFT,290.7009502786529,292.0917276855508,288.7307068475188,288.86590576171875,17666100.0
2021-08-27,MSFT,288.7693394050328,290.58507834553194,286.6831731419722,289.4743957519531,22605700.0
2021-08-30,MSFT,290.82646975740784,293.8205048461803,290.76852316321674,293.2120361328125,16348100.0
2021-08-31,MSFT,294.01363551274346,294.09088780190547,291.1934406314433,291.5604553222656,26285300.0
2021-09-01,MSFT,292.51672508932046,294.7574255733718,291.1838941208008,291.51226806640625,18983800.0
2021-09-02,MSFT,291.8695931866592,292.98991375623564,289.9186260953305,290.85546875,16285600.0
2021-09-03,MSFT,290.70092922538174,292.25590820944143,289.9959024554989,290.8458251953125,14747900.0
2021-09-07,MSFT,290.72028392327735,290.7975362346447,288.0063433181321,289.91864013671875,17180400.0
2021-09-08,MSFT,289.53230752909224,290.3339218077792,287.3012750177518,289.9476013183594,15046800.0
2021-09-09,MSFT,290.5367763480211,291.8116605425452,286.8473521522156,287.08880615234375,19927000.0
2021-09-10,MSFT,288.21882300502165,289.66754700158504,285.2827341191642,285.6014404296875,19633400.0
2021-09-13,MSFT,287.37853159003885,288.3347094479184,284.02714897759813,286.8376770019531,23652900.0
2021-09-14,MSFT,289.31981339850245,291.08727303017804,287.9097304141614,289.5419616699219,21853400.0
2021-09-15,MSFT,292.8933235313727,294.88290182054226,291.5025463521372,294.3999938964844,28356300.0
2021-09-16,MSFT,293.37629376819706,294.87329686099383,290.4788456084354,294.786376953125,19550800.0
2021-09-17,MSFT,293.77225856159816,294.0909648651454,289.2908582826248,289.6192321777344,41372500.0
2021-09-20,MSFT,286.2002906910431,288.5086054689397,279.6230849771708,284.23968505859375,38278700.0
2021-09-21,MSFT,285.58209392497275,287.3688591603671,284.0174769480889,284.7225036621094,22364100.0
2021-09-22,MSFT,286.5866158831855,289.9573045688709,284.442503007703,288.37335205078125,26626300.0
2021-09-23,MSFT,288.6340727004144,290.61398340339673,287.35918870442185,289.3197937011719,18604600.0
2021-09-24,MSFT,288.0353256727739,289.5516344416462,286.7797471472576,289.1170349121094,14999000.0
2021-09-27,MSFT,286.0167024765787,286.3354087188709,282.92608015582806,284.1140441894531,23571700.0
2021-09-28,MSFT,279.89347912445993,280.83998946296117,273.0844877708486,273.8281555175781,43186200.0
2021-09-29,MSFT,275.354120921642,276.9670169803439,273.3355692133675,274.2917175292969,26353700.0
2021-09-30,MSFT,275.9432270985098,277.990751901862,271.99304396857866,272.2828063964844,32343600.0
2021-10-01,MSFT,272.475971258081,280.06729939899645,271.6743570466697,279.2173767089844,30086300.0
2021-10-04,MSFT,277.57548742469766,277.91352888902685,270.6699095435266,273.43212890625,31350700.0
2021-10-05,MSFT,274.34005351613433,280.4729916929737,274.34005351613433,278.8890686035156,24993000.0
2021-10-06,MSFT,276.01088350495075,283.5925446758009,275.7501238068665,283.0903015136719,28002600.0
2021-10-07,MSFT,285.08948870249446,286.49960093234387,283.87258088856964,284.7707824707031,20430500.0
2021-10-08,MSFT,286.093945344797,286.49960093234387,283.71804683018786,284.7707824707031,17685700.0
2021-10-11,MSFT,282.90684147752927,287.78420058758314,282.74263978544866,284.17205810546875,19298600.0
2021-10-12,MSFT,285.24406291153826,285.3406503959171,282.3562828170901,282.8681640625,17974100.0
2021-10-13,MSFT,284.8287718321762,287.1177508091328,283.4573002795523,286.180908203125,23416300.0
2021-10-14,MSFT,288.98179053840965,292.90300105132843,287.6489597728075,292.4007873535156,27262900.0
2021-10-15,MSFT,292.00472034073283,294.0426068302674,290.246928661948,293.810791015625,25384800.0
2021-10-18,MSFT,293.1928073766309,297.6741788582896,292.34288447294506,296.78564453125,22729300.0
2021-10-19,MSFT,297.809344121962,298.72685155917264,296.7179674190472,297.6934509277344,17682100.0
2021-10-20,MSFT,298.63997690086853,299.11324681480494,295.6459412075524,296.9015197753906,16537100.0
2021-10-21,MSFT,296.66971746103866,300.38808552882756,295.88737937467477,300.1369934082031,16918100.0
2021-10-22,MSFT,299.789277199686,300.4556925902874,297.27814973250037,298.5916748046875,17449300.0
2021-10-25,MSFT,298.7847668661807,298.82340775166415,295.9839068930017,297.5968322753906,17554500.0
2021-10-26,MSFT,300.36877617922386,301.7209126851576,298.0508236727138,299.5091857910156,28107300.0
2021-10-27,MSFT,305.1978286314873,314.95257525160673,305.1978286314873,312.12274169921875,52588700.0
2021-10-28,MSFT,313.24305495530734,313.764603789262,310.3745805800996,313.26239013671875,26297900.0
2021-10-29,MSFT,313.0499226160472,320.65088928161384,312.82777434101513,320.28387451171875,34766000.0
2021-11-01,MSFT,320.0327737230289,320.1583345181861,315.21336134327663,318.1108093261719,27073200.0
2021-11-02,MSFT,319.01864068212325,322.05131669032914,318.71924011753754,321.74224853515625,26487100.0
2021-11-03,MSFT,322.4858405183817,323.45165617101196,319.3469396473333,322.5824279785156,21500100.0
2021-11-04,MSFT,321.5105128276318,325.03573544722815,318.2460499257313,324.93914794921875,23992200.0
2021-11-05,MSFT,326.9383432170597,327.20877048468907,322.98815980180524,324.57208251953125,22570100.0
2021-11-08,MSFT,325.76967643631485,326.10771788078415,323.0074572358713,325.47027587890625,20897000.0
2021-11-09,MSFT,325.5862325391553,327.1412116971149,323.09444011363706,324.4659118652344,21307400.0
2021-11-10,MSFT,323.1330579322974,323.19100453286666,318.6420195419929,319.4919128417969,25500900.0
2021-11-11,MSFT,319.92653686758166,322.3603824769051,319.21184248871543,321.0661926269531,16849800.0
2021-11-12,MSFT,322.5052609389951,325.7021092362378,322.3797001550684,325.20953369140625,23831000.0
2021-11-15,MSFT,326.0014764927282,326.32985033093564,322.6114535706148,324.58172607421875,16723000.0
2021-11-16,MSFT,324.2050832986667,329.0245248169212,324.0409110967214,327.9041748046875,20886800.0
2021-11-17,MSFT,327.95255114881303,331.0971955801469,327.04302085871814,328.126708984375,19053400.0
2021-11-18,MSFT,327.2171731593675,331.3487709789064,326.1915376629134,330.2070007324219,22463500.0
2021-11-19,MSFT,331.5326300916386,333.91287583713864,331.1068912391703,331.98736572265625,21963400.0
2021-11-22,MSFT,333.44838968512596,338.33470068678344,328.5427376570779,328.81365966796875,31031100.0
2021-11-23,MSFT,326.12372508193573,328.44594709810275,322.7468710337076,326.7333068847656,30427600.0
2021-11-24,MSFT,325.3787981778286,327.1978588759329,323.0856312760888,326.9559631347656,21661300.0
2021-11-26,MSFT,323.5113621421092,326.97529607751204,317.4833097911147,318.99273681640625,24217200.0
2021-11-29,MSFT,324.08218990951724,328.0396000732596,323.8886615355074,325.7174072265625,28563500.0
2021-11-30,MSFT,324.4499696734705,326.8302158131688,318.32515216192076,319.873291015625,42885600.0
2021-12-01,MSFT,324.2660102897674,328.28147277875115,318.71209477852017,319.37969970703125,33337600.0
2021-12-02,MSFT,319.5925775731745,322.67916897611684,317.1736206447421,318.808837890625,30766000.0
2021-12-03,MSFT,321.22787810651,321.914883312674,307.7204273838724,312.53900146484375,41779300.0
2021-12-06,MSFT,313.44849895097053,316.83503917319246,308.8815063844426,315.6158752441406,30032600.0
2021-12-07,MSFT,320.88919559415706,324.91431432856854,319.3991097138028,324.0628662109375,31021900.0
2021-12-08,MSFT,324.4402417546736,324.6240848803563,320.07643313181967,324.11126708984375,24761000.0
2021-12-09,MSFT,323.5694111588265,325.5819706607434,321.35363798124615,322.3018798828125,22214200.0
2021-12-10,MSFT,324.1208979064264,331.88090135456383,323.937054811635,331.4358215332031,38095700.0
2021-12-13,MSFT,329.636149025462,332.64534732460373,328.08801041527346,328.39764404296875,28899400.0
2021-12-14,MSFT,322.4179762857992,323.79195700121716,313.6032806801942,317.6961669921875,44438700.0
2021-12-15,MSFT,317.957396355384,324.32410824827537,313.9806448880069,323.8016052246094,35381100.0
2021-12-16,MSFT,324.82721295108735,325.8431926062779,312.5485848783329,314.3676452636719,35034800.0
2021-12-17,MSFT,310.477958587751,314.3870011788046,306.9656284689242,313.30328369140625,47750300.0
2021-12-20,MSFT,309.6748749533144,312.33572775319794,307.2752884173399,309.5394287109375,28326500.0
2021-12-21,MSFT,312.8099049572173,317.10597568318013,309.4330203308387,316.68023681640625,24740600.0
2021-12-22,MSFT,317.6574109023736,322.79527303785596,315.19008665544754,322.3985900878906,24831500.0
2021-12-23,MSFT,321.9632794729556,325.48529616278444,321.94393844096396,323.84039306640625,19617800.0
2021-12-27,MSFT,324.5853606565686,331.37781170708996,324.55633434986925,331.3487854003906,19947000.0
2021-12-28,MSFT,332.02608481270596,332.664693105843,329.2878380448936,330.18768310546875,15661500.0
2021-12-29,MSFT,330.2360072562147,333.1387557390819,328.6685277999919,330.8649597167969,15042000.0
2021-12-30,MSFT,330.8262877450351,332.00674011719934,327.83645999310903,328.32025146484375,15994500.0
2021-12-31,MSFT,327.5364893328757,328.35891115617534,324.962715335164,325.41748046875,18000800.0
2022-01-03,MSFT,324.4789626840154,327.04305171040653,319.0895183249568,323.8984069824219,28865100.0
2022-01-04,MSFT,323.975761808593,324.33379227694843,315.5481232153685,318.3444519042969,32674300.0
2022-01-05,MSFT,315.2965689226274,315.4997826044344,305.73687408915134,306.1239013671875,40054300.0
2022-01-06,MSFT,302.99851849634985,308.36862023193925,301.39232766090015,303.7048645019531,39646100.0
2022-01-07,MSFT,303.96622221255154,306.2400483826627,300.0378372243138,303.85980224609375,32720000.0
2022-01-10,MSFT,299.4572301875026,304.51769951844926,294.81284395605223,304.082275390625,44289500.0
2022-01-11,MSFT,303.2210877642495,306.3463611573554,299.8442334063924,304.76922607421875,29386800.0
2022-01-12,MSFT,309.3071846120445,312.92593457694414,306.80111935386,307.9525451660156,34372200.0
2022-01-13,MSFT,310.0813514078008,310.47806401473673,294.14525686930887,294.9193115234375,45366000.0
2022-01-14,MSFT,294.38712596538153,300.74415332363384,293.90333446831437,300.1442565917969,39846400.0
2022-01-18,MSFT,294.2129087897325,299.75713933010854,291.95842433213926,292.83892822265625,42333200.0
2022-01-19,MSFT,296.36098446324274,303.73396167938847,292.8873652813076,293.4969177246094,45933900.0
2022-01-20,MSFT,299.050905777843,301.54725709970177,291.37797913887493,291.82305908203125,35380700.0
2022-01-21,MSFT,292.87776246913035,294.2517140833779,286.02725684690375,286.43365478515625,57984400.0
2022-01-24,MSFT,282.7277385199471,287.4785446299873,267.1012508783427,286.7625427246094,85731500.0
2022-01-25,MSFT,282.06977569492784,285.4272897689935,275.92564748178614,279.13800048828125,72848600.0
2022-01-26,MSFT,298.00579310485716,298.49926974213565,283.53076385140685,287.0914611816406,90428900.0
2022-01-27,MSFT,292.848647044969,297.3382163920615,288.2719692510956,290.12005615234375,53481300.0
2022-01-28,MSFT,290.497490140265,298.4800508635709,284.90486089949263,298.2671813964844,49743700.0
2022-01-31,MSFT,298.93473377389125,302.2535358676551,296.4383534812512,300.89892578125,46444500.0
2022-02-01,MSFT,300.3474521401161,300.56032158802805,295.2386149185201,298.7509460449219,40950400.0
2022-02-02,MSFT,299.5926934910757,304.9047140821634,298.8670063271222,303.29852294921875,36636000.0
2022-02-03,MSFT,299.4572180160596,301.140832317367,290.2361542912409,291.4843444824219,43730000.0
2022-02-04,MSFT,290.4780178770086,298.78955040697974,290.2458074590502,296.02227783203125,35096500.0
2022-02-07,MSFT,296.24481373026026,297.86066033330695,290.1780511909606,291.19403076171875,28533300.0
2022-02-08,MSFT,291.48434523681885,295.65462512508105,290.2264992927546,294.6870422363281,32421200.0
2022-02-09,MSFT,299.8249328306882,301.81815140418445,297.4253459420539,301.1214904785156,31284700.0
2022-02-10,MSFT,294.183888778049,299.0991965098226,290.95216570355126,292.57769775390625,45386200.0
2022-02-11,MSFT,293.3615038676102,294.4258511158453,284.68228282928357,285.4757080078125,39175600.0
2022-02-14,MSFT,284.24684349682684,287.13993670756025,281.9053092038322,285.4369812011719,36359500.0
2022-02-15,MSFT,290.2846258362835,291.048995252709,287.3915321828367,290.7297058105469,27058300.0
2022-02-16,MSFT,289.29468550260657,291.7186447665817,284.7473355562415,290.39031982421875,29982100.0
2022-02-17,MSFT,287.34569200353593,287.77231102181923,281.1791564308973,281.886962890625,32461600.0
2022-02-18,MSFT,284.13647420172526,284.92183458390497,277.601489929,279.1722106933594,34264000.0
2022-02-22,MSFT,276.33132880972005,282.6724139032119,275.8465370047907,278.9685974121094,41736100.0
2022-02-23,MSFT,281.35378660921566,282.8275727475832,271.5803960838196,271.7452087402344,37811200.0
2022-02-24,MSFT,264.22118863077657,286.18224729044215,263.26128091922067,285.62957763671875,56989700.0
2022-02-25,MSFT,286.16292683070213,288.57718060139933,282.7790598404249,288.26690673828125,32546700.0
2022-02-28,MSFT,285.3580988142638,290.04120338234367,284.08794687966224,289.70184326171875,34627500.0
2022-03-01,MSFT,287.3845772168943,290.84599781965625,283.26384685818056,285.97869873046875,31217800.0
2022-03-02,MSFT,286.37619041849695,292.30036144633044,284.76670772312764,291.0592956542969,31873000.0
2022-03-03,MSFT,293.6771257975704,293.90981634147147,285.1059826322842,286.91912841796875,27314500.0
2022-03-04,MSFT,285.3387653764105,286.667090171543,278.43533489207505,281.0434875488281,32356500.0
2022-03-07,MSFT,279.75399609499914,280.8787167872422,270.05815866809127,270.4266052246094,43157200.0
2022-03-08,MSFT,269.35029539224405,275.3229335452845,261.7875556211475,267.4596252441406,48159500.0
2022-03-09,MSFT,274.8187631313371,280.79140133597923,272.2396673436956,279.724853515625,35204500.0
2022-03-10,MSFT,274.41157459600157,277.8827008939295,272.0457879450381,276.9034118652344,30628000.0
2022-03-11,MSFT,279.2012682861542,280.70414052887327,270.9307218618932,271.55126953125,27209300.0
2022-03-14,MSFT,271.81301620136327,276.719106007811,267.43050973402933,268.0316467285156,30660700.0
2022-03-15,MSFT,271.822797240653,279.06558869061246,270.2520763750094,278.41595458984375,34245100.0
2022-03-16,MSFT,280.3163001707601,285.61024792688795,274.58608713792756,285.43572998046875,37826300.0
2022-03-17,MSFT,284.3692195417673,286.61863130022596,280.5684383130834,286.2405090332031,30816600.0
2022-03-18,MSFT,286.38584155941965,291.8446007868361,283.8261567927943,291.29193115234375,43390600.0
2022-03-21,MSFT,289.79889199333064,291.0108716421582,285.9302328335173,290.0606689453125,28351200.0
2022-03-22,MSFT,290.68114890416,295.7229954158394,289.68247898846056,294.81158447265625,27599700.0
2022-03-23,MSFT,291.36960955369653,294.0068784229763,288.66446272341494,290.380615234375,25715400.0
2022-03-24,MSFT,290.0412760670834,294.9473671178432,289.2462103485092,294.85040283203125,24484500.0
2022-03-25,MSFT,295.9460487854715,296.20782573706765,290.18671913558006,294.44317626953125,22566500.0
2022-03-28,MSFT,295.073391346538,301.34659900415994,295.073391346538,301.2496643066406,29578200.0
2022-03-29,MSFT,304.36196991762364,306.2138780134715,299.6497785681732,305.81634521484375,30393400.0
2022-03-30,MSFT,304.21654187968613,306.33993220572023,302.10282726832855,304.3134765625,28163600.0
2022-03-31,MSFT,304.3522806882295,305.55458445151703,298.5251034770213,298.93231201171875,33422100.0
2022-04-01,MSFT,299.9601090176987,300.69700210930256,296.24661641051176,300.00860595703125,27110500.0
2022-04-04,MSFT,300.65819745176503,305.5254968355015,300.2897509219235,305.3897705078125,24289600.0
2022-04-05,MSFT,303.7414533090585,305.29279303590346,300.444874882853,301.4241638183594,23156700.0
2022-04-06,MSFT,295.9072534761738,297.6621976161441,287.6851730006055,290.39031982421875,40110400.0
2022-04-07,MSFT,287.63669930817355,294.414079792204,287.3361307332164,292.20343017578125,31411200.0
2022-04-08,MSFT,291.30171228666035,291.9610220629479,287.26824077806,287.937255859375,24361900.0
2022-04-11,MSFT,282.91478374664115,283.7098197455941,276.33130335708324,276.5834045410156,34569300.0
2022-04-12,MSFT,280.44240903056135,281.8967847315319,271.95855077489966,273.4808044433594,30966700.0
2022-04-13,MSFT,274.1303944317771,279.80243508000837,272.7438673323913,278.87164306640625,21907200.0
2022-04-14,MSFT,279.3273117976379,279.5406213549025,270.824075007664,271.31854248046875,28221600.0
2022-04-18,MSFT,270.4265639610484,273.8685738866559,269.8738942106014,271.9875793457031,20778000.0
2022-04-19,MSFT,270.8823038600572,277.4657855900737,269.94180647005487,276.6222229003906,22297700.0
2022-04-20,MSFT,280.59750599779863,280.88839885014346,276.6900850216622,277.64996337890625,22906700.0
2022-04-21,MSFT,279.80239086732644,284.37882612930093,271.5415501745788,272.26873779296875,29454600.0
2022-04-22,MSFT,273.1123477234531,274.58613398289475,265.06481431264797,265.6950378417969,29405800.0
2022-04-25,MSFT,264.9775192651805,272.5596407849809,262.5341495736,272.1815185546875,35678900.0
2022-04-26,MSFT,269.0594211869601,269.8932487938814,261.78754493866387,262.0008544921875,46518400.0
2022-04-27,MSFT,273.5196006446066,282.1198043655611,270.66902185598894,274.60552978515625,63477700.0
2022-04-28,MSFT,276.5155121149017,282.12940868996714,272.8989551204445,280.8204650878906,33646600.0
2022-04-29,MSFT,279.83153709016864,281.0629273247488,268.0898927013259,269.078857421875,37073900.0
2022-05-02,MSFT,269.2630493387839,276.27314931657503,267.8183792644711,275.81744384765625,35151100.0
2022-05-03,MSFT,275.3229441287677,275.4877863561019,271.62883306903626,273.2092590332031,25978600.0
2022-05-04,MSFT,273.99461437075183,282.0324703593983,268.31286891823476,281.15985107421875,33599300.0
2022-05-05,MSFT,276.8550187210736,277.64037937995727,265.9956662784681,268.91412353515625,43260400.0
2022-05-06,MSFT,266.4512414054531,270.7561945471367,263.018907502902,266.3736877441406,37780300.0
2022-05-09,MSFT,261.8458006190257,264.0758315399629,255.31081522674663,256.532470703125,47726000.0
2022-05-10,MSFT,263.426185984904,265.4235259500196,257.00754691357685,261.30279541015625,39336400.0
2022-05-11,MSFT,257.59893757945724,263.10616476658646,251.41299010553567,252.62496948242188,48975900.0
2022-05-12,MSFT,249.8520131079963,251.9754036684089,242.41530828868,247.58319091796875,51033800.0
2022-05-13,MSFT,249.5223236211492,255.0392561912561,247.5831565902319,253.1776428222656,34925100.0
2022-05-16,MSFT,252.0529753654967,257.7347513466333,248.0001225205669,253.546142578125,32550900.0
2022-05-17,MSFT,258.0158894934678,260.16836636831925,254.4769151081099,258.7043151855469,28828800.0
2022-05-18,MSFT,255.59442633817832,256.17753742497484,245.6524875951275,246.92559814453125,31356000.0
2022-05-19,MSFT,246.750664242876,250.41452736184803,244.7875541882532,246.01206970214844,32692300.0
2022-05-20,MSFT,249.99662341850876,251.2600357974427,239.50074181493952,245.4484100341797,39199300.0
2022-05-23,MSFT,248.29589957204047,254.13666422198204,246.2938927434967,253.3105926513672,33175400.0
2022-05-24,MSFT,250.62830293352823,253.97141153191015,246.36190307818248,252.3095703125,29043900.0
2022-05-25,MSFT,250.8712569903347,257.1298909092702,249.8896872797265,255.12789916992188,28547900.0
2022-05-26,MSFT,254.8848992686262,259.58860930301927,254.06855584033516,258.4126892089844,25002100.0
2022-05-27,MSFT,260.9201340875451,265.64327166838257,260.02602645530493,265.54608154296875,26910800.0
2022-05-31,MSFT,264.8561104686971,267.0330271517111,261.3574731865208,264.2146911621094,37827700.0
2022-06-01,MSFT,267.4508644163128,269.8707409098893,262.436157371953,264.7491455078125,25292200.0
2022-06-02,MSFT,257.00362379745957,266.9163942109657,254.2338682193242,266.8483581542969,44008200.0
2022-06-03,MSFT,262.69855996137693,265.75015751179075,260.8520664352407,262.4167175292969,28059000.0
2022-06-06,MSFT,264.39925834908735,266.459558068701,259.69554794096325,261.1824645996094,22400300.0
2022-06-07,MSFT,259.13195514945534,265.439199996227,258.45165391231484,264.8269348144531,22860700.0
2022-06-08,MSFT,264.0591589961378,265.3128433735348,262.01828503853517,262.7957763671875,17372300.0
2022-06-09,MSFT,260.23984343092275,265.03101725984766,257.17854713483496,257.33404541015625,26439700.0
2022-06-10,MSFT,253.2425174195424,253.2425174195424,245.4192029712448,245.8662567138672,31422800.0
2022-06-13,MSFT,238.20817089954593,242.00807632258991,234.728975085956,235.43841552734375,46135800.0
2022-06-14,MSFT,236.99335622167607,238.82042366109096,234.70952192240745,237.60562133789065,28651500.0
2022-06-15,MSFT,241.31804702603347,248.11122688546928,239.4812665255515,244.6708984375,33111700.0
2022-06-16,MSFT,239.05366802425112,240.453122742363,236.17702428513732,238.07211303710935,33169200.0
2022-06-17,MSFT,237.80973531497352,243.4464219016771,237.1586029520577,240.6766662597656,43084800.0
2022-06-21,MSFT,243.21316362761155,247.57673936751257,242.48428215744224,246.59518432617188,29928300.0
2022-06-22,MSFT,244.7972453506843,249.92858401068787,243.32004157236312,246.00233459472656,25939900.0
2022-06-23,MSFT,248.37361521052824,252.06660217631952,246.48823975143517,251.57095336914065,25861400.0
2022-06-24,MSFT,254.4378861963467,260.43416284351514,254.350423997837,260.16204833984375,33923200.0
2022-06-27,MSFT,260.65770592471864,260.74516813613343,255.86653250823528,257.43121337890625,24615100.0
2022-06-28,MSFT,256.54680910735476,259.39429846410957,249.10249735843755,249.25799560546875,27295500.0
2022-06-29,MSFT,250.33676379812957,254.5934362752121,248.55829125399416,252.9315948486328,20069800.0
2022-06-30,MSFT,249.8119509376396,252.2221295498261,245.7788129454486,249.59814453125,31730900.0
2022-07-01,MSFT,249.17057288707923,252.4553737795161,247.4406805657067,252.27072143554688,22837700.0
2022-07-05,MSFT,248.94702936825868,255.57499836951445,247.56701562367115,255.4486541748047,22941000.0
2022-07-06,MSFT,256.3232668081978,260.4438664218845,255.01127448719637,258.7139892578125,23824400.0
2022-07-07,MSFT,257.65473625946805,261.4837959629939,257.55754613160065,260.8423767089844,20859900.0
2022-07-08,MSFT,257.3340180308074,260.55081225996196,255.87625522031703,260.1231994628906,19658800.0
2022-07-11,MSFT,258.169835200655,259.0250609517988,254.7975420936426,257.06195068359375,19455200.0
2022-07-12,MSFT,258.3933261127936,258.45163425345476,244.9430231030509,246.52713012695312,35868500.0
2022-07-13,MSFT,243.1451381645319,246.4105276871535,241.12370514299172,245.60389709472656,29497400.0
2022-07-14,MSFT,243.5144383254252,247.95574821262497,239.01480546624109,246.92559814453125,25102800.0
2022-07-15,MSFT,248.5193996029873,253.0384582835576,247.59615280932707,249.49124145507812,29774100.0
2022-07-18,MSFT,252.4359355465149,253.4952396670065,246.16755820714368,247.09080505371097,20975000.0
2022-07-19,MSFT,250.32701866110767,252.40677452243568,246.53684125681795,252.2221221923828,25012600.0
2022-07-20,MSFT,252.58168831471335,257.4117434464244,251.61957438364064,254.88494873046875,22788300.0
2022-07-21,MSFT,252.4747793308648,257.43117824236685,249.79248658053865,257.382568359375,22404700.0
2022-07-22,MSFT,257.77134086420693,257.85880307784385,251.7750928382028,253.02874755859375,21881300.0
2022-07-25,MSFT,253.65070352671825,254.13662441470044,249.57868411276664,251.5417938232422,21056000.0
2022-07-26,MSFT,252.54279829754145,252.5622541150104,242.5425674350256,244.80694580078125,39348000.0
2022-07-27,MSFT,253.8062714114464,262.44593174810194,251.56131866563936,261.1728210449219,45994000.0
2022-07-28,MSFT,262.15436025094607,270.01655789466145,260.32729267977885,268.6268310546875,33459300.0
2022-07-29,MSFT,269.88046135026275,274.059368942466,268.840583577074,272.8348388671875,32152800.0
2022-08-01,MSFT,269.99717136426204,273.35973662661695,268.07291338612845,270.18182373046875,21539600.0
2022-08-02,MSFT,268.22833970476506,270.0651349626204,264.71027709598764,267.0815734863281,22754200.0
2022-08-03,MSFT,268.9669356400914,275.5171396277238,268.82113564913254,274.5161437988281,23518900.0
2022-08-04,MSFT,273.8650200050531,275.8087036946795,272.2809427109455,275.6629333496094,18098700.0
2022-08-05,MSFT,271.28971192826526,275.66300130805973,270.83294496226716,274.94384765625,16774600.0
2022-08-08,MSFT,276.0516785842541,277.86904784198094,271.4548853993135,272.4267272949219,18739200.0
2022-08-09,MSFT,271.765878834773,275.1089876320651,269.7930113371827,274.3509521484375,23405200.0
2022-08-10,MSFT,280.05567781115093,281.6494830162943,278.8603016635988,281.0177917480469,24687800.0
2022-08-11,MSFT,282.6602203734145,283.0100692187593,278.44243011883435,278.93804931640625,20065900.0
2022-08-12,MSFT,280.35695809957093,283.69036865234375,278.8603132900209,283.69036865234375,22619700.0
2022-08-15,MSFT,282.80594014927584,285.8963896968433,281.940986783647,285.2063903808594,18085700.0
2022-08-16,MSFT,283.76810711776506,285.7604008093183,282.24233787382076,284.46783447265625,18102900.0
2022-08-17,MSFT,282.1791095942932,285.69492065907355,281.91616605164813,283.7178955078125,18253400.0
2022-08-18,MSFT,282.6174288216291,284.2925462222134,281.5363790671633,282.59796142578125,17186200.0
2022-08-19,MSFT,281.36109961223826,281.7019722471869,278.1082610446249,278.682861328125,20570000.0
2022-08-22,MSFT,274.71900818026165,275.0890966994029,269.9858458890411,270.50201416015625,25061100.0
2022-08-23,MSFT,269.2262268066406,271.58305961695726,268.2133575622362,269.2262268066406,17527400.0
2022-08-24,MSFT,268.2231425968554,269.99565658530935,267.93095330444964,268.5932312011719,18137000.0
2022-08-25,MSFT,270.09294921143464,271.73885036051576,267.3562796674805,271.57330322265625,16583400.0
2022-08-26,MSFT,271.79731971202773,273.02444918596143,260.98700095652805,261.0941162109375,27549300.0
2022-08-29,MSFT,258.91262365576034,260.422164362544,256.9648138554104,258.3088073730469,20338500.0
2022-08-30,MSFT,259.71118642639124,260.0812452565468,253.8580095108411,256.10772705078125,22767100.0
2022-08-31,MSFT,258.464616362346,260.13970413279804,254.51053542030976,254.6468963623047,24791800.0
2022-09-01,MSFT,252.11473941611692,254.0820462007677,248.7450370151719,253.6048126220703,23263400.0
2022-09-02,MSFT,254.87085770904451,257.83150643317526,247.8295164198684,249.3780212402344,22855400.0
2022-09-06,MSFT,249.5144035204149,251.10184326326072,245.36555986305348,246.6413726806641,21328200.0
2022-09-07,MSFT,248.05353553100252,252.0757520218553,246.6121606696536,251.3550720214844,24126700.0
2022-09-08,MSFT,250.79019548540293,253.63398041445728,248.1411587926692,251.77381896972656,20319900.0
2022-09-09,MSFT,253.70218346204777,258.30876355813575,253.49767178964203,257.558837890625,22084700.0
2022-09-12,MSFT,258.84438857917326,260.47082249672275,258.24057242382844,259.6916809082031,18747700.0
2022-09-13,MSFT,252.08548374554073,253.60477266828747,245.02467481719648,245.41424560546875,33353300.0
2022-09-14,MSFT,246.91405740824067,247.59578772613625,243.3398289424253,245.63824462890625,23913000.0
2022-09-15,MSFT,243.252171211811,244.83962570319943,237.65221941398767,238.9767303466797,31530900.0
2022-09-16,MSFT,237.88595437992277,238.89882358010237,235.74336703268992,238.3534393310547,39791800.0
2022-09-19,MSFT,236.1426678581361,238.7429915584572,234.56494703921464,238.13917541503903,26826900.0
2022-09-20,MSFT,235.7531105348159,237.15552077631924,233.38651445985508,236.12318420410156,26660300.0
2022-09-21,MSFT,237.89570341294743,241.1972397263064,232.66582510868037,232.7145233154297,28625600.0
2022-09-22,MSFT,231.66271451815115,237.49640922958957,231.37055498618827,234.69155883789065,31061200.0
2022-09-23,MSFT,233.2891621478494,234.83768215950224,229.06241864877185,231.71144104003903,34176000.0
2022-09-26,MSFT,230.86409095052775,235.14926529358792,230.71799634255217,231.2536468505859,27694200.0
2022-09-27,MSFT,233.71764626825265,235.49015995931185,228.38065266127452,230.2408142089844,27018700.0
2022-09-28,MSFT,230.63034693887,236.0063045149293,228.60462357889685,234.77919006347656,29029700.0
2022-09-29,MSFT,232.65607976574745,233.68841631049096,228.29299112244067,231.30235290527344,27484200.0
2022-09-30,MSFT,232.07170195569088,234.2629871296902,226.65679519230463,226.8223571777344,35694800.0
2022-10-03,MSFT,229.26689591019425,235.30510173349657,228.5364674268769,234.4578094482422,28880400.0
2022-10-04,MSFT,238.69429935915923,243.8267812891872,238.58716924773375,242.38540649414065,34888400.0
2022-10-05,MSFT,239.5708111265556,244.0410299207372,237.7301319253864,242.6970367431641,20347100.0
2022-10-06,MSFT,241.46018055206,243.8072944010288,239.65846580764227,240.3499298095703,20239900.0
2022-10-07,MSFT,234.61361969677648,235.02267271918691,227.0853410590533,228.12742614746097,37769600.0
2022-10-10,MSFT,226.9685107950048,228.43910165549525,220.8134254836655,223.2676696777344,29743600.0
2022-10-11,MSFT,221.6801990277238,223.08262427444697,218.2617986342917,219.5278778076172,30474000.0
2022-10-12,MSFT,219.51810569426297,221.91391771043945,218.11569545862957,219.8589782714844,21903900.0
2022-10-13,MSFT,214.11293909981683,229.93888935580085,213.41172657654943,228.12742614746097,42551800.0
2022-10-14,MSFT,229.393492314521,231.0491420906271,222.38138188024428,222.59564208984375,30198600.0
2022-10-17,MSFT,229.6662351318938,232.72429558367523,229.00397214596376,231.33160400390625,28142300.0
2022-10-18,MSFT,236.8925737936442,237.5645555231439,229.22793404835292,232.27626037597656,26329600.0
2022-10-19,MSFT,230.85437475930172,233.3573170929322,228.17613670425015,230.3089904785156,19985700.0
2022-10-20,MSFT,229.6175209146232,235.01294654635635,228.74099774675008,229.9875946044922,21811000.0
2022-10-21,MSFT,228.6144117292178,236.65885980316088,228.3806692339145,235.80181884765625,26299700.0
2022-10-24,MSFT,237.3990102771564,241.37254333610227,235.00321297699924,240.7979431152344,24911200.0
2022-10-25,MSFT,240.8076876498756,244.48904648504563,239.41501096435695,244.1189727783203,34775500.0
2022-10-26,MSFT,225.13753575748976,232.0814806550544,224.05650100348495,225.28363037109375,82543200.0
2022-10-27,MSFT,225.01094581972592,227.59180231118427,219.888212209169,220.83290100097656,40424600.0
2022-10-28,MSFT,220.33619766891604,230.4258506343881,220.1511534041053,229.7148895263672,40647700.0
2022-10-31,MSFT,227.65993363869148,228.78966653971077,225.1180420417005,226.07247924804688,28357300.0
2022-11-01,MSFT,228.47803488612004,229.58828558322924,221.3977439800207,222.2158203125,30592300.0
2022-11-02,MSFT,223.4721786248032,225.26415970324368,214.2979832888999,214.35643005371097,38407000.0
2022-11-03,MSFT,214.34668818412212,214.6583448304135,208.3961296970331,208.6590881347656,36633900.0
2022-11-04,MSFT,211.8729869376078,215.80755569299043,207.86048915628433,215.61277770996097,36789100.0
2022-11-07,MSFT,216.1971255856238,222.44959243568516,215.5056466591579,221.92367553710935,33498000.0
2022-11-08,MSFT,222.73202097791747,225.6050371166513,219.9466527031385,222.8975830078125,28192500.0
2022-11-09,MSFT,221.43667377227317,222.66380302156912,218.4760104656467,218.65130615234375,27852900.0
2022-11-10,MSFT,229.2863603198829,236.9802158270735,228.8675884613208,236.63934326171875,46268000.0
2022-11-11,MSFT,236.64910797482275,241.5186314660159,235.6167565117805,240.66159057617188,34620200.0
2022-11-14,MSFT,235.67522458522933,237.54511999164188,232.9677704681792,235.2467041015625,31123300.0
2022-11-15,MSFT,239.2494265791224,240.5544552800884,233.7663384908261,235.6557159423828,31390100.0
2022-11-16,MSFT,237.12067984603283,238.10710518850516,234.80602574594815,236.08543395996097,24093300.0
2022-11-17,MSFT,232.22766434937833,237.5699370972691,232.0811729185345,236.03659057617188,23123500.0
2022-11-18,MSFT,237.82389241753864,238.04853251158545,233.4485072342936,235.58737182617188,27613500.0
2022-11-21,MSFT,235.7924470015689,238.95679628172485,235.55806069358533,236.39797973632812,26394700.0
2022-11-22,MSFT,237.90201790004144,239.58185601879657,235.0892778311268,239.3083953857422,19665700.0
2022-11-23,MSFT,239.3865032352018,242.48247963370116,238.5661214247604,241.798828125,19508500.0
2022-11-25,MSFT,241.53513287897812,242.8926747923449,240.9686745039961,241.7109375,9200800.0
2022-11-28,MSFT,240.33386298973988,240.8905453448232,235.17715584666723,236.11473083496097,24778200.0
2022-11-29,MSFT,235.7631620284747,237.12070411466752,232.64766292317384,234.71815490722656,17956300.0
2022-11-30,MSFT,234.95252448977655,249.36786250056448,234.2590969437443,249.1822967529297,47594200.0
2022-12-01,MSFT,247.9419383198584,250.1393991145544,245.0608260361984,248.7427978515625,26041500.0
2022-12-02,MSFT,243.986520913656,250.0808026492436,243.85955174333637,249.06509399414065,21528500.0
2022-12-05,MSFT,246.12538359731664,247.8931313402829,242.2676218605377,244.3576507568359,23435300.0
2022-12-06,MSFT,244.96316804950703,245.97887669587513,238.08754909606984,239.3962554931641,22463700.0
2022-12-07,MSFT,239.1130683703696,240.4120138279657,236.55425177558644,238.6638031005859,20481500.0
2022-12-08,MSFT,239.12285708746475,242.93179903251055,237.3844221908629,241.62307739257812,22611800.0
2022-12-09,MSFT,238.9860661155432,242.5117704690464,238.45868208288636,239.6892547607422,20609700.0
2022-12-12,MSFT,241.67189534620832,246.6430373039938,241.39843470154543,246.61373901367188,30665100.0
2022-12-13,MSFT,255.579352180181,257.7572908019212,247.16064016484373,250.92074584960935,42196900.0
2022-12-14,MSFT,251.1258502529427,256.458347318601,248.37169195338248,251.2137451171875,35410900.0
2022-12-15,MSFT,247.7954592877002,248.2642467746521,241.56443204275277,243.1954345703125,35560400.0
2022-12-16,MSFT,242.74618523388145,244.00605626723987,237.82386444207205,238.976318359375,86102000.0
2022-12-19,MSFT,239.14236978569437,239.48420303255193,233.13598200938617,234.83534240722656,29696400.0
2022-12-20,MSFT,233.80982617655215,237.2378746063848,232.8527140773399,236.15379333496097,25150800.0
2022-12-21,MSFT,236.04634186802443,239.8845659787267,234.50323438075608,238.72235107421875,23690600.0
2022-12-22,MSFT,235.62640311504308,236.33936782887625,228.40896543431776,232.6280975341797,28651700.0
2022-12-23,MSFT,230.5966555298247,233.29220210096452,228.47732844087844,233.1554718017578,21207000.0
2022-12-27,MSFT,233.1261790492013,233.35080420983945,230.32320039769817,231.42681884765625,16688600.0
2022-12-28,MSFT,231.35848211045433,234.1224017765001,228.7019944774523,229.0535888671875,17457100.0
2022-12-29,MSFT,230.14737711958503,236.27097175234948,230.14737711958503,235.38221740722656,19770700.0
2022-12-30,MSFT,232.6476561526492,234.3567925734217,231.133846628039,234.22006225585935,21938500.0
2023-01-03,MSFT,237.40392951699792,240.01158153417768,231.8565533725304,233.98565673828125,25740000.0
2023-01-04,MSFT,226.85610390975128,227.43232343462765,220.6836879280111,223.7503662109375,50623400.0
2023-01-05,MSFT,221.89471081098847,222.23654401593947,216.58173640623133,217.118896484375,39585600.0
2023-01-06,MSFT,217.7928082549556,220.48835513572715,214.2280440359925,219.677734375,43613600.0
2023-01-09,MSFT,221.1622513114738,225.8404102334112,221.12319189298108,221.8166046142578,27369800.0
2023-01-10,MSFT,222.4416663929236,225.90877481221747,222.02171429578453,223.5062255859375,27033900.0
2023-01-11,MSFT,225.8892031998331,230.44039237661667,225.71341348434925,230.2646026611328,28669300.0
2023-01-12,MSFT,229.76654780758065,234.29820072980252,228.106246697314,232.9406585693359,27269500.0
2023-01-13,MSFT,231.46587514607089,233.78052912873633,229.4344428923557,233.643798828125,21333300.0
2023-01-17,MSFT,232.4132256316804,235.28457684093857,231.5537695139473,234.73765563964844,29831300.0
2023-01-18,MSFT,235.9291745717664,236.7202581070154,230.0204434260072,230.3036651611328,30028700.0
2023-01-19,MSFT,228.321104910501,230.02048030114173,225.2934856852473,226.51429748535156,28623000.0
2023-01-20,MSFT,229.37589136268377,235.1185949210035,229.0340580927883,234.61073303222656,35389800.0
2023-01-23,MSFT,235.47013642558932,239.44509106116212,234.0539831134163,236.9155731201172,31934000.0
2023-01-24,MSFT,236.83746410442905,238.2536026618758,234.82556885560984,236.38819885253903,40234400.0
2023-01-25,MSFT,229.00471246415324,237.61876602103504,225.50830635326923,234.9915771484375,66526600.0
2023-01-26,MSFT,237.96061466071723,242.51180433252105,236.34914915023313,242.20904541015625,33454500.0
2023-01-27,MSFT,243.17591612262385,243.99629796325883,241.06635004457465,242.36529541015625,26498900.0
2023-01-30,MSFT,238.8005289422948,239.8650880674355,236.5444713117664,237.0425720214844,25867400.0
2023-01-31,MSFT,237.765291334152,242.16021359505123,237.2769666384965,242.0234832763672,26541100.0
2023-02-01,MSFT,242.20902977404796,249.22136469253888,239.7381082028261,246.84811401367188,31259900.0
2023-02-02,MSFT,252.77638533264104,258.50931209894077,251.24303873990775,258.4214172363281,39940400.0
2023-02-03,MSFT,253.4795673448407,258.0307566536459,251.09654067147537,252.31735229492188,29077300.0
2023-02-06,MSFT,251.4285838060292,252.2684878496384,248.8306932399148,250.7742156982422,22518000.0
2023-02-07,MSFT,254.4464132204565,262.49399303825874,254.0069091613423,261.312255859375,50841400.0
2023-02-08,MSFT,266.8206631444049,270.2975330819385,259.9938626718781,260.5017395019531,54686000.0
2023-02-09,MSFT,267.406514176899,267.5823336683287,256.66337397570203,257.4642333984375,42375100.0
2023-02-10,MSFT,255.42310477455004,257.9233247404557,254.57342460398476,256.9564514160156,25818500.0
2023-02-13,MSFT,261.39043477453396,268.187905604371,260.9118563468283,264.9844970703125,44630900.0
2023-02-14,MSFT,266.3030219967699,268.5493038380461,262.99216601321865,265.814697265625,37047900.0
2023-02-15,MSFT,262.710876554926,265.0704999795345,260.61559812325817,263.6899719238281,28922400.0
2023-02-16,MSFT,258.5007952473413,261.16393632712175,256.42511747097006,256.6698913574219,29603600.0
2023-02-17,MSFT,253.96761913922532,254.65296812365867,250.64847075073527,252.6654052734375,30000100.0
2023-02-21,MSFT,249.16022201193073,250.14911804172624,246.33063657642128,247.3880615234375,28397400.0
2023-02-22,MSFT,248.77837226249528,249.02314613774428,245.10676413376063,246.25230407714844,22491100.0
2023-02-23,MSFT,250.2176469727612,251.470888034521,245.24383997273415,249.4441680908203,29219100.0
2023-02-24,MSFT,244.73471364848396,245.75296637788725,242.91359545143783,244.0101776123047,24990900.0
2023-02-27,MSFT,247.18248010394743,247.53495511519347,244.17664946084787,244.93055725097656,21190000.0
2023-02-28,MSFT,243.86333443445264,246.23274385931393,243.53043059507243,244.2060089111328,22491000.0
2023-03-01,MSFT,245.5179859908204,245.6844304356118,240.6518800855354,241.12185668945312,27565300.0
2023-03-02,MSFT,241.39602886367507,246.14463367182992,240.47567658758933,245.86070251464844,24808200.0
2023-03-03,MSFT,246.9181207220463,250.27641144489547,246.1348412573584,249.95330810546875,30760100.0
2023-03-06,MSFT,251.06945498374236,254.6823198135749,250.62886499128248,251.5002593994141,24109800.0
2023-03-07,MSFT,250.94216175111168,252.30311882234795,248.09300523382876,248.8371124267578,21473200.0
2023-03-08,MSFT,248.72940376299263,249.2189514923591,245.56692961443244,248.39651489257812,17340200.0
2023-03-09,MSFT,250.47222930235247,254.1340370763852,246.32085881638,247.04539489746097,26653400.0
2023-03-10,MSFT,245.8313095923703,247.50555459686285,242.4240613016346,243.3933563232422,28333900.0
2023-03-13,MSFT,242.2282164863087,252.51851957276,240.59312882269185,248.61192321777344,33339700.0
2023-03-14,MSFT,251.38279382163873,255.61249395987457,250.5113993403559,255.33834838867188,33620300.0
2023-03-15,MSFT,254.54531996903435,260.9094422472111,253.79139713004065,259.89117431640625,46028000.0
2023-03-16,MSFT,259.665957162543,270.7786991165704,257.7763096695362,270.4262390136719,54768800.0
2023-03-17,MSFT,272.44312854039293,277.4071201106938,270.54368084412533,273.5886535644531,69527400.0
2023-03-20,MSFT,271.18988829736253,271.6794360581046,264.20893244844024,266.5391845703125,43466600.0
2023-03-21,MSFT,269.1337737128017,269.2512603911417,263.8858063365012,268.0567626953125,34558700.0
2023-03-22,MSFT,267.68471260704814,275.16501681749725,266.49021486222443,266.5979309082031,34873300.0
2023-03-23,MSFT,272.12982794030694,275.184601369669,269.44711561214615,271.8556823730469,36610900.0
2023-03-24,MSFT,271.44445936393123,274.76360784861777,269.52544032042374,274.7048645019531,28172000.0
2023-03-27,MSFT,274.63631661296625,275.57624002545316,269.7604097538673,270.6024475097656,26840200.0
2023-03-28,MSFT,270.02476204854537,270.3674514567512,266.3629244825979,269.4764709472656,21878600.0
2023-03-29,MSFT,273.1285323950296,275.26298376306835,272.59004170342473,274.6461486816406,25087000.0
2023-03-30,MSFT,278.2883815165173,278.513554404513,275.5958683420122,278.11212158203125,25053400.0
2023-03-31,MSFT,277.79875006624843,283.2229170975771,277.0839996638091,282.273193359375,32766000.0
2023-04-03,MSFT,280.5304675659523,282.2438849087716,278.0142145195858,281.22564697265625,24883300.0
2023-04-04,MSFT,281.2256389673713,284.3783279836004,279.6982522270493,281.1766662597656,25824300.0
2023-04-05,MSFT,279.87447046132644,281.14728273137956,277.00572765537777,278.3960266113281,22064800.0
2023-04-06,MSFT,277.2896463361067,285.9742192087345,276.1343207416053,285.5042724609375,29770300.0
2023-04-10,MSFT,283.16422470598815,283.54608632492165,278.758294590068,283.3404846191406,23103000.0
2023-04-11,MSFT,279.77654407914395,280.00174680479614,275.75247584510697,276.9175720214844,27276600.0
2023-04-12,MSFT,278.83662385276324,281.01021712063323,276.0657667752644,277.56378173828125,27403400.0
2023-04-13,MSFT,277.66162977770654,283.83971866884275,277.2504264883852,283.7809753417969,24222700.0
2023-04-14,MSFT,281.00045519332065,282.44952753077473,277.75965094017215,280.158447265625,20987900.0
2023-04-17,MSFT,283.8691389960497,285.50424155811174,280.1779598756737,282.76275634765625,23836200.0
2023-04-18,MSFT,285.47488392928074,285.6609144658387,281.0102108111372,282.3417663574219,20161800.0
2023-04-19,MSFT,280.01147831348476,283.0075077875069,278.59180793950236,282.4200744628906,17150300.0
2023-04-20,MSFT,279.28699001904164,282.98796979588815,279.1205306378155,280.1289978027344,23244400.0
2023-04-21,MSFT,279.0520247927153,280.28566483452795,277.14277656950355,279.7863464355469,21676400.0
2023-04-24,MSFT,276.19304795792937,278.9932766450886,272.8935008803915,275.8797302246094,26611000.0
2023-04-25,MSFT,273.6669722958412,275.71327815222014,269.61350288682667,269.6624755859375,45772200.0
2023-04-26,MSFT,290.49764832472823,293.30764764371935,286.61063797416637,289.1954345703125,64599200.0
2023-04-27,MSFT,289.78287058448984,298.81993200325854,289.0779206919361,298.4576416015625,46462600.0
2023-04-28,MSFT,297.6548232687838,302.47195624653347,296.96944448822813,300.8368835449219,36469600.0
2023-05-01,MSFT,300.5529832417884,302.14891388087307,298.7710220447965,299.1724548339844,21294100.0
2023-05-02,MSFT,301.32648498759136,302.71678406961206,297.55696078190715,299.0256042480469,26404400.0
2023-05-03,MSFT,300.21027546467184,302.1586660652437,297.733164896042,298.03668212890625,22360800.0
2023-05-04,MSFT,299.83824048560797,301.32648498759136,297.0576124419387,299.0256042480469,22519900.0
2023-05-05,MSFT,299.32910233190466,305.448449715473,297.9094017870665,304.1560363769531,28197100.0
2023-05-08,MSFT,303.6469176772524,303.7154615391141,299.6913631590147,302.1978454589844,21318600.0
2023-05-09,MSFT,301.5614626011553,303.558826109355,299.9067885491099,300.5823669433594,21340800.0
2023-05-10,MSFT,302.1684161185302,306.45685873070875,301.2382934207618,305.7812805175781,30078000.0
2023-05-11,MSFT,303.61751818157876,304.6161848272032,299.85779507616377,303.6272888183594,31680200.0
2023-05-12,MSFT,304.0581273381705,304.1560428743244,300.1907176369154,302.51116943359375,19774700.0
2023-05-15,MSFT,302.6384761819386,303.4217407624871,301.16003216555265,302.9909362792969,16336500.0
2023-05-16,MSFT,303.35316000473966,307.15205550564514,303.35316000473966,305.2232360839844,26730300.0
2023-05-17,MSFT,306.4301274420136,308.5299564214886,304.90919402934566,308.1080322265625,24315000.0
2023-05-18,MSFT,308.62815194349986,313.0535358007283,307.8333531943893,312.54327392578125,27276000.0
2023-05-19,MSFT,310.7966243634161,312.7689179460215,310.43357190083395,312.3666076660156,27546700.0
2023-05-22,MSFT,312.62177529023154,316.53689709363704,312.04284968121516,315.1533508300781,24115700.0
2023-05-23,MSFT,314.0249365560636,316.664463629214,309.33462996251853,309.3444519042969,30797200.0
2023-05-24,MSFT,308.82436880109975,310.56114546951807,306.7441236524187,307.96087646484375,23384900.0
2023-05-25,MSFT,317.17470817825347,320.7660354537529,313.99551318959146,319.804443359375,43301700.0
2023-05-26,MSFT,317.9400583040085,327.14405620676587,317.8027008438637,326.6436462402344,36630600.0
2023-05-30,MSFT,328.939735353525,329.44014532098214,324.31809251004455,324.9951477050781,29503100.0
2023-05-31,MSFT,326.0549025994876,329.636407832276,321.18795072131485,322.22808837890625,45950600.0
2023-06-01,MSFT,319.81420387671255,327.27160256990936,318.626916843916,326.33941650390625,26773900.0
2023-06-02,MSFT,327.9780910808691,331.16710767327845,326.30997811609336,329.10650634765625,25873800.0
2023-06-05,MSFT,328.92995293144236,332.2072777754639,328.38046313393863,329.6364440917969,21307100.0
2023-06-06,MSFT,329.0377953258703,329.0770531433708,325.93711647697336,327.41876220703125,20396200.0
2023-06-07,MSFT,325.42688293374783,328.2135893193703,316.4485803635837,317.31207275390625,40717100.0
2023-06-08,MSFT,317.86146955678265,320.51081771224375,317.2825441336128,319.1567077636719,23277700.0
2023-06-09,MSFT,318.8918688562613,323.79804871469764,318.32276516845866,320.6581115722656,22529000.0
2023-06-12,MSFT,322.4144778795906,325.8684474019989,319.05866788081994,325.6231384277344,24260300.0
2023-06-13,MSFT,328.19397978099306,330.65689152573293,324.1905503980353,328.0173645019531,22951300.0
2023-06-14,MSFT,328.06639373925447,332.678214257829,326.5651040717086,331.0101013183594,26003800.0
2023-06-15,MSFT,331.1475459812555,343.27560893103424,330.8728010908221,341.5682678222656,38899100.0
2023-06-16,MSFT,344.7277944942439,344.87497388637837,335.5336191446204,335.9064636230469,46552000.0
2023-06-20,MSFT,332.94318456860884,335.6611975068298,329.55790839262113,331.7068176269531,26375400.0
2023-06-21,MSFT,330.058326488485,331.39282293074336,325.83902394821615,327.3010559082031,25117800.0
2023-06-22,MSFT,327.8505873806374,333.738003737129,327.08522445209144,333.335693359375,23556800.0
2023-06-23,MSFT,328.0860842014297,331.6185401092795,327.1931857123841,328.73370361328125,23146900.0
2023-06-26,MSFT,327.4580354070177,329.8031735626045,322.326161031866,322.4341125488281,21520600.0
2023-06-27,MSFT,325.63294331118817,329.8424538607447,323.120981710903,328.2921142578125,24354100.0
2023-06-28,MSFT,328.38039213208674,331.63810233073093,327.54633567319496,329.5480651855469,20259500.0
2023-06-29,MSFT,328.4294754124527,329.80319974916614,326.37869587676175,328.7630920410156,16997000.0
2023-06-30,MSFT,331.41236833839434,336.2989330617999,330.87270066400504,334.1500244140625,26832800.0
2023-07-03,MSFT,332.8253831560942,334.5032880387074,330.25455007590733,331.64788818359375,12508700.0
2023-07-05,MSFT,328.8022915360956,335.2391958104979,328.4490610314349,331.80487060546875,18172400.0
2023-07-06,MSFT,330.97088598213605,336.55412113608645,329.2046731859424,334.86639404296875,28161200.0
2023-07-07,MSFT,332.952965838011,335.3766196583141,330.6764914106529,330.8923645019531,21214800.0
2023-07-10,MSFT,328.32152762825416,328.9397110166737,321.4430546068671,325.6034851074219,32791400.0
2023-07-11,MSFT,324.8479297238825,326.6141422303351,320.8641146712657,326.2314758300781,26698200.0
2023-07-12,MSFT,330.2839941982709,335.23922327928665,329.37145204151966,330.87274169921875,29995300.0
2023-07-13,MSFT,333.18844846906484,337.2900072046909,332.6585727165139,336.23028564453125,20567200.0
2023-07-14,MSFT,341.06778168374007,344.8357239330472,337.84932914089796,338.7618713378906,28352700.0
2023-07-17,MSFT,339.193534996243,340.47895131234617,335.77885407191104,339.24261474609375,20363900.0
2023-07-18,MSFT,339.3407612690202,359.89766311953025,335.74946461658294,352.74444580078125,64738600.0
2023-07-19,MSFT,354.96209307208494,355.6587621887617,345.82678907790546,348.417236328125,39732900.0
2023-07-20,MSFT,346.9355902267656,351.25302227091294,338.88944373248916,340.3612976074219,33778400.0
2023-07-21,MSFT,342.59848099973897,343.72689620518594,333.4533559589221,337.3194274902344,69405400.0
2023-07-24,MSFT,339.3604427915747,340.4103723937978,335.8868593129291,338.6343078613281,26678100.0
2023-07-25,MSFT,340.59675719404197,345.2870932446145,338.5950576458234,344.3941650390625,41637700.0
2023-07-26,MSFT,335.03321711179626,338.20262012350594,326.8595045876303,331.43206787109375,58383700.0
2023-07-27,MSFT,334.0912153820297,334.92524195448044,322.87566610660525,324.51434326171875,39635300.0
2023-07-28,MSFT,327.4089917663005,333.630023699817,326.91837382253794,332.0207824707031,28484900.0
2023-07-31,MSFT,330.5980267133625,331.36338955022967,327.10479921092735,329.6167907714844,25446000.0
2023-08-01,MSFT,328.9004543649791,332.1876005255044,327.43842249793084,330.02886962890625,18311900.0
2023-08-02,MSFT,327.3697478835023,327.3697478835023,320.2361435127281,321.3547668457031,27761300.0
2023-08-03,MSFT,319.88292875697346,323.6901291419594,319.8338789360626,320.5305480957031,18253700.0
2023-08-04,MSFT,325.6526208611945,328.85145992528254,321.09967127439563,321.6295471191406,23741500.0
2023-08-07,MSFT,322.20843058542397,324.89700739318704,321.374374073945,323.915771484375,17741500.0
2023-08-08,MSFT,320.82487404247576,322.5812946473448,316.9391883531327,319.93194580078125,22327600.0
2023-08-09,MSFT,320.3440854180899,320.9720608226161,315.0257736651899,316.18365478515625,22373300.0
2023-08-10,MSFT,319.9025601772297,322.1005492501325,315.1533813786417,316.87054443359375,20113700.0
2023-08-11,MSFT,314.25061483261044,316.3602660012063,313.22029918403376,314.9865417480469,24355500.0
2023-08-14,MSFT,315.3594171589749,317.97930021692355,314.07397059332675,317.9596862792969,18836100.0
2023-08-15,MSFT,316.9392411357174,318.9900208673195,314.8786394613254,315.82061767578125,16966300.0
2023-08-16,MSFT,315.44693875811095,319.0065586089997,314.46362532057526,315.0536193847656,20698900.0
2023-08-17,MSFT,315.19127673474406,316.4990703161301,310.93351302834594,311.59234619140625,21257200.0
2023-08-18,MSFT,309.2421912471136,313.06729440212877,306.3512477338566,311.1990051269531,24755000.0
2023-08-21,MSFT,312.6248113327521,317.384044424445,311.7496780411196,316.5089111328125,24040000.0
2023-08-22,MSFT,320.06850470582657,320.638813261693,316.09591025429995,317.0792236328125,16084600.0
2023-08-23,MSFT,318.4165278621223,323.70675834794656,318.0625194610532,321.54345703125,21166400.0
2023-08-24,MSFT,327.29588007700687,327.42371562381226,314.62095560290663,314.63079833984375,23281400.0
2023-08-25,MSFT,316.1057329442358,319.9308061397361,313.4802731864356,317.5905456542969,21684100.0
2023-08-28,MSFT,320.2258699937862,320.7076839940525,316.35161250011487,318.298583984375,14808500.0
2023-08-29,MSFT,316.50895667061496,323.4904885771926,316.50895667061496,322.92999267578125,19284600.0
2023-08-30,MSFT,323.1855960723184,324.30655763191555,321.0026393422181,323.3035888671875,15222100.0
2023-08-31,MSFT,323.7068063169535,325.38826394826276,321.3271745159577,322.29083251953125,26411000.0
2023-09-01,MSFT,325.78155572289427,326.45020162379865,321.32714728180537,323.17578125,14942000.0
2023-09-05,MSFT,323.5100975629304,329.2624867583471,323.17577461933763,327.9841613769531,18553900.0
2023-09-06,MSFT,327.8170045681073,328.87896976670504,324.67038989138393,327.3253479003906,17535800.0
2023-09-07,MSFT,325.76188443553343,327.52199370609907,323.539586687025,324.4049072265625,18381000.0
2023-09-08,MSFT,324.58192625722756,330.5506459747243,323.9624339954705,328.6921691894531,19530100.0
2023-09-11,MSFT,331.6126024523964,332.7729350743732,329.83280759348713,332.3009338378906,16583300.0
2023-09-12,MSFT,330.2162623454097,331.1700773968811,325.948686447505,326.23382568359375,17565500.0
2023-09-13,MSFT,325.7815924302143,331.22915760826913,325.64394414491534,330.45233154296875,16544400.0
2023-09-14,MSFT,333.4907212996785,335.1721787492822,330.9537860249842,333.0482482910156,20267000.0
2023-09-15,MSFT,331.29795899971333,331.7699302193474,324.1492514827947,324.7097473144531,37679800.0
2023-09-18,MSFT,322.33010736077415,324.8867280980945,320.9141337218996,323.569091796875,16834200.0
2023-09-19,MSFT,320.7273261877417,323.89359635152607,319.095022437881,323.1659240722656,16505900.0
2023-09-20,MSFT,324.01166140600765,324.0903132872916,315.1618393483159,315.41748046875,21436500.0
2023-09-21,MSFT,313.93263631012064,319.92101113625847,309.74371174856566,314.1981201171875,35560400.0
2023-09-22,MSFT,315.9582625950678,316.0860981358559,310.8745192146817,311.7201843261719,21447900.0
2023-09-25,MSFT,311.3071733116646,312.36916854605823,309.7437086689083,312.2413330078125,17836000.0
2023-09-26,MSFT,309.87155496791354,310.60904001416407,304.8468079151213,306.93145751953125,26297600.0
2023-09-27,MSFT,307.08874321728234,309.055369891766,304.52230981108517,307.5705871582031,19410100.0
2023-09-28,MSFT,305.8006285556267,310.2157261834966,304.2863475063599,308.40643310546875,19683600.0
2023-09-29,MSFT,312.44779723009606,314.13909728561697,309.7240302256166,310.4811706542969,24147300.0
2023-10-02,MSFT,311.0023277139253,316.51873090270954,309.9206770878558,316.4302062988281,20570000.0
2023-10-03,MSFT,315.47643841498,316.02712155021527,306.0169679036218,308.1606140136719,21033500.0
2023-10-04,MSFT,308.78990640782996,314.69962955610083,308.7604082061058,313.63763427734375,20720100.0
2023-10-05,MSFT,313.76546101615116,314.6406243233155,309.64537557701226,314.03094482421875,16965600.0
2023-10-06,MSFT,311.2678848594474,323.69698224037916,311.02205647778356,321.7991943359375,25673600.0
2023-10-09,MSFT,319.33100051797163,324.78837743803706,317.78719140430474,324.31640625,19891200.0
2023-10-10,MSFT,325.4374015243932,325.57507980738603,322.202321974192,322.9103088378906,20557100.0
2023-10-11,MSFT,325.6832464860802,327.26639677950044,323.64781040646227,326.8730773925781,20063200.0
2023-10-12,MSFT,325.05388196216046,328.06281823338145,323.23474637127896,325.634033203125,19313100.0
2023-10-13,MSFT,326.8337234807313,328.25950995278436,320.91415741201166,322.2613220214844,21072400.0
2023-10-16,MSFT,325.52586089073617,330.53095207086227,325.0833879040406,327.08935546875,22158000.0
2023-10-17,MSFT,324.09025768703805,327.8956757176601,321.9466416917106,326.51904296875,18338500.0
2023-10-18,MSFT,326.94185312433785,329.9901305761364,322.8217676991399,324.6015625,23153600.0
2023-10-19,MSFT,326.60751870152404,331.25860158595435,325.3882197669904,325.7913818359375,25052100.0
2023-10-20,MSFT,326.1847456816056,326.38142037907215,320.01938102368644,321.2190246582031,25027700.0
2023-10-23,MSFT,320.0389754077356,327.17783944474775,318.9770102658004,323.8247375488281,24374700.0
2023-10-24,MSFT,325.77172794180206,326.3027255972939,322.13348624926266,325.01458740234375,31153600.0
2023-10-25,MSFT,339.2628021799774,340.4231348794275,331.98628851300685,334.98541259765625,55053800.0
2023-10-26,MSFT,334.8575484524091,335.9293564408089,321.48448041784866,322.41864013671875,37828500.0
2023-10-27,MSFT,324.91622907683893,331.1012785656195,322.92010413957604,324.30657958984375,29856500.0
2023-10-30,MSFT,327.84651090030354,333.78573199598327,326.2928589871081,331.6814270019531,22828100.0
2023-10-31,MSFT,333.1957815178894,333.3432725394677,329.105193805489,332.4681091308594,20265300.0
2023-11-01,MSFT,334.12005094281756,341.6227365899214,333.98237267008375,340.2952575683594,28158800.0
2023-11-02,MSFT,341.4457865467099,343.0092514858461,339.01700088465213,342.5077819824219,24348100.0
2023-11-03,MSFT,343.7958771188286,348.4764586181646,341.5342382393827,346.9129638671875,23637700.0
2023-11-06,MSFT,347.5521572342444,351.57390571697306,347.45381988578487,350.58074951171875,23828300.0
2023-11-07,MSFT,353.402888957102,356.41182606276084,351.6624347515459,354.5140380859375,25833900.0
2023-11-08,MSFT,355.64477925814185,357.798237980275,354.5336303274662,357.1394348144531,26767800.0
2023-11-09,MSFT,356.2544152579837,358.7028859089797,354.3467849553374,354.6712951660156,24847300.0
2023-11-10,MSFT,355.45796855398606,363.9243129417739,355.04499371068613,363.5014953613281,28042100.0
2023-11-13,MSFT,362.07568197420926,362.32151033821305,359.79438755425144,360.5613708496094,19986500.0
2023-11-14,MSFT,364.81910296344984,365.7434199318085,361.2201724286722,364.0914306640625,27683900.0
2023-11-15,MSFT,365.825621809598,367.64844995922977,361.7168689541496,364.2392883300781,26860100.0
2023-11-16,MSFT,365.51028582126,370.8211167467286,364.74174586188934,370.6437683105469,27182300.0
2023-11-17,MSFT,368.12133741912425,368.8701819959366,361.60845836518695,364.4165954589844,40157000.0
2023-11-20,MSFT,365.7665166021644,373.30412667259094,365.5497473551406,371.8951416015625,52465100.0
2023-11-21,MSFT,370.15113498600977,370.69304303967186,365.66795990773056,367.5893249511719,28423100.0
2023-11-22,MSFT,372.4468931555256,374.2106051165785,369.4614073576045,372.2991027832031,23345300.0
2023-11-24,MSFT,371.78668646032,372.4172987463729,369.6288870964328,371.8852233886719,10176600.0
2023-11-27,MSFT,371.2447795697606,375.04808851693826,370.6733134944069,373.0478820800781,22179200.0
2023-11-28,MSFT,372.79174922299154,377.3734310799554,372.6045380657408,377.0778503417969,20453100.0
2023-11-29,MSFT,378.12229596347265,378.6543413206576,371.89513414585895,373.284423828125,28963400.0
2023-11-30,MSFT,372.9296627723548,374.5061634778247,369.9540398668522,373.343505859375,30554400.0
2023-12-01,MSFT,371.2251245346799,372.60455147782466,365.8551770672475,369.0081787109375,33040500.0
2023-12-04,MSFT,363.67758971521135,364.0914026926199,357.56866135332547,363.7170104980469,32063300.0
2023-12-05,MSFT,361.0665294174841,367.59910345060933,360.24870603092694,367.0473327636719,23065000.0
2023-12-06,MSFT,368.0523741639695,368.68295635972305,362.62331133398067,363.3819885253906,21182100.0
2023-12-07,MSFT,362.82041555159645,365.99311236097066,360.93847138160504,365.5004577636719,23118900.0
2023-12-08,MSFT,363.7761953676955,368.958901692999,362.8204441707764,368.7322998046875,20154400.0
2023-12-11,MSFT,363.0667572104508,366.140917208106,360.72171642347627,365.8453063964844,27708800.0
2023-12-12,MSFT,365.4019256182351,368.91948670565927,365.0176405940666,368.8800659179687,24838300.0
2023-12-13,MSFT,370.4959629431741,372.0921891414662,365.32308952611504,368.8702087402344,30955500.0
2023-12-14,MSFT,367.8257550121924,368.269156155742,358.78062426547126,360.5541687011719,43277500.0
2023-12-15,MSFT,361.4606566919279,366.92911028032063,360.89902327689896,365.2836608886719,78502300.0
2023-12-18,MSFT,364.02244408995057,367.5202792237651,363.2637368697555,367.1754150390625,21802900.0
2023-12-19,MSFT,366.03250325578983,367.7765197753906,364.4067490977682,367.7765197753906,20603700.0
2023-12-20,MSFT,369.490921222126,370.5057884163128,365.08658823838834,365.1752624511719,26316700.0
2023-12-21,MSFT,367.08681530001417,368.9096434438712,364.6038467910981,368.0524291992187,17708000.0
2023-12-22,MSFT,368.19037607156224,369.6683400378764,367.2346248372423,369.0771484375,17107500.0
2023-12-26,MSFT,369.49097688586306,371.4024792784928,368.0130129783197,369.1559753417969,12673100.0
2023-12-27,MSFT,368.200193175684,369.55006195328735,367.3331162784424,368.5746154785156,14905400.0
2023-12-28,MSFT,369.855458875499,370.9294421479161,368.66324332637487,369.7667846679687,14327000.0
2023-12-29,MSFT,370.4762652471226,371.6192275460888,367.9932968475244,370.51568603515625,18730800.0
