Date,Ticker,Open,High,Low,Close,Volume
,,AAPL,AAPL,AAPL,AAPL,AAPL
2015-01-02,AAPL,24.694225318912363,24.705310574622093,23.798591119762563,24.23754119873047,212818400
2015-01-05,AAPL,24.00699407808688,24.08680322434,23.368522599435355,23.55474281311035,257142000
2015-01-06,AAPL,23.61903255400942,23.816338020280458,23.19560061965636,23.55695915222168,263188400
2015-01-07,AAPL,23.76534460966741,23.987036263456744,23.654498782772745,23.88727569580078,160423600
2015-01-08,AAPL,24.21538332281689,24.8627226324375,24.097885309857276,24.805082321166992,237458000
2015-01-09,AAPL,24.97800165194986,25.106583234710648,24.432640311803063,24.83168601989746,214798000
2015-01-12,AAPL,24.962488900263498,24.96913938166108,24.120061326220533,24.21982192993164,198603200
2015-01-13,AAPL,24.703103135568583,25.006821335803178,24.144440865044796,24.434856414794922,268367600
2015-01-14,AAPL,24.17325355597236,24.49470571656431,24.05353988262406,24.341739654541016,195826400
2015-01-15,AAPL,24.386080326054127,24.39938128317444,23.645631062558422,23.681100845336914,240056000
2015-01-16,AAPL,23.727656529493125,23.849587610976112,23.321960412602127,23.49709701538086,314053200
2015-01-20,AAPL,23.907226172730866,24.157738813931655,23.610160180441635,24.10231590270996,199599600
2015-01-21,AAPL,24.153307189951693,24.62107675709558,24.00255678407537,24.28632354736328,194303600
2015-01-22,AAPL,24.443724184160846,24.933662575431267,24.324010478532255,24.91814422607422,215185600
2015-01-23,AAPL,24.89597771577307,25.21742999298039,24.72527416557457,25.046728134155273,185859200
2015-01-26,AAPL,25.215206718108252,25.35265614411919,25.00681772616178,25.07332420349121,222460000
2015-01-27,AAPL,24.922579223516976,24.935881874965276,24.171044534562267,24.195430755615234,382274800
2015-01-28,AAPL,26.077587486100576,26.186217609496115,25.563262939453125,25.563262939453125,585908400
2015-01-29,AAPL,25.787173604889798,26.42342927258917,25.61868747113395,26.35913848876953,337745600
2015-01-30,AAPL,26.248295420011285,26.603001772030364,25.904672637239905,25.973398208618164,334982000
2015-02-02,AAPL,26.1707059874969,26.418999610212815,25.733973065775352,26.299285888671875,250956400
2015-02-03,AAPL,26.270458761306564,26.401256014166293,26.07315334136271,26.303712844848633,207662800
2015-02-04,AAPL,26.270458611746253,26.716059269378018,26.22833666007458,26.505451202392578,280598800
2015-02-05,AAPL,26.712441335234317,26.75918181333036,26.541065808392663,26.694637298583984,168984800
2015-02-06,AAPL,26.71244351282826,26.763634579747894,26.363014006611284,26.469846725463867,174826400
2015-02-09,AAPL,26.385267458693313,26.672376838687786,26.35855885909115,26.64566993713379,155559200
2015-02-10,AAPL,26.74582961803202,27.1865122612424,26.743605174485186,27.157577514648438,248034000
2015-02-11,AAPL,27.324499427159374,27.803017933868055,27.26440719517657,27.79411506652832,294247200
2015-02-12,AAPL,28.056747852813622,28.3727937468732,27.947690683382778,28.145774841308594,297898000
2015-02-13,AAPL,28.328280346900737,28.328280346900737,27.965497351910535,28.283767700195312,217088800
2015-02-17,AAPL,28.375010080839985,28.68437915950236,28.248147210358212,28.45068359375,252609600
2015-02-18,AAPL,28.406174714937425,28.662126646062973,28.36611265877822,28.648773193359375,179566800
2015-02-19,AAPL,28.595356993921015,28.717769308178198,28.56197336098585,28.588680267333984,149449600
2015-02-20,AAPL,28.626520334703407,28.82238006591797,28.49965911505575,28.82238006591797,195793600
2015-02-23,AAPL,28.938118341303372,29.60136604309082,28.857994207147335,29.60136604309082,283896400
2015-02-24,AAPL,29.588003202840323,29.73489796822131,29.19405938517191,29.4166259765625,276912400
2015-02-25,AAPL,29.2808589853591,29.2897635504534,28.52190612565482,28.664348602294922,298846800
2015-02-26,AAPL,28.66435120069195,29.1272901407614,28.179157638062435,29.027135848999023,365150000
2015-02-27,AAPL,28.933664924326695,29.06052954681406,28.541948837177106,28.590913772583008,248059200
2015-03-02,AAPL,28.766728714230968,28.995972005991295,28.55529115531855,28.731117248535156,192386800
2015-03-03,AAPL,28.702190613855443,28.826827368145587,28.508555359921896,28.791215896606445,151265200
2015-03-04,AAPL,28.73334756867589,28.835726296270856,28.559745903539564,28.608707427978516,126665200
2015-03-05,AAPL,28.617608768951783,28.65544467672154,27.989971135993283,28.134639739990234,226068400
2015-03-06,AAPL,28.577544441281503,28.7934342723596,28.101253845178082,28.176925659179688,291368400
2015-03-09,AAPL,28.479621776355522,28.83795583428651,27.834178300278573,28.297117233276367,354114000
2015-03-10,AAPL,28.134640193516542,28.314918567129887,27.5537413251534,27.711763381958008,275426400
2015-03-11,AAPL,27.765183710100228,27.769634295016655,27.177608014323546,27.206541061401367,275756000
2015-03-12,AAPL,27.222128939008684,27.798577498875627,27.070783535071506,27.698421478271484,193450800
2015-03-13,AAPL,27.687281955206664,27.909848527679312,27.28221086122838,27.507001876831055,207309200
2015-03-16,AAPL,27.571551892676595,27.8096981048584,27.34676083218295,27.8096981048584,143497200
2015-03-17,AAPL,28.021136490309935,28.33718066843354,27.965494837905844,28.27486228942871,204092400
2015-03-18,AAPL,28.265960723494878,28.746705437477463,28.12574436427423,28.5931339263916,261083600
2015-03-19,AAPL,28.655451307109757,28.766734613156785,28.354986720392482,28.377243041992188,183238000
2015-03-20,AAPL,28.544158729733095,28.57754235226519,27.85642893680488,28.021127700805664,274780400
2015-03-23,AAPL,28.292668184343317,28.455140859366967,28.15912685938606,28.312698364257812,150838800
2015-03-24,AAPL,28.31715043665406,28.497427148688423,28.168029517967973,28.196964263916016,131369200
2015-03-25,AAPL,28.16357737452431,28.225895749966426,27.46026611328125,27.46026611328125,206620800
2015-03-26,AAPL,27.32227287996862,27.794112926303246,27.286661413351865,27.651670455932617,190291600
2015-03-27,AAPL,27.725121386932106,27.754054433731582,27.355661712679918,27.431333541870117,158184800
2015-03-30,AAPL,27.60939312960263,28.132424408359668,27.598264118077452,28.125747680664062,188398800
2015-03-31,AAPL,28.06342950124279,28.152456505350326,27.67839012819735,27.6939697265625,168362400
2015-04-01,AAPL,27.780768789300975,27.847539462569245,27.39795388506692,27.653905868530273,162485600
2015-04-02,AAPL,27.827507166393538,27.94546721576615,27.640552000908354,27.892051696777344,128880400
2015-04-06,AAPL,27.702867464536038,28.379470193137237,27.671708273578293,28.34385871887207,148776000
2015-04-07,AAPL,28.408399076017474,28.51523008704785,28.038939423968984,28.045616149902344,140049200
2015-04-08,AAPL,28.010006426922278,28.13241873682573,27.81414842912516,27.954364776611328,149316800
2015-04-09,AAPL,28.010011488182474,28.172485883590006,27.74515833951772,28.168033599853516,129936000
2015-04-10,AAPL,28.032259917310526,28.312694282018718,27.878690132629572,28.288211822509766,160752000
2015-04-13,AAPL,28.570873036627983,28.615389073008984,28.179157047591232,28.232572555541992,145460400
2015-04-14,AAPL,28.265960596322643,28.330505119560385,28.02336379681908,28.110164642333984,102098400
2015-04-15,AAPL,28.1346447764979,28.294891302452985,28.045617796712808,28.21699333190918,115881600
2015-04-16,AAPL,28.105714536739242,28.288219110430457,28.067878616131612,28.08123207092285,113476000
2015-04-17,AAPL,27.94324604675518,28.074559566752196,27.7006474939122,27.76519203186035,207828000
2015-04-20,AAPL,27.947691810904374,28.51523570161574,27.858664818817697,28.39950180053711,188217200
2015-04-21,AAPL,28.51077875560492,28.533033374775517,28.19250679698887,28.24592399597168,129740400
2015-04-22,AAPL,28.263737144871563,28.68216181687359,28.11461790356777,28.62652015686035,150618000
2015-04-23,AAPL,28.555299039914537,29.027139204330012,28.519687564385798,28.860214233398438,183083600
2015-04-24,AAPL,29.042721704515355,29.07388089787269,28.762285568201946,28.995981216430664,178103600
2015-04-27,AAPL,29.44778855346286,29.63029480953917,29.189610462665815,29.523460388183594,387816800
2015-04-28,AAPL,29.926313917585805,29.944116261415125,28.837963110770552,29.05830192565918,475696000
2015-04-29,AAPL,28.969272216185253,29.287540854217855,28.55529816511329,28.630970001220703,253544400
2015-04-30,AAPL,28.63096684646575,28.63096684646575,27.727347007781397,27.854209899902344,332781600
2015-05-01,AAPL,28.06565373617916,28.962598746405533,27.887601438112053,28.699968338012695,234050400
2015-05-04,AAPL,28.822373486021608,29.06052136811745,28.546389691051004,28.644319534301758,203953200
2015-05-05,AAPL,28.521909885353836,28.58868054797657,27.994428103218496,27.99888038635254,197085600
2015-05-06,AAPL,28.168038322654997,28.210326534998327,27.455825629787853,27.823060989379883,288564000
2015-05-07,AAPL,27.885627588016693,28.178408847882512,27.718005393148463,27.995141983032227,175763600
2015-05-08,AAPL,28.31250930678528,28.52259635925293,28.185116493194354,28.52259635925293,222201600
2015-05-11,AAPL,28.47118127521397,28.50917522063893,28.07782747895472,28.232040405273438,168143200
2015-05-12,AAPL,28.071132405524015,28.35720737088283,27.896805580079814,28.13147735595703,192640000
2015-05-13,AAPL,28.1940529348982,28.426489244926348,28.13147425626391,28.162763595581055,138776800
2015-05-14,AAPL,28.475666191174675,28.819849014282227,28.419792112662968,28.819849014282227,180814000
2015-05-15,AAPL,28.846664964717725,28.94053298809923,28.65445803771301,28.77961540222168,152832000
2015-05-18,AAPL,28.69245333007435,29.21543380338683,28.68798244962446,29.096981048583984,203531600
2015-05-19,AAPL,29.208728417205545,29.25119325465269,28.97405664887513,29.070161819458008,178532800
2015-05-20,AAPL,29.054517175347726,29.273542580713503,28.9070088081435,29.06792640686035,145819600
2015-05-21,AAPL,29.07015627487437,29.418809848051335,29.01651595196952,29.365169525146484,158921600
2015-05-22,AAPL,29.412104978364436,29.718293719532653,29.36740300452463,29.622188568115234,182384000
2015-05-26,AAPL,29.63561261213203,29.704895923853893,28.85784298370326,28.96959114074707,282790400
2015-05-27,AAPL,29.13050544712361,29.559617912141146,29.065693023932944,29.510448455810547,183332800
2015-05-28,AAPL,29.47022500931458,29.490338859726943,29.300369033138132,29.45234489440918,122933200
2015-05-29,AAPL,29.329422501263352,29.37859196680378,29.032171972417448,29.117101669311523,203538000
2015-06-01,AAPL,29.117097420954007,29.36517844806299,29.06569422731027,29.17520523071289,128451200
2015-06-02,AAPL,29.023228916733252,29.202026634245364,28.902542418325194,29.04557991027832,134670400
2015-06-03,AAPL,29.20202305429558,29.264601736210718,29.032163708855297,29.08133316040039,123934000
2015-06-04,AAPL,28.96064558494527,29.184141843439722,28.810903500987855,28.911476135253906,153800400
2015-06-05,AAPL,28.94276362272491,28.985228454766315,28.687978040758537,28.752790451049805,142507200
2015-06-08,AAPL,28.808664254815543,28.877950954532867,28.346028806818655,28.562820434570312,210699200
2015-06-09,AAPL,28.316978141433584,28.625404100730464,28.075603453683758,28.477895736694336,224301600
2015-06-10,AAPL,28.589641307592938,28.907005589086815,28.573996637523273,28.80419921875,156349200
2015-06-11,AAPL,28.871247590572576,29.09474386884714,28.714800877836893,28.7393856048584,141563600
2015-06-12,AAPL,28.64998902911091,28.681278372282137,28.408612634526005,28.422021865844727,147544800
2015-06-15,AAPL,28.18288490012055,28.437670562082815,28.095721473930382,28.366151809692383,175955600
2015-06-16,AAPL,28.390736517876093,28.5740034273007,28.243229837188753,28.518129348754883,125976400
2015-06-17,AAPL,28.54494644753539,28.58070496728181,28.325919332951088,28.451078414916992,131672400
2015-06-18,AAPL,28.435436312453145,28.67681103169269,28.433200871910305,28.580707550048828,141628800
2015-06-19,AAPL,28.54270337336427,28.567288095114026,28.24992385725104,28.29462242126465,218867600
2015-06-22,AAPL,28.493542684270917,28.6209355065051,28.40191008834739,28.520362854003906,136157200
2015-06-23,AAPL,28.491304245213126,28.520358145437797,28.3572051238287,28.390729904174805,121075600
2015-06-24,AAPL,28.430961694475176,29.009817948797807,28.410847847657895,28.632108688354492,221123600
2015-06-25,AAPL,28.79973222259295,28.87572014313876,28.495777130126953,28.495777130126953,127752400
2015-06-26,AAPL,28.533762094696765,28.60528081713308,28.274507365292937,28.32814598083496,176267200
2015-06-29,AAPL,28.039842802194055,28.265574520163497,27.82081740487586,27.83199119567871,196645600
2015-06-30,AAPL,28.06443334615184,28.18735700645088,27.905751160674118,28.033143997192383,177482800
2015-07-01,AAPL,28.361671972425974,28.37061202625688,28.158289584339958,28.29462242126465,120955200
2015-07-02,AAPL,28.256628009390273,28.3147375057707,28.109119681303234,28.25886344909668,108844000
2015-07-06,AAPL,27.923628371790983,28.211938804483257,27.903512818042405,28.160533905029297,112241600
2015-07-07,AAPL,28.13594804225212,28.19405755556789,27.66213528971851,28.091249465942383,187787200
2015-07-08,AAPL,27.820818700782862,27.856577220215424,27.387235356101556,27.393939971923828,243046400
2015-07-09,AAPL,27.680017023199202,27.72695104261523,26.64522974527482,26.835201263427734,314380000
2015-07-10,AAPL,27.253137636917494,27.680014656134844,27.089984598016393,27.552621841430664,245418000
2015-07-13,AAPL,27.943745174494445,28.106898241613052,27.785062988744368,28.084548950195312,165762000
2015-07-14,AAPL,28.169477283452373,28.24323148065857,27.9459809562639,28.073373794555664,127072400
2015-07-15,AAPL,28.09795590249705,28.417555688730346,28.066666556024543,28.343801498413086,134596800
2015-07-16,AAPL,28.549418522858513,28.734922576878994,28.462255097267985,28.72150993347168,144889600
2015-07-17,AAPL,28.848904631664325,28.96959114074707,28.676811514937583,28.96959114074707,184658800
2015-07-20,AAPL,29.271307426845436,29.7182999771092,29.21096247768072,29.517154693603516,235600800
2015-07-21,AAPL,29.69148679862171,29.70712976731751,29.126041394746533,29.222143173217773,307025600
2015-07-22,AAPL,27.26431227874709,28.04878474384317,27.26431227874709,27.9862060546875,461802400
2015-07-23,AAPL,28.2052320425101,28.40414361073321,27.950446399951478,27.972797393798828,203998000
2015-07-24,AAPL,28.008559506396455,28.102427554083405,27.691195132707254,27.825292587280273,168649200
2015-07-27,AAPL,27.510155519184096,27.62637453642065,27.29336556595134,27.438636779785156,177822000
2015-07-28,AAPL,27.574968338012695,27.69342278981975,27.389467735475773,27.574968338012695,134472400
2015-07-29,AAPL,27.523574181894148,27.601797558643334,27.326896314477075,27.48781394958496,148046800
2015-07-30,AAPL,27.338065760306236,27.393939832061694,27.201732888811602,27.349241256713867,134513200
2015-07-31,AAPL,27.400640081528273,27.4095801362015,27.022932576145575,27.110095977783203,171540000
2015-08-03,AAPL,27.15480351346365,27.393944513236637,26.265287388850833,26.470905303955078,279904000
2015-08-04,AAPL,26.242939728103067,26.3055184302289,25.31096040328245,25.621620178222656,496554400
2015-08-05,AAPL,25.243900829436356,26.247400222579298,25.05392935740774,25.791467666625977,397250400
2015-08-06,AAPL,26.03618659357803,26.155175530086538,25.62084723889108,25.847599029541016,211612000
2015-08-07,AAPL,25.724117682782484,26.099045495153465,25.706156638237175,25.93515396118164,154681600
2015-08-10,AAPL,26.161909053278666,26.938706292793295,26.161909053278666,26.878089904785156,219806400
2015-08-11,AAPL,26.449280616725197,26.532349173520984,25.443485976075305,25.479406356811523,388331200
2015-08-12,AAPL,25.263873460222026,25.912701147702904,24.612800214163,25.872289657592773,404870000
2015-08-13,AAPL,26.051902774432822,26.13272577361948,25.715140848774993,25.85209083557129,194143200
2015-08-14,AAPL,25.66574649334,26.112516794513375,25.596149583143525,26.033939361572266,171718000
2015-08-17,AAPL,26.051902834258918,26.413360772323824,25.930668335200526,26.30335235595703,163538800
2015-08-18,AAPL,26.13945686233631,26.366210338258874,26.045163948219415,26.15517234802246,138242800
2015-08-19,AAPL,26.06536477745032,26.15965767687582,25.74656399585409,25.82065200805664,193146000
2015-08-20,AAPL,25.6118636514313,25.672480035526398,25.061818225584076,25.290817260742188,274006400
2015-08-21,AAPL,24.792413052407607,25.122440013835654,23.719265322634598,23.743961334228516,513102000
2015-08-24,AAPL,21.299068037295623,24.42646358562322,20.6547296584936,23.15125846862793,648825200
2015-08-25,AAPL,24.945072987488714,24.945072987488714,23.236567725880718,23.290449142456055,414406400
2015-08-26,AAPL,24.042552150961182,24.67117500740738,23.584557504900065,24.62627410888672,387098400
2015-08-27,AAPL,25.196527298438387,25.423279088526364,24.70036323508548,25.351436614990234,338464400
2015-08-28,AAPL,25.18305405746331,25.43899296023259,25.041614678414888,25.43450355529785,212657600
2015-08-31,AAPL,25.151620180114747,25.712889939424134,25.144885217060533,25.31551170349121,224917200
2015-09-01,AAPL,24.729548627105544,25.117946383585018,24.10317130205401,24.18399429321289,307383600
2015-09-02,AAPL,24.74751360338872,25.221223831176758,24.500553472920295,25.221223831176758,247555200
2015-09-03,AAPL,25.254893959706628,25.320001458230458,24.70485027311687,24.77893829345703,212935600
2015-09-04,AAPL,24.464631066021123,24.7969018657635,24.36135761675743,24.531982421875,199985200
2015-09-08,AAPL,25.0887650709586,25.270615974364496,24.767718612721875,25.214488983154297,219374400
2015-09-09,AAPL,25.540021221302467,25.598392046700837,24.644233395573615,24.72954750061035,340043200
2015-09-10,AAPL,24.756485004003405,25.432254252358536,24.673418178492778,25.27285385131836,251571200
2015-09-11,AAPL,25.097737828351754,25.64104652404785,25.091002865548305,25.64104652404785,199662000
2015-09-14,AAPL,26.173132211443438,26.242729114504538,25.786978337312043,25.88800621032715,233453600
2015-09-15,AAPL,26.027211729494237,26.161916182890376,25.688204180040238,26.105789184570312,173364800
2015-09-16,AAPL,26.09904380983546,26.16415130746334,25.91719295592064,26.134965896606445,148694000
2015-09-17,AAPL,25.96658608842649,26.1529263547926,25.531040188275043,25.57594108581543,256450400
2015-09-18,AAPL,25.192031518078707,25.661253924694364,25.115699653449386,25.470420837402344,297141200
2015-09-21,AAPL,25.51981996736366,25.901484535533204,25.51757612097302,25.865562438964844,200888000
2015-09-22,AAPL,25.45470878754108,25.63431581880713,25.261631828430936,25.459199905395508,201384800
2015-09-23,AAPL,25.51084135533132,25.75555594618076,25.436755023110816,25.665752410888672,143026800
2015-09-24,AAPL,25.42552201229593,25.930664833732273,25.22795565876358,25.818410873413086,200878000
2015-09-25,AAPL,26.14170685879038,26.19783384760581,25.598396305283583,25.753307342529297,224607600
2015-09-28,AAPL,25.560226698067176,25.72187267672953,25.243671417236328,25.243671417236328,208436000
2015-09-29,AAPL,25.331226592663036,25.483892032120174,24.21542206333268,24.484830856323242,293461600
2015-09-30,AAPL,24.73403842806435,25.041614911169578,24.4107481711117,24.763225555419922,265892000
2015-10-01,AAPL,24.48707634396447,24.610556372895342,24.09194196424501,24.60157585144043,255716400
2015-10-02,AAPL,24.249098709751074,24.92262240839427,24.14582528150224,24.78118133544922,232079200
2015-10-05,AAPL,24.66892757739279,25.00344558357738,24.48707672546084,24.87098503112793,208258800
2015-10-06,AAPL,24.837311423591746,25.086515360355172,24.644234468750543,24.98997688293457,192787200
2015-10-07,AAPL,25.086512410825627,25.093247373806907,24.56341030258716,24.87098503112793,187062400
2015-10-08,AAPL,24.738527263432836,24.738527263432836,24.294000845954656,24.583616256713867,247918400
2015-10-09,AAPL,24.695877418795977,25.207755331237067,24.581377871162598,25.17183494567871,211064400
2015-10-12,AAPL,25.30877350143988,25.313262905281682,25.019158137157863,25.055078506469727,121868800
2015-10-13,AAPL,24.879969111229823,25.245916426047607,24.848538137582143,25.097742080688477,132197200
2015-10-14,AAPL,24.985486156823974,25.037122018260597,24.59708670880229,24.743017196655273,177849600
2015-10-15,AAPL,24.904662394999534,25.167336237244093,24.80587836699943,25.113454818725586,150694000
2015-10-16,AAPL,25.09549481585961,25.144886831908376,24.814859918182062,24.929359436035156,156930400
2015-10-19,AAPL,24.875476153189293,25.0887579743149,24.720565153152357,25.08426856994629,119036800
2015-10-20,AAPL,24.996708765455946,25.63206653358358,24.879965411106454,25.54226303100586,195871200
2015-10-21,AAPL,25.593903318484763,25.948626249248292,25.526550256187043,25.540021896362305,167180800
2015-10-22,AAPL,25.66799210227932,25.930665969848633,25.616354524611886,25.930665969848633,166616400
2015-10-23,AAPL,26.200075531916905,26.76808205066041,26.117008691554844,26.734405517578125,237467600
2015-10-26,AAPL,26.509890282548636,26.521114648579527,25.80044457560472,25.881267547607422,265335200
2015-10-27,AAPL,25.908221502828706,26.164160465649932,25.59166442557826,25.717390060424805,279537600
2015-10-28,AAPL,26.251709960955072,26.78379432380087,26.0563874628032,26.777057647705078,342205600
2015-10-29,AAPL,26.649088539654535,27.095860518973556,26.552550068725132,27.059938430786133,204909200
2015-10-30,AAPL,27.163209673061345,27.21484724244894,26.81746731002505,26.828693389892578,197461200
2015-11-02,AAPL,27.120557282149267,27.246281168589885,26.853392310603464,27.205869674682617,128813200
2015-11-03,AAPL,27.118310988528656,27.72448166785264,27.09810438569282,27.517934799194336,182076000
2015-11-04,AAPL,27.643664154434862,27.798575193023755,27.304658372309294,27.389970779418945,179544400
2015-11-05,AAPL,27.47338856466931,27.662783358908804,27.09685586731794,27.263702392578125,158210800
2015-11-06,AAPL,27.306537422988935,27.464364958013483,27.19605814847175,27.295263290405273,132169200
2015-11-09,AAPL,27.272722405382584,27.46437065774008,27.06754656727019,27.184789657592773,135485600
2015-11-10,AAPL,26.357324535230724,26.62112283328028,26.167929694446954,26.328012466430664,236511600
2015-11-11,AAPL,26.237827360687742,26.474568771457275,25.976282502856368,26.1792049407959,180872000
2015-11-12,AAPL,26.213018152747313,26.33928020245648,26.0754819685178,26.091264724731445,130102400
2015-11-13,AAPL,25.974023022403507,26.057447155325942,25.313398913042832,25.329181671142578,183249600
2015-11-16,AAPL,25.112731497775744,25.7575728443581,25.027053914454697,25.74404525756836,152426800
2015-11-17,AAPL,25.910889824535648,25.940201887265186,25.550139869410955,25.633563995361328,110467600
2015-11-18,AAPL,26.10027297638213,26.490333099943687,26.041650597280306,26.445240020751953,186698800
2015-11-19,AAPL,26.52416406599485,26.99990363296767,26.325752032261562,26.781198501586914,173183200
2015-11-20,AAPL,26.875893047826228,27.03823093622671,26.79697927435134,26.898441314697266,137148400
2015-11-23,AAPL,26.891685185099274,26.995402432357768,26.456529973606695,26.548973083496094,129930000
2015-11-24,AAPL,26.454273231991408,26.909719769871206,26.40692495727556,26.803749084472656,171212800
2015-11-25,AAPL,26.878152111664146,26.882662453768145,26.587296972850158,26.612098693847656,85553200
2015-11-27,AAPL,26.670720121992556,26.69777701305003,26.5151460087471,26.5624942779541,52185600
2015-11-30,AAPL,26.60307709864564,26.923244268894898,26.548965040090113,26.6729736328125,156721200
2015-12-01,AAPL,26.77443784822849,26.78796543478524,26.348301669775168,26.456525802612305,139409600
2015-12-02,AAPL,26.45653160822384,26.63014370136017,26.17244190704214,26.2175350189209,133546400
2015-12-03,AAPL,26.27840443541406,26.332516496869523,25.75306141655099,25.97402000427246,166278000
2015-12-04,AAPL,25.994314909336165,26.887171726276318,25.953730430375632,26.837568283081055,231108000
2015-12-07,AAPL,26.826292024504085,27.024704048666933,26.562492088959715,26.6684627532959,128336800
2015-12-08,AAPL,26.497111568669016,26.74061845965999,26.34830294874675,26.657196044921875,137238000
2015-12-09,AAPL,26.524164432155672,26.535438566581163,25.94696452955152,26.06871795654297,185445600
2015-12-10,AAPL,26.163421508202525,26.366343940931017,26.043923220093482,26.192731857299805,116850800
2015-12-11,AAPL,25.971776501508497,26.016869616628206,25.444178109609105,25.518583297729492,187544800
2015-12-14,AAPL,25.29311072236012,25.40584521448685,24.75423998760971,25.36075210571289,257274800
2015-12-15,AAPL,25.23899460555466,25.432898038572702,24.88049808350816,24.912063598632812,213292400
2015-12-16,AAPL,25.042834319534705,25.250265325049025,24.531020598508277,25.103710174560547,224954000
2015-12-17,AAPL,25.257031702415023,25.30889031919613,24.57160758972168,24.57160758972168,179091200
2015-12-18,AAPL,24.555828773129516,24.693363275833818,23.85687352095859,23.906476974487305,385813200
2015-12-21,AAPL,24.18830510498164,24.208598201981307,23.802753463901215,24.1995792388916,190362400
2015-12-22,AAPL,24.215371325203545,24.287521337531555,24.001174739716785,24.17704200744629,131157600
2015-12-23,AAPL,24.186050905552488,24.542292221042683,24.170268149559448,24.48818016052246,130629600
2015-12-24,AAPL,24.576115587976815,24.576115587976815,24.33937250203435,24.357410430908203,54281600
2015-12-28,AAPL,24.258201230202115,24.2807494992411,23.94029093501106,24.084590911865234,106816800
2015-12-29,AAPL,24.116161604660853,24.673070253801196,24.093615050970072,24.51749610900879,123724800
2015-12-30,AAPL,24.481421866729104,24.508477042970355,24.165764955777536,24.197330474853516,100855200
2015-12-31,AAPL,24.127435079311855,24.131943701849536,23.63365748213644,23.732864379882812,163649200
2016-01-04,AAPL,23.13537213940266,23.757667004887693,22.997835924201404,23.753156661987305,270597600
2016-01-05,AAPL,23.84334091401202,23.86588746445505,23.09027546402736,23.157915115356445,223164000
2016-01-06,AAPL,22.67315212759275,23.081252008015664,22.51757975567741,22.7047176361084,273829600
2016-01-07,AAPL,22.249279441028325,22.57620878020858,21.7419742263192,21.746482849121094,324377600
2016-01-08,AAPL,22.21996773378956,22.3462298068249,21.81637807011819,21.86147117614746,283192000
2016-01-11,AAPL,22.314657152634666,22.334948527801405,21.94714174727492,22.215450286865234,198957600
2016-01-12,AAPL,22.67089986748918,22.702465377662218,22.285346512877528,22.537872314453125,196616800
2016-01-13,AAPL,22.619043858925938,22.815202454840886,21.93812842101598,21.958419799804688,249758400
2016-01-14,AAPL,22.086938192270384,22.655120911036093,21.58639684675493,22.438669204711914,252680400
2016-01-15,AAPL,21.690111257365654,22.030569837123405,21.500718174178445,21.899797439575195,319335600
2016-01-19,AAPL,22.18839573268043,22.24250778814382,21.53228039444584,21.793825149536133,212350800
2016-01-20,AAPL,21.4420998747855,22.138799924660283,21.063311915676838,21.823143005371094,289337600
2016-01-21,AAPL,21.884013071057744,22.068897518731085,21.406020056200077,21.712657928466797,208646000
2016-01-22,AAPL,22.237999297531434,22.876076763652687,22.179378615980323,22.86705780029297,263202000
2016-01-25,AAPL,22.889603538102705,22.891858708910625,22.36877089390849,22.420629501342773,207178000
2016-01-26,AAPL,22.531113907212678,22.745308737463674,22.111741491608417,22.544641494750977,300308000
2016-01-27,AAPL,21.654034057349705,21.787059886927032,21.045266975698283,21.063304901123047,533478800
2016-01-28,AAPL,21.14672917961133,21.31132051985927,20.831072363001763,21.21436882019043,222715200
2016-01-29,AAPL,21.372196991080568,21.947141647338867,21.272990125762874,21.947141647338867,257666000
2016-02-01,AAPL,21.750985210044487,21.805097264768634,21.509733554168285,21.741966247558594,163774000
2016-02-02,AAPL,21.514244845612307,21.654036201207397,21.257210403531094,21.302305221557617,149428800
2016-02-03,AAPL,21.41954953789307,21.834411566408754,21.212118523635226,21.72393226623535,183857200
2016-02-04,AAPL,21.730735187098187,22.063973316124038,21.57885168310811,21.898487091064453,185886800
2016-02-05,AAPL,21.880342806026064,21.971020083414807,21.238804830218037,21.31361198425293,185672400
2016-02-08,AAPL,21.111859315670777,21.694458624149277,21.091457833006686,21.538042068481445,216085600
2016-02-09,AAPL,21.374828116060087,21.748870948433105,21.293218707923213,21.533512115478516,177324800
2016-02-10,AAPL,21.74433354408901,21.841811340568256,21.33175346517059,21.370290756225586,169374400
2016-02-11,AAPL,21.26147872949399,21.472302714075532,20.989446833197306,21.24107551574707,200298800
2016-02-12,AAPL,21.352155614340887,21.42242969799724,21.084658539407094,21.30681610107422,161405600
2016-02-16,AAPL,21.54031229523641,21.955159825592,21.447369305376494,21.907554626464844,196231600
2016-02-17,AAPL,21.914350378625155,22.263456826183887,21.796471110520166,22.24305534362793,179452800
2016-02-18,AAPL,22.406278174861324,22.417613487779054,21.7828740139564,21.821413040161133,156084000
2016-02-19,AAPL,21.76246797088215,21.93475465991879,21.71713018775304,21.771535873413086,141496800
2016-02-22,AAPL,21.832743339511882,21.9664927478139,21.744333446534984,21.961957931518555,137123200
2016-02-23,AAPL,21.85315136875488,21.875820266649306,21.43377070436681,21.46550750732422,127770400
2016-02-24,AAPL,21.30454484630881,21.848605026901968,21.1549270859781,21.785131454467773,145022800
2016-02-25,AAPL,21.7738058352963,21.934757232666016,21.59245122245748,21.934757232666016,110330800
2016-02-26,AAPL,22.034496892385544,22.22038456002593,21.893948734855904,21.96875762939453,115964400
2016-02-29,AAPL,21.957423473167232,22.267992648023185,21.90981828219379,21.918886184692383,140865200
2016-03-01,AAPL,22.136511405643443,22.843790529227164,22.08437139689242,22.789384841918945,201628400
2016-03-02,AAPL,22.78485250487163,22.87099499007076,22.587629503793217,22.839258193969727,132678400
2016-03-03,AAPL,22.800716982102088,23.056878715018073,22.771245869700657,23.009273529052734,147822800
2016-03-04,AAPL,23.20650049020174,23.51933536446856,22.97980810114662,23.35158348083496,184220400
2016-03-07,AAPL,23.21103035749617,23.310775548293442,22.886860216930476,23.093151092529297,143315600
2016-03-08,AAPL,22.846059749235305,23.06821906177893,22.759917260038176,22.902732849121094,126247600
2016-03-09,AAPL,22.966209958569895,23.027417884347035,22.730449619425755,22.923139572143555,108806800
2016-03-10,AAPL,22.98887855503972,23.17703194439298,22.703245628869972,22.934471130371094,134054400
2016-03-11,AAPL,23.17702951471143,23.186097417872265,23.009277630050175,23.181564331054688,109632800
2016-03-14,AAPL,23.102220646937305,23.32891302076485,23.072749531443367,23.240501403808594,100304400
2016-03-15,AAPL,23.566939118417665,23.843504092887734,23.54200281878344,23.707489013671875,160270800
2016-03-16,AAPL,23.714285111039615,24.09966138561468,23.709750295842124,24.022586822509766,153214000
2016-03-17,AAPL,23.920583050645355,24.135941884238964,23.793635850733928,23.984058380126953,137682800
2016-03-18,AAPL,24.106471388732402,24.14274300652028,23.845776486367246,24.011260986328125,176820800
2016-03-21,AAPL,24.01352242043917,24.40343356702225,23.834435243600403,24.008989334106445,142010800
2016-03-22,AAPL,23.859377372568666,24.321830120159664,23.85030946816187,24.192615509033203,129777600
2016-03-23,AAPL,24.13820831977842,24.271956010076394,24.00672630829763,24.05886459350586,102814000
2016-03-24,AAPL,23.909246336109632,24.086066121263983,23.77776433654975,23.9545841217041,104532000
2016-03-28,AAPL,24.02938821816688,24.072460316534336,23.81629686353881,23.845767974853516,77645600
2016-03-29,AAPL,23.777762531955794,24.43517075033608,23.775495123990456,24.410234451293945,124760400
2016-03-30,AAPL,24.630127081007462,25.031371826883497,24.61879177035917,24.836416244506836,182404400
2016-03-31,AAPL,24.87269103591645,24.91349573813298,24.68226851573072,24.707204818725586,103553600
2016-04-01,AAPL,24.65959375818387,24.93615870417239,24.52811177902123,24.93389129638672,103496000
2016-04-04,AAPL,25.031377737643226,25.432624307792803,24.99737352719438,25.1900634765625,149424800
2016-04-05,AAPL,24.825082619241513,25.101647595122472,24.804679406015985,24.893089294433594,106314800
2016-04-06,AAPL,24.988303135262203,25.158322429290177,24.75480851866221,25.15378761291504,105616400
2016-04-07,AAPL,24.924823690304834,25.03136937366459,24.509977995928587,24.605188369750977,127207600
2016-04-08,AAPL,24.689073620744555,24.884027521270028,24.521319975660077,24.632400512695312,94326800
2016-04-11,AAPL,24.702672840869106,25.074448264636043,24.67093604100065,24.714006423950195,117630000
2016-04-12,AAPL,24.786546624674372,25.049510643502522,24.632397450289883,25.03590965270996,108929200
2016-04-13,AAPL,25.117514925595028,25.466619648378188,25.117514925595028,25.39861297607422,133029200
2016-04-14,AAPL,25.30340480951306,25.477957186166464,25.237663809870032,25.412216186523438,101895600
2016-04-15,AAPL,25.41448207711589,25.457554181436986,24.874954851968493,24.902156829833984,187756000
2016-04-18,AAPL,24.684534050133532,24.698135039997922,24.242484584284085,24.364898681640625,243286000
2016-04-19,AAPL,24.45557552402066,24.482779234688476,24.081534447111306,24.235685348510742,129539600
2016-04-20,AAPL,24.174474201468847,24.503177446199846,24.042992211766236,24.285552978515625,122444000
2016-04-21,AAPL,24.240211254807768,24.240211254807768,23.920574234869132,24.022586822509766,126210000
2016-04-22,AAPL,23.80496847228656,24.13820656390819,23.716558578124786,23.956851959228516,134732400
2016-04-25,AAPL,23.802695496696956,23.95004586234347,23.69161673531278,23.820831298828125,112126400
2016-04-26,AAPL,23.5556043600705,23.87070660748999,23.5556043600705,23.65534782409668,224064800
2016-04-27,AAPL,21.76247063225156,22.376806835264738,21.68992913265842,22.175050735473633,458408400
2016-04-28,AAPL,22.12744071649844,22.18864689082226,21.365754271994227,21.497236251831055,328970800
2016-04-29,AAPL,21.306823795447073,21.472310051961443,20.971319923743668,21.250150680541992,274126000
2016-05-02,AAPL,21.30228311273725,21.327219412767505,20.946376147199313,21.227474212646484,192640400
2016-05-03,AAPL,21.354420761938123,21.70352722254671,21.236541489426717,21.576580047607422,227325200
2016-05-04,AAPL,21.58111374246276,21.739799445136008,21.268278882746422,21.352155685424805,164102000
2016-05-05,AAPL,21.438823325426007,21.45478833702356,21.137767578117998,21.265487670898438,143562000
2016-05-06,AAPL,21.295138170487395,21.313382655087167,20.948466862255355,21.14689064025879,174799600
2016-05-09,AAPL,21.210752093520146,21.38636723232578,21.117241490999312,21.162857055664062,131745600
2016-05-10,AAPL,21.286015744513602,21.340752680189393,21.007766899739963,21.306541442871094,134747200
2016-05-11,AAPL,21.320227820722074,21.340753519887194,21.087592789848767,21.098997116088867,114876400
2016-05-12,AAPL,21.146892206181526,21.160576005658577,20.40565624020589,20.60407829284668,305258800
2016-05-13,AAPL,20.52653317585696,20.90741398495114,20.52653317585696,20.645130157470703,177571200
2016-05-16,AAPL,21.071627466161107,21.52777266813893,20.90285422864495,21.411455154418945,245039200
2016-05-17,AAPL,21.56426407955481,21.598473576008658,21.213032082163878,21.322505950927734,187667600
2016-05-18,AAPL,21.475314035757787,21.714789190328467,21.413733467399883,21.56654167175293,168249600
2016-05-19,AAPL,21.58479044200801,21.58479044200801,21.340752832807443,21.484437942504883,121768400
2016-05-20,AAPL,21.584789018049523,21.76496656660928,21.557419681793558,21.717071533203125,128104000
2016-05-23,AAPL,21.86531809404653,22.16637381934643,21.81970253563404,21.993038177490234,152074400
2016-05-24,AAPL,22.173218666356085,22.371640716652795,22.086549963876266,22.32830810546875,140560800
2016-05-25,AAPL,22.503920600732343,22.747958186847455,22.376200515305563,22.720590591430664,152675200
2016-05-26,AAPL,22.734274533280352,22.97375143502957,22.497078844515553,22.900768280029297,225324800
2016-05-27,AAPL,22.67954169073527,22.914456208866284,22.63620733649736,22.887086868286133,145364800
2016-05-31,AAPL,22.716024520483863,22.898483247578266,22.538128218597283,22.77532386779785,169228800
2016-06-01,AAPL,22.583748083786627,22.702346810204308,22.426379173042644,22.45602798461914,116693200
2016-06-02,AAPL,22.259879280568892,22.314616202276127,22.038648641097303,22.287248611450195,160766400
2016-06-03,AAPL,22.303223574100628,22.412697466376837,22.22567797202018,22.33287239074707,114019600
2016-06-06,AAPL,22.3488342385744,23.23831775252681,22.24848347488571,22.494800567626953,93170000
2016-06-07,AAPL,22.63620339100898,22.77760901594213,22.570062134510685,22.586027145385742,89638000
2016-06-08,AAPL,22.58374474225539,22.70690413682509,22.50620090496461,22.565500259399414,83392400
2016-06-09,AAPL,22.465154099986027,22.804981832150826,22.45603098596103,22.72743797302246,106405600
2016-06-10,AAPL,22.47199233617828,22.6590117930549,22.46058975054841,22.540414810180664,126851600
2016-06-13,AAPL,22.508489592364967,22.606560898012255,22.14585318681107,22.200590133666992,152082000
2016-06-14,AAPL,22.19602674506602,22.46059181277351,22.066025424570018,22.227956771850586,127727600
2016-06-15,AAPL,22.310061512979562,22.444625250907382,22.129883951379572,22.154972076416016,117780800
2016-06-16,AAPL,21.997600510571683,22.294095572260883,21.910933553181433,22.24848175048828,125307200
2016-06-17,AAPL,22.036376585256466,22.043218485265697,21.73532080445854,21.742162704467773,244032800
2016-06-20,AAPL,21.89497251773313,22.024973847454927,21.673741787842893,21.689706802368164,137647600
2016-06-21,AAPL,21.65321047429848,21.97479189497669,21.59391111854967,21.874441146850586,142185600
2016-06-22,AAPL,21.95199330401879,22.097959665744902,21.746727564073847,21.792343139648438,116876400
2016-06-23,AAPL,21.88128349311697,21.961108546687086,21.72391285889613,21.917774200439453,128960800
2016-06-24,AAPL,21.190227783979644,21.58935486567502,21.13092841605494,21.301982879638672,301245600
2016-06-27,AAPL,21.210751701755335,21.22215602772485,20.868642803339924,20.991802215576172,181958400
2016-06-28,AAPL,21.187943220155887,21.36127886972703,21.014607570584744,21.345312118530273,161779600
2016-06-29,AAPL,21.43198090475795,21.564263420522675,21.354435321702322,21.530052185058594,146124000
2016-06-30,AAPL,21.539178128823707,21.842513381675214,21.50724810220776,21.803741455078125,143345600
2016-07-01,AAPL,21.778655090373782,22.002167034823863,21.74216437417023,21.869884490966797,104106000
2016-07-05,AAPL,21.755843103078664,21.75812431607707,21.543735535674536,21.664613723754883,110820800
2016-07-06,AAPL,21.575669342407725,21.81742750103527,21.52321361463193,21.787776947021484,123796400
2016-07-07,AAPL,21.82654603962435,22.00900480658205,21.808301554973188,21.881284713745117,100558400
2016-07-08,AAPL,22.00672591897257,22.097955312091806,21.906375152591764,22.050060272216797,115648400
2016-07-11,AAPL,22.066025123544975,22.271290821542625,22.061464436947663,22.11848258972168,95179600
2016-07-12,AAPL,22.161815769108287,22.282693977670235,22.150413182295562,22.218833923339844,96670000
2016-07-13,AAPL,22.216550820282194,22.275848438154696,22.086547779420336,22.09339141845703,103568800
2016-07-14,AAPL,22.211991859662117,22.576907696045488,22.196026846197096,22.531293869018555,155676000
2016-07-15,AAPL,22.560936976862678,22.647605662373472,22.465146920298082,22.529006958007812,120548000
2016-07-18,AAPL,22.510764780306978,22.83690866582766,22.487957868463706,22.76848793029785,145975600
2016-07-19,AAPL,22.706907090842087,22.80725958985531,22.656730841335474,22.777610778808594,95119600
2016-07-20,AAPL,22.8072588698009,22.91217205179529,22.747959509523806,22.79813575744629,105104000
2016-07-21,AAPL,22.768488836249336,23.03533336955051,22.608836966882272,22.67725944519043,130808000
2016-07-22,AAPL,22.638489269005735,22.64761238282225,22.421819230989637,22.501646041870117,113254800
2016-07-25,AAPL,22.408137073082298,22.542699096614815,22.104800041655082,22.200590133666992,161531600
2016-07-26,AAPL,22.081992233524726,22.344276109201676,21.990762832412383,22.047780990600586,224959200
2016-07-27,AAPL,23.781129697062816,23.799375923029686,23.434460103971716,23.480073928833008,369379200
2016-07-28,AAPL,23.452702211047583,23.82217865167987,23.450420998188395,23.797090530395508,159479200
2016-07-29,AAPL,23.762891552309434,23.84499785101463,23.64657400580101,23.767452239990234,110934800
2016-08-01,AAPL,23.813056783542745,24.209902550039196,23.813056783542745,24.187095642089844,152671600
2016-08-02,AAPL,24.187095297736498,24.191655983239222,23.71954586118139,23.829021453857422,135266400
2016-08-03,AAPL,23.90429185885431,24.139206389987773,23.895168744822634,24.127803802490234,120810400
2016-08-04,AAPL,24.21034638195723,24.306655351209045,24.141553261359228,24.276845932006836,109634800
2016-08-05,AAPL,24.368568026878478,24.685014285714743,24.347931140162242,24.646032333374023,162213600
2016-08-08,AAPL,24.655209143470145,24.850122451782227,24.572659826944946,24.850122451782227,112148800
2016-08-09,AAPL,24.818016197928273,24.98082473744984,24.76756813648853,24.951013565063477,105260800
2016-08-10,AAPL,24.92808642374439,24.971655527966504,24.710244401598175,24.765277862548828,96034000
2016-08-11,AAPL,24.884518486125387,24.978535662910765,24.730882452799403,24.74922752380371,109938000
2016-08-12,AAPL,24.714829287604516,24.86617348896816,24.714829287604516,24.80655288696289,74641600
2016-08-15,AAPL,24.797374862680876,25.118406514627303,24.783616938141463,25.10464859008789,103472800
2016-08-16,AAPL,25.13905120288375,25.276637488902303,25.0427422022566,25.081724166870117,135177600
2016-08-17,AAPL,25.01750918195698,25.079423338326666,24.843234565207442,25.045026779174805,101424000
2016-08-18,AAPL,25.04732266401467,25.132165535016163,24.99916642706343,25.01292610168457,87938800
2016-08-19,AAPL,24.941844288290355,25.1528090954496,24.847828865633428,25.077136993408203,101472400
2016-08-22,AAPL,24.962486357163396,25.017519825531075,24.730884626454223,24.88222885131836,103280800
2016-08-23,AAPL,24.900574923536514,25.067970668050553,24.88681699229629,24.960195541381836,85030800
2016-08-24,AAPL,24.895980438764262,24.937255966895645,24.691896368970756,24.772153854370117,94700400
2016-08-25,AAPL,24.625401938248206,24.73776244120739,24.462593362679737,24.666677474975586,100344800
2016-08-26,AAPL,24.62998234039623,24.753807167208667,24.377742046380902,24.522207260131836,111065200
2016-08-29,AAPL,24.448832831058173,24.63686542291551,24.373160730199427,24.494693756103516,99881200
2016-08-30,AAPL,24.26079877620653,24.421313753667867,24.19200564330479,24.306659698486328,99455600
2016-08-31,AAPL,24.228703063903534,24.43737259732969,24.224115920607428,24.32959747314453,118649600
2016-09-01,AAPL,24.33876733793436,24.49011155940259,24.219527867566185,24.47406005859375,106806000
2016-09-02,AAPL,24.69648079890837,24.765273926274116,24.494690307841104,24.70336151123047,107210000
2016-09-06,AAPL,24.74234628535585,24.83406988246435,24.652916259282637,24.696483612060547,107521600
2016-09-07,AAPL,24.726292990221214,24.939549594471302,24.55201834332775,24.84782600402832,169457200
2016-09-08,AAPL,24.593296152867563,24.59788154554817,24.13238633651127,24.196592330932617,212008000
2016-09-09,AAPL,23.994798105717134,24.242451259779802,23.648542404174805,23.648542404174805,186228000
2016-09-12,AAPL,23.538479477815557,24.2424553544774,23.510961872888974,24.17824935913086,181171200
2016-09-13,AAPL,24.652916499300602,24.94643061331975,24.59100232711968,24.75381088256836,248704800
2016-09-14,AAPL,24.932673210851508,25.91869709905094,24.902862034921178,25.62976837158203,443554800
2016-09-15,AAPL,26.109023900931234,26.537830735145132,26.024179262760363,26.501140594482422,359934400
2016-09-16,AAPL,26.397947780919704,26.629547690703955,26.15029462543604,26.35208511352539,319547600
2016-09-19,AAPL,26.414005122357274,26.64101969037964,25.969146772338952,26.044818878173828,188092000
2016-09-20,AAPL,25.923282980942165,26.168642592880882,25.799456389475605,26.042522430419922,138057200
2016-09-21,AAPL,26.106730461521728,26.138833460022518,25.783406905340314,26.037939071655273,144012800
2016-09-22,AAPL,26.22137860905008,26.356671286037102,26.14112113091294,26.283292770385742,124296000
2016-09-23,AAPL,26.237432577205176,26.32227720464952,25.57931944498042,25.84531593322754,209924800
2016-09-26,AAPL,25.59995676355886,26.001245948270036,25.579319873810793,25.88429832458496,119477600
2016-09-27,AAPL,25.91181054800764,25.95308606841736,25.76046639001145,25.93244743347168,98429600
2016-09-28,AAPL,26.070040800957965,26.287882815819597,26.010420199723853,26.12965965270996,118564400
2016-09-29,AAPL,25.948504283486425,26.095261321010998,25.63664514137623,25.72378158569336,143548000
2016-09-30,AAPL,25.787982338624104,25.996653497770502,25.63663993978211,25.923274993896484,145516400
2016-10-03,AAPL,25.845319287918862,25.923284962349022,25.746716721407957,25.80175018310547,86807200
2016-10-04,AAPL,25.92557929474263,26.21221448683728,25.826976718682772,25.911821365356445,118947200
2016-10-05,AAPL,26.003532459152204,26.063153040262822,25.840723958353024,25.923274993896484,85812400
2016-10-06,AAPL,26.072330939719812,26.219087987529836,25.941625389342697,26.11590003967285,115117200
2016-10-07,AAPL,26.212203723864302,26.26953073874423,26.028758325937524,26.154876708984375,97433600
2016-10-10,AAPL,26.375021019856913,26.7717248647122,26.3062296287804,26.611209869384766,144944000
2016-10-11,AAPL,26.989565203085945,27.216581503017665,26.645603020806266,26.668535232543945,256164000
2016-10-12,AAPL,26.909306510421036,27.05377174020459,26.771721993541217,26.907012939453125,150347200
2016-10-13,AAPL,26.780891886593427,26.929942494130234,26.53553230168768,26.824460983276367,140769600
2016-10-14,AAPL,27.030837766271492,27.097337324146757,26.85885669401951,26.9735107421875,142608800
2016-10-17,AAPL,26.904721612405524,27.021667491687403,26.778601449083403,26.955169677734375,94499600
2016-10-18,AAPL,27.099631432928025,27.10651039603755,26.932235749507687,26.93682289123535,98214000
2016-10-19,AAPL,26.886376808308796,27.00332443822551,26.09526450180172,26.8565673828125,80138400
2016-10-20,AAPL,26.796946845905822,26.916186297655965,26.675413823117566,26.84280776977539,96503200
2016-10-21,AAPL,26.78548589455496,26.808418110384718,26.663952848379978,26.73733139038086,92770800
2016-10-24,AAPL,26.851977762723074,26.99873480459267,26.829047302958813,26.978097915649414,94154800
2016-10-25,AAPL,27.04689327772115,27.1409104509256,26.900136214240906,27.115686416625977,192516000
2016-10-26,AAPL,26.212206075943968,26.530944167318914,25.982897995847928,26.505720138549805,264536800
2016-10-27,AAPL,26.45985770942397,26.567632780823928,26.1640500930757,26.251188278198242,138248000
2016-10-28,AAPL,26.11131421352364,26.41858623055785,26.01500348104425,26.07691764831543,151446800
2016-10-31,AAPL,26.060868564773347,26.193867696172408,25.95767885959181,26.03564453125,105677600
2016-11-01,AAPL,26.017292738630605,26.08837767865594,25.345420040947253,25.565555572509766,175303200
2016-11-02,AAPL,25.54492599218359,25.76276801555205,25.50594403001992,25.58849334716797,113326800
2016-11-03,AAPL,25.579273297456805,25.689905316964364,25.249679068630783,25.3142147064209,107730400
2016-11-04,AAPL,25.014590555899513,25.411025889682485,24.917787069779887,25.086040496826172,123348000
2016-11-07,AAPL,25.371838245750364,25.470947057587843,25.228936636588486,25.447898864746094,130240000
2016-11-08,AAPL,25.424847488786884,25.749832792577866,25.284251234326657,25.59771156311035,97016800
2016-11-09,AAPL,25.32574316447433,25.65764280862122,24.903956084913034,25.556228637695312,236705600
2016-11-10,AAPL,25.604629452001266,25.604629452001266,24.392277172706432,24.84402847290039,228538000
2016-11-11,AAPL,24.689597952577575,25.09294742335034,24.558221338150155,24.991533279418945,136575600
2016-11-14,AAPL,24.82558923152891,24.848637426342865,23.988927626376935,24.3646183013916,204702000
2016-11-15,AAPL,24.562829768129966,24.8186687107279,24.4683316656056,24.687292098999023,129058000
2016-11-16,AAPL,24.59279597647149,25.40641106445219,24.569747783947065,25.351093292236328,235362000
2016-11-17,AAPL,25.30959963358799,25.434061952845173,25.083724940408022,25.341867446899414,110528000
2016-11-18,AAPL,25.288859544046673,25.477857510487254,25.27503098211282,25.367223739624023,113715600
2016-11-21,AAPL,25.381054571082597,25.812061172364825,25.35570103471727,25.75213623046875,117058400
2016-11-22,AAPL,25.802841898558523,25.91117032661144,25.676075973457767,25.76827049255371,103862000
2016-11-23,AAPL,25.6668547882664,25.70142795063754,25.429455102962812,25.636892318725586,109705600
2016-11-25,AAPL,25.61384897980826,25.784409489252976,25.57236152595205,25.76597023010254,45903600
2016-11-28,AAPL,25.682991732231596,25.92269679228589,25.67377210394517,25.715259552001953,108776000
2016-11-29,AAPL,25.533175007853924,25.821281788062535,25.369530567711138,25.689905166625977,114115200
2016-11-30,AAPL,25.722172200613766,25.86046309920215,25.41562617379233,25.473247528076172,144649200
2016-12-01,AAPL,25.438679608131494,25.570056243562586,25.129828192446922,25.235851287841797,148347600
2016-12-02,AAPL,25.16209383181276,25.374140004207796,25.088338564959518,25.33034896850586,106112000
2016-12-05,AAPL,25.353395811251954,25.360310092391664,24.95004633243658,25.148263931274414,137298000
2016-12-06,AAPL,25.2381497267504,25.4363672990714,25.166699819912807,25.341867446899414,104782000
2016-12-07,AAPL,25.182840857302892,25.627677847871382,25.159792663906146,25.59079933166504,119994800
2016-12-08,AAPL,25.551621180793894,25.91348332435557,25.491694461918,25.84203338623047,108273200
2016-12-09,AAPL,25.88581518914943,26.436675164641304,25.88581518914943,26.263811111450195,137610400
2016-12-12,AAPL,26.111696880909687,26.505826789988568,25.92730781724573,26.114002227783203,105497600
2016-12-13,AAPL,26.23846290892882,26.717873069244042,26.217720062392935,26.549619674682617,174935200
2016-12-14,AAPL,26.515046505325035,26.78240871419716,26.50121794096778,26.549619674682617,136127200
2016-12-15,AAPL,26.593404359746792,26.90456105114508,26.558832957115,26.6948184967041,186098000
2016-12-16,AAPL,26.84463762476321,26.85155190613154,26.655639647350466,26.729394912719727,177404400
2016-12-19,AAPL,26.69020888172504,27.05437446171536,26.678683908832397,26.88381576538086,111117600
2016-12-20,AAPL,26.906867133228,27.08203654281105,26.893038570893403,26.95526885986328,85700000
2016-12-21,AAPL,26.920704010265048,27.05899494268281,26.91609331605451,26.980628967285156,95132800
2016-12-22,AAPL,26.816978739738055,26.853857251653306,26.653334299658653,26.803150177001953,104343600
2016-12-23,AAPL,26.641813384856466,26.856164932250977,26.641813384856466,26.856164932250977,56998000
2016-12-27,AAPL,26.85616147042896,27.151184297285916,26.849247188898552,27.026721954345703,73187600
2016-12-28,AAPL,27.086643775365598,27.201886476816796,26.782403113872995,26.911476135253906,83623600
2016-12-29,AAPL,26.84002460619699,26.992145816977864,26.828501391069523,26.90456199645996,60158000
2016-12-30,AAPL,26.88612179743211,27.01288771016473,26.604929332933402,26.6948184967041,122345200
2017-01-03,AAPL,26.690214009824704,26.812371008715775,26.45050894700677,26.770883560180664,115127600
2017-01-04,AAPL,26.701737011653545,26.85385824121325,26.67868882008931,26.74091911315918,84472400
2017-01-05,AAPL,26.717875624156004,26.934532531614646,26.692522081433626,26.876911163330078,88774400
2017-01-06,AAPL,26.91608880060783,27.23415982612011,26.844638878512438,27.176538467407227,127007600
2017-01-09,AAPL,27.185755757283022,27.52687496730904,27.183452169077967,27.425460815429688,134247600
2017-01-10,AAPL,27.374753318580193,27.51534956935505,27.266426645287005,27.4531192779541,97848400
2017-01-11,AAPL,27.367839033525733,27.642117253601786,27.33557121451258,27.600629806518555,110354400
2017-01-12,AAPL,27.40471254725915,27.496907052679664,27.24567706937037,27.485382080078125,108344800
2017-01-13,AAPL,27.45311510823008,27.570663150205,27.38396878742978,27.436981201171875,104447600
2017-01-17,AAPL,27.275642280835505,27.713564906799974,27.247985157351167,27.658248901367188,137759200
2017-01-18,AAPL,27.658250170769623,27.773492879814494,27.591409188507892,27.65594482421875,94852000
2017-01-19,AAPL,27.519962018093295,27.6789957766911,27.51304773621483,27.607545852661133,102389200
2017-01-20,AAPL,27.761966631361673,27.761966631361673,27.59601861506332,27.658248901367188,130391600
2017-01-23,AAPL,27.658253704811816,27.844946354610684,27.60524127815325,27.676692962646484,88200800
2017-01-24,AAPL,27.554535114294993,27.681301051487395,27.54301013888461,27.651338577270508,92844000
2017-01-25,AAPL,27.755055654457816,28.14227125550974,27.72278783424218,28.091564178466797,129510400
2017-01-26,AAPL,28.043158505279777,28.220633249977162,28.027024597440384,28.105390548706055,105350400
2017-01-27,AAPL,28.15148932612858,28.19989105377367,28.02702698712798,28.107696533203125,82251600
2017-01-30,AAPL,27.87259838402467,28.033937454223633,27.810368102223347,28.033937454223633,121510000
2017-01-31,AAPL,27.923307841853358,27.97862384801942,27.801150855607247,27.969404220581055,196804000
2017-02-01,AAPL,29.27856213257431,30.076043219912517,29.273953197975487,29.674997329711914,447940000
2017-02-02,AAPL,29.497526440793255,29.82250998639,29.45142829919011,29.624292373657227,134841600
2017-02-03,AAPL,29.573583819499053,29.776412115490093,29.53901241310441,29.75105857849121,98029200
2017-02-06,AAPL,29.762588726142692,30.07835268252664,29.70957453788497,30.029949188232422,107383600
2017-02-07,AAPL,30.087570159753724,30.444823323275603,30.066827312582973,30.315752029418945,152735200
2017-02-08,AAPL,30.274266100290518,30.474787321910643,30.244301865545825,30.433298110961914,92016400
2017-02-09,AAPL,30.474969235104457,30.660157761656755,30.352282586851246,30.653213500976562,113399600
2017-02-10,AAPL,30.662474444167227,30.77358614568457,30.567564839952876,30.58376693725586,80262000
2017-02-13,AAPL,30.805981564963073,30.977281499338815,30.72959119688372,30.854591369628906,92141600
2017-02-14,AAPL,30.89626768900161,31.271271827292853,30.845340765014317,31.255069732666016,132904800
2017-02-15,AAPL,31.37080923418327,31.544422768597972,31.162470873579785,31.368492126464844,142492400
2017-02-16,AAPL,31.405528497207804,31.458768988642536,31.213395774352875,31.33145523071289,90338400
2017-02-17,AAPL,31.273585333005407,31.44256818013,31.273585333005407,31.417104721069336,88792800
2017-02-21,AAPL,31.535164751079183,31.655537803399596,31.477293566795087,31.643962860107422,98028800
2017-02-22,AAPL,31.581455376037606,31.741180381406583,31.50738211005811,31.738866806030273,83347600
2017-02-23,AAPL,31.801371960616915,31.824518313308623,31.55136803918152,31.6046085357666,83152800
2017-02-24,AAPL,31.461094833140358,31.634708404541016,31.315258302867115,31.634708404541016,87106400
2017-02-27,AAPL,31.745816030411483,31.81526215650199,31.54673901944627,31.697202682495117,81029600
2017-02-28,AAPL,31.73192668021619,31.815261322905997,31.643961353994563,31.71109390258789,93931600
2017-03-01,AAPL,31.919414485898706,32.44256846166822,31.852285499466237,32.35923385620117,145658400
2017-03-02,AAPL,32.40785678261157,32.472672213602706,32.12081449381077,32.1671142578125,104844000
2017-03-03,AAPL,32.125448875790894,32.368508536083255,32.081466214230424,32.35693359375,84432400
2017-03-06,AAPL,32.26201780499198,32.35461379366759,32.08377714962105,32.25507354736328,87000000
2017-03-07,AAPL,32.19026458966033,32.40323010814363,32.1277627262672,32.296749114990234,69785200
2017-03-08,AAPL,32.164809026893586,32.36157250002599,32.13471840779304,32.17638397216797,74828800
2017-03-09,AAPL,32.1161831538718,32.12775456118677,31.72497351144918,32.102291107177734,88623600
2017-03-10,AAPL,32.234245655264324,32.25970911448372,32.09303984180699,32.20878219604492,78451200
2017-03-13,AAPL,32.14164636791655,32.275904362042986,32.13470211070917,32.22266387939453,69686800
2017-03-14,AAPL,32.24583580865323,32.326853375532906,32.139351238364114,32.174076080322266,61236400
2017-03-15,AAPL,32.271294973252054,32.58148373981974,32.1833296239774,32.51435470581055,102767200
2017-03-16,AAPL,32.574533065814535,32.643979194613266,32.468048530699576,32.567588806152344,76928000
2017-03-17,AAPL,32.639334870947756,32.639334870947756,32.38238677429371,32.40553665161133,175540000
2017-03-20,AAPL,32.50044997587236,32.75508455489394,32.461098001328324,32.745826721191406,86168000
2017-03-21,AAPL,32.896294218172855,33.056019242634676,32.34535944560636,32.37082290649414,158119600
2017-03-22,AAPL,32.373127962742615,32.77822607831128,32.352291660917324,32.73655700683594,103440800
2017-03-23,AAPL,32.69953067924052,32.773607485999605,32.54906702225389,32.620826721191406,81385200
2017-03-24,AAPL,32.75508436437389,32.810641962794406,32.488878377816576,32.556007385253906,89582400
2017-03-27,AAPL,32.26665872124432,32.690276231829365,32.0884144771652,32.611572265625,94300400
2017-03-28,AAPL,32.61850787445812,33.343052538036424,32.55137533765912,33.287498474121094,133499200
2017-03-29,AAPL,33.259726043365966,33.44723165146104,33.14630078035101,33.36157989501953,116760000
2017-03-30,AAPL,33.37777708446479,33.44953677121335,33.218052087675545,33.317588806152344,84829200
2017-03-31,AAPL,33.26897732131541,33.39629459726982,33.1046216501423,33.255088806152344,78646800
2017-04-03,AAPL,33.266679443609476,33.36158551939869,33.11389864037205,33.26436233520508,79942800
2017-04-04,AAPL,33.16019279464128,33.53982767033997,33.141673589463636,33.51205062866211,79565600
2017-04-05,AAPL,33.38471709229847,33.6717593349263,33.28980753640836,33.33842086791992,110871600
2017-04-06,AAPL,33.40092174754032,33.45416576523312,33.20647547090583,33.255088806152344,84596000
2017-04-07,AAPL,33.27129390354365,33.37546130885718,33.16481292288576,33.18101501464844,66688800
2017-04-10,AAPL,33.241218155568795,33.306033615946916,33.07917597244581,33.14167785644531,75733600
2017-04-11,AAPL,33.0884273795252,33.18333696513687,32.421750236738085,32.78518295288086,121517600
2017-04-12,AAPL,32.778239130379696,32.90555290594225,32.64166045543581,32.82453536987305,81400000
2017-04-13,AAPL,32.850009384747224,32.95880752520603,32.65093231201172,32.65093231201172,71291600
2017-04-17,AAPL,32.7504608596611,32.84305687732368,32.60925502338047,32.83148193359375,66328400
2017-04-18,AAPL,32.73424794776872,32.880080887612074,32.664801840513164,32.68563461303711,58790000
2017-04-19,AAPL,32.843061660879215,32.87083870413523,32.51203658930954,32.565277099609375,69313600
2017-04-20,AAPL,32.69026375752859,33.08378697056255,32.676375243166014,32.97267532348633,93278400
2017-04-21,AAPL,32.972671054788144,33.028225105046346,32.836095971669906,32.933319091796875,69283600
2017-04-24,AAPL,33.218050051250366,33.322217446021234,33.14397326161507,33.250457763671875,68537200
2017-04-25,AAPL,33.3129777495497,33.5421454363732,33.303716379715375,33.45649719238281,75486000
2017-04-26,AAPL,33.44259473881616,33.47268887997508,33.19027726469098,33.25971984863281,80164800
2017-04-27,AAPL,33.31527327557354,33.370830867945195,33.174067485616035,33.285179138183594,56985200
2017-04-28,AAPL,33.354623284152055,33.40323661614047,33.16480770268543,33.252769470214844,83441600
2017-05-01,AAPL,33.588415000062405,34.07453051365299,33.55600729915636,33.93101119995117,134411600
2017-05-02,AAPL,34.15326078871947,34.280578116332784,33.99122215911036,34.14631652832031,181408800
2017-05-03,AAPL,33.701858153687134,34.141681222939226,33.39630017256143,34.04214096069336,182788000
2017-05-04,AAPL,33.917150535140614,34.06066996666887,33.75279478921521,33.919464111328125,93487600
2017-05-05,AAPL,33.972702438004276,34.486598892800345,33.972702438004276,34.481971740722656,109310800
2017-05-08,AAPL,34.4981673635165,35.579200576555564,34.4981673635165,35.41947555541992,195009600
2017-05-09,AAPL,35.61854740828749,35.85234920110843,35.521324264291295,35.64632797241211,156521600
2017-05-10,AAPL,35.562988607604865,35.63474828536484,35.211130943691664,35.47733688354492,103222800
2017-05-11,AAPL,35.435511719351425,35.81206729700013,35.402970229604634,35.78417205810547,109020400
2017-05-12,AAPL,35.95850562778675,36.35830313777084,35.951532704092806,36.2839241027832,130108000
2017-05-15,AAPL,36.26299293399105,36.41175451441379,36.03985233673487,36.19093704223633,104038800
2017-05-16,AAPL,36.24672887780986,36.27462056955836,35.963151522512334,36.137481689453125,80194000
2017-05-17,AAPL,35.702817038502765,35.92828432192558,34.79862477958509,34.92414093017578,203070800
2017-05-18,AAPL,35.161228228070684,35.642377572865925,35.128686743624414,35.456424713134766,134272800
2017-05-19,AAPL,35.65167977873809,35.79114177368789,35.47734962498381,35.57729721069336,107843200
2017-05-22,AAPL,35.795787785616746,35.93060351587456,35.542428840173685,35.79346466064453,91865600
2017-05-23,AAPL,36.00498014921674,36.00498014921674,35.635401137991366,35.749298095703125,79675600
2017-05-24,AAPL,35.75860751613567,35.83531322490579,35.48665284690894,35.64238739013672,76712000
2017-05-25,AAPL,35.73303392010361,35.87714926786471,35.57032647594392,35.76557540893555,76942400
2017-05-26,AAPL,35.79579069602269,35.8515776206928,35.63540639100761,35.70513916015625,87710400
2017-05-30,AAPL,35.660975642407706,35.895738971420265,35.64005687528656,35.719085693359375,80507600
2017-05-31,AAPL,35.78881875413772,35.83530608592491,35.4192396783089,35.507564544677734,97804800
2017-06-01,AAPL,35.602863337343535,35.64005461881937,35.382045867058956,35.605186462402344,65616400
2017-06-02,AAPL,35.69818457127235,36.13284683227539,35.53780018388938,36.13284683227539,111082800
2017-06-05,AAPL,35.87481181053104,35.900380368837645,35.670266890833446,35.779510498046875,101326800
2017-06-06,AAPL,35.77253639360547,36.21649791553174,35.74464471155945,35.9003791809082,106499600
2017-06-07,AAPL,36.03288678355155,36.25602742644051,35.9073670685145,36.11423873901367,84278400
2017-06-08,AAPL,36.0863426015944,36.15374870192001,35.888767004396904,36.025909423828125,85003200
2017-06-09,AAPL,36.07239580899807,36.07239580899807,33.940919564947656,34.62894058227539,259530800
2017-06-12,AAPL,33.87583902444526,33.95719097359517,33.12505455830104,33.801456451416016,289229200
2017-06-13,AAPL,34.205887340150646,34.27329341128418,33.73868045047541,34.073394775390625,136661600
2017-06-14,AAPL,34.28492941811625,34.28492941811625,33.43419743692664,33.74102020263672,126124800
2017-06-15,AAPL,33.31333552540285,33.5829634971484,33.05532672777286,33.53879928588867,128661600
2017-06-16,AAPL,33.420254542962795,33.58761178507878,33.05299856980585,33.069271087646484,201444400
2017-06-19,AAPL,33.39235143259632,34.10826749088572,33.39235143259632,34.015289306640625,130165600
2017-06-20,AAPL,34.13848894224757,34.13848894224757,33.68988108624399,33.70615005493164,99600400
2017-06-21,AAPL,33.82469969188422,33.95254251423939,33.61317825369258,33.90605163574219,85063200
2017-06-22,AAPL,33.88282226063501,34.098990029130725,33.731733943214444,33.85028076171875,76425200
2017-06-23,AAPL,33.734034251321944,34.205887390211025,33.72938445603726,34.001338958740234,141757600
2017-06-26,AAPL,34.208228063547345,34.46623685951128,33.79216161436551,33.89443588256836,102769600
2017-06-27,AAPL,33.70616510199109,33.973473562958034,33.38307324147144,33.40864181518555,99047600
2017-06-28,AAPL,33.58528619780466,33.96183819158504,33.27614030230056,33.89675521850586,88329600
2017-06-29,AAPL,33.6364313470413,33.73405582993933,33.07159967492648,33.39701461791992,125997600
2017-06-30,AAPL,33.57598747388138,33.69453425037123,33.42025295949374,33.47603988647461,92096400
2017-07-03,AAPL,33.675935987269554,33.77356044182153,33.26219273127294,33.355167388916016,57111200
2017-07-05,AAPL,33.39932349113009,33.65500551100677,33.173856276942615,33.4922981262207,86278400
2017-07-06,AAPL,33.24357995591038,33.35515019692744,33.101791370694386,33.176170349121094,96515200
2017-07-07,AAPL,33.21570617089974,33.64572199856492,33.21570617089974,33.51322937011719,76806800
2017-07-10,AAPL,33.49694459692124,33.92463355069141,33.32493763764742,33.7177619934082,84362400
2017-07-11,AAPL,33.641062092769815,33.90139747392816,33.55971016789646,33.8270149230957,79127200
2017-07-12,AAPL,33.90605786856588,33.97811377802382,33.661998445371374,33.8758430480957,99538000
2017-07-13,AAPL,33.82004656011226,34.515043982750065,33.80610071664055,34.347686767578125,100797600
2017-07-14,AAPL,34.394174149377314,34.710292940009225,34.24541257418322,34.64288330078125,80528400
2017-07-17,AAPL,34.591752319997376,35.07522481560062,34.53364226990741,34.763755798339844,95174000
2017-07-18,AAPL,34.680072184713886,34.89624338419752,34.556879180023664,34.884620666503906,71475200
2017-07-19,AAPL,34.9776068083503,35.19610120446876,34.85441376317826,35.103126525878906,83692000
2017-07-20,AAPL,35.21469222796392,35.270479155850346,34.91019611677407,34.94506072998047,68974800
2017-07-21,AAPL,34.863704264059535,34.96830163687555,34.60569551951031,34.92878723144531,105010400
2017-07-24,AAPL,35.0008461000464,35.433185018344126,34.842784918114624,35.351829528808594,85972800
2017-07-25,AAPL,35.28443146533073,35.75860802558907,35.28443146533073,35.502925872802734,75415600
2017-07-26,AAPL,35.64470807654955,35.77952027892254,35.57729842860687,35.6702766418457,63124000
2017-07-27,AAPL,35.73768936034904,35.793476298622046,34.23845041848576,34.9962043762207,129905200
2017-07-28,AAPL,34.84045697496168,34.919485781620956,34.677749565146854,34.74980545043945,68854800
2017-07-31,AAPL,34.84278591780521,34.94273705200964,34.43136930145214,34.570831298828125,79383600
2017-08-01,AAPL,34.65684132456898,34.9171732593223,34.49645699092396,34.87765884399414,141474400
2017-08-02,AAPL,37.0230757382192,37.13232291881002,36.29786343025978,36.52565383911133,279747200
2017-08-03,AAPL,36.504727450561546,36.54191872698877,36.03287421450155,36.16071701049805,108389200
2017-08-04,AAPL,36.276935541751506,36.58607781694372,36.18860715069363,36.351314544677734,82239600
2017-08-07,AAPL,36.50705942912539,36.939398368867074,36.41640788757098,36.9138298034668,87481200
2017-08-08,AAPL,36.86502340468434,37.615804385203596,36.788317700035876,37.20903396606445,144823600
2017-08-09,AAPL,37.0184316537495,37.48563880996327,36.983567036161894,37.436824798583984,104526000
2017-08-10,AAPL,37.31314215481408,37.33647887838671,36.08337444544976,36.244388580322266,163217200
2017-08-11,AAPL,36.543083925509904,37.00278965434573,36.41940711122255,36.74843215942383,105028400
2017-08-14,AAPL,37.17778732338826,37.38547127082218,37.044774455585326,37.30146408081055,88490800
2017-08-15,AAPL,37.490486520273066,37.84984850346148,37.369141986955476,37.7098388671875,117862000
2017-08-16,AAPL,37.789187267230616,37.92219663228328,37.371483382494226,37.55816650390625,110686400
2017-08-17,AAPL,37.457824633190185,37.50216227298986,36.832436740362205,36.83710479736328,111762400
2017-08-18,AAPL,36.837097109852,37.219795808337985,36.57107488725423,36.753089904785156,109712400
2017-08-21,AAPL,36.753091782762446,36.844099296178136,36.19537834194661,36.685420989990234,105474000
2017-08-22,AAPL,36.92343558401232,37.33647129470129,36.87443345942071,37.285133361816406,86418400
2017-08-23,AAPL,37.119465277743316,37.446158069827526,37.07512763581381,37.33181381225586,77596400
2017-08-24,AAPL,37.43680528875181,37.509147681142444,36.99810424335767,37.16611862182617,79275600
2017-08-25,AAPL,37.25479680434788,37.46714884205031,37.166125105181194,37.303802490234375,101920400
2017-08-28,AAPL,37.369152083341085,37.80318883835701,37.320146382960566,37.67951202392578,103864000
2017-08-29,AAPL,37.35980466916597,38.06452793807614,37.33646795242248,38.015525817871094,118067600
2017-08-30,AAPL,38.22321796533812,38.244218878495545,37.945527355755026,38.11820983886719,109078400
2017-08-31,AAPL,38.18587500122859,38.391226728073406,38.14853767622348,38.26988220214844,107140400
2017-09-01,AAPL,38.456581398482015,38.48925068139497,38.183558771134194,38.28156661987305,66364400
2017-09-05,AAPL,38.211545001800495,38.328221475088434,37.46714853251409,37.82184600830078,117874000
2017-09-06,AAPL,37.968867710576774,38.03420626488549,37.45782407741031,37.78218460083008,86606800
2017-09-07,AAPL,37.824180362486686,37.85918544283266,37.42048073941826,37.630496978759766,87714000
2017-09-08,AAPL,37.53715695242767,37.60482774352189,36.99344413320669,37.016780853271484,114446000
2017-09-11,AAPL,37.453151395815446,37.81484920865944,37.31080594278718,37.68650436401367,126323200
2017-09-12,AAPL,37.945530520517316,38.26055848688814,37.04945587756065,37.53716278076172,286856000
2017-09-13,AAPL,37.30613682555857,37.327141298218734,36.84876701487914,37.254798889160156,179629600
2017-09-14,AAPL,37.10079036191123,37.19646237447088,36.89077055035121,36.93510818481445,95042800
2017-09-15,AAPL,36.979450719846646,37.562833228128845,36.869774523434856,37.30847930908203,196458400
2017-09-18,AAPL,37.362144264850784,37.4531517809566,36.86976935446195,37.02611541748047,113077600
2017-09-19,AAPL,37.2221342188094,37.28280827515437,36.972448370624015,37.04011917114258,83242400
2017-09-20,AAPL,36.84643205759684,36.93043926812725,35.89668733365387,36.41939926147461,211805600
2017-09-21,AAPL,36.35640714543908,36.35640714543908,35.64467960646271,35.79402542114258,150046800
2017-09-22,AAPL,35.36229479215621,35.53264496269704,35.13360996077407,35.4439697265625,186581600
2017-09-25,AAPL,35.00061714247289,35.429985800433215,34.80693372856288,35.13129425048828,177549200
2017-09-26,AAPL,35.41831561123845,35.91769085435358,35.39731469725175,35.73567581176758,146640000
2017-09-27,AAPL,35.88969591922678,36.10438027471786,35.82902185395273,35.99003601074219,102016800
2017-09-28,AAPL,35.91069417080666,36.00170170127656,35.63300352225677,35.768348693847656,88022000
2017-09-29,AAPL,35.752022159334864,35.966706536864514,35.46966340369617,35.96437072753906,105199200
2017-10-02,AAPL,35.99702548189776,36.04136311296529,35.63766349864281,35.89201736450195,74795200
2017-10-03,AAPL,35.93869036363075,36.190712003672466,35.91535720256329,36.04836654663086,64921200
2017-10-04,AAPL,35.85001896843151,35.90368915610887,35.57699641283298,35.81501388549805,80655200
2017-10-05,AAPL,35.978360627753474,36.272387660414424,35.94802716171929,36.260719299316406,85135200
2017-10-06,AAPL,36.16271247830708,36.284057027860996,36.06703689960718,36.23971939086914,69630400
2017-10-09,AAPL,36.35872998057238,36.57341431104818,36.284058872908,36.36573028564453,65051600
2017-10-10,AAPL,36.41707137670718,36.86977680080634,36.19305447367292,36.37973403930664,62468000
2017-10-11,AAPL,36.396061259237754,36.631746465717164,36.344723323460684,36.53140640258789,67622400
2017-10-12,AAPL,36.484735871459215,36.72275332142957,36.34005461836037,36.40306091308594,64500400
2017-10-13,AAPL,36.57342017035663,36.701765051714794,36.49874905072944,36.63409423828125,65576800
2017-10-16,AAPL,36.84643779882987,37.33648053006061,36.78809954800165,37.30847930908203,96486000
2017-10-17,AAPL,37.28514141116722,37.53949532220988,37.15679655124711,37.4461555480957,75989200
2017-10-18,AAPL,37.43448945770484,37.50216382462566,37.24314184095446,37.28047561645508,65496800
2017-10-19,AAPL,36.57807832357771,36.65508523154097,36.174378679422176,36.39839553833008,170336800
2017-10-20,AAPL,36.545413931245726,36.811436212158206,36.39373590361513,36.46140670776367,95896400
2017-10-23,AAPL,36.61075585646932,36.79743898813021,36.28639529497379,36.44274139404297,87937200
2017-10-24,AAPL,36.47073300118605,36.734422988654664,36.44973208909128,36.659751892089844,71028800
2017-10-25,AAPL,36.6154214690112,36.764767252230676,36.23272267696854,36.49874496459961,84828400
2017-10-26,AAPL,36.69008842265107,36.83010163635278,36.58508029271675,36.732093811035156,68002000
2017-10-27,AAPL,37.17078934086736,38.17654353286858,37.03311195677568,38.04819869995117,177816800
2017-10-30,AAPL,38.244224059767326,39.2196414776492,38.20455447597877,38.90461349487305,178803200
2017-10-31,AAPL,39.17996543633241,39.58833316716065,38.95594856083255,39.445987701416016,144187200
2017-11-01,AAPL,39.63967348374911,39.656009903089014,38.64559097272621,38.94428253173828,134551200
2017-11-02,AAPL,38.87660785634644,39.31997709366315,38.56858021390283,39.22896957397461,165573600
2017-11-03,AAPL,40.60342845087466,40.66409895866738,39.93137056468244,40.25339889526367,237594400
2017-11-06,AAPL,40.22304234252588,40.834429424245734,40.07136436630444,40.661746978759766,140105200
2017-11-07,AAPL,40.58242222544961,40.89511439967605,40.51008336312544,40.79243850708008,97446000
2017-11-08,AAPL,40.7574310266021,41.126129150390625,40.68042411840414,41.126129150390625,97638000
2017-11-09,AAPL,40.86244289963009,41.09346364541121,40.40273721684441,41.0421257019043,117930400
2017-11-10,AAPL,41.00933312803533,41.072565925229945,40.81261284063416,40.906288146972656,100582000
2017-11-13,AAPL,40.63228489422871,40.86647673799948,40.60886428045805,40.74235534667969,67928400
2017-11-14,AAPL,40.52455979224116,40.627604787255784,40.0889627691694,40.126434326171875,99130000
2017-11-15,AAPL,39.80559095298327,39.88755953383596,39.433226751134306,39.59716033935547,116632400
2017-11-16,AAPL,40.08896078074791,40.25055373550721,39.88287437442496,40.070228576660156,94550000
2017-11-17,AAPL,40.056170768140326,40.13813934158887,39.72830362131391,39.847740173339844,87598000
2017-11-20,AAPL,39.880528895020625,39.943761695620736,39.709569843677855,39.80792999267578,65049600
2017-11-21,AAPL,39.99529958008459,40.67913962209789,39.99529958008459,40.54799270629883,100525200
2017-11-22,AAPL,40.59949287194697,40.98356730258615,40.526893981625456,40.97420120239258,102355600
2017-11-24,AAPL,41.00698568939045,41.10066098017988,40.90159652039823,40.976539611816406,56106800
2017-11-27,AAPL,40.995287805019544,41.00231327528309,40.594818132575305,40.77046203613281,82867200
2017-11-28,AAPL,40.819640671827266,40.95312816975762,40.24821197904056,40.531585693359375,105715200
2017-11-29,AAPL,40.4285405227249,40.49645458741891,39.14751080740588,39.690834045410156,166665600
2017-11-30,AAPL,39.91331691229435,40.31378656450264,39.447277398767646,40.245872497558594,166108800
2017-12-01,AAPL,39.800897406193066,40.20370760538701,39.46131999629257,40.058509826660156,159037200
2017-12-04,AAPL,40.39340616744277,40.426192880970966,39.72596159058653,39.76577377319336,130169600
2017-12-05,AAPL,39.5924741130353,40.16858764399004,39.43790663235427,39.72830581665039,109400800
2017-12-06,AAPL,39.227136350163626,39.85945365424555,38.98357838933744,39.58076477050781,114240000
2017-12-07,AAPL,39.58544083432115,39.915652139685264,39.5573389610079,39.653358459472656,102693200
2017-12-08,AAPL,39.92737454264423,40.046811113897945,39.53627453543775,39.665077209472656,93420800
2017-12-11,AAPL,39.625258391774615,40.48942684830083,39.529238880275294,40.437904357910156,141095200
2017-12-12,AAPL,40.31611710207307,40.37232442075216,40.154527761151854,40.210731506347656,77636800
2017-12-13,AAPL,40.39809377631504,40.64165172587985,40.28099785232571,40.34423065185547,95273600
2017-12-14,AAPL,40.37466852907948,40.545631131394195,40.19902466325085,40.332515716552734,81906000
2017-12-15,AAPL,40.66273097743377,40.78919300073705,40.38872694904004,40.74235534667969,160677200
2017-12-18,AAPL,40.9554738827219,41.49879714319126,40.950789044916306,41.31612777709961,117684400
2017-12-19,AAPL,40.990598338583446,41.074907545710694,40.77045743255763,40.8758430480957,109745600
2017-12-20,AAPL,40.95311794999519,41.08192415163316,40.57372838651899,40.83134078979492,93902400
2017-12-21,AAPL,40.789199629292725,41.222456040069694,40.772808055776665,40.98591995239258,83799600
2017-12-22,AAPL,40.90863620257095,41.081939481578644,40.86648337911435,40.98591995239258,65397600
2017-12-26,AAPL,39.99996526263691,40.156873359855865,39.73766798317328,39.946102142333984,132742000
2017-12-27,AAPL,39.83603669973451,39.995285448799734,39.744702017539055,39.95313262939453,85992800
2017-12-28,AAPL,40.046812163577286,40.24587669436901,39.925031383322896,40.065547943115234,65920800
2017-12-29,AAPL,39.934407093019225,39.950798669163476,39.62995688312999,39.63229751586914,103999600
2018-01-02,AAPL,39.85008766691489,40.351258103264755,39.63931284929152,40.341888427734375,102223600
2018-01-03,AAPL,40.405112383133705,40.87818083627618,40.27162491067019,40.33485412597656,118071600
2018-01-04,AAPL,40.407461500303675,40.625261785880404,40.299735247059225,40.522216796875,89738400
2018-01-05,AAPL,40.618238978565536,41.07022757766769,40.526904291139054,40.983577728271484,94640000
2018-01-08,AAPL,40.83134078979492,41.12642116433384,40.73297709146542,40.83134078979492,82271200
2018-01-09,AAPL,40.878197920254564,40.99763450589874,40.61121929026737,40.82667541503906,86336000
2018-01-10,AAPL,40.55265692973523,40.81963546502523,40.51518538041785,40.817291259765625,95839600
2018-01-11,AAPL,40.887551806210006,41.0983266027859,40.86413476669079,41.04914474487305,74670800
2018-01-12,AAPL,41.2599184636559,41.536266705175215,41.13579706889646,41.4730339050293,101672400
2018-01-16,AAPL,41.66273032986267,42.01167748658843,41.25055394405002,41.262264251708984,118263600
2018-01-17,AAPL,41.25288738047048,41.9788834468811,40.99996336127196,41.943756103515625,137547200
2018-01-18,AAPL,42.006992937085954,42.17795556841482,41.7446991964493,41.981231689453125,124773600
2018-01-19,AAPL,41.82900017607158,42.056166522261215,41.54797071306402,41.79387283325195,129700400
2018-01-22,AAPL,41.52221215159881,41.634623229363534,41.3582785853828,41.45195388793945,108434400
2018-01-23,AAPL,41.5222149513268,42.023385358113266,41.409803865982504,41.46132278442383,130756400
2018-01-24,AAPL,41.51049655919652,41.52220686389577,40.56201905428973,40.80089569091797,204420400
2018-01-25,AAPL,40.86882172505862,40.9718667190559,39.93673908810159,40.07257080078125,166116000
2018-01-26,AAPL,40.28099597876492,40.28099597876492,39.82666324306097,40.16624069213867,156572000
2018-01-29,AAPL,39.850086936789836,39.850086936789836,39.126434961888506,39.33486557006836,202561600
2018-01-30,AAPL,38.76577147943991,39.196683568388686,38.571391841021125,39.10300827026367,184192800
2018-01-31,AAPL,39.07959987736474,39.44728286310411,38.99295002083354,39.21074676513672,129915600
2018-02-01,AAPL,39.14985977700904,39.489437319765265,39.053840239679026,39.29271697998047,188923200
2018-02-02,AAPL,38.87583871051159,39.06319286477697,37.49410852308551,37.58778381347656,346375200
2018-02-05,AAPL,37.259930231139656,38.37936715250379,36.533933960228474,36.64868927001953,290954000
2018-02-06,AAPL,36.25992535441477,38.34189080334102,36.06554568586119,38.1802978515625,272975200
2018-02-07,AAPL,38.19435027749091,38.266949183640655,37.252901556247814,37.36296844482422,206434400
2018-02-08,AAPL,37.5386155259692,37.7048933359953,36.30676750219174,36.334869384765625,217562000
2018-02-09,AAPL,36.93449073015276,37.12730914186198,35.32843847604352,36.779293060302734,282690400
2018-02-12,AAPL,37.27075387708362,38.53819451209446,37.037957340347475,38.26072311401367,243278000
2018-02-13,AAPL,38.081996877417026,38.74040817400925,38.01145216920126,38.64399719238281,130196800
2018-02-14,AAPL,38.33831316239398,39.39647322333067,38.300692420481404,39.35649871826172,162579600
2018-02-15,AAPL,39.925548323114,40.70153298957986,39.73978404743447,40.67802047729492,204588800
2018-02-16,AAPL,40.52988635346286,41.10834882844967,40.3911506581798,40.54634475708008,160704400
2018-02-20,AAPL,40.456986503540875,40.97665865050468,40.30884294882415,40.40995788574219,135722000
2018-02-21,AAPL,40.64041184476822,40.94374956316199,40.21244305212163,40.22655487060547,149886400
2018-02-22,AAPL,40.39819940650478,40.903763321580946,40.37703706692749,40.562801361083984,123967600
2018-02-23,AAPL,40.83791548229006,41.30350481279651,40.80734527170356,41.26823425292969,135249600
2018-02-26,AAPL,41.46811865630413,42.18296298826137,41.43519826446505,42.08420181274414,152648800
2018-02-27,AAPL,42.114766828451785,42.43926676848997,41.89372840137815,41.947811126708984,155712400
2018-02-28,AAPL,42.15239017660547,42.4721897868067,41.867864719237645,41.88432312011719,151128400
2018-03-01,AAPL,41.98309066020018,42.27467386282315,40.600430490213576,41.150672912597656,195208000
2018-03-02,AAPL,40.633348665182034,41.45636207847196,40.55104588863155,41.43519973754883,153816000
2018-03-05,AAPL,41.2000498848644,41.79497067660836,41.03779810746997,41.578636169433594,113605600
2018-03-06,AAPL,41.83494098418248,41.91488998332649,41.41638023801315,41.543357849121094,95154000
2018-03-07,AAPL,41.13654869519906,41.350532972304066,40.97900089642305,41.157711029052734,126814000
2018-03-08,AAPL,41.263545325353434,41.649185801737886,41.16713789729796,41.60686111450195,95096400
2018-03-09,AAPL,41.846711082439775,42.3264088034686,41.71267573229615,42.32170486450195,128740800
2018-03-12,AAPL,42.39460377768546,42.8884133622694,42.37579519615007,42.730865478515625,128828400
2018-03-13,AAPL,42.93543052183893,43.149414857195474,42.14769131351788,42.3193473815918,126774000
2018-03-14,AAPL,42.401652575454754,42.44868119552501,41.811432091203834,41.95957565307617,117473600
2018-03-15,AAPL,41.97368252757985,42.382839043917734,41.87257117709006,42.00895309448242,90975200
2018-03-16,AAPL,42.008953109968175,42.119472337041785,41.766752315671596,41.86081314086914,157618800
2018-03-19,AAPL,41.696207740634804,41.73147830463949,40.835570098387464,41.22121047973633,133787200
2018-03-20,AAPL,41.20711135864258,41.57393965755342,41.13656662699339,41.20711135864258,78597600
2018-03-21,AAPL,41.16007137335858,41.17182942442222,40.271217251359516,40.2735710144043,148219600
2018-03-22,AAPL,39.974930763868414,40.60512206776271,39.64572688691664,39.70451354980469,165963200
2018-03-23,AAPL,39.596350569202244,39.95612471407473,38.78509521484375,38.78509521484375,164115200
2018-03-26,AAPL,39.5211082074498,40.703895839846645,39.13781793229658,40.62629699707031,150164800
2018-03-27,AAPL,40.84026543979377,41.18593127686234,39.25067549464619,39.5845832824707,163690400
2018-03-28,AAPL,39.3282845706032,39.97964191762341,38.84388295506285,39.147220611572266,166674000
2018-03-29,AAPL,39.45996167523232,40.386440118710794,39.24597734680386,39.45290756225586,153594000
2018-04-02,AAPL,39.18483628313078,39.72567427739345,38.67456850050801,39.19424057006836,150347200
2018-04-03,AAPL,39.41999160319373,39.681004576821195,38.77098802003664,39.596351623535156,121112000
2018-04-04,AAPL,38.77099071456574,40.447584317922555,38.74512443292918,40.3535270690918,138422000
2018-04-05,AAPL,40.581621621244764,40.9696122764427,40.46404826051155,40.63335418701172,107732800
2018-04-06,AAPL,40.20303085074771,40.55810106955422,39.55167349900567,39.59400177001953,140021200
2018-04-09,AAPL,39.94671220845235,40.70153091084203,39.93965809632183,39.98668670654297,116070800
2018-04-10,AAPL,40.68038339325876,40.91553011807529,40.33471742073413,40.73917007446289,113634400
2018-04-11,AAPL,40.49931222839776,40.89671069695223,40.374684773390626,40.5486946105957,89726400
2018-04-12,AAPL,40.77679208647928,41.150674496485806,40.689785363381375,40.948448181152344,91557200
2018-04-13,AAPL,41.09893532790292,41.3481902278494,40.880250643703896,41.08717727661133,100497200
2018-04-16,AAPL,41.15771512075648,41.43048607771874,41.11068651149989,41.343482971191406,86313600
2018-04-17,AAPL,41.501026241367754,42.07713471479748,41.48221408211443,41.912532806396484,106421600
2018-04-18,AAPL,41.811434960615074,42.04893542855754,41.59275024765644,41.81848907470703,83018000
2018-04-19,AAPL,40.85909303030914,41.242383334476784,40.60043378952859,40.63335418701172,139235200
2018-04-20,AAPL,40.11603059413015,40.261820407726134,38.900318932823346,38.96851348876953,261964400
2018-04-23,AAPL,39.22952663936423,39.25068898244387,38.585223352747136,38.85564422607422,146062000
2018-04-24,AAPL,38.95676132415108,39.1119590390182,37.91035901279784,38.31481170654297,134768000
2018-04-25,AAPL,38.23955349982821,38.89796494806505,38.19017470434135,38.481754302978516,113528400
2018-04-26,AAPL,38.59227521560373,38.97086154573134,38.41591519078752,38.61579132080078,111852000
2018-04-27,AAPL,38.56405100150369,38.641649827377975,37.771607930930294,38.16900634765625,142623200
2018-04-30,AAPL,38.124337172004125,39.3306373522608,38.05614261691634,38.86034393310547,169709600
2018-05-01,AAPL,39.13075300255163,39.786810545703396,38.86268597798759,39.76329803466797,214277600
2018-05-02,AAPL,41.204741044088,41.79731152864249,40.868483101172075,41.519840240478516,266157600
2018-05-03,AAPL,41.35759593722596,41.73853238035126,41.01898417086866,41.5950927734375,136272800
2018-05-04,AAPL,41.91489009052762,43.32576998137287,41.896077928083315,43.22700881958008,224805200
2018-05-07,AAPL,43.5444723851779,44.129989070157244,43.4433610073998,43.539772033691406,169805600
2018-05-08,AAPL,43.49977621410719,43.78900556327997,43.18938094139274,43.74903106689453,113611200
2018-05-09,AAPL,43.86660729234394,44.06647978753421,43.55386182428417,44.05707550048828,92844800
2018-05-10,AAPL,44.14644419035238,44.76487759165738,44.1252782597407,44.687278747558594,111957200
2018-05-11,AAPL,44.72976132331238,44.8643098921221,44.24821035668282,44.517311096191406,104848800
2018-05-14,AAPL,44.61645441353766,44.739203197154275,44.34499442861878,44.413448333740234,83115200
2018-05-15,AAPL,44.090053433523465,44.15851093606844,43.693485453401316,44.009796142578125,94780800
2018-05-16,AAPL,43.92245918077974,44.48662667958038,43.905933713378666,44.420528411865234,76732400
2018-05-17,AAPL,44.37804201646454,44.59285148855085,43.99091455997095,44.13962936401367,69176000
2018-05-18,AAPL,44.18683504071553,44.33318699120385,43.93661902140753,43.97910690307617,73190800
2018-05-21,AAPL,44.37803378516849,44.677822575118384,44.12073647501625,44.29069519042969,73603200
2018-05-22,AAPL,44.46775312562425,44.58577985875149,44.09006613886106,44.17976760864258,60962800
2018-05-23,AAPL,43.988569364604146,44.49608292806732,43.84929506787003,44.463035583496094,80233600
2018-05-24,AAPL,44.55980389947556,44.57632576544726,43.95550773688488,44.413448333740234,92936000
2018-05-25,AAPL,44.43232966932365,44.76752505903052,44.295418267574824,44.514949798583984,69844000
2018-05-29,AAPL,44.2836294416986,44.555089473229884,44.11130782679905,44.35444259643555,90056400
2018-05-30,AAPL,44.311949436914176,44.37804410807291,44.0900586400715,44.26001739501953,74762000
2018-05-31,AAPL,44.19392538167832,44.432338059704065,43.93898723392432,44.111305236816406,109931200
2018-06-01,AAPL,44.375690484564544,44.91152923625673,44.31903635845127,44.90681076049805,93770000
2018-06-04,AAPL,45.23728427671126,45.657459141289145,45.168830359131896,45.282135009765625,105064800
2018-06-05,AAPL,45.57483828103631,45.78020361623582,45.40723875788195,45.63148880004883,86264000
2018-06-06,AAPL,45.707025796438366,45.81324911722004,45.303372855200706,45.789642333984375,83734400
2018-06-07,AAPL,45.82741907508867,45.84158170653918,45.402522122123386,45.66690444946289,85388800
2018-06-08,AAPL,45.12633012126618,45.32225488450402,44.79585678682235,45.25143814086914,106627200
2018-06-11,AAPL,45.16882034338992,45.31517230141845,44.899719606624075,45.1404914855957,73234000
2018-06-12,AAPL,45.17826783713931,45.46625332272547,45.12161371473412,45.38835525512695,67644400
2018-06-13,AAPL,45.421389130185375,45.52997526547218,44.95400446501303,45.015377044677734,86553600
2018-06-14,AAPL,45.21603390272544,45.22075597971517,44.90208241786221,45.03899383544922,86440400
2018-06-15,AAPL,44.85723627067669,44.8879243714088,44.439420660720806,44.576332092285156,246876800
2018-06-18,AAPL,44.349716849535625,44.66602756180079,44.189198654039295,44.5527229309082,73939600
2018-06-19,AAPL,43.70292214982932,43.98382624525081,43.303991365702245,43.8327522277832,134314000
2018-06-20,AAPL,43.98856116672441,44.18920443498189,43.84220558070689,44.02396774291992,82514800
2018-06-21,AAPL,44.20101082789006,44.46067107724782,43.65572790612877,43.77847671508789,102847600
2018-06-22,AAPL,43.93427205844196,43.94135337461232,43.599076552780936,43.65100860595703,108801600
2018-06-25,AAPL,43.29220634111752,43.651008635516185,42.661943988297445,43.001861572265625,126652400
2018-06-26,AAPL,43.195406462718786,44.03103378814403,43.089179567192375,43.53532028198242,98276800
2018-06-27,AAPL,43.7241710335686,44.20808123235867,43.44090766902219,43.471595764160156,101141200
2018-06-28,AAPL,43.45744089215349,43.95551380777959,43.3866241379058,43.78791427612305,69460800
2018-06-29,AAPL,43.97439168953857,44.186841936704425,43.176533549058156,43.69585037231445,90950800
2018-07-02,AAPL,43.39135019489264,44.21281525459119,43.296926646605975,44.184486389160156,70925200
2018-07-03,AAPL,44.328477049296076,44.36624646682203,43.325249858311246,43.41495132446289,55819200
2018-07-05,AAPL,43.7312539663266,44.0027175522278,43.499922630270966,43.76430130004883,66416800
2018-07-06,AAPL,43.76903083923939,44.47955043635213,43.71709879140897,44.370967864990234,69940800
2018-07-09,AAPL,44.732122424839176,45.010663727390416,44.68491246191905,44.987060546875,79026400
2018-07-10,AAPL,45.01775297227096,45.1523015596252,44.892641335763145,44.93277359008789,63756400
2018-07-11,AAPL,44.49607580388834,44.798223934989025,44.28598837520287,44.34972381591797,75326000
2018-07-12,AAPL,44.73920447636443,45.18298605928237,44.6872724357298,45.093284606933594,72164400
2018-07-13,AAPL,45.1050911025137,45.284490417668366,45.06259961093862,45.16410446166992,50055600
2018-07-16,AAPL,45.208957040742106,45.47569498575742,44.949296809074376,45.064964294433594,60172400
2018-07-17,AAPL,44.7911346962154,45.29156677447239,44.6613045999065,45.19242477416992,62138000
2018-07-18,AAPL,45.270323498314276,45.27504557512844,44.83362324118064,44.9445686340332,65573600
2018-07-19,AAPL,44.77698381624712,45.45209689229721,44.77698381624712,45.293941497802734,81147200
2018-07-20,AAPL,45.27032458958884,45.42375787179969,44.89027843939604,45.190067291259766,82704800
2018-07-23,AAPL,45.010673935781,45.31282569115405,44.746295201955945,45.23020553588867,63957600
2018-07-24,AAPL,45.42848135702797,45.71410758885159,45.33406142687722,45.558311462402344,74791600
2018-07-25,AAPL,45.572489082778475,45.99502687363685,45.423774222076396,45.987945556640625,66839600
2018-07-26,AAPL,45.93836449383051,46.25703810904912,45.70231103126561,45.84394454956055,76304000
2018-07-27,AAPL,46.028062364396064,46.075272332840846,44.873761166756026,45.081485748291016,96096000
2018-07-30,AAPL,45.298647170976594,45.36946391315494,44.63061920165413,44.82890319824219,84118000
2018-07-31,AAPL,44.92096864396287,45.35530609259082,44.69435576534987,44.91860580444336,157492000
2018-08-01,AAPL,47.00532799586654,47.62614616425708,46.575708957389,47.56477355957031,271742800
2018-08-02,AAPL,47.34760051436628,49.18881810901228,47.29330923044903,48.95512390136719,249616000
2018-08-03,AAPL,48.870143095602415,49.27379606036052,48.5042595454664,49.09675598144531,133789600
2018-08-06,AAPL,49.09911709658689,49.39418390606156,48.87958911924481,49.3516960144043,101701600
2018-08-07,AAPL,49.41071016889394,49.453198061232754,48.80641030780885,48.88903045654297,102349600
2018-08-08,AAPL,48.638802383434864,49.054255058737276,48.27764098003306,48.92206573486328,90102000
2018-08-09,AAPL,49.460276096411505,49.519289455339305,48.91027115897772,49.30684280395508,93970400
2018-08-10,AAPL,49.11971138267579,49.531886186769725,48.95626269114678,49.15998077392578,98444800
2018-08-13,AAPL,49.581630095853846,49.97011532849168,49.200251013881406,49.47740173339844,103563600
2018-08-14,AAPL,49.78297807220025,49.87772915247579,49.3329014045864,49.685855865478516,82992000
2018-08-15,AAPL,49.56030572186097,49.92036630881333,49.349481510093966,49.80192565917969,115230400
2018-08-16,AAPL,50.15961546611837,50.64759036765416,50.09328899102739,50.53152084350586,114001600
2018-08-17,AAPL,50.55993822473201,51.628271438053176,50.49361175911019,51.540626525878906,141708000
2018-08-20,AAPL,51.6638071208938,51.91963571512228,50.955530812932935,51.0384407043457,121150800
2018-08-21,AAPL,51.355866802900465,51.44825036575132,50.699704586767986,50.9389533996582,104639200
2018-08-22,AAPL,50.71628962107403,51.251640077324424,50.654698167539145,50.94132614135742,76072400
2018-08-23,AAPL,50.84657586588272,51.41509322466389,50.834734691040765,51.04555892944336,75532800
2018-08-24,AAPL,51.30848630582317,51.379547797668636,50.955531900064415,51.20425796508789,73905600
2018-08-27,AAPL,51.43876965842527,51.81541364909847,51.244528884025435,51.62590789794922,82100400
2018-08-28,AAPL,51.87937510705867,52.24180322712333,51.85805665635416,52.042823791503906,91107200
2018-08-29,AAPL,52.14942669003543,52.940613129889776,51.974136807915215,52.819801330566406,109019200
2018-08-30,AAPL,52.88374105259132,54.07051485852376,52.6823905367058,53.305389404296875,195175200
2018-08-31,AAPL,53.65597804212751,54.215018013869724,53.53516988918056,53.921287536621094,173360400
2018-09-04,AAPL,54.10606018131684,54.28845618519026,53.68441174415916,54.094215393066406,109560400
2018-09-05,AAPL,54.24345135322492,54.40452890571395,53.321983221015245,53.74126052856445,133332000
2018-09-06,AAPL,53.58966072346746,53.8549702632671,52.42183753532365,52.84822463989258,137160000
2018-09-07,AAPL,52.552114653610786,53.38593417642667,52.282070132620795,52.42182922363281,150479200
2018-09-10,AAPL,52.33892777751228,52.5521231376733,51.27770045881647,51.718299865722656,158066000
2018-09-11,AAPL,51.642493122685174,53.13247858760648,51.299015945884626,53.025882720947266,142996000
2018-09-12,AAPL,53.284081020445285,53.29829332034055,52.07598492604216,52.36735153198242,197114800
2018-09-13,AAPL,52.947710684106966,54.09184782917725,52.722674165652904,53.63229751586914,166825600
2018-09-14,AAPL,53.47596182981542,53.734161619670026,52.710836123342126,53.02351760864258,127997200
2018-09-17,AAPL,52.62319813372668,52.81270396427761,51.46721943495986,51.611717224121094,148780400
2018-09-18,AAPL,51.59037623243215,52.55211733723163,51.43166619672579,51.69697570800781,126286800
2018-09-19,AAPL,51.75855985278835,52.023865730627165,51.00054047716211,51.72776412963867,108495200
2018-09-20,AAPL,52.17073741523038,52.65397366389171,51.91253405811278,52.12099075317383,106435200
2018-09-21,AAPL,52.298654084199484,52.4360456744624,51.47193703080643,51.55958557128906,384986800
2018-09-24,AAPL,51.36060237729222,52.41235225527132,51.315594354443164,52.30101776123047,110773600
2018-09-25,AAPL,52.05465383446861,52.78188099502147,52.04280904925851,52.63264465332031,98217600
2018-09-26,AAPL,52.350762852927,53.00218637259011,52.057028764651164,52.21337127685547,95938800
2018-09-27,AAPL,53.01877601260641,53.63940388199553,52.95244592110499,53.28644943237305,120724800
2018-09-28,AAPL,53.24854690500013,53.49727299789498,53.06615090279619,53.47358703613281,91717600
2018-10-01,AAPL,53.99709737440657,54.34531321172823,53.618089422673734,53.833648681640625,94403200
2018-10-02,AAPL,53.83126891210051,54.482692408286546,53.68440368051631,54.312137603759766,99152800
2018-10-03,AAPL,54.49454032674915,55.30467388755188,54.430581367745326,54.97304153442383,114619200
2018-10-04,AAPL,54.66746614555223,55.03937152166361,53.708096157284366,54.006568908691406,128168000
2018-10-05,AAPL,53.99945772125052,54.106053573442246,52.25127273302901,53.13010025024414,134322000
2018-10-08,AAPL,52.637397042763254,53.25091876301774,52.16126330037392,53.00693130493164,118655600
2018-10-09,AAPL,52.976134925197805,53.83601521931259,52.64687005570699,53.74126052856445,107564000
2018-10-10,AAPL,53.40726565940441,53.618089896183506,51.178211501360096,51.251644134521484,167962400
2018-10-11,AAPL,50.815773946054776,51.995441725762305,50.29463584528402,50.799190521240234,212497600
2018-10-12,AAPL,52.21337471372891,52.79610429097438,51.36533924220412,52.613704681396484,161351600
2018-10-15,AAPL,52.388659630741124,52.54736963908297,51.4671916862052,51.48851013183594,123164000
2018-10-16,AAPL,51.86041853976065,52.82215960325249,51.34638657960489,52.62317657470703,116736000
2018-10-17,AAPL,52.65871322646053,52.7392520002313,51.95754299454812,52.395774841308594,91541600
2018-10-18,AAPL,51.606949809437744,52.052287720743124,50.45570677781382,51.17108917236328,130325200
2018-10-19,AAPL,51.65434160894815,52.41236113276145,51.50510521622849,51.950443267822266,132314800
2018-10-22,AAPL,52.06414233827179,52.909810362997675,51.86279539037658,52.267860412597656,115168400
2018-10-23,AAPL,51.12608362161625,52.883742166023275,50.85840663676069,52.760562896728516,155071200
2018-10-24,AAPL,52.7297710181552,53.115885022108806,50.82050498666034,50.95079040527344,163702000
2018-10-25,AAPL,51.57143198729936,52.440785967945864,51.34402433755995,52.06651306152344,119423200
2018-10-26,AAPL,51.14267968282221,52.15890265203038,50.37755396934203,51.23743438720703,189033600
2018-10-29,AAPL,51.922004596336876,52.04044522779363,48.81885860636133,50.27568054199219,183742000
2018-10-30,AAPL,50.01748979219112,50.97212123255405,49.57215536383629,50.52678680419922,146640000
2018-10-31,AAPL,51.374821370171105,52.220485795314765,51.31322991423812,51.84384536743164,153435600
2018-11-01,AAPL,51.888849589687624,52.67292611590215,51.35823417541894,52.63976287841797,233292800
2018-11-02,AAPL,49.63848221504018,50.60969347566478,48.66252870134263,49.148136138916016,365314800
2018-11-05,AAPL,48.39485679873955,48.416175251111405,46.94277307848563,47.752906799316406,264654800
2018-11-06,AAPL,47.83107052774979,48.49433887492205,47.77658884210814,48.26930236816406,127531600
2018-11-07,AAPL,48.790447726175756,49.75929149634341,48.354586947381996,49.73323440551758,133697600
2018-11-08,AAPL,49.9138899930759,49.947168944767455,49.146094704463344,49.55970764160156,101450400
2018-11-09,AAPL,48.86083555886795,48.97017910793809,48.07639914893464,48.60411071777344,137463200
2018-11-12,AAPL,47.30385269299909,47.50590577595815,46.06539344615331,46.155723571777344,204542000
2018-11-13,AAPL,45.55195373821801,46.871229325293164,45.50916444166148,45.694576263427734,187531600
2018-11-14,AAPL,46.091539368244774,46.22941032271207,44.197007977877064,44.40381622314453,243204000
2018-11-15,AAPL,44.781766750469835,45.632761004325936,44.42758086656958,45.4996452331543,185915200
2018-11-16,AAPL,45.28333529590603,46.345889437901874,45.03612078314254,46.00358963012695,147713200
2018-11-19,AAPL,45.1644843434858,45.330879086693024,43.97356950945979,44.18037414550781,167701200
2018-11-20,AAPL,42.39994037904801,43.13683603169067,41.720095905860255,42.06952667236328,271300800
2018-11-21,AAPL,42.723221376680144,42.85158561836727,41.96731232258113,42.0219841003418,124496800
2018-11-23,AAPL,41.58461321042841,41.979209124761006,40.90952376500685,40.95468521118164,94496000
2018-11-26,AAPL,41.41821078967106,41.58698130630447,40.47213107904219,41.50853729248047,179994000
2018-11-27,AAPL,40.769264159453,41.54419392188072,40.61951070937927,41.418209075927734,165549600
2018-11-28,AAPL,42.01009386039628,43.0940407289009,41.58221914200425,43.01084518432617,184250000
2018-11-29,AAPL,43.419714327370095,43.45299327942676,42.240681861257066,42.680442810058594,167080000
2018-11-30,AAPL,42.85633792843457,42.865848271687376,42.081411801458295,42.449859619140625,158126000
2018-12-03,AAPL,43.84758772569843,43.9616864680013,43.07503728158199,43.933162689208984,163210000
2018-12-04,AAPL,43.013225188632596,43.3555249970272,41.90075443848327,42.00059127807617,165377200
2018-12-06,AAPL,40.828693744644816,41.54657237465909,40.510166137236766,41.532310485839844,172393600
2018-12-07,AAPL,41.23992676487869,41.47763456048138,40.00622272535943,40.051387786865234,169126400
2018-12-10,AAPL,39.22179290135247,40.431724914888164,38.82482125087968,40.315250396728516,248104000
2018-12-11,AAPL,40.804929311290685,40.835828864514035,39.69720988937446,40.08467483520508,189126800
2018-12-12,AAPL,40.505405466115356,40.866722318061136,40.177371186407235,40.196388244628906,142510800
2018-12-13,AAPL,40.526799187237295,41.02123178621812,40.30335330213577,40.63614273071289,127594400
2018-12-14,AAPL,40.172624322757514,40.19164138491191,39.28835088181369,39.33589172363281,162814800
2018-12-17,AAPL,39.32875174502848,40.018106488031215,38.682186288828,38.96981430053711,177151600
2018-12-18,AAPL,39.31211629502645,39.82318660338738,39.076784272225034,39.47613525390625,135366000
2018-12-19,AAPL,39.45948340524884,39.80415889028995,37.816922111060805,38.24479675292969,196189200
2018-12-20,AAPL,38.128327590631585,38.53480950241136,36.916020052998824,37.27971267700195,259092000
2018-12-21,AAPL,37.28685063952054,37.59587154627308,35.56822403128292,35.8297004699707,382978400
2018-12-24,AAPL,35.216409898524326,36.02461861269077,34.8455863026589,34.90263748168945,148676800
2018-12-26,AAPL,35.252064033237325,37.37479273954162,34.8764853105482,37.360530853271484,234330000
2018-12-27,AAPL,37.044376055892066,37.265446156461685,35.672804906741206,37.118064880371094,212468400
2018-12-28,AAPL,37.43897869883537,37.68144167172036,36.73774141053779,37.137088775634766,169165600
2018-12-31,AAPL,37.68382412991746,37.88112207522634,37.196522325444576,37.496036529541016,140014000
2019-01-02,AAPL,36.81857518214231,37.75990002874859,36.6616871031855,37.5388298034668,148158800
2019-01-03,AAPL,34.22516265768987,34.63877547055248,33.75450230314456,33.79966735839844,365248800
2019-01-04,AAPL,34.355897280907186,35.31148335314107,34.18237165686611,35.24254608154297,234428400
2019-01-07,AAPL,35.347140438235485,35.3780436053151,34.68155803655985,35.16410446166992,219111200
2019-01-08,AAPL,35.55158448343476,36.08880653095804,35.30436992220377,35.83445739746094,164101200
2019-01-09,AAPL,35.962803426324406,36.732977831914454,35.56821132315945,36.44297409057617,180396400
2019-01-10,AAPL,36.250442609046516,36.599873395186364,35.860601928696866,36.55946350097656,143122800
2019-01-11,AAPL,36.340777580487256,36.53569613305001,36.01511535674199,36.20052719116211,108092800
2019-01-14,AAPL,35.85823064422313,35.95806750602516,35.47076568781476,35.65617752075195,129756800
2019-01-15,AAPL,35.72035787905168,36.46200517390876,35.66806186445189,36.38594055175781,114843600
2019-01-16,AAPL,36.388315253988246,37.053897907115854,36.369298192226466,36.83045196533203,122278800
2019-01-17,AAPL,36.65454130482251,37.47701187238664,36.43109539692976,37.049137115478516,119284800
2019-01-18,AAPL,37.43897950260748,37.52930962970912,37.077662621334206,37.277339935302734,135004000
2019-01-22,AAPL,37.179876540248834,37.25594114742215,36.27896197923972,36.44060516357422,121576000
2019-01-23,AAPL,36.64266159399864,36.87799365821248,36.0602781192315,36.587989807128906,92522400
2019-01-24,AAPL,36.63314628936311,36.72109700768508,36.06978000885468,36.297977447509766,101766000
2019-01-25,AAPL,36.95880850768255,37.58873636724454,36.683070210489795,37.50078201293945,134142000
2019-01-28,AAPL,37.03249899249603,37.160863244101265,36.52618381177193,37.15373229980469,104768400
2019-01-29,AAPL,37.14184928285267,37.58874117410674,36.633154660160066,36.768646240234375,166348800
2019-01-30,AAPL,38.80581135252059,39.49516275264576,38.08793254038629,39.281227111816406,244439200
2019-01-31,AAPL,39.48565051887251,40.17262605002727,39.11720263144844,39.56409454345703,162958400
2019-02-01,AAPL,39.68769901522233,40.16786619757071,39.4428566249422,39.583106994628906,130672400
2019-02-04,AAPL,39.794672652622886,40.80493103070049,39.76376947096352,40.70746994018555,125982000
2019-02-05,AAPL,41.09017348977209,41.61788513494221,40.9689438085808,41.40394592285156,144406400
2019-02-06,AAPL,41.515666518949295,41.73436089051288,41.08779537344349,41.418209075927734,112958400
2019-02-07,AAPL,40.9808290239489,41.34690111854977,40.491151467526414,40.6337776184082,126966800
2019-02-08,AAPL,40.3425224555041,40.74119655717488,40.20644616383237,40.681514739990234,95280000
2019-02-11,AAPL,40.83430771106207,40.872504955475414,40.40459781813627,40.447566986083984,83973600
2019-02-12,AAPL,40.607511484133255,40.822364577465294,40.51201838722743,40.796104431152344,89134000
2019-02-13,AAPL,40.91547911908736,41.17569104838117,40.56454963390793,40.626617431640625,89960800
2019-02-14,AAPL,40.51440819581286,40.884432564786806,40.43562775647638,40.774620056152344,87342800
2019-02-15,AAPL,40.88205065386177,40.98947721171357,40.5239596992294,40.68390655517578,98507200
2019-02-19,AAPL,40.51440489778186,40.92740203763304,40.46188460916623,40.80564880371094,75891200
2019-02-20,AAPL,40.867726324078575,41.376216629460316,40.81998159348772,41.06825637817383,104457600
2019-02-21,AAPL,41.013340836121735,41.149413469637985,40.655249973715584,40.8366813659668,68998800
2019-02-22,AAPL,40.96083275523248,41.29982510218546,40.913088021224546,41.29266357421875,75652800
2019-02-25,AAPL,41.57675106475054,41.984972743412,41.52661672459904,41.59346008300781,87493600
2019-02-26,AAPL,41.46932269171113,41.8488982409956,41.340407904190954,41.617332458496094,68280800
2019-02-27,AAPL,41.34995796663316,41.77727823840255,41.23536623787133,41.74624252319336,111341600
2019-02-28,AAPL,41.614954163803986,41.75580242864179,41.280733682059456,41.33563995361328,112861600
2019-03-01,AAPL,41.60538868343181,41.81308024446465,41.273557920974135,41.770111083984375,103544800
2019-03-04,AAPL,41.94200066357132,42.4337783274615,41.53138940887495,41.98019790649414,109744800
2019-03-05,AAPL,42.001676203991536,42.01599925727172,41.667455842468,41.9037971496582,78949600
2019-03-06,AAPL,41.69850066470656,41.894258816148955,41.52423074056893,41.66269302368164,83241600
2019-03-07,AAPL,41.507505604819116,41.643581885196596,41.06586237992228,41.180450439453125,99185600
2019-03-08,AAPL,40.660036537223284,41.31653662922078,40.464278397663925,41.27833938598633,95997600
2019-03-11,AAPL,41.89425565466456,42.76083328628098,41.86083397800015,42.70831298828125,128044000
2019-03-12,AAPL,42.970909618139764,43.60831100701947,42.82051026881575,43.18815231323242,129870400
2019-03-13,AAPL,43.50805008474166,43.75871447631922,43.19054234110201,43.3791389465332,124130000
2019-03-14,AAPL,43.9019532945051,43.94970167331341,43.58205955555263,43.86137008666992,94318000
2019-03-15,AAPL,44.1287380824745,44.720780702397064,43.86375066246781,44.43191909790039,156171600
2019-03-18,AAPL,44.355534575545406,44.97383742930715,44.353144971142925,44.8855094909668,104879200
2019-03-19,AAPL,44.964285824526804,45.11707114202692,44.38417662471166,44.52980041503906,126585600
2019-03-20,AAPL,44.45819579299854,45.23644932772603,44.100104748486764,44.918941497802734,124140800
2019-03-21,AAPL,45.362961547719905,46.8693301940771,45.31282721306185,46.573307037353516,204136800
2019-03-22,AAPL,46.63298702263183,47.19399759999864,45.54439118481218,45.608848571777344,169630800
2019-03-25,AAPL,45.718664121662755,45.83086624459337,44.54651584172195,45.05739212036133,175381200
2019-03-26,AAPL,45.754465917207064,46.04571345558248,44.06427653870817,44.591861724853516,199202000
2019-03-27,AAPL,45.05976707313321,45.300880276964584,44.53456786757349,44.992923736572266,119393600
2019-03-28,AAPL,45.107518558807506,45.25314234444775,44.768526260349205,45.0526123046875,83121600
2019-03-29,AAPL,45.317602517178074,45.377284340493745,45.00964226896314,45.346248626708984,94256000
2019-04-01,AAPL,45.74969859774028,45.759246086742245,44.971448928605234,45.65420913696289,111448000
2019-04-02,AAPL,45.618401977792104,46.4229155104042,45.60885448792773,46.317874908447266,91062800
2019-04-03,AAPL,46.13405477487213,46.90991856798124,46.11018058570054,46.63538360595703,93087200
2019-04-04,AAPL,46.50168835311438,46.87887791765802,46.107789772060734,46.71654510498047,76457200
2019-04-05,AAPL,46.89797705880911,47.05315198843795,46.77383784364394,47.02927780151367,74106400
2019-04-08,AAPL,46.8908220405598,47.800372591218704,46.87172341690704,47.76934051513672,103526800
2019-04-09,AAPL,47.8218606070634,48.42584046197502,47.5616450483043,47.626102447509766,143072800
2019-04-10,AAPL,47.43033920962285,47.92212051778951,47.310975557121054,47.893470764160156,86781200
2019-04-11,AAPL,47.948376968364045,47.984184604276585,47.373043333440464,47.49479293823242,83603200
2019-04-12,AAPL,47.55448465119845,47.7788889300979,46.84069224715156,47.475704193115234,111042800
2019-04-15,AAPL,47.40646279176766,47.70964745151515,47.27038649628247,47.5616340637207,70146400
2019-04-16,AAPL,47.616548214497456,48.07251458286473,47.40169146179994,47.56641387939453,102785600
2019-04-17,AAPL,47.635653280043705,48.55236906217004,47.41363859553397,48.4926872253418,115627200
2019-04-18,AAPL,48.49028310095317,48.73617190364306,48.347048921068584,48.66694259643555,96783200
2019-04-22,AAPL,48.42105718399483,48.92477191697205,48.30407949927967,48.8268928527832,77758000
2019-04-23,AAPL,48.803020377452285,49.59559676497927,48.676495199382785,49.5311393737793,93292000
2019-04-24,AAPL,49.50249479415661,49.76986821378847,49.42848991141491,49.454750061035156,70162400
2019-04-25,AAPL,49.37597136789553,49.597986024015086,48.9677460534086,49.005943298339844,74172800
2019-04-26,AAPL,48.91521063112677,48.93908481250101,48.25154918703575,48.771976470947266,74596400
2019-04-29,AAPL,48.79584727381852,49.17065079582915,48.66693616469016,48.84598159790039,88818800
2019-04-30,AAPL,48.475953473972176,48.55711986250299,47.532981590846504,47.9053955078125,186139600
2019-05-01,AAPL,50.10408875249977,51.400376291203976,49.94891381611676,50.256874084472656,259309200
2019-05-02,AAPL,50.094531977713174,50.765355057263776,49.686310365422955,49.9298095703125,127985200
2019-05-03,AAPL,50.34520096477196,50.57199117489854,50.1876400699806,50.550506591796875,83569600
2019-05-06,AAPL,48.76959522626785,49.85580509657565,48.581002274765794,49.76986312866211,129772400
2019-05-07,AAPL,49.149176286929475,49.51681471565359,47.943602727798975,48.428218841552734,155054800
2019-05-08,AAPL,48.19903593628389,49.02025835484054,48.16322830168545,48.43776321411133,105358000
2019-05-09,AAPL,47.8409562736763,48.14652696976291,46.94811837589107,47.91735076904297,139634400
2019-05-10,AAPL,47.311052750820956,47.653749445451915,46.19669701904092,47.253536224365234,164834800
2019-05-13,AAPL,44.98407358813538,45.408245519270494,43.81939074079154,44.50717544555664,229722400
2019-05-14,AAPL,44.67252984613877,45.46096566171211,44.432883212543324,45.211734771728516,146118800
2019-05-15,AAPL,44.6389861249825,45.95224884917704,44.57907445764329,45.75334167480469,106178800
2019-05-16,AAPL,45.51128917058567,46.12478391503551,45.25486553934923,45.55202865600586,132125600
2019-05-17,AAPL,44.79715015909945,45.748547729226715,44.75641066410453,45.29322052001953,131516400
2019-05-20,AAPL,43.979953493197925,44.17886064816322,43.203497043820846,43.87690353393555,154449200
2019-05-21,AAPL,44.38734604303017,45.053563335993125,44.26272878013493,44.71805953979492,113459200
2019-05-22,AAPL,44.253137593541204,44.504767229637714,43.74748317200659,43.8026008605957,118994400
2019-05-23,AAPL,43.08846676529334,43.265802939260645,42.611568633482584,43.05491638183594,146118800
2019-05-24,AAPL,43.18432505134615,43.64924013152873,42.805682910338874,42.88956069946289,94858800
2019-05-28,AAPL,42.877576003465414,43.27778544985154,42.63553421566566,42.71221923828125,111792800
2019-05-29,AAPL,42.27846723919467,42.98063391960515,42.177816071466665,42.50852966308594,113924800
2019-05-30,AAPL,42.64512229809682,42.95186972951379,42.338374866679864,42.729000091552734,84873600
2019-05-31,AAPL,42.2329281309598,42.654708575512196,41.93576862508081,41.95494079589844,108174400
2019-06-03,AAPL,42.081941968554716,42.637920146638415,40.80462522623916,41.53075408935547,161584400
2019-06-04,AAPL,42.04361734959498,43.09566620923278,41.82314282588775,43.050132751464844,123872000
2019-06-05,AAPL,44.16208075258354,44.33223146910396,43.40959047948128,43.745094299316406,119093600
2019-06-06,AAPL,43.87450831444031,44.44726365114498,43.65163503254328,44.387351989746094,90105200
2019-06-07,AAPL,44.69648835711677,45.99297740766236,44.51915220426031,45.56880187988281,122737600
2019-06-10,AAPL,45.96662081555493,46.8197622574143,45.92108736949208,46.15114974975586,104883600
2019-06-11,AAPL,46.69754519733289,46.970742225231355,46.39559174230331,46.68556213378906,107731600
2019-06-12,AAPL,46.47945554769659,46.963542684924334,46.34525404194238,46.53697204589844,73012800
2019-06-13,AAPL,46.659195897906244,47.16005645303748,46.39558681154533,46.52738952636719,86698400
2019-06-14,AAPL,45.9043112065248,46.39318870678023,45.60475292882197,46.189491271972656,75046000
2019-06-17,AAPL,46.22783639546343,46.7215115562083,46.05289536835188,46.465087890625,58676400
2019-06-18,AAPL,46.982722325563635,47.998821691765386,46.78142003490676,47.5578727722168,106204000
2019-06-19,AAPL,47.852640304899516,47.9005725592601,47.284678926559096,47.418880462646484,84496800
2019-06-20,AAPL,48.01799861790571,48.075515130955985,47.45722632835696,47.799922943115234,86056000
2019-06-21,AAPL,47.641760662798056,48.13303708759984,47.48598812693898,47.636966705322266,191202400
2019-06-24,AAPL,47.57944330591722,47.967673357520425,47.49077521738597,47.58903121948242,72881600
2019-06-25,AAPL,47.5530884714811,47.751995652655694,46.80059805023556,46.86770248413086,84281200
2019-06-26,AAPL,47.3949186584968,48.1665811585655,47.29426750501623,47.88140106201172,104270000
2019-06-27,AAPL,47.99881855051386,48.3055695796001,47.82627635318371,47.86701583862305,83598800
2019-06-28,AAPL,47.61298872692093,47.80950071063,47.222367222720095,47.43085861206055,124442400
2019-07-01,AAPL,48.689015329189374,49.00535070066526,48.0851046742833,48.30078887939453,109012000
2019-07-02,AAPL,48.26722928914985,48.67942179095116,48.25524622614172,48.583560943603516,67740800
2019-07-03,AAPL,48.71536604902747,48.993357013988195,48.573975416695106,48.986167907714844,45448000
2019-07-05,AAPL,48.732140960245864,49.14672858318471,48.62429705737568,48.94302749633789,69062000
2019-07-08,AAPL,48.123439407842795,48.26483004258469,47.54828895586912,47.934120178222656,101354400
2019-07-09,AAPL,47.73760128678383,48.291184339569945,47.644139260426655,48.22648239135742,82312000
2019-07-10,AAPL,48.37267074229826,48.82320389232049,48.30317117612652,48.7033805847168,71588400
2019-07-11,AAPL,48.72255727579953,48.98137608305649,48.339124849902824,48.34870910644531,80767200
2019-07-12,AAPL,48.51645273884521,48.88790569483068,48.45654108970938,48.72015380859375,70380800
2019-07-15,AAPL,48.90948783623042,49.3360586148412,48.88792051361614,49.177894592285156,67789600
2019-07-16,AAPL,49.02929970892977,49.393563584814785,48.76808577819675,49.00773239135742,67467200
2019-07-17,AAPL,48.899902966480354,49.14913389035731,48.712978859393154,48.73215103149414,56430000
2019-07-18,AAPL,48.88790659003687,49.33844336993761,48.81601187841402,49.28572082519531,74162400
2019-07-19,AAPL,49.31687917824089,49.48702989725492,48.49489297923967,48.550010681152344,83717200
2019-07-22,AAPL,48.804036166626496,49.66197156596754,48.79445191010135,49.659576416015625,89111600
2019-07-23,AAPL,49.95674254519547,50.064582806950405,49.67635274522786,50.04780578613281,73420800
2019-07-24,AAPL,49.76741437865772,50.12209036122868,49.64759106566724,50.00706100463867,59966400
2019-07-25,AAPL,50.05979045648588,50.143668249830114,49.54215279538971,49.61165237426758,55638400
2019-07-26,AAPL,49.72188447879348,50.26108942568483,49.640405497764334,49.78419494628906,70475600
2019-07-29,AAPL,49.95673043716652,50.4791582552203,49.95193648142088,50.24909591674805,86693600
2019-07-30,AAPL,50.02862279217643,50.364130225486285,49.68113595426583,50.033416748046875,135742800
2019-07-31,AAPL,51.86432427022654,53.05057438127152,50.63733467006725,51.054317474365234,277125600
2019-08-01,AAPL,51.260422041017264,52.25016397353403,49.54455463645526,49.949554443359375,216071600
2019-08-02,AAPL,49.25457677249791,49.47025729958617,48.31995627949175,48.8927116394043,163448400
2019-08-05,AAPL,47.44763768168687,47.6058016786869,46.151148533272625,46.33327865600586,209572000
2019-08-06,AAPL,47.04502761522001,47.466808008764005,46.50102876130164,47.210384368896484,143299200
2019-08-07,AAPL,46.82934598449226,47.823877975536284,46.448308743686994,47.69926071166992,133457600
2019-08-08,AAPL,47.97725090959715,48.77527456500826,47.783137739281464,48.75130844116211,108038000
2019-08-09,AAPL,48.424150980389186,48.77536233448243,47.94062880012546,48.349578857421875,98478800
2019-08-12,AAPL,48.020015091526766,48.604570850192594,47.906952942126594,48.22689437866211,89927600
2019-08-13,AAPL,48.356790197265404,51.031784025977196,48.22688730523221,50.26921844482422,188874000
2019-08-14,AAPL,48.87159761707856,49.66062487459382,48.73447826245235,48.77296829223633,146189600
2019-08-15,AAPL,48.94376504847943,49.34789934560565,48.03205128836314,48.530006408691406,108909600
2019-08-16,AAPL,49.14102678467941,49.83383272717015,49.03518102450869,49.67506408691406,110481600
2019-08-19,AAPL,50.66614789415775,51.17372364887826,50.5242200506216,50.601200103759766,97654400
2019-08-20,AAPL,50.728697935758746,51.32287444811057,50.59398650586073,50.603607177734375,107537200
2019-08-21,AAPL,51.2362731993296,51.395038142607625,50.901898878290325,51.152076721191406,86141600
2019-08-22,AAPL,51.28438179246483,51.58507824401724,50.69742173173677,51.1087760925293,89014800
2019-08-23,AAPL,50.379887338546645,51.010149632314025,48.3519921175975,48.74650573730469,187272000
2019-08-26,AAPL,49.52110100092201,49.84104248936947,49.32865452365744,49.67265319824219,104174400
2019-08-27,AAPL,50.00221676728974,50.16820181272342,48.960603712717386,49.11215591430664,103493200
2019-08-28,AAPL,49.09772024659994,49.487421690431304,48.91008594619143,49.441715240478516,63755200
2019-08-29,AAPL,50.156175336347125,50.35343399884403,49.71355097691558,50.27885818481445,83962000
2019-08-30,AAPL,50.55549991840913,50.625259888422256,49.843449021122325,50.21390914916992,84573600
2019-09-03,AAPL,49.658214500289326,49.79052167700322,49.12658521378133,49.482608795166016,80092000
2019-09-04,AAPL,50.12971612880124,50.39192260300791,49.87232182649709,50.32216262817383,76752400
2019-09-05,AAPL,50.99811740539344,51.47201529946035,50.88024307676292,51.3060302734375,95654800
2019-09-06,AAPL,51.4912736435033,51.58027864025284,51.12081346938813,51.301231384277344,77449200
2019-09-09,AAPL,51.681299198955934,52.06619212190076,50.774401351657886,51.52012634277344,109237600
2019-09-10,AAPL,51.44556068094827,52.14798723364633,50.92836419189196,52.12874221801758,127111600
2019-09-11,AAPL,52.45830188762013,53.81504412951995,52.37650966317453,53.78617477416992,177158400
2019-09-12,AAPL,54.07725558292079,54.46695704558074,53.610574059650254,53.66590118408203,128906800
2019-09-13,AAPL,52.92257603236607,53.11261457668617,52.205716712062376,52.62187957763672,159053200
2019-09-16,AAPL,52.376501461826535,52.95384076048192,52.33560719131263,52.89850997924805,84632400
2019-09-17,AAPL,52.9129477153141,53.11982699309965,52.710876937269475,53.09095764160156,73274800
2019-09-18,AAPL,53.177562441253684,53.60816179083854,52.787861036882994,53.58891677856445,101360000
2019-09-19,AAPL,53.40609695865153,53.82707201378475,53.011583339522566,53.15351486206055,88242400
2019-09-20,AAPL,53.254534840679035,53.53839047207358,52.31395564807666,52.37649917602539,221652400
2019-09-23,AAPL,52.66998928927248,52.884085014203336,52.357264248091994,52.614662170410156,76662000
2019-09-24,AAPL,53.17035861228156,53.521573745889604,52.246619828030084,52.3644905090332,124763200
2019-09-25,AAPL,52.573768388250606,53.28341128066549,52.2345819095354,53.17034912109375,87613600
2019-09-26,AAPL,52.922575784081715,53.1487001042751,52.64112434424878,52.896114349365234,75334000
2019-09-27,AAPL,53.052472574971425,53.153509808735585,52.26825758252748,52.63871765136719,101408000
2019-09-30,AAPL,53.13907789851,54.0243302013865,53.112616462729726,53.87759017944336,103909600
2019-10-01,AAPL,54.142195836042134,54.899949338845005,53.93290863373775,54.02672576904297,139223200
2019-10-02,AAPL,53.65867588561685,53.78376662810997,52.424616563859,52.672393798828125,138449200
2019-10-03,AAPL,52.544895978759946,53.15350893903849,51.75106032831382,53.11983108520508,114426000
2019-10-04,AAPL,54.27932454100421,54.724356813505494,53.858349455896516,54.60888671875,138478800
2019-10-07,AAPL,54.430875895988905,55.31131241342496,54.32743439654604,54.620914459228516,122306000
2019-10-08,AAPL,54.32262009604962,54.86146578985083,53.96418860317499,53.98102569580078,111820000
2019-10-09,AAPL,54.61370086669922,54.79652301742751,54.27932650525216,54.61370086669922,74770400
2019-10-10,AAPL,54.830195725330384,55.43399659026294,54.67864719946671,55.34980010986328,113013600
2019-10-11,AAPL,56.03778756451031,57.16600118945812,55.88383113476842,56.82200622558594,166795600
2019-10-14,AAPL,56.506882164192184,57.283884526626984,56.45155503855571,56.7402229309082,96427600
2019-10-15,AAPL,56.865312061464365,57.16841278912609,56.50207203834991,56.60791778564453,87360000
2019-10-16,AAPL,56.138822117334186,56.58866649343661,56.09792784143595,56.37937927246094,73903200
2019-10-17,AAPL,56.552586852713226,56.80757687751156,56.174913986911356,56.59829330444336,67585200
2019-10-18,AAPL,56.432305194279344,57.15157244845404,56.36013730971351,56.870121002197266,97433600
2019-10-21,AAPL,57.137143532530864,57.971877257013034,57.089032829717496,57.856407165527344,87247200
2019-10-22,AAPL,58.01276223205521,58.26294004892027,57.64230217153431,57.72409439086914,82293600
2019-10-23,AAPL,58.2388930421775,58.51312807252894,58.027201555375974,58.49869155883789,75828800
2019-10-24,AAPL,58.81864136739416,58.88840501297292,58.16913764255858,58.59492492675781,69275200
2019-10-25,AAPL,58.49388048589636,59.35266764688448,58.42652477407812,59.316585540771484,73477200
2019-10-28,AAPL,59.51865343260309,59.958873485830956,59.350264150917546,59.910762786865234,96572800
2019-10-29,AAPL,59.891524694792075,60.07915901187092,58.35196012629603,58.5251579284668,142839600
2019-10-30,AAPL,58.878760952148646,59.00866385598158,58.02478608968632,58.51792526245117,124522000
2019-10-31,AAPL,59.47536293467094,59.93963656475917,57.07459945660881,59.841007232666016,139162000
2019-11-01,AAPL,60.02863102849158,61.56579110685089,59.937221805325485,61.53933334350586,151125200
2019-11-04,AAPL,61.90256061648805,62.027655017586625,61.43347863603058,61.943458557128906,103272000
2019-11-05,AAPL,61.83522061369756,62.109459324596685,61.65961856945548,61.854469299316406,79897600
2019-11-06,AAPL,61.76786206100636,61.94106351751216,61.43108349036237,61.880924224853516,75864400
2019-11-07,AAPL,62.428620865759896,62.81708447430913,62.2766136869042,62.5951042175293,94940400
2019-11-08,AAPL,62.41656042739546,62.8387993222777,61.97260727293929,62.76641845703125,69986400
2019-11-11,AAPL,62.32246650947536,63.32860485433019,62.317643572216376,63.26346206665039,81821200
2019-11-12,AAPL,63.10661047248142,63.40580187077444,62.95461066850528,63.205535888671875,87388800
2019-11-13,AAPL,63.005292522793724,63.88596088282233,62.99081634748193,63.81116485595703,102734400
2019-11-14,AAPL,63.63743019848044,63.91007704911143,63.23932073339819,63.36961364746094,89182800
2019-11-15,AAPL,63.62053323662518,64.12722131238719,63.4588802057258,64.12239837646484,100206400
2019-11-18,AAPL,64.1320492800849,64.5253358048109,63.7532462907842,64.44571685791016,86703200
2019-11-19,AAPL,64.63874619503746,64.66287560634905,64.03313994171292,64.25028991699219,76167200
2019-11-20,AAPL,64.06932349144424,64.19960904465235,62.829144043284764,63.502315521240234,106234400
2019-11-21,AAPL,63.62296849301683,63.70017967174108,63.017354814997276,63.217620849609375,121395200
2019-11-22,AAPL,63.357552716854386,63.49990667017315,62.9353137938155,63.16211700439453,65325200
2019-11-25,AAPL,63.38652385101779,64.28649887305602,63.34068016529711,64.26960754394531,84020400
2019-11-26,AAPL,64.40710805154323,64.46018980123868,63.3358271855159,63.76771926879883,105207600
2019-11-27,AAPL,64.07896626377921,64.65804259195393,64.01382349032718,64.62425994873047,65235600
2019-11-29,AAPL,64.32507297913462,64.66286257965973,64.15617449724154,64.48190307617188,46617600
2019-12-02,AAPL,64.48672622239427,64.72318262516326,63.5650447443697,63.736351013183594,94487200
2019-12-03,AAPL,62.324871616307696,62.619232733456535,61.837489954222036,62.59993362426758,114430400
2019-12-04,AAPL,62.990808945873894,63.53127239604307,62.896706454141444,63.152462005615234,67181600
2019-12-05,AAPL,63.647079513946814,64.15376760341428,63.39132400118668,64.07896423339844,74424400
2019-12-06,AAPL,64.53742176047683,65.38672266610301,64.49398586889878,65.3167495727539,106075600
2019-12-09,AAPL,65.14544297190798,65.33846356133417,63.91733161576993,64.40230560302734,128042400
2019-12-10,AAPL,64.80765413470544,65.16233517909905,64.1465435122952,64.77870178222656,90420400
2019-12-11,AAPL,64.8582866604022,65.41081830732854,64.78349066805852,65.33119201660156,78756800
2019-12-12,AAPL,64.60978960566402,65.76310470333209,64.49880315683109,65.49769592285156,137310400
2019-12-13,AAPL,65.49769430196437,66.42420617913521,65.36981653316047,66.38801574707031,133587600
2019-12-16,AAPL,66.83438907918607,67.7488400023079,66.82956614230139,67.52444458007812,128186000
2019-12-17,AAPL,67.45446126454198,67.98527135062471,67.2686714756416,67.65713500976562,114158400
2019-12-18,AAPL,67.50996720149017,68.01665536931156,67.34589899118984,67.49549102783203,116028400
2019-12-19,AAPL,67.43760192007254,67.84294960271288,67.30490117644776,67.56306457519531,98369200
2019-12-20,AAPL,68.09629020364594,68.19762343192532,67.21079153341988,67.4231185913086,275978000
2019-12-23,AAPL,67.68611371554155,68.58367343016074,67.64750812570958,68.52335357666016,98572000
2019-12-24,AAPL,68.68983393642199,68.73809276240259,68.26277204321963,68.58849334716797,48478800
2019-12-26,AAPL,68.72119906551794,69.966201627571,68.69224671623391,69.94931030273438,93121200
2019-12-27,AAPL,70.24124288816766,70.9288905053271,69.51740484131803,69.9227523803711,146266000
2019-12-30,AAPL,69.84073357609194,70.62006869460002,68.81771126880989,70.3377685546875,144114400
2019-12-31,AAPL,69.9541250315122,70.8589226567842,69.85519960755771,70.8516845703125,100805600
2020-01-02,AAPL,71.4765996590847,72.52858156247073,71.22325926076245,72.46826171875,135480400
2020-01-03,AAPL,71.696182592324,72.52376928666806,71.53935243232584,71.76374053955078,146322800
2020-01-06,AAPL,70.88547194642054,72.3741616151194,70.63453932655295,72.33555603027344,118387200
2020-01-07,AAPL,72.34521202863968,72.60096759515153,71.7757961977681,71.995361328125,108872000
2020-01-08,AAPL,71.6985739444987,73.45508735263148,71.6985739444987,73.15348815917969,132079200
2020-01-09,AAPL,74.13067516689924,74.90035698659045,73.87974991049977,74.70733642578125,170108400
2020-01-10,AAPL,74.94137084294664,75.44082088635776,74.3743628731269,74.876220703125,140644800
2020-01-13,AAPL,75.19229822984673,76.50244329938738,75.07406634437707,76.47589874267578,121532000
2020-01-14,AAPL,76.41318515734736,76.62309704687446,75.3201898237738,75.4432373046875,161954400
2020-01-15,AAPL,75.24298130114484,76.12364962606802,74.68803427101611,75.11992645263672,121923600
2020-01-16,AAPL,75.66281115173265,76.17191454820045,75.30089202786714,76.06092071533203,108829200
2020-01-17,AAPL,76.30942443229468,76.90538477645106,76.00300228022495,76.9029769897461,137816400
2020-01-21,AAPL,76.53142801579997,76.97296616185518,76.24430488618641,76.3818359375,110843200
2020-01-22,AAPL,76.86679204908404,77.2069969045426,76.56036984576589,76.65447235107422,101832400
2020-01-23,AAPL,76.70755279875391,77.10324719984139,76.15984382890906,77.02362823486328,104472000
2020-01-24,AAPL,77.26971830945405,78.01285552986269,76.61102297800898,76.8016357421875,146537600
2020-01-27,AAPL,74.81109052667422,75.22367624090043,73.56126499598109,74.54327392578125,161940000
2020-01-28,AAPL,75.42392003858633,76.82333720742922,75.32499462968462,76.65203094482422,162234000
2020-01-29,AAPL,78.2831134747075,79.10346205845778,77.54238386247792,78.2565689086914,216229200
2020-01-30,AAPL,77.33970834921887,78.19624735599628,76.90781612011679,78.1431655883789,126743200
2020-01-31,AAPL,77.43378925544725,77.85602816826189,74.38402173692818,74.67838287353516,199588400
2020-02-03,AAPL,73.42131515382538,75.63867332859459,72.91945726436026,74.47329711914062,173788400
2020-02-04,AAPL,76.07779948888638,77.12254331082424,75.67245190422207,76.93193054199219,136616400
2020-02-05,AAPL,78.0587078925949,78.35789935199301,76.95606664401838,77.55926513671875,118826800
2020-02-06,AAPL,77.82948747921107,78.4688763315637,77.27213272836197,78.46646118164062,105425600
2020-02-07,AAPL,77.96582750464246,78.2149347676415,76.90893545307632,77.39989471435547,117684000
2020-02-10,AAPL,75.98505390529154,77.76750183105469,75.90524599878522,77.76750183105469,109348800
2020-02-11,AAPL,78.26329603987216,78.335848675863,77.08063640806871,77.29830169677734,94323200
2020-02-12,AAPL,77.74816513747918,79.13881418044723,77.74816513747918,79.13397979736328,113730400
2020-02-13,AAPL,78.40599987113015,78.8969591321478,78.20284507837152,78.5704574584961,94747600
2020-02-14,AAPL,78.53902662089303,78.8389281598991,78.08193011775062,78.5898208618164,80113600
2020-02-18,AAPL,76.27045008047632,77.33218399932765,76.08906106405882,77.15079498291016,152531200
2020-02-19,AAPL,77.39266982133798,78.49793565860159,77.39266982133798,78.26817321777344,93984000
2020-02-20,AAPL,78.02872169520079,78.517260139207,76.95973247404322,77.46520233154297,100566000
2020-02-21,AAPL,77.05887881173565,77.5014720805536,75.09504186089677,75.71176147460938,129554000
2020-02-24,AAPL,71.8929330165793,73.56654484289926,69.950861613102,72.11543273925781,222195200
2020-02-25,AAPL,72.78537928554614,73.16750228692123,69.20113004030677,69.67273712158203,230673600
2020-02-26,AAPL,69.29783665601597,72.04285767425863,69.29058139298435,70.77796936035156,198054800
2020-02-27,AAPL,67.98458625765787,69.16965936503753,66.01590779451507,66.1513442993164,320605600
2020-02-28,AAPL,62.218858912688944,67.33402814341571,62.00360705177279,66.1126708984375,426510000
2020-03-02,AAPL,68.26997869246647,72.90386365568166,67.16713422063305,72.26779174804688,341397200
2020-03-03,AAPL,73.4432035732901,73.52301148955354,69.12130192834442,69.97262573242188,319475600
2020-03-04,AAPL,71.69460475808327,73.37789254779408,70.89407525882817,73.21826934814453,219178400
2020-03-05,AAPL,71.47210923904862,72.44677262458974,70.4781009386349,70.84329986572266,187572800
2020-03-06,AAPL,68.20227675514613,70.33541356546097,68.01605333738418,69.90249633789062,226176800
2020-03-09,AAPL,63.788478823723246,67.25663636962582,63.60708978441408,64.37376403808594,286744800
2020-03-10,AAPL,67.02686596637837,69.27608658534605,65.14767122671621,69.01004791259766,285290000
2020-03-11,AAPL,67.08733944027128,68.0136294855381,65.74989060302927,66.6133041381836,255598800
2020-03-12,AAPL,61.89960811199781,65.30004700639003,59.979302435498994,60.03492736816406,418474000
2020-03-13,AAPL,64.06419375596272,67.69922981131083,61.176475967090425,67.22761535644531,370732000
2020-03-16,AAPL,58.51608798383502,62.65901004477626,58.044477343492844,58.57897186279297,322423600
2020-03-17,AAPL,59.86079146440188,62.303494624543745,57.65751943951495,61.154701232910156,324056000
2020-03-18,AAPL,57.98885734585637,60.4630023695136,57.34794730651824,59.65763473510742,300233600
2020-03-19,AAPL,59.83177257079482,61.14986537455913,58.6757201816232,59.200538635253906,271857200
2020-03-20,AAPL,59.78098394677199,60.90559811822868,55.14226370959631,55.442161560058594,401693200
2020-03-23,AAPL,55.16160823517076,55.263185639015276,51.420157253571155,54.26433563232422,336752800
2020-03-24,AAPL,57.16413951249609,59.904323146252956,56.66592497733461,59.70842361450195,287531200
2020-03-25,AAPL,60.644390107262105,62.45828014038061,59.08444541685393,59.3795051574707,303602000
2020-03-26,AAPL,59.62135150815354,62.56226879829015,59.58265430542807,62.50422668457031,252087200
2020-03-27,AAPL,61.1281011506361,61.882678310331166,59.74954530489737,59.91642379760742,204216800
2020-03-30,AAPL,60.64199147442492,61.79804411409747,60.317906884645744,61.62632751464844,167976400
2020-03-31,AAPL,61.8173824008547,63.483739105011665,60.9467135877393,61.500553131103516,197002000
2020-04-01,AAPL,59.61652017243426,60.15343192722889,57.83407204839957,58.26456832885742,176218400
2020-04-02,AAPL,58.12670897901646,59.290016512254034,57.29473750591379,59.23680877685547,165934000
2020-04-03,AAPL,58.721672212892855,59.423041606914005,57.795378517377415,58.385498046875,129880000
2020-04-06,AAPL,60.68066028625878,63.63367089449897,60.31304793384269,63.47888946533203,201820400
2020-04-07,AAPL,65.49351989948178,65.71119260823201,62.6396691972311,62.7436637878418,202887200
2020-04-08,AAPL,63.544177235259646,64.66395291391103,63.17898581969377,64.34954833984375,168895200
2020-04-09,AAPL,64.9856546111931,65.31699076846863,64.0182463244957,64.81393432617188,161834800
2020-04-13,AAPL,64.89130259807796,66.19488828158737,64.29150704508059,66.08605194091797,131022800
2020-04-14,AAPL,67.71856083326759,69.71383985781922,67.24694647516952,69.42361450195312,194994800
2020-04-15,AAPL,68.29898835261409,69.24946473289131,67.87091306351424,68.78994750976562,131154400
2020-04-16,AAPL,69.50343396347523,69.7017543891835,68.28691861079514,69.33655548095703,157125200
2020-04-17,AAPL,68.85284815768563,69.3994360529156,66.95914281806782,68.39574432373047,215250000
2020-04-20,AAPL,67.22276033093017,68.12486348645393,66.95672167861267,66.97606658935547,130015200
2020-04-21,AAPL,66.81888089328784,67.05347766583337,64.19478479973962,64.90583038330078,180991600
2020-04-22,AAPL,66.17311317288764,67.2106601783122,65.83210839433792,66.77532958984375,116862400
2020-04-23,AAPL,66.7197182347329,68.14180934991,66.47786620509702,66.51656341552734,124814400
2020-04-24,AAPL,67.04137578063921,68.44653527723898,66.99300242947831,68.43685913085938,126161200
2020-04-27,AAPL,68.1538936670834,68.81657319534303,67.70647335185146,68.48523712158203,117087600
2020-04-28,AAPL,68.94716776474043,69.12855677224428,67.28323213572467,67.37512969970703,112004800
2020-04-29,AAPL,68.86251778141856,70.05726716798014,68.65936300137292,69.58807373046875,137280800
2020-04-30,AAPL,70.1274034083595,71.23266881272234,69.73802523358442,71.05611419677734,183064000
2020-05-01,AAPL,69.23014589148127,72.31375937660403,69.13340655240944,69.91217041015625,240616800
2020-05-04,AAPL,69.93635703016494,71.02952558414289,69.24707724616884,70.9013442993164,133568000
2020-05-05,AAPL,71.36083945419138,72.79744070168688,71.21572680056569,71.96546936035156,147751200
2020-05-06,AAPL,72.66685157702763,73.33919985774601,72.28230777359485,72.70796966552734,142333600
2020-05-07,AAPL,73.33438362592382,73.80599810613609,73.03206854392603,73.46014404296875,115215200
2020-05-08,AAPL,74.11977276396385,75.26197757890655,73.7923871441927,75.20862579345703,133838400
2020-05-11,AAPL,74.71632174778293,76.88675244657776,74.50776212066847,76.39204406738281,145946400
2020-05-12,AAPL,77.07590910984447,77.52697546648025,75.39776671813026,75.5190200805664,162301200
2020-05-13,AAPL,75.69846552238357,76.61999543008798,73.53045501521297,74.60718536376953,200622400
2020-05-14,AAPL,73.84570540703209,75.12614027584165,73.12303289595279,75.06551361083984,158929200
2020-05-15,AAPL,72.83686651793266,74.66778858190278,72.80291203798743,74.62171173095703,166348400
2020-05-18,AAPL,75.94581646414036,76.75336041216173,75.25467098028571,76.37989807128906,135178400
2020-05-19,AAPL,76.39689435415646,77.24324046806854,75.90703342703199,75.93856048583984,101729600
2020-05-20,AAPL,76.7970088377273,77.48572687771853,76.75820688327083,77.4154052734375,111504800
2020-05-21,AAPL,77.27719341349972,77.81798607126746,76.60059758260323,76.8382568359375,102688800
2020-05-22,AAPL,76.57635005515425,77.41542869782153,76.47450136951518,77.33297729492188,81803200
2020-05-26,AAPL,78.4509339955865,78.63038662320422,76.75338673756762,76.80916595458984,125522000
2020-05-27,AAPL,76.6660601761675,77.289296677021,75.92641041182232,77.14379119873047,112945200
2020-05-28,AAPL,76.81885987080895,78.43638313567678,76.54240602656661,77.17777252197266,133560800
2020-05-29,AAPL,77.42025271883264,77.88101390169892,76.74608448687897,77.10256958007812,153532400
2020-06-01,AAPL,77.05649478835441,78.17202695622836,76.92553911368113,78.05077362060547,80791200
2020-06-02,AAPL,77.78401795906733,78.43636152325215,77.34265402331467,78.412109375,87642800
2020-06-03,AAPL,78.73222188437157,79.1056842545279,78.15990225471617,78.8437728881836,104491200
2020-06-04,AAPL,78.6667550692759,78.965033585586,77.79130199936047,78.16476440429688,87560400
2020-06-05,AAPL,78.4145328231229,80.45158736054894,78.3854332069865,80.39096069335938,137250400
2020-06-08,AAPL,80.08784274734353,80.90024172394006,79.3772998475136,80.86628723144531,95654400
2020-06-09,AAPL,80.54616293467816,83.8127204319061,80.51463588580872,83.41986083984375,147712400
2020-06-10,AAPL,84.36808676274399,86.03410675203712,83.92915018975505,85.56607055664062,166651600
2020-06-11,AAPL,84.71000802945393,85.13439472060976,81.35614389223483,81.45799255371094,201662400
2020-06-12,AAPL,83.59691311681682,84.34383052506377,81.05059266944424,82.16127014160156,200146000
2020-06-15,AAPL,80.81537017078598,83.82972713796804,80.65288740054817,83.17738342285156,138808800
2020-06-16,AAPL,85.2313990507297,85.65336572310193,83.59690633112962,85.38175201416016,165428800
2020-06-17,AAPL,86.12625510451949,86.18688178098341,85.1416784708026,85.26293182373047,114406400
2020-06-18,AAPL,85.21927871070163,85.71399444147255,84.6881884557675,85.29688262939453,96820400
2020-06-19,AAPL,86.00258453034328,86.4681932764156,83.70119078400126,84.8094482421875,264476000
2020-06-22,AAPL,85.20228371964926,87.1714364918586,85.1562068650672,87.02835845947266,135445200
2020-06-23,AAPL,88.27242947914962,90.30463659467983,87.85289026819137,88.88597106933594,212155600
2020-06-24,AAPL,88.51494690487205,89.43404938466047,86.94350079967253,87.31696319580078,192623200
2020-06-25,AAPL,87.47216900112456,88.51494484309887,86.71312185164297,88.47614288330078,137522400
2020-06-26,AAPL,88.37185869535793,88.59254065861916,85.609704103183,85.75763702392578,205256800
2020-06-29,AAPL,85.66548805897895,87.82865098546023,85.18774958467372,87.73406982421875,130646000
2020-06-30,AAPL,87.32181394171208,88.7526094686746,87.30241666099202,88.46644592285156,140223200
2020-07-01,AAPL,88.54402159456686,89.0872340900109,88.25059063772953,88.29908752441406,110737200
2020-07-02,AAPL,89.20606737392568,89.84143357500007,88.18511651038357,88.29908752441406,114041600
2020-07-06,AAPL,89.72747297069945,91.12916130648333,89.69594591770318,90.66112518310547,118655600
2020-07-07,AAPL,91.03944029125856,91.81788471884249,90.2682707685785,90.37982177734375,112424400
2020-07-08,AAPL,91.35712467862727,92.51630641314865,91.26981841791165,92.48477935791016,117092000
2020-07-09,AAPL,93.37720806711494,93.4305598406817,91.83486890517743,92.88249969482422,125642800
2020-07-10,AAPL,92.4774801203528,93.10315138858448,91.86636605900776,93.0449447631836,90257200
2020-07-13,AAPL,94.34964385590663,96.95901797723327,92.40231560385234,92.61572265625,191649200
2020-07-14,AAPL,91.99733587271359,94.33995142456507,91.0636910214966,94.14837646484375,170989200
2020-07-15,AAPL,96.02294350650172,96.27272509234513,93.59787669220981,94.79586029052734,153198000
2020-07-16,AAPL,93.66821938221526,94.48546583387535,93.0304255327924,93.6294174194336,110577600
2020-07-17,AAPL,94.08046007628133,94.23566048761843,92.96734801354852,93.44023895263672,92186800
2020-07-20,AAPL,93.527561622358,95.54763916358735,93.18319885433614,95.40940856933594,90318000
2020-07-21,AAPL,96.19997393951473,96.2751504170526,93.84280875166303,94.09259033203125,103433200
2020-07-22,AAPL,93.79431625820118,95.03837684731691,93.70701739615949,94.35693359375,89001600
2020-07-23,AAPL,94.09015830080247,94.16776220953983,89.25215478910144,90.06212615966797,197004400
2020-07-24,AAPL,88.26031386604993,90.1833901651154,86.47303332227233,89.83902740478516,185438800
2020-07-27,AAPL,90.90119574558146,92.06037728689391,90.67809376229332,91.96822357177734,121214000
2020-07-28,AAPL,91.53899808495447,91.71603062810593,90.45256547899412,90.4574203491211,103625600
2020-07-29,AAPL,90.94000226618061,92.3756450249379,90.90362774541741,92.19133758544922,90329200
2020-07-30,AAPL,91.36439616603701,93.41115323756709,90.95698669984957,93.30687713623047,158130000
2020-07-31,AAPL,99.80121727475651,103.22541096516197,97.80295687640107,103.07505798339844,374336800
2020-08-03,AAPL,104.95688931304775,108.29135620019736,104.6586108297832,105.67228698730469,308151200
2020-08-04,AAPL,105.8614502635959,107.46927088099201,105.13877762781757,106.37799072265625,173071600
2020-08-05,AAPL,106.09909913352544,107.08367565483033,105.63348305512756,106.76356506347656,121776800
2020-08-06,AAPL,107.09582047328551,110.98320304299686,106.50653089800755,110.48848724365234,202428800
2020-08-07,AAPL,110.00990340318887,110.4666393075449,107.17960729773797,107.9764633178711,198045600
2020-08-10,AAPL,109.42194125871023,110.56378066058019,106.89532594642495,109.54584503173828,212403600
2020-08-11,AAPL,108.80973853697522,109.30777067354109,106.02802731765381,106.28797912597656,187902400
2020-08-12,AAPL,107.37878264931382,110.07789350159867,107.18443047564186,109.82037353515625,165598000
2020-08-13,AAPL,111.20029955907641,112.76729092425326,110.7119798713676,111.76393127441406,210082000
2020-08-14,AAPL,111.58901749702606,111.75421760454509,109.85439412589318,111.6643295288086,165565200
2020-08-17,AAPL,112.78672297104335,112.8110188476026,110.74599537909668,111.37278747558594,119561600
2020-08-18,AAPL,111.12500199172021,112.72600186122567,110.78973812752103,112.30084991455078,105633600
2020-08-19,AAPL,112.70897411610314,113.8556697465018,112.34699003787868,112.44173431396484,145538000
2020-08-20,AAPL,112.48304002227763,115.05095915162076,112.46603216773778,114.93677520751953,126907200
2020-08-21,AAPL,115.89638408872885,121.34318956820582,115.8842398593988,120.85973358154297,338054800
2020-08-24,AAPL,125.06511476676067,125.15015404891105,120.43946714581988,122.3052749633789,345937600
2020-08-25,AAPL,121.17801402833966,121.64689406910605,119.57943869691742,121.30191040039062,211495600
2020-08-26,AAPL,122.6186527038837,123.40822042524167,121.55212536151603,122.95148468017578,163022400
2020-08-27,AAPL,123.55400095827326,123.88683296878132,120.33741816118453,121.481689453125,155552400
2020-08-28,AAPL,122.45586551384443,122.87372930368065,121.06136994948761,121.28488159179688,187630000
2020-08-31,AAPL,123.97916478082978,127.30263641002203,122.44375715773111,125.39794921875,225702700
2020-09-01,AAPL,129.01290291126796,130.99533312544372,126.84584781791506,130.392822265625,151948100
2020-09-02,AAPL,133.7066003647578,134.0855922531373,123.41550038727598,127.6913070678711,200119000
2020-09-03,AAPL,123.3280682941128,125.20358843955071,117.09898196053354,117.46825408935547,257599600
2020-09-04,AAPL,116.6811253406317,120.20866898674423,107.76022279247066,117.54600524902344,332607200
2020-09-08,AAPL,110.73385384547656,115.6316049618243,109.4997017926122,109.63574981689453,231366600
2020-09-09,AAPL,113.95042385620658,115.77735955442189,112.00687240165654,114.00872802734375,176940500
2020-09-10,AAPL,116.9629291163385,117.09897712734502,109.32477117698187,110.28682708740234,182274400
2020-09-11,AAPL,111.33634579157453,111.97772133616776,106.89533097403391,108.83888244628906,180860300
2020-09-14,AAPL,111.48211380367826,112.65796155648654,109.6163061668615,112.10404968261719,140150100
2020-09-15,AAPL,114.99023180291059,115.4761197012607,110.40344885623584,112.27897644042969,184642000
2020-09-16,AAPL,111.97771281555889,112.72597681325361,108.87774608069525,108.96520233154297,154679000
2020-09-17,AAPL,106.6232270995851,109.03322659577087,105.64173160246284,107.22572326660156,178011000
2020-09-18,AAPL,107.28405084908114,107.75049908575595,103.09569206867344,103.82452392578125,287104900
2020-09-21,AAPL,101.58944459122996,107.07997942887015,100.19008504511055,106.97308349609375,195713800
2020-09-22,AAPL,109.49969103484163,109.67461096517128,106.07904368113599,108.65424346923828,183055400
2020-09-23,AAPL,108.46960942834048,108.94577745912319,103.75649121629566,104.09661865234375,150718700
2020-09-24,AAPL,102.20166152378793,107.1382844839182,102.03646141325542,105.16558074951172,167743300
2020-09-25,AAPL,105.36964948370711,109.26647248780473,104.63109780542541,109.1109848022461,149981400
2020-09-28,AAPL,111.76393141391246,112.06517952480382,109.59686822281799,111.71533966064453,137672400
2020-09-29,AAPL,111.31690400095869,112.05544815901067,110.36456059896766,110.86988067626953,99382200
2020-09-30,AAPL,110.57836749432273,113.95043065542163,110.41316739020328,112.54135131835938,142675200
2020-10-01,AAPL,114.31969070873184,114.39743454271479,112.56077909571286,113.49368286132812,116120400
2020-10-02,AAPL,109.70377282438155,112.1137801442832,109.05268479784137,109.8301010131836,144712000
2020-10-05,AAPL,110.69498025864371,113.35764376217921,110.34514039230349,113.21187591552734,106243800
2020-10-06,AAPL,112.43445227836398,112.84260373156758,109.08182887759448,109.96614837646484,161498200
2020-10-07,AAPL,111.38493140237664,112.28868308370595,110.9087559798063,111.83194732666016,96849000
2020-10-08,AAPL,112.96895442987977,113.11472230550496,111.35580279066887,111.72508239746094,83477200
2020-10-09,AAPL,112.02630624423392,113.69776170512303,111.67646638432409,113.66860961914062,100506900
2020-10-12,AAPL,116.67138292375654,121.64687695311153,115.91339909808642,120.8888931274414,240226800
2020-10-13,AAPL,121.73435608129198,121.85097185102632,116.27298061147238,117.68205261230469,262330500
2020-10-14,AAPL,117.58484574005439,119.55754899060086,116.24379810232836,117.76948547363281,150712000
2020-10-15,AAPL,115.36921555833267,117.77921521072741,114.81530369020432,117.30304718017578,112559200
2020-10-16,AAPL,117.85696670561362,118.1193503209673,115.45667931642107,115.66075134277344,115393800
2020-10-19,AAPL,116.57422168009768,117.02123764921416,112.39559027449886,112.70655822753906,120639300
2020-10-20,AAPL,112.9203282244973,115.6218707751005,112.36641639732157,114.193359375,124423700
2020-10-21,AAPL,113.37707442350195,115.35949783357893,113.16328257328865,113.5714340209961,89946000
2020-10-22,AAPL,114.13506335968486,114.70841493004065,111.35578401227829,112.48304748535156,101988000
2020-10-23,AAPL,113.1049635330035,113.2604511905594,111.0545163868576,111.7930679321289,82572600
2020-10-26,AAPL,110.79217805081882,113.26048985162107,109.69406648315775,111.80282592773438,111850700
2020-10-27,AAPL,112.23039494637413,113.96987467119823,111.30721082072512,113.30906677246094,92276800
2020-10-28,AAPL,111.80280503922792,112.17207716189112,107.96428630838615,108.06146240234375,143937800
2020-10-29,AAPL,109.19844245324492,113.62973745029149,109.0332349429399,112.06517791748047,146129200
2020-10-30,AAPL,107.92539416748721,108.8291457586848,104.67966727023395,105.78749084472656,190272600
2020-11-02,AAPL,106.03043502111758,107.55612239802188,104.29095582856081,105.70002746582031,122866900
2020-11-03,AAPL,106.56493781497865,108.3432818947634,105.6611860241768,107.32292175292969,107624400
2020-11-04,AAPL,110.91846867352281,112.32754035689703,109.17898942403805,111.70560455322266,138235500
2020-11-05,AAPL,114.62094399780884,116.24381509607197,113.57143184766637,115.67046356201172,126387100
2020-11-06,AAPL,115.17886724342364,116.03550252982856,113.04700448892655,115.53904724121094,114457900
2020-11-09,AAPL,117.3009789591504,118.75142051987413,112.96912005131604,113.23194885253906,154515300
2020-11-10,AAPL,112.48241007857042,114.46824612623837,111.10010224382926,112.8912582397461,138023400
2020-11-11,AAPL,114.07886680354521,116.45408514437595,113.34877764644807,116.31780242919922,112295000
2020-11-12,AAPL,116.44436895423854,117.33020670166636,115.42224104958544,116.04524993896484,103162300
2020-11-13,AAPL,116.26914719031565,116.49303706432583,114.74082734876326,116.09392547607422,81581900
2020-11-16,AAPL,115.76294667468657,117.77799265499445,115.01339166540757,117.10631561279297,91183000
2020-11-17,AAPL,116.37620726354791,117.46646891611805,115.80186663426858,116.22045135498047,74271000
2020-11-18,AAPL,115.46118772161485,116.63906421361688,114.86738117394037,114.8965835571289,76322100
2020-11-19,AAPL,114.4682514561133,115.89922751370858,113.70895985661822,115.4903793334961,74113000
2020-11-20,AAPL,115.49039807716413,115.61694422200075,114.176238754997,114.22490692138672,73604300
2020-11-23,AAPL,114.06914317462709,114.49746457209459,110.73020141936897,110.82754516601562,127959300
2020-11-24,AAPL,110.88597355527465,112.77446628204345,109.60100917514639,112.11251831054688,113874200
2020-11-25,AAPL,112.48240834270746,113.65054804999696,112.11249174147993,112.94966125488281,76499200
2020-11-27,AAPL,113.47533097531714,114.37090528252364,113.13462416571154,113.49479675292969,46691300
2020-11-30,AAPL,113.86472083929621,117.75853018018704,113.70896490077166,115.8895034790039,169410200
2020-12-01,AAPL,117.79747164276061,120.19216354656007,116.82401928706074,119.46207427978516,127728200
2020-12-02,AAPL,118.78064316901394,120.0948096799896,117.68064477339988,119.81250762939453,89004200
2020-12-03,AAPL,120.24082808918226,120.49392777356492,118.96560791819012,119.67623138427734,78967600
2020-12-04,AAPL,119.3452462973935,119.59834596601074,118.29391606792319,119.0045394897461,78260400
2020-12-07,AAPL,119.06297061812471,121.26297530550933,119.00456584583628,120.4647445678711,86712000
2020-12-08,AAPL,121.06826612455384,121.66207262611567,119.82224093273689,121.07799530029297,82225500
2020-12-09,AAPL,121.22401378468822,122.6063142688594,117.78772835245422,118.5470199584961,115089200
2020-12-10,AAPL,117.30100444410381,120.58154143292921,116.96029761781081,119.96826171875,81312200
2020-12-11,AAPL,119.17977461758369,119.50101568391099,117.34968682549408,119.16030883789062,86939800
2020-12-14,AAPL,119.3452505477775,120.07533977310263,118.31339348591051,118.5470199584961,79184500
2020-12-15,AAPL,121.0390623043862,124.50455773983639,120.83463820097641,124.4850845336914,157243700
2020-12-16,AAPL,124.0275714003019,124.96207736777791,123.20013093515553,124.41694641113281,98208600
2020-12-17,AAPL,125.47800506998152,126.13996040824293,124.64083543417424,125.28331756591797,94359800
2020-12-18,AAPL,125.53641332100761,125.67269604688084,122.7718049671832,123.29747009277344,192541500
2020-12-21,AAPL,121.70100182150271,124.90366074139115,120.17268202586978,124.8257827758789,121251600
2020-12-22,AAPL,128.11605471749206,130.84172406271304,126.20808171972651,128.37889099121094,168904800
2020-12-23,AAPL,128.65146195480474,128.91428338608608,127.30809300233021,127.48332214355469,88223700
2020-12-24,AAPL,127.83375369258947,129.91694086606563,127.61959301416368,128.46649169921875,54930100
2020-12-28,AAPL,130.43288465030292,133.6939410837403,129.96561683148184,133.0612030029297,124486200
2020-12-29,AAPL,134.38507537843176,135.1054204796811,130.77356128298763,131.28948974609375,121047300
2020-12-30,AAPL,131.98065036313264,132.37976932791838,129.85851685438772,130.17002868652344,96452100
2020-12-31,AAPL,130.5204870277971,131.16296911492586,128.2231389904879,129.16738891601562,99116600
2021-01-04,AAPL,129.97534605093776,130.06295318684514,123.39480688941487,125.97445678710938,143301900
2021-01-05,AAPL,125.46828327943898,128.24262865019975,125.02048862539876,127.53199768066406,97664900
2021-01-06,AAPL,124.32933639261917,127.57093452826126,123.02490637051051,123.23906707763672,155088000
2021-01-07,AAPL,124.95233855838183,128.1355317571745,124.46561240551398,127.44437408447266,109578200
2021-01-08,AAPL,128.9142743130051,129.1089766459298,126.77268233415623,128.54437255859375,105158200
2021-01-11,AAPL,125.76030921099948,126.7142883378028,125.08862472498865,125.55587768554688,100384500
2021-01-12,AAPL,125.08862234580894,126.24703297603195,123.49216114503781,125.38066101074219,91951100
2021-01-13,AAPL,125.34172565614995,127.9603149883141,125.07890420286044,127.4151840209961,88636800
2021-01-14,AAPL,127.32754833341085,127.5222357990049,125.34169756472754,125.48772430419922,90221800
2021-01-15,AAPL,125.36118590805361,126.76295959555424,123.6284420036996,123.76472473144531,111598500
2021-01-19,AAPL,124.3877334109567,125.2930517717372,123.5700370457831,124.43640899658203,90757300
2021-01-20,AAPL,125.24437293876636,128.97269692470792,125.13729259464834,128.52490234375,104319500
2021-01-21,AAPL,130.2478839087022,135.96204254195973,130.04345244783565,133.2363739013672,120150900
2021-01-22,AAPL,132.66206599733243,136.13729751698824,131.435521560002,135.3780059814453,114459400
2021-01-25,AAPL,139.2718507560153,141.23821403300437,132.91519251886263,139.12582397460938,157611700
2021-01-26,AAPL,139.78775742744395,140.4691710725819,137.61694808504978,139.35943603515625,98390600
2021-01-27,AAPL,139.6222293773767,140.46914281583642,136.68241469205358,138.28860473632812,140843800
2021-01-28,AAPL,135.8160892048896,138.22051793091006,133.07094618183902,133.45059204101562,142621100
2021-01-29,AAPL,132.22402749273948,133.10987264929705,126.753230328146,128.45677185058594,177523800
2021-02-01,AAPL,130.19924214528973,131.7859741111612,127.45409959233686,130.57888793945312,106239800
2021-02-02,AAPL,132.12670214686938,132.69130637282277,131.03644011259044,131.40635681152344,83305400
2021-02-03,AAPL,132.15589194554707,132.165635975879,130.0629752354402,130.38421630859375,89880900
2021-02-04,AAPL,132.68157041122387,133.75235918193923,131.01696020484349,133.7426300048828,84183100
2021-02-05,AAPL,133.90345338134028,133.97168912108438,132.4508369108214,133.3282470703125,75693800
2021-02-08,AAPL,132.6165797613071,133.52325088194496,131.53443254526087,133.47450256347656,71297200
2021-02-09,AAPL,133.19178552172198,134.4201778248724,132.44111786524098,132.5970916748047,76774200
2021-02-10,AAPL,133.05525945656302,133.55247138369472,131.0274517780399,131.99261474609375,73046600
2021-02-11,AAPL,132.4898491628531,132.9675589258699,130.4133074654321,131.7391815185547,64280000
2021-02-12,AAPL,130.9787501870301,132.1291332081116,130.33530805190028,131.97314453125,60145100
2021-02-16,AAPL,132.0901434978276,132.5970843838598,129.4578829220419,129.8478546142578,80576300
2021-02-17,AAPL,127.95656211624156,128.90222323204904,126.22122859723254,127.55684661865234,97918500
2021-02-18,AAPL,125.9579652802824,126.73789375549589,124.21288851935199,126.4551773071289,96856700
2021-02-19,AAPL,126.97187831271118,127.43008573965325,125.56801001534814,126.61115264892578,87668800
2021-02-22,AAPL,124.79784515359262,126.46494274164387,122.44832304893025,122.83828735351562,103916400
2021-02-23,AAPL,120.65446423334858,123.53043623671344,115.41921218796429,122.70176696777344,158273000
2021-02-24,AAPL,121.80486663626253,122.40930413496974,119.16286991288813,122.20457458496094,111039900
2021-02-25,AAPL,121.55140392768223,123.28673718148006,117.51528958023444,117.95399475097656,148199500
2021-02-26,AAPL,119.51385248275434,121.71714451300848,118.15873226929354,118.21723175048828,164560400
2021-03-01,AAPL,120.64474122239031,124.71985277897572,119.70883139515851,124.58336639404297,116307900
2021-03-02,AAPL,125.18779891061432,125.49001767022227,121.87311395477933,121.98035430908203,102260900
2021-03-03,AAPL,121.67814086921052,122.55555866097826,118.78266587535208,118.99714660644531,112966300
2021-03-04,AAPL,118.6949297486631,120.49850624904042,115.64347345208853,117.1155776977539,178155000
2021-03-05,AAPL,117.9442454649468,118.88015523948293,114.61980921267136,118.37319946289062,153766600
2021-03-08,AAPL,117.89548670485603,117.96372988743823,113.29392514231552,113.4401626586914,154376600
2021-03-09,AAPL,116.04316964725494,118.99713642859442,115.80919406877891,118.05147552490234,129525800
2021-03-10,AAPL,118.63641969338748,119.10437082693089,116.45262294368767,116.96932983398438,111943300
2021-03-11,AAPL,119.46509072342045,120.1182765520443,118.21721109919896,118.89964294433594,103026500
2021-03-12,AAPL,117.37878469780301,118.12945968982199,116.16990230218398,117.99297332763672,88105100
2021-03-15,AAPL,118.36344619441722,120.88845140763532,117.39828304156515,120.87870025634766,92403800
2021-03-16,AAPL,122.545787336103,124.02764990448209,121.59038279407473,122.41905212402344,115227900
2021-03-17,AAPL,120.93722665347914,122.70180609403398,119.2701289957093,121.62940979003906,111932600
2021-03-18,AAPL,119.7965455571018,120.08902057387003,117.30078651568779,117.5055160522461,121229700
2021-03-19,AAPL,116.89134214689703,118.38294855656439,116.67686143267959,116.97908020019531,185549500
2021-03-22,AAPL,117.31054946298083,120.76172079332808,117.24230627726561,120.29376220703125,111912300
2021-03-23,AAPL,120.23528824072892,121.12244978834059,119.07514647128622,119.4651107788086,95467100
2021-03-24,AAPL,119.73806777124454,119.81606211005297,117.05707373778829,117.07656860351562,88530500
2021-03-25,AAPL,116.54037047817636,118.60717576184044,116.01391986522562,117.56401824951172,98844700
2021-03-26,AAPL,117.33005928068575,118.4317089821302,115.93594193373995,118.1684799194336,94071200
2021-03-29,AAPL,118.59743388740822,119.50409766319855,117.70052126390267,118.34395599365234,80819200
2021-03-30,AAPL,117.09607936818357,117.37880328833072,115.87744562855794,116.89134979248047,85671900
2021-03-31,AAPL,118.59743117177423,120.42050239594532,118.10997769999379,119.08488464355469,118323800
2021-04-01,AAPL,120.55700880956337,121.06395720049495,119.41636191355396,119.91356658935547,75089100
2021-04-05,AAPL,120.76173132452315,122.99426922039768,119.98180275866349,122.74079132080078,88651200
2021-04-06,AAPL,123.32571551492187,123.93990414772982,122.49704618679874,123.0429916381836,80171300
2021-04-07,AAPL,122.67254049145967,124.7100924000349,121.99985233123647,124.69059753417969,83466700
2021-04-08,AAPL,125.71425994840894,127.11812846744388,125.29505706125592,127.08888244628906,88844600
2021-04-09,AAPL,126.54291392534559,129.70160264420477,126.22119287511026,129.66261291503906,106686700
2021-04-12,AAPL,129.19468770758402,129.51640882237047,127.35211395991703,127.94680786132812,91420000
2021-04-13,AAPL,129.11666186406666,131.28095619861375,128.619449864356,131.0567169189453,91266500
2021-04-14,AAPL,131.55393195001986,131.6124239805342,128.35623869078685,128.71694946289062,87222800
2021-04-15,AAPL,130.4620703374586,131.6124535315985,130.2865793306145,131.125,89347100
2021-04-16,AAPL,130.93000444237106,131.29071524829968,129.9355952026849,130.79351806640625,84922400
2021-04-19,AAPL,130.15982336917756,132.07064756343885,129.99409097045535,131.45645141601562,94264200
2021-04-20,AAPL,131.63191186465178,132.12910894546226,128.5024546918313,129.76983642578125,94812300
2021-04-21,AAPL,129.0386769276597,130.39379691363274,128.00527800142257,130.1500701904297,68847100
2021-04-22,AAPL,129.70158464304262,130.78373170695372,128.11249679084415,128.6291961669922,84566500
2021-04-23,AAPL,128.84369107132306,131.72940697661994,128.84369107132306,130.94949340820312,78657500
2021-04-26,AAPL,131.44676372217754,131.67098825413905,130.20862718534426,131.3395233154297,66905100
2021-04-27,AAPL,131.6221681983873,132.01213986314156,130.74475798551163,131.01773071289062,66015800
2021-04-28,AAPL,130.93975103357886,131.6319415185454,129.74061964154626,130.2280731201172,107760100
2021-04-29,AAPL,133.04556205861587,133.63051222031285,129.12643167740748,130.13058471679688,151101000
2021-04-30,AAPL,128.47323262027362,130.20856574635297,127.78105703815494,128.16127014160156,109839500
2021-05-03,AAPL,128.7266884414814,130.7057629484472,128.52196634221076,129.21414184570312,75135100
2021-05-04,AAPL,127.89804644623831,128.19052150938094,123.52070884107249,124.64185333251953,137564700
2021-05-05,AAPL,125.9579706529646,127.17660429874773,124.75883931076572,124.88558197021484,84000900
2021-05-06,AAPL,124.68087474651954,126.4942026395093,123.93994323032072,126.48445892333984,78128300
2021-05-07,AAPL,127.78324849809151,128.1836279216994,126.44534732764843,127.15824890136719,78973300
2021-05-10,AAPL,126.37701270502987,126.50395575349485,123.83794311938117,123.87700653076172,88071200
2021-05-11,AAPL,120.60551762571262,123.3105935686965,119.89262343355486,122.95903778076172,126142800
2021-05-12,AAPL,120.50784795937597,121.71878371455706,119.38479927769015,119.89260864257812,112172300
2021-05-13,AAPL,121.66022530003295,123.19342897466706,121.34772542528539,122.04108428955078,105861300
2021-05-14,AAPL,123.29106392253492,124.892626453878,122.90043727939631,124.46293640136719,81918000
2021-05-17,AAPL,123.84770522027007,123.95512773405065,122.23637496414497,123.31059265136719,74244600
2021-05-18,AAPL,123.59380326356951,124.01372562566158,121.85552242300645,121.92388153076172,63342900
2021-05-19,AAPL,120.27349900757707,121.9922444710152,119.98052713623112,121.76763916015625,92612000
2021-05-20,AAPL,122.29497252696002,124.72661200774762,122.16801458440843,124.32621765136719,76857100
2021-05-21,AAPL,124.82428812119076,125.00006976732445,122.27545797754463,122.49030303955078,79295400
2021-05-24,AAPL,123.05667444436216,124.9414408534189,122.9883153497573,124.12112426757812,63092900
2021-05-25,AAPL,124.82427842870585,125.31256736390405,123.35943397486378,123.92584228515625,72009500
2021-05-26,AAPL,123.98442904941227,124.40435140852335,123.45708417165065,123.87700653076172,56575900
2021-05-27,AAPL,123.476627687615,124.6485003034277,122.14850141604893,122.34381103515625,94625600
2021-05-28,AAPL,122.62700604353964,122.85161879427051,121.63091513952054,121.68950653076172,71311100
2021-06-01,AAPL,122.14847120192876,122.41213986756213,121.03519025710777,121.36721801757812,67637100
2021-06-02,AAPL,121.36723416808287,122.30473364370846,121.14262887683675,122.12895202636719,59278900
2021-06-03,AAPL,121.75785039468764,121.92386428281043,120.2441750720593,120.64456939697266,76229200
2021-06-04,AAPL,121.16215477898149,123.20317504815017,120.94730975584969,122.93949890136719,75169300
2021-06-07,AAPL,123.21292557232901,123.35941148111935,121.90433500845637,122.94925689697266,71057600
2021-06-08,AAPL,123.6328740614777,125.44928928445928,123.25201508828968,123.76959228515625,74403800
2021-06-09,AAPL,124.22857848839239,124.75592340310972,123.5547476333784,124.15045166015625,56877900
2021-06-10,AAPL,124.04300329363414,125.18558742946014,122.9883211344928,123.15433502197266,71186400
2021-06-11,AAPL,123.56450647531338,124.45318231886102,123.14458411693292,124.36528778076172,53522400
2021-06-14,AAPL,124.82426738240325,127.4805121651489,124.09184522029778,127.42192077636719,96906500
2021-06-15,AAPL,126.89458011391095,127.53911517627388,126.35746756194183,126.60160827636719,62746300
2021-06-16,AAPL,127.31453075007833,127.82234775104462,125.44930649285384,127.09968566894531,91815000
2021-06-17,AAPL,126.75785199451342,129.44339964312107,126.61135863661735,128.70120239257812,96721700
2021-06-18,AAPL,127.64654551455347,128.4277839276905,127.18755975119329,127.40240478515625,108953300
2021-06-21,AAPL,127.2461088231722,129.3066564900445,126.18165917329002,129.19923400878906,79663300
2021-06-22,AAPL,129.0332571523742,130.93755177411464,128.53520055049577,130.8398895263672,74783600
2021-06-23,AAPL,130.63481857945425,131.171931135257,130.10746628787817,130.5664520263672,60214200
2021-06-24,AAPL,131.29889842930257,131.4844477920528,129.8145184284701,130.2832794189453,68711000
2021-06-25,AAPL,130.33209840454234,130.7520133222248,129.69732354370646,129.99029541015625,70783700
2021-06-28,AAPL,130.28325319231956,132.08012525724726,130.22466180559726,131.6211395263672,62111300
2021-06-29,AAPL,131.64068656233414,133.29108030597018,131.20123622200433,133.13482666015625,64556100
2021-06-30,AAPL,132.97855283049014,134.18949604999602,132.68558101434905,133.7500457763672,63261400
2021-07-01,AAPL,133.3985152300678,134.1114020662822,132.57819096384344,134.0528106689453,52485800
2021-07-02,AAPL,134.66803150053377,136.71881975736173,134.52155301126126,136.6797637939453,78852600
2021-07-06,AAPL,136.78715756035768,139.79495784960233,136.78715756035768,138.6914520263672,108181800
2021-07-07,AAPL,140.17582819219206,141.4941940308165,139.31646299700128,141.18170166015625,104911600
2021-07-08,AAPL,138.2617755637112,140.68364735524526,137.37309975875638,139.88287353515625,105575500
2021-07-09,AAPL,139.40437134178396,142.2363981441266,139.3067090791504,141.7090606689453,99890800
2021-07-12,AAPL,142.78325599959365,142.89067850548736,140.62504561797144,141.1133270263672,76299700
2021-07-13,AAPL,140.6543415426895,144.00395975842287,140.26372237579417,142.2266082763672,100827100
2021-07-14,AAPL,144.62897873444868,146.06452746184092,144.218809182764,145.65435791015625,127050800
2021-07-15,AAPL,145.74225840567044,146.48444087501676,143.64263914576114,145.00006103515625,106820300
2021-07-16,AAPL,144.9805223346472,146.2500420755194,142.46098847923267,142.9590301513672,93251400
2021-07-19,AAPL,140.3808931785124,140.69340040632105,138.3496409012505,139.11135864257812,121434600
2021-07-20,AAPL,140.097728569033,143.6524171415738,139.6094470898314,142.72467041015625,96350000
2021-07-21,AAPL,142.11919121599766,142.7051348899588,141.24029060622254,141.9922332763672,74993500
2021-07-22,AAPL,142.51957617960753,144.72660272403846,142.39261824833602,143.3594207763672,77338200
2021-07-23,AAPL,144.09184768836266,145.23442440451626,143.47660834075452,145.0781707763672,71447400
2021-07-26,AAPL,144.79499663408214,146.31843249256286,144.23834858516193,145.4981231689453,72434100
2021-07-27,AAPL,145.62505300491213,145.71295498966768,142.13873124540055,143.33013916015625,104818600
2021-07-28,AAPL,141.41609361273288,143.52547338784896,139.19929130551824,141.5821075439453,118931200
2021-07-29,AAPL,141.29887657911624,143.11528401739503,141.19145407304512,142.2266082763672,56699500
2021-07-30,AAPL,140.99612813629884,142.90042243108647,140.7324520335854,142.44143676757812,70440600
2021-08-02,AAPL,142.92977598084835,143.50594463384482,141.84579034327976,142.10946655273438,62880000
2021-08-03,AAPL,142.3926355441965,144.57036666149511,141.77739614243097,143.90631103515625,64786600
2021-08-04,AAPL,143.818442994135,144.3262450458141,142.851640220645,143.5059356689453,56368300
2021-08-05,AAPL,143.53520021202812,144.37504483971543,142.7441867059485,143.6133270263672,46397700
2021-08-06,AAPL,143.1341182329051,143.87741265764788,142.42993828378326,142.92872619628906,54126800
2021-08-09,AAPL,142.9873899692901,143.47640294108896,142.3223394909196,142.8798065185547,48908700
2021-08-10,AAPL,143.22214257955443,144.46423988872255,142.10719343722454,142.40060424804688,69023100
2021-08-11,AAPL,142.84070404163072,143.4959796880464,142.33212632967644,142.65487670898438,48493500
2021-08-12,AAPL,142.97761899748718,145.77477386971125,142.6353039384577,145.6182861328125,72282600
2021-08-13,AAPL,145.6965517804986,146.15622524916978,145.01193648359285,145.82369995117188,59375000
2021-08-16,AAPL,145.27600698805517,147.8677854043792,143.25150048909967,147.79931640625,103296000
2021-08-17,AAPL,146.92885446726953,148.34698930481986,145.8139053280962,146.88973999023438,92229700
2021-08-18,AAPL,146.50831793002382,147.40810018292743,142.93851358506976,143.14390563964844,86326000
2021-08-19,AAPL,141.8431233828503,144.74786207926644,141.32477074631083,143.47642517089844,86960300
2021-08-20,AAPL,144.2001657522503,145.23687099584217,143.55466496618592,144.93368530273438,60549600
2021-08-23,AAPL,145.05104264712142,146.88973641640624,144.6402734925246,146.4202880859375,60131800
2021-08-24,AAPL,146.1659822444016,147.54500248159704,145.8725714606484,146.33224487304688,48606400
2021-08-25,AAPL,146.51806444524348,147.01686722827083,144.55223766808206,145.0999298095703,58991300
2021-08-26,AAPL,145.09017201862116,145.84324134015625,144.26861878609316,144.29795837402344,48597200
2021-08-27,AAPL,144.2392565978135,145.48135367838458,143.60354572760687,145.33465576171875,55802400
2021-08-30,AAPL,145.72586326960624,150.11720505871097,145.34443375463215,149.7553253173828,90956700
2021-08-31,AAPL,149.30546153876566,149.4423845898935,147.9655556918431,148.4936981201172,86453100
2021-09-01,AAPL,149.47174324183015,151.57449356451917,148.9925050400125,149.1587677001953,80313700
2021-09-02,AAPL,150.48886382470346,151.32019193818465,149.05116433458483,150.27369689941406,71115500
2021-09-03,AAPL,150.38129660470707,151.23218950970838,149.7260208700016,150.90943908691406,57808700
2021-09-07,AAPL,151.56472666714657,153.80440017652478,150.9974696606434,153.24693298339844,82278300
2021-09-08,AAPL,153.53050279274424,153.58918195944025,150.59642507001544,151.70159912109375,74420200
2021-09-09,AAPL,152.07328934160887,152.67966077073964,150.56712073419473,150.6844940185547,57305700
2021-09-10,AAPL,151.59402874023678,152.0634770377577,145.4324620067416,145.696533203125,140893200
2021-09-13,AAPL,147.32006383534568,148.09269782306362,145.48137014638132,146.2637939453125,102404300
2021-09-14,AAPL,147.0461970563759,147.7503768839939,143.68178564075433,144.8651885986328,109296300
2021-09-15,AAPL,145.29552986579753,146.15619746026422,143.15365068997156,145.7552032470703,83281300
2021-09-16,AAPL,145.1782076058161,145.6965602839762,143.98501448007158,145.5205078125,68034100
2021-09-17,AAPL,145.54984051172312,145.54984051172312,142.55706833315722,142.85047912597656,129868800
2021-09-20,AAPL,140.64012937196273,141.65726975585443,138.1657250042302,139.7990264892578,123478900
2021-09-21,AAPL,140.76728757977574,141.42257819093177,139.64256354879453,140.2782745361328,75834000
2021-09-22,AAPL,141.27586560496235,143.21235308306478,140.54234603803783,142.64511108398438,76404300
2021-09-23,AAPL,143.427478478497,143.84803733528565,142.43967778690703,143.60353088378906,64838200
2021-09-24,AAPL,142.4593121275063,144.2295373140158,142.36150352969494,143.69161987304688,53477900
2021-09-27,AAPL,142.2734830351119,142.75272128103052,140.65974565510493,142.17567443847656,74150700
2021-09-28,AAPL,140.10220759436288,141.5692464173405,138.57648960622467,138.79165649414062,108972300
2021-09-29,AAPL,139.33937729818666,141.2758647647725,138.90904343372455,139.69146728515625,74602000
2021-09-30,AAPL,140.5032258841864,141.20740583386313,138.17551911033874,138.39068603515625,89056700
2021-10-01,AAPL,138.7819070111095,139.77949787918857,136.05322057381363,139.5154266357422,94639600
2021-10-04,AAPL,138.6449736382081,139.08509731906585,135.23167212302508,136.08255004882812,98322000
2021-10-05,AAPL,136.42486459550415,139.11443634160335,136.29771642835235,138.00926208496094,80861100
2021-10-06,AAPL,136.4052949835953,139.02639764577518,135.32946035449564,138.87969970703125,83221100
2021-10-07,AAPL,139.91641559084152,141.05092948182715,139.58389028870607,140.141357421875,61732700
2021-10-08,AAPL,140.86506167895476,141.0117595867435,139.4273624886646,139.7598876953125,58773200
2021-10-11,AAPL,139.14374758559657,141.6279267805162,138.6938491097419,139.671875,64452200
2021-10-12,AAPL,140.0826575469626,140.10222224522562,137.94077825367475,138.40045166015625,73035900
2021-10-13,AAPL,138.13641006788947,138.292882900144,136.14122849083293,137.81365966796875,78762700
2021-10-14,AAPL,138.98730641116916,140.71841699528724,138.40048471107957,140.60104370117188,69907100
2021-10-15,AAPL,140.61082264449493,141.71598203721894,140.3565262964831,141.6573028564453,67940300
2021-10-18,AAPL,140.2978253736589,143.61333288501362,140.0142044027078,143.3297119140625,85589200
2021-10-19,AAPL,143.77961939322623,145.89215946553824,143.32973571996214,145.4911651611328,76378900
2021-10-20,AAPL,145.43247137126255,146.45940171355207,144.86521446863128,145.98016357421875,58418800
2021-10-21,AAPL,145.54006729554342,146.35183078139093,144.62072033751141,146.19534301757812,61421000
2021-10-22,AAPL,146.40074040762428,146.8799636819581,145.37380993998815,145.42271423339844,58883400
2021-10-25,AAPL,145.41292429505054,146.08776474244283,144.3762189390256,145.37380981445312,50720600
2021-10-26,AAPL,146.04862376445527,147.52543764586656,145.7356482824783,146.03884887695312,60893400
2021-10-27,AAPL,146.07793512797247,146.4397999010397,145.2270574514136,145.5791473388672,56094900
2021-10-28,AAPL,146.5278661763529,149.804244404835,146.43005760449074,149.21743774414062,100077900
2021-10-29,AAPL,143.98497686283406,146.64520855406127,143.19277825689716,146.50828552246094,124953200
2021-11-01,AAPL,145.71610716586716,146.4104973070888,144.55225377378474,145.686767578125,74588300
2021-11-02,AAPL,145.39334900645795,148.23940825327995,145.38355919540496,146.7234649658203,69122000
2021-11-03,AAPL,147.0853287663622,148.63061162902127,146.52786170952203,148.16116333007812,54511500
2021-11-04,AAPL,148.249208975671,149.0805222679595,147.32986198602657,147.64283752441406,60394600
2021-11-05,AAPL,148.76922027800387,149.0728485304589,146.97681823305476,148.1717529296875,65463900
2021-11-08,AAPL,148.29900876333065,148.4557248581422,147.0746922949958,147.34893798828125,55020900
2021-11-09,AAPL,147.11394316596434,148.31866703568528,146.9768202453886,147.71141052246094,56787900
2021-11-10,AAPL,146.93764173788648,147.04538223791627,144.81222909664123,144.8807830810547,65187100
2021-11-11,AAPL,145.89940280376894,146.35973220816493,144.64568854947308,144.831787109375,41000000
2021-11-12,AAPL,145.38024345128613,147.30976761215257,144.4497658225827,146.908203125,63804000
2021-11-15,AAPL,147.28036162376404,148.75934540748597,146.35967329502105,146.91796875,59222800
2021-11-16,AAPL,146.85925789370467,148.37741378411212,146.27157982474884,147.89747619628906,59256200
2021-11-17,AAPL,147.89747444135526,151.8152883338415,147.88768528692268,150.33631896972656,88807000
2021-11-18,AAPL,150.55179723889825,155.40987800940817,149.90535437132496,154.62631225585938,137827700
2021-11-19,AAPL,154.41084228889372,157.71161083201548,153.31385912302107,157.2512664794922,117305600
2021-11-22,AAPL,158.35803684704905,162.29544415495414,157.69201563177705,157.71160888671875,117467900
2021-11-23,AAPL,157.80951705712113,158.47555309859132,155.79184557181551,158.09356689453125,96041900
2021-11-24,AAPL,157.4471342187338,158.8085738483819,156.35994034575776,158.61268615722656,69463600
2021-11-26,AAPL,156.2913900038225,157.15329885394945,153.14733793761846,153.5880889892578,76959800
2021-11-29,AAPL,156.09548196515397,157.8780943084946,155.52739720558188,156.94761657714844,88748200
2021-11-30,AAPL,156.70274588184037,162.11912167836516,156.63417697403202,161.9036407470703,174048100
2021-12-01,AAPL,164.03889354865572,166.80096002265125,161.14950826261352,161.38458251953125,152052500
2021-12-02,AAPL,155.47846334245494,160.82627140546424,154.55777460571244,160.3953094482422,136739200
2021-12-03,AAPL,160.64995624545222,161.57064486360198,156.43830349501886,158.51473999023438,118023100
2021-12-06,AAPL,160.91441267175034,164.43066217672398,160.90462351682206,161.9232635498047,107497000
2021-12-07,AAPL,165.60596828506618,168.05460157243954,164.88116745170595,167.66281127929688,120405400
2021-12-08,AAPL,168.59332710400926,172.3446356103418,167.19270089919112,171.4827117919922,116998900
2021-12-09,AAPL,171.31620335113058,173.11839407886248,170.3465390733042,170.973388671875,108923700
2021-12-10,AAPL,171.61003610118843,175.93921831838114,171.1007161505561,175.76290893554688,115402700
2021-12-13,AAPL,177.39856820560254,178.3878255550168,171.92342811422424,172.12911987304688,153237000
2021-12-14,AAPL,171.64923389641092,174.08807860568035,168.67170169318734,170.74813842773438,139380400
2021-12-15,AAPL,171.51211498851686,175.81191555668835,168.76964200749114,175.61602783203125,131063300
2021-12-16,AAPL,175.5963934569458,177.4181772656769,167.2416576691539,168.7206268310547,150185800
2021-12-17,AAPL,166.43852716670187,169.90580094866743,166.20346789014454,167.62367248535156,195432700
2021-12-20,AAPL,164.82240940360504,167.07515510943043,164.01926542394992,166.26220703125,107499100
2021-12-21,AAPL,168.03501238197,169.6413152594918,165.64514384449987,169.43563842773438,91185900
2021-12-22,AAPL,169.48460422982922,172.24666990143447,168.61289133008395,172.03118896484375,92135300
2021-12-23,AAPL,172.23686229013825,173.21631555321488,171.6687776041213,172.65802001953125,68356600
2021-12-27,AAPL,173.4514127643316,176.71299463822913,173.43183445537653,176.62484741210938,74919600
2021-12-28,AAPL,176.45833582983963,177.6042945644057,174.86182193569553,175.606201171875,79144300
2021-12-29,AAPL,175.6453755384828,176.91866791508298,174.4798236309474,175.69435119628906,62348900
2021-12-30,AAPL,175.78251482342475,176.85991961465393,174.4308642572052,174.53860473632812,59773000
2021-12-31,AAPL,174.43087489725414,175.5474513193314,173.61792667706044,173.92156982421875,64062300
2022-01-03,AAPL,174.17617155893032,179.12241341271906,174.05864195255185,178.27027893066406,104487900
2022-01-04,AAPL,178.87763488532048,179.18126314255593,175.439742816587,176.00782775878906,99310400
2022-01-05,AAPL,175.91962765597447,176.46811917460536,171.0517430102158,171.32598876953125,94537600
2022-01-06,AAPL,169.15160256379613,171.69818743268368,168.1133843303379,168.4659881591797,96904000
2022-01-07,AAPL,169.33771503993543,170.56203191509988,167.51593093187975,168.63250732421875,86709100
2022-01-10,AAPL,165.60599864366586,168.95572780142643,164.7146923768041,168.652099609375,106765600
2022-01-11,AAPL,168.77942565072325,171.58064816981238,167.31024547595837,171.4827117919922,76138300
2022-01-12,AAPL,172.5013205493631,173.5395387171234,171.22804314076478,171.92344665527344,74805200
2022-01-13,AAPL,172.16833406776786,172.9910714162829,168.26030924441002,168.652099609375,84505800
2022-01-14,AAPL,167.81957263372232,170.20944175765135,167.57470923898,169.5140380859375,80440800
2022-01-18,AAPL,167.986029250503,168.99486494876345,165.92918629810023,166.31117248535156,90956700
2022-01-19,AAPL,166.50708841129685,167.56489994287205,162.53050974989438,162.81454467773438,94815000
2022-01-20,AAPL,163.5491030708596,166.19362391453956,160.806630921933,161.12985229492188,91420500
2022-01-21,AAPL,161.04173994454513,162.91249968467412,158.965303342259,159.0730438232422,122848900
2022-01-24,AAPL,156.73210866650368,158.96526081558002,151.52141035514546,158.29922485351562,162294600
2022-01-25,AAPL,155.71347420233516,159.41580630840494,153.7937541930319,156.49703979492188,115798400
2022-01-26,AAPL,160.14063545703362,161.01234841002858,154.57734716045317,156.40892028808594,108275300
2022-01-27,AAPL,159.112223875077,160.4736636918006,155.02790442490624,155.94859313964844,121954600
2022-01-28,AAPL,162.3052517203285,166.849915520985,159.45503834907882,166.830322265625,179935700
2022-01-31,AAPL,166.66380312140188,171.4043542462614,166.02714940989443,171.18887329101562,115541600
2022-02-01,AAPL,170.43467612383174,171.2476242171807,168.769608378118,171.02235412597656,86213900
2022-02-02,AAPL,171.15946552150538,172.26625254169926,169.7686436179964,172.22706604003906,84914300
2022-02-03,AAPL,170.89505737911136,172.61890525422228,168.5835463199836,169.34751892089844,89418100
2022-02-04,AAPL,168.3667905913057,170.74010088602927,167.3860892995176,169.06309509277344,82465400
2022-02-07,AAPL,169.52402175607514,170.5929825465771,167.65087874308003,168.34718322753906,77251200
2022-02-08,AAPL,168.4158439042664,171.96599307785382,168.12163049721661,171.45602416992188,74829200
2022-02-09,AAPL,172.65244889591918,173.24086063611506,171.5246335396632,172.8780059814453,71285000
2022-02-10,AAPL,170.77933021680633,172.09346641687537,168.23931734555768,168.79830932617188,90865900
2022-02-11,AAPL,169.0042733328554,169.7397993797007,164.79705596488338,165.38548278808594,98670700
2022-02-14,AAPL,164.1399809862671,166.3073375649639,163.34561528306318,165.620849609375,86185500
2022-02-15,AAPL,167.67046929290464,169.61225329281152,166.96436329942736,169.45533752441406,62527400
2022-02-16,AAPL,168.53352854543166,169.99476394129306,166.7682631690513,169.2200164794922,61177400
2022-02-17,AAPL,167.7293515367512,168.59237351767158,165.21875846241755,165.620849609375,69589300
2022-02-18,AAPL,166.54267539323084,167.24876644947375,162.98272545329306,164.07130432128906,82772700
2022-02-22,AAPL,161.79610099125685,163.4731068473456,159.02071443579257,161.1488494873047,91162800
2022-02-23,AAPL,162.34528786351217,162.94351625967545,156.6670338772365,156.98086547851562,90009200
2022-02-24,AAPL,149.6353916256984,159.70719718910948,149.06658313119078,159.5993194580078,141147500
2022-02-25,AAPL,160.6781069290293,161.9334034703252,157.76542269815738,161.6686248779297,91974200
2022-02-28,AAPL,159.9131681515143,162.22762405787608,159.29532147992174,161.93341064453125,95056600
2022-03-01,AAPL,161.52149747345592,163.3848388800103,158.84418717486,160.05044555664062,83474400
2022-03-02,AAPL,161.21749147612806,164.13017563125035,159.80527916281847,163.34561157226562,79724800
2022-03-03,AAPL,165.21873348759095,165.65024441282299,162.3550877597844,163.02195739746094,76678400
2022-03-04,AAPL,161.3155594882437,162.35510045432284,158.9716840195684,160.02102661132812,83737200
2022-03-07,AAPL,160.2073838791356,161.83535182075346,155.97074658012755,156.22573852539062,96418800
2022-03-08,AAPL,155.75499927047608,159.73664445127486,152.7932769334802,154.40162658691406,131148300
2022-03-09,AAPL,158.36363528455044,160.25639649791017,156.33359145766846,159.80526733398438,91454900
2022-03-10,AAPL,157.10834060556428,157.29467624132576,152.96978004521466,155.4607696533203,105342000
2022-03-11,AAPL,155.86285431301891,156.2061057623046,151.51835462854714,151.74391174316406,96970100
2022-03-14,AAPL,148.527210200246,151.1456808985897,147.20327241217439,147.71322631835938,108732100
2022-03-15,AAPL,147.98782853142856,152.56771702935066,147.4778746009712,152.0969696044922,92964300
2022-03-16,AAPL,154.01912684826212,156.9121924028267,151.47911432517643,156.51010131835938,102300200
2022-03-17,AAPL,155.54905912498893,157.8929350151505,154.5879758844706,157.520263671875,75615400
2022-03-18,AAPL,157.41234943730183,161.30573452736996,156.67682351294607,160.8153839111328,123511700
2022-03-21,AAPL,160.35449358427547,163.1396971599505,159.86414284434693,162.18841552734375,95811400
2022-03-22,AAPL,162.31589258829527,166.1504388725233,161.72748069331104,165.56202697753906,81532000
2022-03-23,AAPL,164.7479978071537,169.308252341418,164.41454803066404,166.92515563964844,98062700
2022-03-24,AAPL,167.75875768604743,170.77931940838405,166.9251705809909,170.71067810058594,90131400
2022-03-25,AAPL,170.52434378661113,171.89731959636083,169.4161465488256,171.34812927246094,80546200
2022-03-28,AAPL,168.84735290472764,172.33864738407132,168.68063546771577,172.21116638183594,90371900
2022-03-29,AAPL,173.28013598798506,175.55535549692144,172.936884505865,175.50633239746094,100589400
2022-03-30,AAPL,175.10424033882794,176.1437814426428,173.2899367384836,174.33929443359375,92633200
2022-03-31,AAPL,174.40792609212167,174.59426174462104,171.03431102289065,171.24026489257812,103049300
2022-04-01,AAPL,170.67146498333403,171.5050671665747,168.62180263029362,170.94606018066406,78751300
2022-04-04,AAPL,171.2010287452735,175.04537594723365,171.07353279095375,174.996337890625,76468400
2022-04-05,AAPL,174.0744778575844,174.85904187741096,171.05391610805626,171.6815643310547,73401800
2022-04-06,AAPL,169.03365592612585,170.27915061431153,166.84669648547398,168.51388549804688,89058800
2022-04-07,AAPL,167.85680346683984,170.01434288882857,166.57208742319565,168.81788635253906,77594700
2022-04-08,AAPL,168.4648674430598,168.4648674430598,165.93465630346196,166.80747985839844,76575500
2022-04-11,AAPL,165.4541214198734,165.76793805160875,162.306063690876,162.55123901367188,72246700
2022-04-12,AAPL,164.77744578641645,166.59173431379904,163.42407312851623,164.4243927001953,79265200
2022-04-13,AAPL,164.1595904381064,167.73914420674996,163.55156041909547,167.1114959716797,70618900
2022-04-14,AAPL,167.32726844290085,167.96473333287506,161.85495282329552,162.10012817382812,75329400
2022-04-18,AAPL,160.75658374094354,163.3848714713772,160.41334720380755,161.8843994140625,69023900
2022-04-19,AAPL,161.8353590370808,164.58132611655063,160.74677981846057,164.16941833496094,67723800
2022-04-20,AAPL,165.50314204406817,165.62083637298807,162.89448802131358,164.00267028808594,67929800
2022-04-21,AAPL,165.65024919174274,168.21968163880754,162.70814548680565,163.2082977294922,87227800
2022-04-22,AAPL,163.24752061254705,164.63029786624585,158.38323630639394,158.66763305664062,84882400
2022-04-25,AAPL,158.01060452122857,160.02104538080667,155.40195017437114,159.7366485595703,96046400
2022-04-26,AAPL,159.11877502482716,159.20703454434567,153.69549840448505,153.77395629882812,95623200
2022-04-27,AAPL,152.90114966122312,156.70626068843154,152.38137914765707,153.5484161376953,88063200
2022-04-28,AAPL,156.17668589618484,161.3449860653006,155.862854289535,160.48196411132812,130216800
2022-04-29,AAPL,158.7167001847882,162.9925585964128,154.21528465651994,154.60755920410156,131747600
2022-05-02,AAPL,153.68569876055605,155.17635387935172,150.31208408187865,154.9115753173828,123055300
2022-05-03,AAPL,155.09793269514185,157.6085410477987,153.303262159751,156.4022674560547,88966500
2022-05-04,AAPL,156.58859524312854,163.26716957480116,156.1865040661354,162.81605529785156,108256500
2022-05-05,AAPL,160.68791986588977,160.91347698312873,151.9596689981739,153.7445526123047,130525300
2022-05-06,AAPL,153.22400390708842,156.59275954886184,151.42668182783396,154.47132873535156,116124600
2022-05-09,AAPL,152.16331792415085,153.0472550938576,148.78476058813538,149.34457397460938,131577900
2022-05-10,AAPL,152.74275136095326,153.94096598283207,150.1989918029188,151.7507781982422,115366700
2022-05-11,AAPL,150.75883036017825,152.67400468671187,143.20615431110124,143.8838348388672,142689800
2022-05-12,AAPL,140.22046241259886,143.58920335731457,136.32135622581737,140.0142059326172,182602000
2022-05-13,AAPL,142.00795311338425,145.45528221531998,140.55438668965164,144.4829559326172,113990900
2022-05-16,AAPL,142.9508252776519,144.88564694988057,141.60528003698874,142.9409942626953,86643800
2022-05-17,AAPL,146.2016865687997,147.0954395557584,144.06060880808,146.5749053955078,78336300
2022-05-18,AAPL,144.22756749777338,144.728454553279,137.40166819210114,138.3052520751953,109742900
2022-05-19,AAPL,137.38205052865445,139.13026237954173,134.160625433561,134.89723205566406,136095600
2022-05-20,AAPL,136.60616321771064,138.18741285426975,130.24188557508393,135.13294982910156,137426100
2022-05-23,AAPL,135.3293635083762,140.70168239695178,135.19186420352216,140.5543670654297,117726300
2022-05-24,AAPL,138.29541550178678,139.43470384222053,134.87756546678344,137.85345458984375,104132700
2022-05-25,AAPL,135.9579616828589,139.257960660006,135.86957246588344,138.01065063476562,92482700
2022-05-26,AAPL,134.93649979225893,141.76238425203672,134.6909642722216,141.21238708496094,90601500
2022-05-27,AAPL,142.79366865497497,147.00705253559786,142.66598536012808,146.9677734375,90978500
2022-05-31,AAPL,146.40795612568894,147.9695587462053,144.21776806233134,146.1820526123047,103718400
2022-06-01,AAPL,147.223134407982,149.03028774780992,145.0427771604216,146.0543975830078,74286600
2022-06-02,AAPL,145.19010444930467,148.56867650901708,144.237425177131,148.50975036621094,72348100
2022-06-03,AAPL,144.27668941243508,145.327588805216,141.88027492949882,142.78384399414062,88570300
2022-06-06,AAPL,144.40436412307008,145.91687147884687,142.31239647541148,143.53025817871094,71598400
2022-06-07,AAPL,141.77225627538414,146.33921227466968,141.52672068431926,146.0543975830078,67808200
2022-06-08,AAPL,145.92671828674779,147.19367537745603,144.82672360419159,145.3177947998047,53950200
2022-06-09,AAPL,144.45348753415902,145.3079465173713,139.98473718785118,140.0927734375,69473000
2022-06-10,AAPL,137.77486277722528,138.24628668705432,134.61236470062602,134.68112182617188,91437900
2022-06-13,AAPL,130.49722878533498,132.78562190034356,129.09277263849617,129.52491760253906,122207100
2022-06-14,AAPL,130.75259347181498,131.49901613498997,129.1320498799016,130.38919067382812,84784300
2022-06-15,AAPL,131.89189392813557,134.88743119148035,129.79994084447466,133.01153564453125,91533000
2022-06-16,AAPL,129.72137392087922,130.0258356762957,126.73565254208258,127.73744201660156,108123900
2022-06-17,AAPL,127.74724995941777,130.70349274398822,127.49188338256819,129.21063232421875,134520300
2022-06-21,AAPL,131.0374040187389,134.61240084976376,130.93919879539584,133.4436492919922,81000500
2022-06-22,AAPL,132.38294065988546,135.29990419534238,131.51866571381353,132.93295288085938,73409200
2022-06-23,AAPL,134.37672361512418,136.11510478571114,133.20797181999205,135.8008270263672,72433800
2022-06-24,AAPL,137.40168446081998,139.37579982628543,137.27401616859356,139.13026428222656,89116800
2022-06-27,AAPL,140.1516855515393,140.92758626309347,138.45258378281605,139.13026428222656,70207900
2022-06-28,AAPL,139.59189131103963,140.85884829692233,134.86778919791305,134.9856414794922,67083400
2022-06-29,AAPL,135.00530159449806,138.15797032243336,134.22940070216495,136.74368286132812,66242400
2022-06-30,AAPL,134.79899171123657,135.8989859736656,131.38114169133365,134.27845764160156,98964500
2022-07-01,AAPL,133.61062978312276,136.5570566364842,133.23742590571564,136.4490203857422,71051600
2022-07-05,AAPL,135.30971636921956,139.08113829870763,134.48470564577644,139.0320281982422,73353800
2022-07-06,AAPL,138.82581180795694,141.54633502633234,138.56062920663072,140.36776733398438,74064300
2022-07-07,AAPL,140.73117350935885,143.93296722465507,140.72135748073458,143.73654174804688,66253700
2022-07-08,AAPL,142.66597262808202,144.91508669074653,142.41062104747897,144.4141845703125,64547800
2022-07-11,AAPL,143.06866052706354,144.02133971358117,141.2124122640522,142.28294372558594,63141600
2022-07-12,AAPL,143.15702881773996,145.7989934962315,142.45971631070495,143.2552490234375,77588800
2022-07-13,AAPL,140.43649069061456,143.8346936356023,139.5820169555785,142.891845703125,71185600
2022-07-14,AAPL,141.50703095418416,146.29005802967413,140.6918512393976,145.81863403320312,78140700
2022-07-15,AAPL,147.10529207782946,148.16600770138874,145.55350523889854,147.4883270263672,76259900
2022-07-18,AAPL,148.04814036588357,148.86332029894717,144.08027695642463,144.4436798095703,81420900
2022-07-19,AAPL,145.27846713272842,148.52935529848105,144.28650894193657,148.303466796875,82982400
2022-07-20,AAPL,148.42132610705224,150.97490184976564,147.6847194489196,150.30703735351562,64823400
2022-07-21,AAPL,151.74094840024839,152.79184759877373,149.22666712229798,152.57577514648438,65086600
2022-07-22,AAPL,152.61507520531072,153.48918116011728,150.67043785379852,151.33828735351562,66675400
2022-07-25,AAPL,151.2597268643066,152.27133221190695,149.56062491925485,150.21865844726562,53623900
2022-07-26,AAPL,149.54097900815464,150.3561589035467,148.10705966352916,148.8927764892578,55138700
2022-07-27,AAPL,149.85528602165928,154.52046232301393,149.44278802073802,153.99009704589844,78620700
2022-07-28,AAPL,154.17668202554245,154.82489948966665,151.65258430440582,154.5400848388672,81378700
2022-07-29,AAPL,158.3606307359644,160.70795024668809,156.6516977293032,159.60794067382812,101786900
2022-08-01,AAPL,158.13473753103025,160.66866664290342,158.01688524229766,158.6258087158203,67829400
2022-08-02,AAPL,157.24097682201486,159.50972297268584,156.77936877558471,157.15257263183594,59907000
2022-08-03,AAPL,157.96775857743674,163.61507661089456,157.87936937014717,163.16329956054688,82507500
2022-08-04,AAPL,163.0454397472784,164.20437546779837,161.49365309665475,162.84901428222656,55474100
2022-08-05,AAPL,160.51808440274291,163.11454067024195,160.31154145785612,162.62278747558594,56697000
2022-08-08,AAPL,163.62595540473944,165.04220702567798,161.49174831186727,162.15069580078125,60276900
2022-08-09,AAPL,161.31477064083654,163.08508567487823,160.5574662915563,162.19992065429688,63135500
2022-08-10,AAPL,164.91434111224348,166.54696529007254,164.14720734331007,166.44862365722656,70170500
2022-08-11,AAPL,167.25512657950156,168.16979550252623,165.41597407733548,165.71102905273438,57149200
2022-08-12,AAPL,167.0190809905204,169.33031226065586,166.60599505436244,169.261474609375,68039400
2022-08-15,AAPL,168.6910420110852,170.53019439574174,168.52384770403629,170.33349609375,54091700
2022-08-16,AAPL,169.930270808534,170.84493975917735,168.82874820804471,170.1761474609375,56377100
2022-08-17,AAPL,169.92039567056804,173.24463691658173,169.72369740271,171.67103576660156,79542000
2022-08-18,AAPL,170.88426755707084,172.01529411647135,170.26465361199578,171.2776641845703,62290100
2022-08-19,AAPL,170.1761140668042,170.87441022573427,168.48448182965225,168.69102478027344,70346300
2022-08-22,AAPL,166.89119627908354,167.05839055907853,164.38325206492678,164.80616760253906,69026800
2022-08-23,AAPL,164.32428177313432,165.92740230652828,163.90136613852434,164.4718017578125,54147100
2022-08-24,AAPL,164.56030249873976,165.33726597260625,163.50794341888323,164.76683044433594,53841500
2022-08-25,AAPL,165.9962181286182,167.33378750652878,165.57331755675585,167.22560119628906,51218200
2022-08-26,AAPL,167.75669182805456,168.228770692368,160.86230244265508,160.9213104248047,78961000
2022-08-29,AAPL,158.49205968709833,160.21319598841637,157.18400930436007,158.71827697753906,73314000
2022-08-30,AAPL,159.45592432505862,159.8788249449609,155.11865676791015,156.28903198242188,77906200
2022-08-31,AAPL,157.66590799399623,157.9314589229971,154.54819451849457,154.6268768310547,87991100
2022-09-01,AAPL,154.056469922945,155.80711043286672,152.11896076188796,155.35470581054688,74229900
2022-09-02,AAPL,157.11519205841762,157.71513173322913,152.4140313307292,153.24017333984375,76957800
2022-09-06,AAPL,153.88925181756636,154.4990209999667,151.15510515135455,151.9812469482422,73714800
2022-09-07,AAPL,152.26646809885722,154.0859459351541,151.07641875135508,153.38766479492188,87449600
2022-09-08,AAPL,152.08942323375317,153.78105537712216,150.1617441609201,151.9123992919922,84923800
2022-09-09,AAPL,152.90577277832278,155.21701929836195,152.19764682354995,154.77442932128906,68028800
2022-09-12,AAPL,156.95780504262976,161.5507787814024,156.672594749297,160.73446655273438,104956000
2022-09-13,AAPL,157.26269006575274,157.89213365235918,150.84039354694787,151.30264282226562,122656600
2022-09-14,AAPL,152.23695501832623,154.50886749732993,151.07642462426648,152.74838256835938,87965400
2022-09-15,AAPL,152.09926605765543,152.67954626691656,148.88321078041434,149.85687255859375,90481100
2022-09-16,AAPL,148.71601438946803,148.85370468985187,145.92284471335466,148.21441650390625,162278800
2022-09-19,AAPL,146.8473562182448,152.01076545240036,146.64082825286496,151.9320831298828,81474200
2022-09-20,AAPL,150.8699064647989,155.47272515734463,150.5551921564435,154.3121795654297,107689800
2022-09-21,AAPL,154.74490471552286,156.121822780707,151.06660011449515,151.1846160888672,101696800
2022-09-22,AAPL,149.8667164993867,151.9222413623521,148.42096082844884,150.2207794189453,86652500
2022-09-23,AAPL,148.69635763891162,148.97173827223702,146.10973061112034,147.94888305664062,96029900
2022-09-26,AAPL,147.19157145564952,151.23378336075643,147.17189712565283,148.28326416015625,93339400
2022-09-27,AAPL,150.22078993520137,152.16812862553914,147.47679836474876,149.25694274902344,84442700
2022-09-28,AAPL,145.20488028971093,148.15539940831013,142.45105944426174,147.36859130859375,146691400
2022-09-29,AAPL,143.6902774000374,144.30004650786495,138.35966001189522,140.12997436523438,128138200
2022-09-30,AAPL,138.9498106360333,140.7397998435746,135.72391020279727,135.9206085205078,124925300
2022-10-03,AAPL,135.93042173003832,140.71026327900083,135.4189942166646,140.10047912597656,114311700
2022-10-04,AAPL,142.6379484443843,143.80832359652302,141.88064422703837,143.6903076171875,87830100
2022-10-05,AAPL,141.6937945288243,144.94919877755754,140.65126498965273,143.9853515625,79471000
2022-10-06,AAPL,143.40507882099124,145.1065408456924,142.8248135939426,143.03134155273438,68402200
2022-10-07,AAPL,140.18902234140444,140.7397986362367,137.14999058855568,137.77943420410156,85925600
2022-10-10,AAPL,138.1039581298828,139.54971364677584,136.2844804095271,138.1039581298828,74899000
2022-10-11,AAPL,137.59253769929057,139.01863396780078,135.94025417061508,136.68771362304688,77033700
2022-10-12,AAPL,136.83526713014228,138.04497594951954,135.88126460377657,136.05828857421875,70433700
2022-10-13,AAPL,132.76352584164425,141.2216713360496,132.15374170783133,140.63157653808594,113224000
2022-10-14,AAPL,141.92981170804703,142.1363546632189,135.9107571080086,136.09762573242188,88598000
2022-10-17,AAPL,138.74327729972723,140.54308109407378,137.9564690521345,140.06117248535156,85250900
2022-10-18,AAPL,143.0903655439518,144.2804000004446,138.2908490399077,141.37905883789062,99136600
2022-10-19,AAPL,139.35302135031444,142.5592467457927,139.1661527370201,141.4872283935547,61758300
2022-10-20,AAPL,140.66113173914408,143.48379115188152,140.29722405710444,141.0250244140625,64522000
2022-10-21,AAPL,140.51356590449524,145.41143897685419,140.29719327846567,144.84100341796875,86548600
2022-10-24,AAPL,144.7622969983835,147.75214959476102,143.59192208164805,146.98501586914062,75981900
2022-10-25,AAPL,147.61451775067997,149.97494284693582,146.8965620580291,149.82740783691406,74732300
2022-10-26,AAPL,148.4701495749658,149.48316008121265,145.598297355203,146.88670349121094,88194300
2022-10-27,AAPL,145.62781359762897,146.5916457586151,141.75279561471663,142.4117431640625,109180200
2022-10-28,AAPL,145.75566287950778,154.90227649289278,145.3819406077306,153.1713104248047,164762400
2022-10-31,AAPL,150.63387384328797,151.6960627678098,149.41432026169932,150.81089782714844,97943200
2022-11-01,AAPL,152.52219441549875,152.88608702918296,146.6703335656384,148.16525268554688,80379300
2022-11-02,AAPL,146.49329861316923,149.66019092618583,142.60845071578376,142.63795471191406,93604600
2022-11-03,AAPL,139.71694502591794,140.444745311601,136.46154058499346,136.5894012451172,97918500
2022-11-04,AAPL,139.97824816387146,140.5496299805745,132.38284296255216,136.32339477539062,140814800
2022-11-07,AAPL,135.07224959765693,137.08192417351185,133.65364870551915,136.8553466796875,83374600
2022-11-08,AAPL,138.32323704462326,139.32806703138522,135.44663574586633,137.4267578125,89908500
2022-11-09,AAPL,136.44157915518326,136.49083904936677,132.58968692297566,132.8655242919922,74917800
2022-11-10,AAPL,139.1408494645532,144.68716430664062,137.42670451286986,144.68716430664062,118854000
2022-11-11,AAPL,143.6528333928847,147.7805490726991,142.2243712372686,147.47515869140625,93979700
2022-11-14,AAPL,146.75601106211803,148.04653945457946,145.23889010351994,146.07626342773438,73374100
2022-11-15,AAPL,149.95768214517247,151.3073161661693,146.35207406862938,147.81007385253906,89868300
2022-11-16,AAPL,146.91361736230309,147.642609775535,145.100952232511,146.5786590576172,64218300
2022-11-17,AAPL,144.25377507617625,149.22872584309494,143.97793759102575,148.4800262451172,80389400
2022-11-18,AAPL,150.0463641188946,150.4305673318375,147.74114484123723,149.04151916503906,74829600
2022-11-21,AAPL,147.92829700778424,148.13516752974954,145.52455834869187,145.81024169921875,58724100
2022-11-22,AAPL,145.92847743972578,148.18443654711209,144.74629997055138,147.947998046875,51804100
2022-11-23,AAPL,147.22887996484198,149.5735133563615,147.1205141770319,148.82481384277344,58301400
2022-11-25,AAPL,146.10577698458263,146.66731271624482,144.93346065947097,145.90875244140625,35195900
2022-11-28,AAPL,142.98289353666578,144.46060017306456,141.24905649481454,142.07656860351562,69246000
2022-11-29,AAPL,142.14554009146167,142.6578160052338,138.26410941652946,139.07191467285156,83763800
2022-11-30,AAPL,139.2984872397453,146.50970358247017,138.46112907886217,145.8299560546875,111380900
2022-12-01,AAPL,146.00728442076144,146.9136094206591,144.43105787971572,146.1057891845703,71250400
2022-12-02,AAPL,143.79073931676461,145.80041408602733,143.48533393064037,145.6132354736328,65447400
2022-12-05,AAPL,145.5738317516645,148.67701012513257,143.60355595085647,144.45077514648438,68826400
2022-12-06,AAPL,144.8842493657544,145.11082689130228,139.81077976944414,140.78607177734375,64727200
2022-12-07,AAPL,140.07677467327488,141.23923029830829,137.91932004741116,138.84535217285156,69721100
2022-12-08,AAPL,140.2442695496168,141.38703342689922,139.00300087519895,140.5299530029297,62128300
2022-12-09,AAPL,140.22454358218158,143.40655024212361,138.80594241386282,140.04722595214844,76097000
2022-12-12,AAPL,140.57920002207968,142.35245156002605,138.96357418350942,142.3426055908203,70462700
2022-12-13,AAPL,147.27810283544738,147.7411188094641,142.09628335791112,143.30799865722656,93886200
2022-12-14,AAPL,143.1898139764628,144.48034234830936,139.06208336103646,141.0816192626953,82291200
2022-12-15,AAPL,139.01283101163355,139.69257867211073,134.00832790749715,134.47134399414062,98931900
2022-12-16,AAPL,134.6585187405124,135.60424282446493,131.74250357896327,132.5109100341797,160156900
2022-12-19,AAPL,133.1020090197244,133.19066784085936,129.36834224245627,130.40272521972656,79592600
2022-12-20,AAPL,129.43727633927585,131.26963355148135,127.9595693949815,130.33375549316406,77432800
2022-12-21,AAPL,131.0036134680718,134.77669284525507,130.7770359950843,133.43690490722656,85928000
2022-12-22,AAPL,132.35330392731453,132.56017450128888,128.3634917913713,130.26480102539062,77852100
2022-12-23,AAPL,128.97425178436364,130.45195863115794,127.71327647766012,129.90028381347656,63814900
2022-12-27,AAPL,129.42744608626094,129.45699902617415,126.80697517918489,128.09750366210938,69007800
2022-12-28,AAPL,127.74283419111387,129.08262238361158,123.99931454878694,124.16678619384766,85438400
2022-12-29,AAPL,126.08781241864538,128.5408039711882,125.8316819463041,127.6837387084961,75703700
2022-12-30,AAPL,126.50158621125367,128.01869226136404,125.53614757244897,127.99898529052734,77034200
2023-01-03,AAPL,128.34377240566315,128.9545531314731,122.32457886036785,123.2112045288086,112117500
2023-01-04,AAPL,125.00415469022626,126.74785308207225,123.22105739420844,124.4820327758789,89113600
2023-01-05,AAPL,125.24057541769616,125.87106305679183,122.90580346279697,123.16193389892578,80962700
2023-01-06,AAPL,124.13724683818648,128.35362894146016,123.03388952483932,127.69358825683594,87754700
2023-01-09,AAPL,128.53098019432045,131.427288863226,127.95959824320164,128.21572875976562,70790800
2023-01-10,AAPL,128.32407802637962,129.30921608440133,126.21588318349379,128.78709411621094,63896200
2023-01-11,AAPL,129.29935853420528,131.52576493439358,128.52110615216108,131.50607299804688,69458900
2023-01-12,AAPL,131.89026209256642,132.26460425926095,129.48652329837336,131.42724609375,71379600
2023-01-13,AAPL,130.0677644513709,132.914812571895,129.70326821418658,132.75718688964844,57809700
2023-01-17,AAPL,132.82614355724837,135.24957434953774,132.1365500404185,133.91964721679688,63646600
2023-01-18,AAPL,134.78655764920913,136.54994765313825,133.0231526132705,133.2004852294922,69672800
2023-01-19,AAPL,132.0873116107182,134.22505937639417,131.78192122019502,133.25962829589844,58280400
2023-01-20,AAPL,133.26944989272516,135.96873306889344,132.22520615532028,135.82095336914062,80223600
2023-01-23,AAPL,136.06727935780177,141.1900098722199,135.8505477576372,139.01284790039062,81760300
2023-01-24,AAPL,138.22473520857972,141.03238502581226,138.21488923833545,140.4117431640625,66435100
2023-01-25,AAPL,138.7960933961296,140.31319931491353,136.74700453490559,139.75167846679688,65799300
2023-01-26,AAPL,141.04221286895242,142.10616376720364,139.79108333600698,141.8204803466797,54105100
2023-01-27,AAPL,141.03236318771044,145.04186713056833,140.95355034191297,143.7611846923828,70555800
2023-01-30,AAPL,142.80563325307273,143.3868611555781,140.7269911492517,140.874755859375,64015300
2023-01-31,AAPL,140.57917270592753,142.19479823056315,140.1654165994733,142.14553833007812,65874500
2023-02-01,AAPL,141.83030751885846,144.43107102589934,139.2196980441436,143.2686004638672,77663600
2023-02-02,AAPL,146.68704352311798,148.93315698101298,145.96789698553212,148.57852172851562,118339000
2023-02-03,AAPL,145.82996797468513,155.04101372137666,145.6329433931969,152.2038116455078,154357300
2023-02-06,AAPL,150.3025182240104,150.82464018350336,148.5391127115985,149.47499084472656,69858300
2023-02-07,AAPL,148.4011799958932,152.9229595728958,148.4011799958932,152.35157775878906,83322600
2023-02-08,AAPL,151.59301668652708,152.28261017293363,148.92328650742598,149.66213989257812,64120100
2023-02-09,AAPL,151.49453251585427,152.036361465456,148.18446797066764,148.62777709960938,56007100
2023-02-10,AAPL,147.46352995054943,149.3184067990407,147.22673043469464,148.99281311035156,57450700
2023-02-13,AAPL,148.93360529625505,152.19938787253557,148.90400724096855,151.7948760986328,62199000
2023-02-14,AAPL,150.08800434565288,151.7159729836762,148.84484061249728,151.15357971191406,61707600
2023-02-15,AAPL,151.06476513520522,153.4228390365263,150.83784167870803,153.25511169433594,65573800
2023-02-16,AAPL,151.45944356730615,154.24178188706213,151.3015922520093,151.6567840576172,68167900
2023-02-17,AAPL,150.314927401964,150.95623873407766,148.83496427712012,150.5122528076172,59144100
2023-02-21,AAPL,148.19363813923312,149.27895045459564,146.42755543146694,146.49661254882812,58867200
2023-02-22,AAPL,146.88140906273446,147.94698436963745,145.19425945136115,146.92088317871094,51011300
2023-02-23,AAPL,148.0850975380816,148.33175804369702,145.27317680704334,147.40431213378906,48394200
2023-02-24,AAPL,145.1449407917213,145.22387397766028,143.77350867783375,144.7502899169922,55469600
2023-02-27,AAPL,145.736905394929,147.17739437262094,145.48036882399748,145.944091796875,44998500
2023-02-28,AAPL,145.085741426228,147.08862392793702,144.86867893348426,145.44093322753906,50547000
2023-03-01,AAPL,144.86865768902635,145.26330849706878,143.0729618860178,143.36895751953125,55479000
2023-03-02,AAPL,142.4514066454644,144.7502847940671,141.97780754659183,143.96096801757812,52238100
2023-03-03,AAPL,146.0624926286878,149.0914911594904,145.36198515518814,149.01255798339844,70732300
2023-03-06,AAPL,151.7356876269036,154.21216902598104,151.41010897005816,151.77516174316406,87558000
2023-03-07,AAPL,151.64687511738626,151.9724687898397,149.11121296034582,149.57493591308594,56182000
2023-03-08,AAPL,150.76876104233762,151.41994837307152,149.80185610137525,150.8279571533203,47204800
2023-03-09,AAPL,151.50875841619168,152.47566345847628,148.2232384177023,148.57843017578125,53833600
2023-03-10,AAPL,148.20352210122027,148.92376664622063,145.63824652167983,146.516357421875,68572400
2023-03-13,AAPL,145.83555065664373,151.09435428881787,145.72701943515565,148.46002197265625,84457100
2023-03-14,AAPL,149.25919818665145,151.35087437586574,148.09496787151124,150.55169677734375,73695900
2023-03-15,AAPL,149.17042182051847,151.20290214198522,147.91738213550175,150.94638061523438,77167900
2023-03-16,AAPL,150.1274764543104,154.37004080347904,149.6144183096525,153.7681884765625,76161100
2023-03-17,AAPL,153.99511025228628,154.64629769155513,152.21915135199143,152.92953491210938,98944600
2023-03-20,AAPL,152.99859207349292,155.7118577491849,152.0908681263484,155.29745483398438,73641400
2023-03-21,AAPL,155.21853377224946,157.2707359778321,154.44893912645242,157.15234375,73938300
2023-03-22,AAPL,157.17209056471103,159.97415053377057,155.7019884063488,155.7217254638672,75701800
2023-03-23,AAPL,156.70836691747317,159.39203464017027,155.57371946683134,156.80702209472656,67622100
2023-03-24,AAPL,156.73797352277555,158.19819969843707,155.74147036488569,158.10940551757812,59196500
2023-03-27,AAPL,157.80352453027854,158.62243920020293,155.76116835559435,156.1656951904297,52390300
2023-03-28,AAPL,155.85986113132142,156.37291926303735,153.89643783944095,155.54412841796875,45992200
2023-03-29,AAPL,157.241143834068,158.8987103608656,157.22142183199622,158.62245178222656,51305700
2023-03-30,AAPL,159.37230833774987,160.29975438530866,159.1157867936236,160.19122314453125,49501700
2023-03-31,AAPL,160.27016471086742,162.7959663866168,159.74724553838644,162.69729614257812,68749800
2023-04-03,AAPL,162.07571848273926,164.06872488806627,162.0263833617239,163.95033264160156,56976200
2023-04-04,AAPL,164.37458557847017,164.61137005549932,162.90448337873613,163.41754150390625,46278300
2023-04-05,AAPL,162.53944524256352,162.84530192290984,159.6387146980463,161.57252502441406,51511700
2023-04-06,AAPL,160.26027222926052,162.75649064193277,159.83602334429725,162.4604949951172,45390100
2023-04-10,AAPL,159.26374836927192,159.8656005859375,157.94165171461705,159.8656005859375,47716900
2023-04-11,AAPL,160.1813521100088,160.19121311129285,158.36591919116847,158.6520538330078,47644200
2023-04-12,AAPL,159.0664295213536,159.8952052146149,157.64566258721274,157.96139526367188,50133100
2023-04-13,AAPL,159.4709538117945,163.58524921058068,159.26375236431844,163.34844970703125,68445600
2023-04-14,AAPL,162.39144539168964,164.09834733508953,161.6317416937249,163.003173828125,49386500
2023-04-17,AAPL,162.88471313877702,163.18070872972922,161.83887509837894,163.02284240722656,41516200
2023-04-18,AAPL,163.8812698478859,165.17376867697192,163.43726882906975,164.24632263183594,49923000
2023-04-19,AAPL,163.5852815705882,165.91375779040226,163.3287449605883,165.39083862304688,47720200
2023-04-20,AAPL,163.8713720291843,165.62759364761484,163.34845295487423,164.42388916015625,52456400
2023-04-21,AAPL,162.84528714652217,164.226580111448,162.29276996055185,162.81568908691406,58337300
2023-04-24,AAPL,162.79594256316088,163.38793383083043,161.70076925644653,163.1215362548828,41949600
2023-04-25,AAPL,162.98341218856248,164.08844653165775,161.54290808705858,161.58238220214844,48714100
2023-04-26,AAPL,160.8818784792827,163.07222541881754,160.62535692108122,161.57252502441406,45498800
2023-04-27,AAPL,162.98341161052969,166.3083906842776,162.98341161052969,166.160400390625,64902300
2023-04-28,AAPL,166.23936050031372,167.58119458170708,165.6375081170057,167.4134521484375,55275900
2023-05-01,AAPL,167.01875886308395,168.17312821243692,166.38730857655852,167.32461547851562,52472900
2023-05-02,AAPL,167.81796415576136,168.07450075678005,165.3020235951721,166.28866577148438,48425700
2023-05-03,AAPL,167.23584575291258,168.63687581044152,164.92710671677185,165.21322631835938,65136000
2023-05-04,AAPL,162.6874369491867,164.80871172491695,162.1151826483231,163.57540893554688,81235400
2023-05-05,AAPL,168.6960805994559,171.97173995816638,168.47901810918157,171.25149536132812,113453200
2023-05-08,AAPL,170.1760547498472,171.52776489899594,169.81100192703093,171.18243408203125,55962800
2023-05-09,AAPL,170.7384563843654,171.2219014856959,169.30782803221874,169.47555541992188,45326900
2023-05-10,AAPL,170.70881232248743,171.70531537679722,169.60376298512443,171.24159240722656,53724500
2023-05-11,AAPL,171.5277321199156,172.25783762602444,169.87016559220018,171.42906188964844,49514700
2023-05-12,AAPL,171.5377460938216,171.97247152405595,168.94917294661113,170.50035095214844,45533100
2023-05-15,AAPL,171.0832715155854,171.13267487374878,169.4135375098661,170.00634765625,37266700
2023-05-16,AAPL,169.92730529834625,171.0635071571624,169.73958158279842,170.00634765625,42110300
2023-05-17,AAPL,169.65068438723694,170.85603902755463,168.37614694646877,170.61892700195312,57951600
2023-05-18,AAPL,170.92517510124802,173.13831574371522,170.51021405749552,172.95059204101562,65496700
2023-05-19,AAPL,174.27452457823847,174.27452457823847,172.84191768629904,173.0592803955078,55809500
2023-05-22,AAPL,171.89343134950482,172.61468722054929,171.3697889134683,172.1107940673828,43570900
2023-05-23,AAPL,171.05361929309908,171.300620989034,169.22580071286586,169.50244140625,50747300
2023-05-24,AAPL,169.03809335131075,170.35214430979713,168.4749372695529,169.7790985107422,45143500
2023-05-25,AAPL,170.34225271987503,171.81437317497037,169.63088663153601,170.91529846191406,56058300
2023-05-26,AAPL,171.24133948884744,173.66195304430255,171.03385143516303,173.32601928710938,54835000
2023-05-30,AAPL,174.83768056740178,176.84333305757605,174.45235853913644,175.17359924316406,55964400
2023-05-31,AAPL,175.20326416230037,177.19904230758075,174.64009299685546,175.1242218017578,99625300
2023-06-01,AAPL,175.5687945017499,177.95976900098933,174.8080250915144,177.9301300048828,68901800
2023-06-02,AAPL,178.8588427561831,179.5998477441502,177.11006676336092,178.77980041503906,61996900
2023-06-05,AAPL,180.43967788018574,182.7318457046313,175.90471543246178,177.42625427246094,121946500
2023-06-06,AAPL,177.81157917901706,177.95977416384898,175.30203354675976,177.06069946289062,64848400
2023-06-07,AAPL,176.29993732672585,179.03672040758232,175.19337452542106,175.6873779296875,61944600
2023-06-08,AAPL,175.76642717021195,178.6711699623807,175.33171678380066,178.4044189453125,50214900
2023-06-09,AAPL,179.3232203666376,180.04446105377914,178.46365934119785,178.78970336914062,48900000
2023-06-12,AAPL,179.09598823299092,181.68456110008822,178.7995831921066,181.58575439453125,54274900
2023-06-13,AAPL,180.6076788745564,181.94147925145757,180.2519957588914,181.11155700683594,54929100
2023-06-14,AAPL,181.17080494588566,182.1785761189824,179.8370047903456,181.7438507080078,57462900
2023-06-15,AAPL,181.75375744495216,184.28305271752754,181.5759083620863,183.77915954589844,65433200
2023-06-16,AAPL,184.49048389995454,184.74737528632218,182.05999589951927,182.7021942138672,101256200
2023-06-20,AAPL,182.19834264439277,183.86807659469073,182.19834264439277,182.7911376953125,49799100
2023-06-21,AAPL,182.6824521359612,183.1863452547994,180.40015882951445,181.7537384033203,49515700
2023-06-22,AAPL,181.53636658960147,184.8066665365007,181.46719888037438,184.75726318359375,51245300
2023-06-23,AAPL,183.32467881492002,185.31056720794078,182.79114665956078,184.4411163330078,53117000
2023-06-26,AAPL,184.58932295318664,185.79469252512132,183.00850595123646,183.04803466796875,48088700
2023-06-27,AAPL,183.66059237854205,186.13060949863421,183.4432296659109,185.8045654296875,50730800
2023-06-28,AAPL,185.67613974563,187.62251465229744,185.35011071729988,186.98031616210938,51216800
2023-06-29,AAPL,186.8123450566035,187.7904773075337,186.67402469467498,187.31622314453125,46347300
2023-06-30,AAPL,189.33175958026345,192.14757008838143,188.96618679019105,191.64369201660156,85213200
2023-07-03,AAPL,191.45597092726317,191.5547776450248,189.46019281962833,190.1518096923828,31458200
2023-07-05,AAPL,189.27246641036476,190.66554451499093,188.33384790710164,189.03533935546875,46920300
2023-07-06,AAPL,187.56320791106293,189.7170705815605,186.9308841600135,189.50958251953125,45094300
2023-07-07,AAPL,189.11439856972888,190.3592817984136,187.9584323411384,188.3931427001953,46815000
2023-07-10,AAPL,186.9901751208951,187.71143099184326,184.79679865953796,186.3479766845703,59922200
2023-07-11,AAPL,186.8913900886379,187.02971045254367,184.36209481962464,185.8243408203125,46638100
2023-07-12,AAPL,187.40513225686783,189.4009103170613,186.20965240962747,187.4940643310547,60750200
2023-07-13,AAPL,188.2153081360164,188.897035286273,187.5039419858172,188.25482177734375,41342300
2023-07-14,AAPL,187.94854060692288,188.88714410801785,187.35574553686786,188.4030303955078,41616200
2023-07-17,AAPL,189.59847620828748,191.98946564494966,189.50955922511346,191.66342163085938,50520200
2023-07-18,AAPL,191.03110761046918,191.9993499863452,190.11225351055063,191.4065399169922,48288200
2023-07-19,AAPL,190.78414844963865,195.85261386154613,190.3395332606346,192.76016235351562,80507300
2023-07-20,AAPL,192.7502360363635,194.1136901954007,190.19130213491889,190.81375122070312,59581200
2023-07-21,AAPL,191.77211391982547,192.63167495782974,188.93652432958442,189.6380157470703,71951700
2023-07-24,AAPL,191.09041212625252,192.57242242955687,189.9443205401746,190.43832397460938,45377800
2023-07-25,AAPL,191.01135149007996,192.1080396126164,190.6062650944163,191.29786682128906,37283200
2023-07-26,AAPL,191.34728040522955,193.29365506077994,191.00148706119938,192.16732788085938,47471900
2023-07-27,AAPL,193.66908608151945,194.83492680246852,190.24070147552166,190.9026641845703,47460200
2023-07-28,AAPL,192.33527753863382,194.2717774555962,191.81163515269853,193.4813690185547,48291400
2023-07-31,AAPL,193.70862628447964,194.13347708185938,192.91821776612247,194.0939483642578,38824100
2023-08-01,AAPL,193.8864413584275,194.37055499572895,192.93794828758732,193.2639923095703,35175100
2023-08-02,AAPL,192.70084355962268,192.83916391140565,189.54911446715442,190.27035522460938,50389300
2023-08-03,AAPL,189.27250064800953,190.06289415573028,188.40304969856896,188.87728881835938,61235200
2023-08-04,AAPL,183.29500493096032,185.13269797319032,179.7381748247779,179.80734252929688,115956800
2023-08-07,AAPL,179.94567809387448,180.9336848652445,175.2230069327887,176.70501708984375,97576100
2023-08-08,AAPL,177.5349496271552,178.10799539743132,175.45025461361834,177.6436309814453,67823000
2023-08-09,AAPL,178.70079919463467,178.76007719518685,174.88709204262926,176.05294799804688,60378500
2023-08-10,AAPL,177.32744074056737,178.58221348809383,175.46999837048295,175.83555603027344,54686900
2023-08-11,AAPL,175.42998203855163,176.71611347184137,174.66818511712222,175.89495849609375,52036700
2023-08-14,AAPL,176.07301094207762,177.77467859210861,175.42004228880285,177.54713439941406,43675600
2023-08-15,AAPL,176.9733287591711,177.56692432110017,175.1628328578025,175.55856323242188,43622600
2023-08-16,AAPL,175.24198634047178,176.63694575843348,174.61869664349865,174.68795776367188,46964900
2023-08-17,AAPL,175.25187020963352,175.6179215615527,171.6308784010705,172.1453399658203,66062900
2023-08-18,AAPL,170.46345254957686,173.23361029129558,170.12708024206367,172.63011169433594,61172200
2023-08-21,AAPL,173.2039318191006,174.2526308376999,171.88810651020768,173.96571350097656,46311900
2023-08-22,AAPL,175.17269520823896,175.7860817280131,174.37133150436787,175.34088134765625,42038900
2023-08-23,AAPL,176.61716031274474,179.61486234805133,176.42918310654636,179.18943786621094,52722800
2023-08-24,AAPL,178.74422007761805,179.16964451815014,174.1338878222112,174.4999542236328,54945800
2023-08-25,AAPL,175.4893068451812,177.2404295003986,173.9459373407173,176.70619201660156,51449600
2023-08-28,AAPL,178.17042326142217,178.66509377862053,176.6468447107556,178.2693634033203,43820700
2023-08-29,AAPL,177.7846148248355,182.92918616725922,177.58674959938634,182.15750122070312,53003900
2023-08-30,AAPL,182.96870544998342,185.84769104467406,182.77084029246882,185.64981079101562,60813900
2023-08-31,AAPL,185.83782890921285,187.10418431162185,185.4816655087761,185.8675079345703,60794500
2023-09-01,AAPL,187.4702460412081,187.8956554579994,186.27313669620688,187.44056701660156,45766500
2023-09-05,AAPL,186.27313129788112,187.9550080601447,185.6102746073009,187.67799377441406,45280000
2023-09-06,AAPL,186.3918455631262,186.8370611072444,179.53571941437733,180.9603729248047,81755800
2023-09-07,AAPL,173.312752460059,176.31046963604499,171.69023379276553,175.66738891601562,112488800
2023-09-08,AAPL,176.44896296342043,178.31881673909905,175.89491935539235,176.28076171875,65551300
2023-09-11,AAPL,178.15065045906456,178.3781946740771,175.44973851819339,177.44821166992188,58953100
2023-09-12,AAPL,177.57682236385347,178.2100000030001,172.95660168355545,174.4208221435547,90370200
2023-09-13,AAPL,174.6285604188278,175.41014819975618,172.12552909799857,172.35308837890625,84267900
2023-09-14,AAPL,172.14536223212792,174.22298471131973,171.72984075551918,173.8668212890625,60895800
2023-09-15,AAPL,174.59889423512476,174.61868528190746,171.967258666553,173.14456176757812,109259500
2023-09-18,AAPL,174.59887469750015,177.46797231412128,174.29218143934185,176.072998046875,67257600
2023-09-19,AAPL,175.62783421196144,177.71534451200176,175.24199179139225,177.16131591796875,51826900
2023-09-20,AAPL,177.34925024969752,177.78456267568592,173.5303936437239,173.61944580078125,58436200
2023-09-21,AAPL,172.68948203416045,174.42082885900223,172.006834299268,172.07608032226562,63149100
2023-09-22,AAPL,172.80820955696336,175.19252525078977,172.19482290064929,172.9269256591797,56725400
2023-09-25,AAPL,172.3432048049037,175.08368369125543,172.29373473406022,174.2031707763672,46172700
2023-09-26,AAPL,172.95660640862047,173.3325457352886,169.83028512536117,170.12709045410156,64588900
2023-09-27,AAPL,170.78001646868876,171.19553782333026,167.24807740616436,168.6133575439453,66921800
2023-09-28,AAPL,167.53500431517824,170.19633406818943,165.83333655703308,168.87062072753906,56294400
2023-09-29,AAPL,170.18643455541363,171.22524557281096,168.52433390834895,169.38507080078125,51861100
2023-10-02,AAPL,169.39496352748424,172.4421355524603,169.10804618991,171.8979949951172,52164500
2023-10-03,AAPL,170.42390128992824,171.7793089326026,168.9992627128071,170.56240844726562,49594600
2023-10-04,AAPL,169.26634637027362,172.3531005247124,169.14763028223018,171.8089599609375,53020300
2023-10-05,AAPL,171.93755168454948,173.57986123329636,170.83938266052527,173.04562377929688,48527900
2023-10-06,AAPL,171.94748866333921,176.09283034712797,171.33408690716874,175.59815979003906,57266700
2023-10-09,AAPL,174.925397135301,177.14152662960254,173.92616806085798,177.08216857910156,42390800
2023-10-10,AAPL,176.20163840129018,177.80436599291428,176.05322819338144,176.48854064941406,43698000
2023-10-11,AAPL,176.300562769531,177.9329844734106,175.70696722860302,177.88351440429688,47551100
2023-10-12,AAPL,178.1506358590928,180.39642899359671,177.13160077070958,178.7838134765625,56743100
2023-10-13,AAPL,179.4862324115919,179.99079085887703,176.24119532002288,176.94363403320312,51427100
2023-10-16,AAPL,174.86602989056055,177.17119633941073,174.6285826048942,176.81503295898438,52517000
2023-10-17,AAPL,174.7670635598835,176.51820117592956,172.9367919566193,175.26173400878906,57549400
2023-10-18,AAPL,173.70849028197048,175.68717223288098,173.2434988158149,173.96571350097656,54764400
2023-10-19,AAPL,174.16358722416024,175.9444040866048,173.32265641144056,173.58978271484375,59302900
2023-10-20,AAPL,173.44135313663412,173.55018124096887,170.79981470903,171.03726196289062,64244000
2023-10-23,AAPL,169.08827156264798,172.15521956196545,168.11870652701532,171.15599060058594,55980100
2023-10-24,AAPL,171.20545097606092,171.81883752196748,169.6224994494151,171.59129333496094,43816600
2023-10-25,AAPL,170.04796051874604,171.21537582153513,168.83106004342108,169.27627563476562,57157000
2023-10-26,AAPL,168.55403244057868,169.55327657792432,163.90413245355498,165.1111297607422,70625300
2023-10-27,AAPL,165.13092178908886,167.1590740039346,165.05177269186868,166.4269561767578,58499100
2023-10-30,AAPL,167.21841659954197,169.34549366723184,167.0700063949142,168.47486877441406,51131000
2023-10-31,AAPL,167.54490564738762,169.07837213199355,166.1103491096919,168.94976806640625,44846000
2023-11-01,AAPL,169.1773175299865,172.37288485640974,168.3066925856151,172.11566162109375,56934900
2023-11-02,AAPL,173.64913976332178,175.88504503012373,173.58978171760563,175.6772918701172,77334800
2023-11-03,AAPL,172.38278939451087,174.93529110628108,171.5022764668811,174.76708984375,79829200
2023-11-06,AAPL,174.49996733550321,177.51744525540883,174.3317811800047,177.319580078125,63841300
2023-11-07,AAPL,177.27009874628624,180.4953598060514,177.06234560698942,179.88197326660156,70530000
2023-11-08,AAPL,180.40632954214095,181.4945955371222,179.65442075331012,180.94056701660156,49340300
2023-11-09,AAPL,181.00982351508927,182.15744752284814,179.87207238589124,180.46568298339844,53763500
2023-11-10,AAPL,182.24883894138773,184.82452025063435,181.8129530168045,184.65609741210938,66133400
2023-11-13,AAPL,184.08156757584422,184.28959445510736,182.4866293320066,183.07110595703125,43627500
2023-11-14,AAPL,185.94394820695575,186.35011603301572,184.55705211313364,185.68638610839844,60108400
2023-11-15,AAPL,186.09256123667055,187.72711849110286,186.02320887124122,186.2510528564453,53790500
2023-11-16,AAPL,187.79646053927942,189.1734556093977,186.88505441646575,187.93515014648438,54412900
2023-11-17,AAPL,188.47011800403556,188.5989066274509,186.80584248313986,187.9153594970703,50922700
2023-11-20,AAPL,188.11347160798348,190.1145776039652,188.10357060538217,189.65887451171875,46505100
2023-11-21,AAPL,189.6192457228965,189.72821721009598,187.96487141071046,188.8564453125,38134500
2023-11-22,AAPL,189.69851123933077,191.12502655036587,189.0446822742513,189.5201873779297,39617700
2023-11-24,AAPL,189.0843077535022,189.1140258787283,187.47946852715137,188.19273376464844,24048300
2023-11-27,AAPL,188.1431623745596,188.88614559455414,187.13270096287798,188.01437377929688,40552600
2023-11-28,AAPL,188.0045033953615,189.29234420962146,187.62805366546104,188.6186981201172,38415400
2023-11-29,AAPL,189.11399699712592,190.29286617117475,187.2020606914072,187.5983123779297,43014200
2023-11-30,AAPL,188.06392585220516,188.53944603911236,186.42936866830843,188.1728973388672,48794400
2023-12-01,AAPL,188.54936135651158,189.76784980640184,187.4596464071562,189.4508514404297,45704800
2023-12-04,AAPL,188.2026180609542,188.27197042434886,185.69628894913777,187.6577606201172,43389500
2023-12-05,AAPL,188.43046796633192,192.58125508438908,188.40073472916,191.6104278564453,66628400
2023-12-06,AAPL,192.63079897005184,192.93789631295678,190.3126947209947,190.52073669433594,41089700
2023-12-07,AAPL,191.8185027618749,193.1756809137271,191.77886851619465,192.4525146484375,47477700
2023-12-08,AAPL,192.38313041357762,194.15639227120218,191.8580901155405,193.87901306152344,53406400
2023-12-11,AAPL,191.3033586686724,191.67980841318465,189.6291670567547,191.37269592285156,60943700
2023-12-12,AAPL,191.27362671385956,192.8982829604503,189.92634969600132,192.8883819580078,52696900
2023-12-13,AAPL,193.26479645974607,196.14757505430106,193.02705149757753,196.1079559326172,70404200
2023-12-14,AAPL,196.16743741550002,197.75245962096574,194.3248379535694,196.256591796875,66831600
2023-12-15,AAPL,195.68199966761293,196.54385551373443,195.15695931123605,195.7216339111328,128538400
2023-12-18,AAPL,194.25545312358386,194.79040955452615,192.5713606983871,194.0573272705078,55751900
2023-12-19,AAPL,194.32480226669028,195.10740466398735,194.05732405565033,195.09750366210938,40714100
2023-12-20,AAPL,195.05788936850126,195.8305908429342,193.00726318359375,193.00726318359375,52242800
2023-12-21,AAPL,194.26537091395173,195.23619818360498,191.6896894536902,192.858642578125,46482500
2023-12-22,AAPL,193.35397752019378,193.58183662844655,191.16466173906855,191.7887725830078,37149600
2023-12-26,AAPL,191.79868551282587,192.07606476826226,191.0259839989623,191.24392700195312,28919300
2023-12-27,AAPL,190.68915794498034,191.6897034098951,189.3022466284661,191.3429718017578,48087700
2023-12-28,AAPL,192.32370988068791,192.8388492190412,191.36278357008254,191.76895141601562,34049900
2023-12-29,AAPL,192.08593771837442,192.58125990446206,189.9362412446781,190.728759765625,42672100
