Date,Ticker,Open,High,Low,Close,Volume
,,GOOGL,GOOGL,GOOGL,GOOGL,GOOGL
2015-01-02,GOOGL,26.430298664187116,26.58910055297391,26.196068386511584,26.27894401550293,26480000
2015-01-05,GOOGL,26.159842033382823,26.201526888631296,25.693367301046194,25.77822494506836,41182000
2015-01-06,GOOGL,25.82983657629222,25.86506993560834,25.08794265394188,25.14203453063965,54456000
2015-01-07,GOOGL,25.355920458504503,25.382716517088017,24.993657812737325,25.06809425354004,46918000
2015-01-08,GOOGL,24.887457945151546,25.184711493728862,24.56539035849883,25.155433654785156,73054000
2015-01-09,GOOGL,25.218457197288135,25.239299626508316,24.745530930705662,24.84825325012207,42000000
2015-01-12,GOOGL,24.77480783466235,24.826417927884677,24.36143111102275,24.6666259765625,57138000
2015-01-13,GOOGL,24.94005895758154,25.239298298247874,24.6765508458732,24.90184783935547,60958000
2015-01-14,GOOGL,24.83336482637398,25.222425374457995,24.7212132549497,25.10679817199707,52800000
2015-01-15,GOOGL,25.25369009983225,25.296366913259128,24.912269913281328,25.011520385742188,51068000
2015-01-16,GOOGL,24.968841611236375,25.350954698690078,24.965863850974774,25.331602096557617,49658000
2015-01-20,GOOGL,25.446235019043122,25.58717034639147,25.27750978712287,25.305795669555664,46796000
2015-01-21,GOOGL,25.350456986840054,25.896829577862057,25.288425682594664,25.824377059936523,46356000
2015-01-22,GOOGL,25.95389964352086,26.739960219628923,25.899809658931048,26.663537979125977,56068000
2015-01-23,GOOGL,26.69976350422547,27.065995819308014,26.58661808424548,26.8942928314209,45966000
2015-01-26,GOOGL,26.871962210382318,26.871962210382318,26.403997649494404,26.634754180908203,30932000
2015-01-27,GOOGL,26.370750216611732,26.439233025193477,25.847701786405633,25.864078521728516,39148000
2015-01-28,GOOGL,26.053150086223937,26.087391490349304,25.425393534652653,25.429363250732422,35822000
2015-01-29,GOOGL,25.4526860708274,25.566327469471204,24.98521747991436,25.46906280517578,79018000
2015-01-30,GOOGL,25.755397178804277,26.95136059780353,25.71470428149434,26.675941467285156,121108000
2015-02-02,GOOGL,26.51565790915499,26.623841675601184,25.890383074673544,26.41045379638672,75378000
2015-02-03,GOOGL,26.29829887195368,26.670982726731545,26.142972600970907,26.46504020690918,47062000
2015-02-04,GOOGL,26.457098126884944,26.63624458346728,26.05463857193695,26.107738494873047,33896000
2015-02-05,GOOGL,26.198550251057004,26.33551586305348,26.08490884993802,26.29283905029297,33176000
2015-02-06,GOOGL,26.351396927233946,26.80844242635538,26.23428178666283,26.493820190429688,42938000
2015-02-09,GOOGL,26.353878190084156,26.493821571229567,26.17969529680108,26.265546798706055,30314000
2015-02-10,GOOGL,26.40796970983827,26.847150557367968,26.26008689830117,26.805465698242188,47430000
2015-02-11,GOOGL,26.784128022858194,26.89429569442898,26.599026041172312,26.69827651977539,38306000
2015-02-12,GOOGL,26.780653577630602,27.211399015379424,26.648651523608574,27.095773696899414,48590000
2015-02-13,GOOGL,27.170207099790375,27.419822142060017,27.125048507405005,27.35133934020996,47382000
2015-02-17,GOOGL,27.35134319142639,27.442652344719843,26.95930484104793,27.0461483001709,39174000
2015-02-18,GOOGL,26.987089141709472,27.172191085448357,26.775191145468806,26.929027557373047,31164000
2015-02-19,GOOGL,26.920098127130288,27.13795165888912,26.834742613244643,27.117605209350586,30834000
2015-02-20,GOOGL,27.173682686766238,27.173682686766238,26.703238214977,26.886850357055664,38234000
2015-02-23,GOOGL,26.747901276188085,26.76278818461709,26.400525566163825,26.549400329589844,32906000
2015-02-24,GOOGL,26.3781943116169,26.767750872338546,26.350900383097613,26.730533599853516,28406000
2015-02-25,GOOGL,26.7201111342929,27.272437391445322,26.69877083454283,27.161277770996094,40836000
2015-02-26,GOOGL,27.082372141289156,27.796476114958686,27.050114651167004,27.754791259765625,54032000
2015-02-27,GOOGL,27.69821872620895,28.257494342129995,27.64263891703325,27.92053985595703,68328000
2015-03-02,GOOGL,28.13740270585175,28.58353102590686,27.946345210190998,28.5353946685791,50406000
2015-03-03,GOOGL,28.601392128486154,28.82470519613208,28.311086087069015,28.72247886657715,50526000
2015-03-04,GOOGL,28.632160870955687,28.86341337856102,28.411329577132125,28.69965171813965,37964000
2015-03-05,GOOGL,28.763671520139305,28.94132814890123,28.694692732976936,28.853492736816406,35918000
2015-03-06,GOOGL,28.88178084807854,28.920487949727352,28.38850808514351,28.430192947387695,37592000
2015-03-09,GOOGL,28.331932323146948,28.5567333544827,28.239133345815304,28.4897403717041,23478000
2015-03-10,GOOGL,28.21084494636263,28.274366078259387,27.78109150276836,27.782581329345703,40080000
2015-03-11,GOOGL,27.78010186536099,27.99745944103969,27.562248311796857,27.576143264770508,40524000
2015-03-12,GOOGL,27.714599233893736,27.881338684120596,27.56820623701654,27.84809112548828,35602000
2015-03-13,GOOGL,27.751816349465276,28.006393093425856,27.31015371576543,27.442651748657227,35428000
2015-03-16,GOOGL,27.63767986274413,27.976122314552086,27.359282919594186,27.871414184570312,36856000
2015-03-17,GOOGL,27.70516458101788,27.82178373510804,27.512621064660753,27.67142105102539,28892000
2015-03-18,GOOGL,27.67737806853234,28.113087075267696,27.467463944064626,28.095718383789062,35324000
2015-03-19,GOOGL,28.014331638642165,28.13541649704707,27.89523258478781,27.972150802612305,24660000
2015-03-20,GOOGL,28.123012563241794,28.142365166464756,28.012348914683837,28.03567123413086,44320000
2015-03-23,GOOGL,28.08777647665566,28.268412757337785,27.941879471256726,28.0565128326416,30234000
2015-03-24,GOOGL,28.21382568634865,28.875823664903717,28.191493429691473,28.660451889038086,79156000
2015-03-25,GOOGL,28.661937925517922,28.786000541047912,28.137401580810547,28.137401580810547,53070000
2015-03-26,GOOGL,28.020783324852605,28.146831748955687,27.706161082042534,27.970661163330078,49842000
2015-03-27,GOOGL,27.88083767070832,27.99199917716184,27.637676016377597,27.66844367980957,34552000
2015-03-30,GOOGL,27.80243673370841,27.89721963095678,27.630733716947113,27.846601486206055,24788000
2015-03-31,GOOGL,27.68779960529353,27.911608685545964,27.52552585929373,27.527015686035156,34932000
2015-04-01,GOOGL,27.533464889761103,27.71558720175403,27.096763958564374,27.26846694946289,38902000
2015-04-02,GOOGL,27.165248577852495,27.19452641775208,26.81936079062548,26.86253547668457,47760000
2015-04-06,GOOGL,26.73995696639396,27.072445730877497,26.584134744020922,26.993541717529297,33718000
2015-04-07,GOOGL,27.04515541706288,27.301716069367334,26.9756806521466,27.03870391845703,27318000
2015-04-08,GOOGL,27.095276438399615,27.36821572678448,27.095276438399615,27.2362117767334,28386000
2015-04-09,GOOGL,27.254572026203107,27.262511458019304,26.894293331648246,27.19551658630371,32366000
2015-04-10,GOOGL,27.272439040088702,27.286333993484817,27.04466024275433,27.221324920654297,26104000
2015-04-13,GOOGL,27.147385704995774,27.456052454319906,27.11016653724994,27.226287841796875,29326000
2015-04-14,GOOGL,27.123562229879163,27.123562229879163,26.586122888939016,26.78660774230957,47206000
2015-04-15,GOOGL,26.69628997264088,26.95582836787268,26.41888501644893,26.84913444519043,46962000
2015-04-16,GOOGL,26.715641688759465,27.057061851418997,26.70323656372324,26.972204208374023,31722000
2015-04-17,GOOGL,26.664033147859083,26.78759978583808,26.251650269776206,26.437246322631836,49234000
2015-04-20,GOOGL,26.487369835441832,27.085352583011485,26.467519361562132,27.022327423095703,38508000
2015-04-21,GOOGL,27.110659754302254,27.183112277676983,26.907197136796636,26.94243049621582,29128000
2015-04-22,GOOGL,26.94937912364922,27.343401378617795,26.86303164396765,27.253084182739258,31806000
2015-04-23,GOOGL,27.314124854337706,27.848090515983568,27.297748117821563,27.66398048400879,78184000
2015-04-24,GOOGL,28.78500906484416,29.015765609295876,28.204395030107936,28.467905044555664,92168000
2015-04-27,GOOGL,28.423737938239924,28.56020567953115,27.90416326507903,28.093730926513672,48062000
2015-04-28,GOOGL,28.004407560732176,28.178592347834297,27.837668121218687,28.00688934326172,37178000
2015-04-29,GOOGL,27.815332407932466,28.07983435856807,27.740400000869855,27.8590030670166,33622000
2015-04-30,GOOGL,27.71856778607811,27.845112195264498,27.131008125443344,27.232738494873047,47240000
2015-05-01,GOOGL,27.319081850616723,27.35431710025281,26.988578881537837,27.35133934020996,36572000
2015-05-04,GOOGL,27.342904436929107,27.625767056230554,27.164253963044967,27.434711456298828,35260000
2015-05-05,GOOGL,27.30171456447311,27.42329728942022,26.915135791679393,26.94838523864746,28528000
2015-05-06,GOOGL,26.92853899867447,26.992556120335372,26.412437987987172,26.553373336791992,39034000
2015-05-07,GOOGL,26.594062839964238,27.055575929843123,26.472482004515168,26.898759841918945,31844000
2015-05-08,GOOGL,27.237700892382342,27.432726212356606,27.19601603336356,27.241670608520508,28226000
2015-05-11,GOOGL,27.2188401329465,27.461011727885403,27.07542492066937,27.0843563079834,21858000
2015-05-12,GOOGL,26.93696964388075,26.94441499074613,26.549398923022324,26.734500885009766,35282000
2015-05-13,GOOGL,26.820849130077665,26.98808453606404,26.746906781502496,26.772216796875,24238000
2015-05-14,GOOGL,26.99453758837048,27.278394065074853,26.92158908436705,27.25407600402832,31736000
2015-05-15,GOOGL,27.313130030505075,27.323551244821893,26.921587687257777,27.119590759277344,33440000
2015-05-18,GOOGL,26.987095367220647,27.211400432378976,26.909183294650862,27.12852668762207,26706000
2015-05-19,GOOGL,27.194524064190848,27.46249975938141,27.150855297066023,27.258045196533203,47126000
2015-05-20,GOOGL,27.339429035987404,27.594997712177225,27.050610913643407,27.418333053588867,30840000
2015-05-21,GOOGL,27.30370029375701,27.671422441690996,27.25903767703205,27.63172149658203,34170000
2015-05-22,GOOGL,27.515103904681666,27.702687662834755,27.47341904576884,27.518081665039062,24266000
2015-05-26,GOOGL,27.4218090529703,27.459028218009458,26.944913063108935,27.15433120727539,37474000
2015-05-27,GOOGL,27.228269528448177,27.55629072544195,27.124057388957606,27.504680633544922,34844000
2015-05-28,GOOGL,27.481854750055476,27.57961539304968,27.33347597002123,27.50120735168457,23544000
2015-05-29,GOOGL,27.452575539326666,27.489298724900063,27.0476361144687,27.06153106689453,43446000
2015-06-01,GOOGL,27.23075363195811,27.322062782996557,26.975184932974106,27.254573822021484,33210000
2015-06-02,GOOGL,27.166238273544838,27.729979569638008,27.12256761322847,27.48979377746582,31842000
2015-06-03,GOOGL,27.54686232165517,27.690279432149282,27.400469343979207,27.556291580200195,26710000
2015-06-04,GOOGL,27.40195784499536,27.589541598826578,27.2501053215843,27.377641677856445,26866000
2015-06-05,GOOGL,27.39302718714373,27.45902821399386,27.163758569250536,27.27045249938965,24396000
2015-06-08,GOOGL,27.274421591639793,27.287324588591463,26.943918594016772,26.9702205657959,27336000
2015-06-09,GOOGL,26.967243781125923,27.037712395988446,26.740456942696635,26.90471649169922,30016000
2015-06-10,GOOGL,27.080387922221867,27.5309838172219,27.051110083522598,27.422800064086914,30316000
2015-06-11,GOOGL,27.516592411686425,27.53346512420555,27.252586424854886,27.295761108398438,25872000
2015-06-12,GOOGL,27.15234548440035,27.236707158567324,27.076915198320613,27.16822624206543,25468000
2015-06-15,GOOGL,26.933000714235213,26.998505760028007,26.758321854151287,26.946399688720703,27150000
2015-06-16,GOOGL,27.019847226377504,27.129517023268125,26.87543815406977,27.039199829101562,32526000
2015-06-17,GOOGL,27.066493925900485,27.212390932771665,26.887347470103844,27.125051498413086,24440000
2015-06-18,GOOGL,27.194522995139465,27.653554261069072,27.194522995139465,27.60045623779297,41192000
2015-06-19,GOOGL,27.617327849719498,27.68630662597214,27.40592582764195,27.66695213317871,59290000
2015-06-22,GOOGL,27.760748044887578,28.068422801398977,27.73593400734135,27.774145126342773,34752000
2015-06-23,GOOGL,27.77960339935897,28.033188161460817,27.648593313614246,27.958253860473633,31396000
2015-06-24,GOOGL,27.913099984728824,27.921039417617198,27.63172527161577,27.719064712524414,28924000
2015-06-25,GOOGL,27.804910702425758,27.945846019979392,27.663975384872124,27.688291549682617,26684000
2015-06-26,GOOGL,27.77563614573837,27.790027076584188,27.385583614019517,27.445629119873047,43676000
2015-06-29,GOOGL,27.13249164629501,27.338436027289493,26.80943213454765,26.859554290771484,37756000
2015-06-30,GOOGL,27.05011607802913,27.090313001819293,26.77469691808607,26.799510955810547,34510000
2015-07-01,GOOGL,26.979155029034807,27.08584896140911,26.78561763845942,26.96129035949707,30760000
2015-07-02,GOOGL,27.032749398187885,27.194527168071016,26.974687801631813,27.161775588989258,28124000
2015-07-06,GOOGL,26.909178727706223,27.223306854243315,26.901735274166082,27.076416015625,25614000
2015-07-07,GOOGL,27.1662390034766,27.343399645702927,26.79008144175643,27.295263290405273,33578000
2015-07-08,GOOGL,27.07542671214066,27.208420719320955,26.857075290667094,26.881887435913086,27662000
2015-07-09,GOOGL,27.226781191160725,27.238194360637053,27.026792324656007,27.02828025817871,29766000
2015-07-10,GOOGL,27.477882018658086,27.754790987929432,27.393024375579834,27.596982955932617,43436000
2015-07-13,GOOGL,27.76571128075888,28.42770925289534,27.72551435499295,28.372129440307617,41792000
2015-07-14,GOOGL,28.50958812611575,29.264384999115354,28.49321139213806,28.989957809448242,74832000
2015-07-15,GOOGL,28.968124861045165,29.213768310697166,28.792948129203957,28.979042053222656,41466000
2015-07-16,GOOGL,29.253969202787562,29.998344999840448,29.175561149356028,29.863365173339844,112642000
2015-07-17,GOOGL,33.74503130241583,34.88640887561023,33.645782724786116,34.71867370605469,257162000
2015-07-20,GOOGL,34.19066771581118,34.62835874176487,33.832870777740155,34.38221740722656,102436000
2015-07-21,GOOGL,33.98720213566838,35.01543242682111,33.95097682010599,34.506778717041016,75604000
2015-07-22,GOOGL,34.44076980189857,35.39902918447633,34.3216707683239,34.49436569213867,83100000
2015-07-23,GOOGL,34.33308890215859,34.542508940945176,33.32768492588079,33.4835090637207,76232000
2015-07-24,GOOGL,33.58474576320294,33.63536201134379,32.41409026848371,32.49299240112305,82622000
2015-07-27,GOOGL,32.33419248655619,33.10338227144955,32.333200530759136,32.666683197021484,58382000
2015-07-28,GOOGL,32.83987269847073,32.95599588518795,32.42550400588598,32.735660552978516,34364000
2015-07-29,GOOGL,32.86467519872977,32.91777510775007,32.39720669486263,32.823486328125,36756000
2015-07-30,GOOGL,32.625491477128705,33.15201172457455,32.340145194478964,32.97882080078125,39606000
2015-07-31,GOOGL,32.985764638290604,33.00065154449115,32.61357683891664,32.62846374511719,34922000
2015-08-03,GOOGL,32.636405740388554,33.083527869788135,32.636405740388554,32.986759185791016,31348000
2015-08-04,GOOGL,32.967907843817805,33.14953799709492,32.77784606543182,32.81605529785156,26188000
2015-08-05,GOOGL,33.03787279801008,33.74056362978259,33.029437388290205,33.41204833984375,36448000
2015-08-06,GOOGL,33.44678710279884,33.484500352211846,32.7887569678244,33.2562255859375,40660000
2015-08-07,GOOGL,33.13861003579851,33.189226275535546,32.69645149307356,32.97038269042969,27544000
2015-08-10,GOOGL,33.10437298600329,33.3291759066055,32.76394664192577,32.908355712890625,34458000
2015-08-11,GOOGL,34.71668948520077,34.93603285306355,33.95941080486726,34.256168365478516,109880000
2015-08-12,GOOGL,34.46409669349137,34.53903099700302,33.77034103934489,34.314231872558594,58498000
2015-08-13,GOOGL,34.201578503008896,34.4412683072138,33.8532127630629,34.06808853149414,36354000
2015-08-14,GOOGL,33.94551428604047,34.353431445329264,33.888942524184785,34.21001434326172,27598000
2015-08-17,GOOGL,34.14401867145234,34.4765055865474,33.896885385612144,34.44524383544922,24680000
2015-08-18,GOOGL,34.294387821910675,34.527126421751554,34.00904148448538,34.17826461791992,27710000
2015-08-19,GOOGL,34.24674332451473,34.74745761512294,34.082483776397616,34.441768646240234,50194000
2015-08-20,GOOGL,34.19662258819019,34.546972279030975,33.51080254303716,33.7192268371582,57798000
2015-08-21,GOOGL,33.300388856806386,33.39219776599741,31.913865714433953,31.960018157958984,91880000
2015-08-24,GOOGL,29.804804171606992,31.148650547042262,29.43211844491522,30.673738479614258,129788000
2015-08-25,GOOGL,32.08110654016158,32.10740472630289,30.35415319394515,30.39385414123535,71430000
2015-08-26,GOOGL,31.913870052274763,32.87560532650337,31.282143724558708,32.73963165283203,87740000
2015-08-27,GOOGL,33.3475298998361,33.44628627520511,32.31086434304216,33.14754104614258,58974000
2015-08-28,GOOGL,33.038373505981795,33.09990884431476,32.44237840634722,32.737152099609375,38836000
2015-08-31,GOOGL,32.471653522435325,32.97137964220778,32.07515138121788,32.14809799194336,38936000
2015-09-01,GOOGL,31.452853258368286,31.980367404582257,31.018634070034246,31.241947174072266,51458000
2015-09-02,GOOGL,31.660776906139848,32.01112845108628,31.29553656109289,32.003684997558594,37630000
2015-09-03,GOOGL,32.153557177503835,32.31831270130379,31.452852116514986,31.613637924194336,34572000
2015-09-04,GOOGL,31.248894742951894,31.48709475694644,31.090094733622195,31.21217155456543,40478000
2015-09-08,GOOGL,31.809658345539965,32.01014322730177,31.407696626149423,31.952579498291016,39092000
2015-09-09,GOOGL,32.349578758239254,32.62152230080097,31.804692145149495,31.92925453186035,40978000
2015-09-10,GOOGL,31.953570283071958,32.49944509107438,31.84439456425328,32.309879302978516,27850000
2015-09-11,GOOGL,32.266701901971416,32.51978690191675,32.12774859761522,32.519290924072266,34892000
2015-09-14,GOOGL,32.53567275330777,32.55006368439517,32.23146793062689,32.37885665893555,29942000
2015-09-15,GOOGL,32.58926663895632,33.19171701014727,32.42203121364822,33.00413513183594,35546000
2015-09-16,GOOGL,33.02795048855987,33.153005062962436,32.86170703389917,33.02646255493164,26252000
2015-09-17,GOOGL,33.12422127213587,33.84378290395401,33.000654638559894,33.3316535949707,47752000
2015-09-18,GOOGL,33.003628051239346,33.24083795771648,32.754014913414636,32.79818344116211,72544000
2015-09-21,GOOGL,33.02596468089905,33.19915560197183,32.65328086846901,33.09891128540039,39094000
2015-09-22,GOOGL,32.62698094720563,32.693975821743166,32.00964371788415,32.41508102416992,54362000
2015-09-23,GOOGL,32.400193539469,32.7664258702772,32.292505764245156,32.41954803466797,29160000
2015-09-24,GOOGL,32.20516530632828,32.59224003085301,31.867714866931546,32.499935150146484,38692000
2015-09-25,GOOGL,32.6820639789857,32.6820639789857,31.74315705404557,31.767473220825195,48480000
2015-09-28,GOOGL,31.71288599202819,31.901463595584158,30.66033953743914,30.978435516357422,47646000
2015-09-29,GOOGL,31.040467991405453,31.496025580997067,30.66976994799176,30.897052764892578,42130000
2015-09-30,GOOGL,31.354592632564238,31.725788527579894,31.221598627910975,31.679141998291016,52954000
2015-10-01,GOOGL,31.657804709254776,31.950594481792614,31.31936225187009,31.859281539916992,42506000
2015-10-02,GOOGL,31.66127428083231,32.60365302130808,31.437465222072603,32.60315704345703,48788000
2015-10-05,GOOGL,32.83193499560347,33.39914819811848,32.54758064140068,33.3321533203125,37960000
2015-10-06,GOOGL,33.216522571807786,33.685479094380334,32.90537408567345,33.33016586303711,42774000
2015-10-07,GOOGL,33.61601127400636,33.68251018056302,32.658743536818264,33.24878692626953,44354000
2015-10-08,GOOGL,33.22148582848524,33.342572572435444,32.47909407372532,33.09990310668945,39308000
2015-10-09,GOOGL,33.124220266979094,33.45174358243049,32.86964355375414,33.3103141784668,32124000
2015-10-12,GOOGL,33.208582446323746,33.64478549121892,33.11181376229365,33.567867279052734,26684000
2015-10-13,GOOGL,33.46018139536131,34.16485606908634,33.403109872211274,33.902339935302734,42446000
2015-10-14,GOOGL,33.93013639082634,34.24326882451084,33.690446548351815,33.765380859375,31292000
2015-10-15,GOOGL,34.00556459667212,34.44772319493247,33.96288778270124,34.391151428222656,47156000
2015-10-16,GOOGL,34.509251149273716,34.549944043037236,34.196614779481855,34.505279541015625,36316000
2015-10-19,GOOGL,34.439780589871695,34.74944113070617,34.35095133888369,34.735050201416016,30172000
2015-10-20,GOOGL,34.632826116230504,34.638285659118345,33.431401077098116,33.745033264160156,52434000
2015-10-21,GOOGL,33.90432929623116,33.98819499296056,33.28352020596818,33.33810806274414,31952000
2015-10-22,GOOGL,33.51874259561277,34.14451525353218,33.33314463900608,33.801605224609375,88632000
2015-10-23,GOOGL,37.221761723035236,37.342848475277144,35.627806186980585,35.69678497314453,126726000
2015-10-26,GOOGL,35.73102208419342,36.47192586713192,35.73102208419342,36.2818603515625,48776000
2015-10-27,GOOGL,36.05606964908733,36.522050329750755,35.935482661436254,36.36622619628906,38778000
2015-10-28,GOOGL,36.375161366047585,36.592021067079884,36.09080702675448,36.5696907043457,39604000
2015-10-29,GOOGL,36.55529770318083,37.05948758220971,36.482347312405736,36.96321487426758,36520000
2015-10-30,GOOGL,36.998447219477676,37.03566448757477,36.55033313835504,36.59300994873047,39984000
2015-11-02,GOOGL,36.45108581129445,37.12846661643491,36.2982375527312,37.106632232666016,39914000
2015-11-03,GOOGL,36.991997582369684,37.30314607480245,36.780097667248654,37.16022872924805,36306000
2015-11-04,GOOGL,37.213824285230444,37.71007478990221,37.179086901347056,37.482295989990234,41840000
2015-11-05,GOOGL,37.65598230659319,38.030157876822436,37.58948719341855,37.748287200927734,45486000
2015-11-06,GOOGL,37.68476952562128,37.864907948532135,37.46840199808791,37.79444122314453,33544000
2015-11-09,GOOGL,37.64159167947553,37.87880162990481,37.174622805422494,37.45549774169922,35538000
2015-11-10,GOOGL,37.391478856445374,37.74480817884704,37.139881785395815,37.628684997558594,29798000
2015-11-11,GOOGL,37.83314171116004,38.165628607680326,37.70262759905492,37.97556686401367,41866000
2015-11-12,GOOGL,37.72396942285336,38.00286423345338,37.50958960041054,37.54283905029297,35452000
2015-11-13,GOOGL,37.41926515802914,37.48328036979907,36.69622795539566,36.72600555419922,48188000
2015-11-16,GOOGL,36.73295428178053,37.303639237389675,36.441156520099184,37.2396240234375,50704000
2015-11-17,GOOGL,37.34136619229192,37.4644368746756,36.92352180295121,37.0192985534668,38864000
2015-11-18,GOOGL,37.19744555878115,37.769622270355725,37.089261809085315,37.71553039550781,36266000
2015-11-19,GOOGL,37.70411580304644,37.87532281719481,37.57757329898008,37.712059020996094,28078000
2015-11-20,GOOGL,38.176543640859755,38.67378599929459,37.918495097269805,38.55865478515625,55478000
2015-11-23,GOOGL,38.581990482799725,38.851454155093236,38.385473426789005,38.54377746582031,34648000
2015-11-24,GOOGL,38.35817600056143,38.50854059295471,37.62124373334218,38.19292449951172,47880000
2015-11-25,GOOGL,38.295151346189805,38.36016230734735,38.039086682747474,38.174564361572266,23612000
2015-11-27,GOOGL,38.16960599294792,38.40979182524156,38.06241418217068,38.309051513671875,14434000
2015-11-30,GOOGL,38.304086401835995,38.46090250212345,37.77061861742054,37.85647201538086,33586000
2015-12-01,GOOGL,38.05943752359612,38.95566584206893,38.01030920670793,38.8956184387207,40398000
2015-12-02,GOOGL,38.9680773333451,39.35515217780134,38.53038244633653,38.600852966308594,46876000
2015-12-03,GOOGL,38.735321401017586,38.92985071123887,37.83661340380981,38.12195587158203,41950000
2015-12-04,GOOGL,38.19689095263626,38.82762329040932,37.988466687399,38.66832733154297,49800000
2015-12-07,GOOGL,38.71051055881591,38.757158978996884,38.048512647230574,38.35966491699219,36626000
2015-12-08,GOOGL,37.93834621042171,38.640541066723465,37.84008958843105,38.46635818481445,31082000
2015-12-09,GOOGL,38.265879126026505,38.513508416038455,37.31853476307382,37.841583251953125,46550000
2015-12-10,GOOGL,37.893192535661264,38.01626320495797,37.46691278033037,37.71702194213867,32458000
2015-12-11,GOOGL,37.169157311698804,37.587993545638916,37.151786729630395,37.2396240234375,43184000
2015-12-14,GOOGL,37.281313795347444,37.920981399703884,36.536938065215146,37.84108352661133,53864000
2015-12-15,GOOGL,38.10161267302962,38.44700255951926,37.615785333844904,37.71950149536133,49386000
2015-12-16,GOOGL,38.04107237726127,38.781976261495615,37.56864397393786,38.53831481933594,53120000
2015-12-17,GOOGL,38.765103807908034,38.78644221653924,38.17655218261888,38.20285415649414,36510000
2015-12-18,GOOGL,38.07382867759426,38.41673872805929,37.54581663678754,37.558719635009766,67794000
2015-12-21,GOOGL,37.86638580409075,38.030149339911425,37.424723264033766,37.754730224609375,34848000
2015-12-22,GOOGL,37.92692991401697,38.22815123842312,37.77458143648078,38.06885528564453,36338000
2015-12-23,GOOGL,38.24552811525875,38.30557551334191,37.59841706950993,38.13734436035156,30594000
2015-12-24,GOOGL,38.13783866678994,38.17158409148472,37.93289001542925,38.004844665527344,10412000
2015-12-28,GOOGL,38.21128499666828,38.84747692836857,38.09863744591142,38.818695068359375,31156000
2015-12-29,GOOGL,39.05441323113152,39.635029139645496,39.015212050102186,39.40030288696289,38430000
2015-12-30,GOOGL,39.400307662286544,39.5243702908027,39.06484107294103,39.21867752075195,28566000
2015-12-31,GOOGL,39.095603035943086,39.12091305153029,38.57454231863726,38.60878372192383,32752000
2016-01-04,GOOGL,37.824213853097355,37.824213853097355,37.09670892128741,37.68724822998047,67382000
2016-01-05,GOOGL,37.91850046873212,38.17158548404012,37.4991682131678,37.79096221923828,45216000
2016-01-06,GOOGL,37.23714710898058,37.99938557560447,37.11953599204981,37.681785583496094,48206000
2016-01-07,GOOGL,37.04459903227423,37.4822899992494,36.48830121505529,36.77215576171875,63132000
2016-01-08,GOOGL,37.10961490578553,37.224746152152946,36.172693640664434,36.27145004272461,47506000
2016-01-11,GOOGL,36.3230555921978,36.47838375713797,35.70820200349906,36.37863540649414,50896000
2016-01-12,GOOGL,36.759750977293,37.13640640572717,36.54537117426711,36.98752975463867,46816000
2016-01-13,GOOGL,37.186034736953346,37.367664876802756,35.57024471374164,35.70869827270508,51728000
2016-01-14,GOOGL,35.95037125256661,36.71707736447285,34.985660161842596,36.295265197753906,55558000
2016-01-15,GOOGL,35.23328837836136,35.93647522316844,34.81246818004304,35.25810241699219,76676000
2016-01-19,GOOGL,35.73747568151615,35.99552803448234,35.22633832625563,35.68437576293945,48724000
2016-01-20,GOOGL,35.03032062799834,36.07492958595087,34.13111648772049,35.65857696533203,82440000
2016-01-21,GOOGL,35.738471572568294,36.60690995150858,35.28886949590144,36.06103515625,51938000
2016-01-22,GOOGL,36.82178530689106,37.147328540145075,36.74735076132707,36.99348831176758,47146000
2016-01-25,GOOGL,36.913091424495235,37.3408590309046,36.35034213303571,36.405921936035156,45340000
2016-01-26,GOOGL,36.48483054706643,36.69573471299149,36.07591763913051,36.41436004638672,30940000
2016-01-27,GOOGL,36.51857095264771,36.51857095264771,35.404987150299355,35.60993957519531,42428000
2016-01-28,GOOGL,36.6327123068158,37.27634769042169,36.25605688032963,37.134422302246094,62104000
2016-01-29,GOOGL,37.16718219763568,37.96862575760717,36.93096418491758,37.78203582763672,75808000
2016-02-01,GOOGL,38.273814549313805,38.587942710930236,37.78351958612073,38.2495002746582,111522000
2016-02-02,GOOGL,39.72485147600155,40.213658489846225,38.737310318741926,38.7526969909668,135846000
2016-02-03,GOOGL,39.019188430233804,39.27475716716355,36.53694366054766,37.188026428222656,131114000
2016-02-04,GOOGL,36.95031306975174,36.982570561419266,35.859059542656034,36.2277717590332,104922000
2016-02-05,GOOGL,36.002972136236856,36.06351172363947,34.74447943373265,34.92412185668945,109556000
2016-02-08,GOOGL,34.12615145810582,34.96184010303973,33.84477677313804,34.943973541259766,89410000
2016-02-09,GOOGL,34.38767703291656,35.77767590682536,34.16684571478804,34.788150787353516,84300000
2016-02-10,GOOGL,35.322610596345456,35.8898237302454,35.00501061670168,35.07746124267578,60314000
2016-02-11,GOOGL,34.55590397378592,35.34891195345928,34.30033530375536,35.05314636230469,65004000
2016-02-12,GOOGL,35.343456625432225,35.531534471514185,34.81594059566735,35.07945251464844,46538000
2016-02-16,GOOGL,35.663039121631215,35.872955130987954,35.24271491113473,35.612918853759766,43444000
2016-02-17,GOOGL,36.07740977275679,36.41287635201058,35.56180856331581,36.32404708862305,49154000
2016-02-18,GOOGL,36.42279846482288,36.524030947870976,35.50919972559641,35.60646438598633,47276000
2016-02-19,GOOGL,35.526570854269394,35.9300242604359,35.38861327826768,35.83474349975586,34918000
2016-02-22,GOOGL,36.201960705760456,36.4669605060789,35.901235359804524,36.179134368896484,37516000
2016-02-23,GOOGL,36.03274551987704,36.27094361594726,35.51515666338139,35.59554672241211,41332000
2016-02-24,GOOGL,35.26405492416314,35.79057900104926,34.83777895976725,35.774696350097656,37092000
2016-02-25,GOOGL,35.875436496998525,36.201967897549466,35.39407291341634,36.1826171875,36146000
2016-02-26,GOOGL,36.40493364962283,36.53197213039984,35.82630543787013,35.97121047973633,42474000
2016-02-29,GOOGL,35.77965336810352,36.25605330157172,35.57321301832496,35.592071533203125,45068000
2016-03-01,GOOGL,35.79454925862444,36.83816633116372,35.66254719352592,36.83022689819336,60112000
2016-03-02,GOOGL,36.864955066457405,36.87735829769621,36.387559390827725,36.69672393798828,36292000
2016-03-03,GOOGL,36.696729581586425,36.77215986668217,36.207922555156095,36.3051872253418,40534000
2016-03-04,GOOGL,36.464484486108105,36.474407829161414,36.00892315345282,36.23720169067383,48516000
2016-03-07,GOOGL,35.98560372350222,36.08783195977834,34.99260677267381,35.37273406982422,61690000
2016-03-08,GOOGL,35.153889509370174,35.84169352675015,34.93603783013441,35.40896224975586,52530000
2016-03-09,GOOGL,35.49034314010095,36.03969351753278,35.36578454779973,35.998504638671875,39544000
2016-03-10,GOOGL,36.11661346324506,36.550832634597626,35.893302260985735,36.3339729309082,44616000
2016-03-11,GOOGL,36.7200492921465,36.96569081424694,36.558765642332126,36.964202880859375,35380000
2016-03-14,GOOGL,36.96917720060816,37.43019437511861,36.904166229536436,37.2307014465332,32824000
2016-03-15,GOOGL,37.02127923653466,37.36816088720215,36.86347118063561,37.247074127197266,29832000
2016-03-16,GOOGL,37.171641552241276,37.66541214221778,37.04509904299183,37.58402633666992,29306000
2016-03-17,GOOGL,37.59841759481661,37.980032823502285,37.584026663965226,37.63960647583008,44564000
2016-03-18,GOOGL,37.79591984531687,37.82122607121699,37.30909681439384,37.48725128173828,56222000
2016-03-21,GOOGL,37.412818569052284,37.880783155524995,37.28180847539839,37.822227478027344,28774000
2016-03-22,GOOGL,37.63762376372678,37.96316321303674,37.60983385690874,37.7175178527832,22096000
2016-03-23,GOOGL,37.88127856302047,37.982514838530285,37.518022104148095,37.59394836425781,24678000
2016-03-24,GOOGL,37.27833474197719,37.5939470259952,37.243597362316855,37.45896911621094,31116000
2016-03-28,GOOGL,37.524970793595514,37.630674659384916,37.32002213272256,37.38155746459961,21676000
2016-03-29,GOOGL,37.40140583923446,38.07134704370067,37.1339298786589,38.007328033447266,40062000
2016-03-30,GOOGL,38.1224547519491,38.574044471150266,38.091193003471254,38.12890625,40396000
2016-03-31,GOOGL,38.12891120788648,38.16563250350385,37.628193114475955,37.858951568603516,32554000
2016-04-01,GOOGL,37.574099128827285,38.21326689397469,37.47683068282324,38.194908142089844,31674000
2016-04-04,GOOGL,38.18696786380617,38.33237267312875,37.80386471471298,37.9691162109375,26924000
2016-04-05,GOOGL,37.62223910144288,37.857461342495476,37.49668476269407,37.644073486328125,24478000
2016-04-06,GOOGL,37.60783597782545,38.132871983912636,37.531413754765275,38.115501403808594,25312000
2016-04-07,GOOGL,37.97903779204242,38.17952263804612,37.59097109618595,37.72098922729492,25498000
2016-04-08,GOOGL,38.006332131636086,38.06885941560105,37.505121904215606,37.6887321472168,23434000
2016-04-11,GOOGL,37.98549084155288,38.07332814288153,37.58303319957296,37.59295654296875,31774000
2016-04-12,GOOGL,37.63712288040206,37.959186656338254,37.29669278016015,37.929412841796875,27388000
2016-04-13,GOOGL,38.22667795353903,38.496637635848266,37.94282331542043,38.30607986450195,35426000
2016-04-14,GOOGL,38.477279461348076,38.68818364752694,38.37107961533215,38.47876739501953,26992000
2016-04-15,GOOGL,38.48422739645302,38.75369105173666,38.4559377259045,38.70753860473633,31712000
2016-04-18,GOOGL,38.71696171203582,39.131830139325714,38.58893127921475,39.088653564453125,33540000
2016-04-19,GOOGL,39.22860472635988,39.25093509087372,38.22468863206956,38.521446228027344,43952000
2016-04-20,GOOGL,38.66585634698381,38.69067038783667,38.274313953203055,38.4554443359375,34262000
2016-04-21,GOOGL,38.5740486148809,38.79090832442027,38.288206330743826,38.70753860473633,77628000
2016-04-22,GOOGL,36.91656680205609,37.413313231947384,36.2446455376091,36.61186981201172,140798000
2016-04-25,GOOGL,36.4917766059682,36.9647009259917,36.479369588197805,36.83220291137695,49442000
2016-04-26,GOOGL,36.94187751942796,36.99993721811807,35.74591208995123,35.99652099609375,55864000
2016-04-27,GOOGL,35.99403609268807,36.084849257687694,35.18812509815023,35.802486419677734,66262000
2016-04-28,GOOGL,35.893299579266916,36.18956115519242,34.89633110362463,34.98863220214844,62590000
2016-04-29,GOOGL,34.94199208210572,35.33849423940337,34.92511747489189,35.12858200073242,58278000
2016-05-02,GOOGL,35.32906625697301,35.50225719682701,35.05315110016992,35.452632904052734,33476000
2016-05-03,GOOGL,35.3578412262342,35.40101401178266,35.101280615876796,35.15636444091797,38620000
2016-05-04,GOOGL,35.073494500818576,35.484387546774165,34.93851280156946,35.3017692565918,34172000
2016-05-05,GOOGL,35.48190496706447,35.60844746094753,35.20648583300938,35.46751403808594,29668000
2016-05-06,GOOGL,35.34295592366291,36.0272841703002,35.330548905802516,35.98708724975586,39952000
2016-05-09,GOOGL,36.06252612246436,36.43918161805032,35.903726099833975,36.1831169128418,38074000
2016-05-10,GOOGL,36.47242148241552,36.72253060043532,36.30617804821735,36.69176483154297,32634000
2016-05-11,GOOGL,36.74834072172119,36.76223567428409,36.12207211455834,36.253578186035156,29834000
2016-05-12,GOOGL,36.32553757674062,36.492776793272625,35.94193839760929,36.13051223754883,27094000
2016-05-13,GOOGL,36.05855200370958,36.290298604769085,35.904215809532324,35.969722747802734,25244000
2016-05-16,GOOGL,35.944415208614586,36.3592798926027,35.73003539002786,36.241172790527344,22538000
2016-05-17,GOOGL,36.278887020581564,36.516589140023775,35.630784049934775,35.73945999145508,33404000
2016-05-18,GOOGL,35.655595396902456,36.00644484152183,35.48290044592236,35.81836700439453,32536000
2016-05-19,GOOGL,35.645668412171524,35.75484410984032,35.24916254139331,35.49728775024414,30598000
2016-05-20,GOOGL,35.55436334493607,36.11214536480229,35.48240490592018,35.81489181518555,34798000
2016-05-23,GOOGL,35.729040756282096,35.90371961379226,35.57818019412265,35.593563079833984,24816000
2016-05-24,GOOGL,35.72258945308347,36.434707647390326,35.712662323731934,36.37664794921875,37884000
2016-05-25,GOOGL,36.47440607316776,36.717071742392676,36.35530703180964,36.62824249267578,32216000
2016-05-26,GOOGL,36.524037979768266,36.77712680829582,36.37516509352758,36.5701904296875,27202000
2016-05-27,GOOGL,36.59896385593047,37.11506473864423,36.574149820899066,37.09968185424805,34802000
2016-05-31,GOOGL,37.15724887437336,37.391479150204965,36.99894485773948,37.16171646118164,42484000
2016-06-01,GOOGL,37.1428566650963,37.28676974672431,36.93790423427973,37.14236068725586,20788000
2016-06-02,GOOGL,37.02524614883594,37.0847975654609,36.57365642480011,36.93443298339844,33916000
2016-06-03,GOOGL,36.79647679788827,36.79647679788827,36.420317339719354,36.517086029052734,24608000
2016-06-06,GOOGL,36.648099616884046,36.648099616884046,36.14142978174097,36.22926330566406,29992000
2016-06-07,GOOGL,36.388560188496065,36.55926744362353,36.26598550377393,36.28037643432617,24314000
2016-06-08,GOOGL,36.69772012136151,36.911603949159,36.512621940075825,36.86793518066406,32314000
2016-06-09,GOOGL,36.5771320009363,36.91755832287654,36.548846119256766,36.84758758544922,19180000
2016-06-10,GOOGL,36.52155194105118,36.70466620393204,36.251592336250305,36.384586334228516,29050000
2016-06-13,GOOGL,36.21735184827314,36.672909402759835,36.21735184827314,36.319580078125,23354000
2016-06-14,GOOGL,36.1920443132939,36.52403525456602,36.05259880417631,36.38756561279297,26584000
2016-06-15,GOOGL,36.470442478402624,36.581106134974924,36.29129600613086,36.33496856689453,23234000
2016-06-16,GOOGL,36.125047080754804,36.24563784997621,35.50870561856141,35.940940856933594,45002000
2016-06-17,GOOGL,35.799012305008986,35.799012305008986,34.79311239929035,34.94844055175781,82262000
2016-06-20,GOOGL,35.2491689516405,35.52508411290436,35.00600726285172,35.0417366027832,45654000
2016-06-21,GOOGL,35.23626328248936,35.50076714569355,34.96878733814499,35.17820358276367,30318000
2016-06-22,GOOGL,35.43476913677589,35.44270856991521,35.02933178000072,35.257110595703125,29058000
2016-06-23,GOOGL,35.261076433756514,35.4759522156523,34.749939067948674,35.47545623779297,42500000
2016-06-24,GOOGL,34.24971958937438,34.985659922060364,33.98869134420151,34.003082275390625,95436000
2016-06-27,GOOGL,33.86860010113485,33.91028496073053,33.380785019414105,33.801605224609375,58146000
2016-06-28,GOOGL,34.30926966236989,34.37725649246694,33.98571414010763,34.303810119628906,38246000
2016-06-29,GOOGL,34.45268785675434,34.71272035796615,34.37427791659481,34.498836517333984,43124000
2016-06-30,GOOGL,34.620914273710774,34.92461932375212,34.4844446351257,34.9127082824707,42250000
2016-07-01,GOOGL,34.9906166504517,35.359328818553394,34.922629830964276,35.246185302734375,30984000
2016-07-05,GOOGL,34.9861534269257,35.140485835922306,34.69435942841312,34.98019790649414,28440000
2016-07-06,GOOGL,34.72959668732177,35.38266330533006,34.687911825710025,35.182674407958984,28902000
2016-07-07,GOOGL,35.23924203564414,35.24221790279893,34.770781482468266,35.097808837890625,21174000
2016-07-08,GOOGL,35.26157252518358,35.62582093790213,35.13998979962691,35.61986541748047,29946000
2016-07-11,GOOGL,35.70125088593832,36.17318328142322,35.67395695948042,36.08733367919922,28822000
2016-07-12,GOOGL,36.321567496176115,36.50418580345068,36.10222410741208,36.35084533691406,26468000
2016-07-13,GOOGL,36.50021097024311,36.50021097024311,36.177647447897655,36.20047378540039,20436000
2016-07-14,GOOGL,36.421809480689575,36.53098520149089,36.25556600986612,36.51411437988281,21408000
2016-07-15,GOOGL,36.77215642408673,36.77215642408673,36.45654036036793,36.505672454833984,32342000
2016-07-18,GOOGL,36.61881223212401,37.4738514309095,36.549337481318275,37.37757873535156,38698000
2016-07-19,GOOGL,37.21233351393926,37.54581237379083,37.143850707206795,37.38800811767578,30436000
2016-07-20,GOOGL,37.419761011169875,37.74679211648272,37.419761011169875,37.570125579833984,22502000
2016-07-21,GOOGL,37.56615228014126,37.62322379986943,37.294208798151395,37.437625885009766,19062000
2016-07-22,GOOGL,37.582041363105596,37.68774144010022,37.35078695008061,37.67930603027344,20920000
2016-07-25,GOOGL,37.599900338139896,37.706100168357956,37.42075390796422,37.59196090698242,21466000
2016-07-26,GOOGL,37.59196769058156,37.67831706544286,37.35525750223135,37.598419189453125,23792000
2016-07-27,GOOGL,37.663920872715174,37.93586438487268,37.513060316302855,37.81279373168945,32172000
2016-07-28,GOOGL,38.15372131646958,38.16017281469463,37.66987409395257,38.004844665527344,73464000
2016-07-29,GOOGL,39.58639862865845,39.895559434781816,39.203787663469804,39.270286560058594,101810000
2016-08-01,GOOGL,39.038534655865156,40.07172847201896,38.957644831751125,39.74668502807617,60594000
2016-08-02,GOOGL,39.567543903930904,39.815173188166646,39.42859436289503,39.705997467041016,39928000
2016-08-03,GOOGL,39.52486727209333,39.67721579002522,39.35366023462024,39.646446228027344,29206000
2016-08-04,GOOGL,39.612700246767346,39.70996492459635,39.398320415988366,39.56357192993164,21520000
2016-08-05,GOOGL,39.70549905471827,40.05833242894976,39.59135977524195,40.043941497802734,36146000
2016-08-08,GOOGL,39.997788695830934,40.07719059147321,39.78390485601482,39.95957946777344,24426000
2016-08-09,GOOGL,39.92285117060353,40.36153790067214,39.90151276473938,40.071231842041016,32154000
2016-08-10,GOOGL,40.04989066820771,40.23995239644529,40.02210076611082,40.1213493347168,18370000
2016-08-11,GOOGL,40.21961166919068,40.388834781018886,39.99778839867648,40.106964111328125,25646000
2016-08-12,GOOGL,39.952631569363106,40.056843716725176,39.88067312893573,40.049896240234375,17946000
2016-08-15,GOOGL,40.05783514271895,40.26377954529082,39.90002709706038,39.99580383300781,18596000
2016-08-16,GOOGL,39.87372953318803,39.91144657271794,39.5511659298122,39.759098052978516,21158000
2016-08-17,GOOGL,39.70003791868389,39.97942869228269,39.51642388031734,39.9690055847168,21322000
2016-08-18,GOOGL,39.966028045691246,40.09703813505405,39.780926081441116,39.83650588989258,17292000
2016-08-19,GOOGL,39.68961807017925,39.76108053711022,39.54521277475068,39.68267059326172,22416000
2016-08-22,GOOGL,39.626093543419316,39.66529851012099,39.41866121935832,39.54867935180664,17056000
2016-08-23,GOOGL,39.72385269680849,39.74965868840932,39.50103749556139,39.53081130981445,18350000
2016-08-24,GOOGL,39.544206869462855,39.62360874873642,39.24149383038985,39.38243103027344,25672000
2016-08-25,GOOGL,39.30303648492487,39.438018190441454,39.06632630848028,39.2682991027832,24054000
2016-08-26,GOOGL,39.32735729276794,39.670267337207996,39.17451280066732,39.363582611083984,24978000
2016-08-29,GOOGL,39.35514551804993,39.62659308399478,39.21966783097945,39.49260711669922,15474000
2016-08-30,GOOGL,39.346705010586184,39.60078574511991,39.177481918143755,39.29906463623047,23348000
2016-08-31,GOOGL,39.183935449675836,39.281696092613316,39.06483640065046,39.19634246826172,21428000
2016-09-01,GOOGL,39.302040067436934,39.347200552139654,39.02166115272705,39.273258209228516,26070000
2016-09-02,GOOGL,39.46531014791795,39.55612331483358,39.365561807404355,39.544708251953125,26998000
2016-09-06,GOOGL,39.62013838991696,40.240451456442116,39.47324943702404,40.09803009033203,39790000
2016-09-07,GOOGL,40.09356651957852,40.22606455577588,39.88464623910628,40.0965461730957,22906000
2016-09-08,GOOGL,39.959087614962286,40.117887636549405,39.75016353248797,39.84097671508789,23554000
2016-09-09,GOOGL,39.63899833518388,39.786883035206195,39.10701852680097,39.12835693359375,37752000
2016-09-12,GOOGL,38.93184495855765,39.70847439668912,38.88122492517434,39.641483306884766,37274000
2016-09-13,GOOGL,39.402786414339865,39.491119699933996,38.922414779621576,39.1402702331543,36180000
2016-09-14,GOOGL,39.081211071931776,39.517913893274326,39.081211071931776,39.22661209106445,25842000
2016-09-15,GOOGL,39.20428402273063,39.88116889209936,39.13728914761188,39.761077880859375,31144000
2016-09-16,GOOGL,39.65141217352621,39.65141217352621,39.38343641871201,39.59930419921875,42612000
2016-09-19,GOOGL,39.755118436304606,39.898039560421246,39.38045072268415,39.47126388549805,22990000
2016-09-20,GOOGL,39.70004414818987,39.83651380716752,39.613694765132486,39.689125061035156,20984000
2016-09-21,GOOGL,39.76256393328359,39.9933223650681,39.503023641281096,39.949649810791016,26970000
2016-09-22,GOOGL,40.196288436832035,40.645890488382086,40.082648925777185,40.49155807495117,35186000
2016-09-23,GOOGL,40.451363792006376,40.54366490214864,40.33176875253905,40.44243240356445,28234000
2016-09-26,GOOGL,40.187355973030996,40.200258969642896,39.72236726150214,39.83154296875,29454000
2016-09-27,GOOGL,39.790850811853275,40.36947904221922,39.790850811853275,40.232513427734375,27346000
2016-09-28,GOOGL,39.90251073951569,40.20869949383691,39.8379995343411,40.19926834106445,29406000
2016-09-29,GOOGL,40.05882583846787,40.39032078367266,39.742713779214554,39.83104705810547,27000000
2016-09-30,GOOGL,39.87868961944793,40.10150484728582,39.7744774710352,39.90151596069336,33204000
2016-10-03,GOOGL,39.82659041994209,39.87571874457426,39.512961949877756,39.71890640258789,29784000
2016-10-04,GOOGL,39.9481612150694,40.02259953976899,39.683661148855165,39.8384895324707,25174000
2016-10-05,GOOGL,39.997788058157994,40.12185067855309,39.735271886577976,39.761077880859375,24276000
2016-10-06,GOOGL,39.90250667541786,40.04493183353091,39.725347921671634,39.852882385253906,21998000
2016-10-07,GOOGL,39.99431961700133,39.99481559492659,39.54223384507838,39.73527526855469,23262000
2016-10-10,GOOGL,39.89506342743224,40.562520923946174,39.8111977329862,40.40322494506836,29922000
2016-10-11,GOOGL,40.403224407767155,40.685591046230755,40.065773936868496,40.174949645996094,34432000
2016-10-12,GOOGL,40.293549832009745,40.419596351904865,40.12433052386627,40.284122467041016,18158000
2016-10-13,GOOGL,40.00125652498753,40.02557079517426,39.63154861943421,39.90250015258789,27380000
2016-10-14,GOOGL,40.06974358859108,40.20075367592646,39.81516686771628,39.92831039428711,22238000
2016-10-17,GOOGL,39.997289838368275,40.369477678691865,39.89010183027704,40.03947067260742,21128000
2016-10-18,GOOGL,40.40520695133663,41.12973215836576,40.361538183600246,40.7664794921875,45786000
2016-10-19,GOOGL,40.83546533231081,41.178871371478884,40.83546533231081,41.031978607177734,30002000
2016-10-20,GOOGL,41.06770377505458,41.112864265659525,40.71983396978358,40.77342987060547,27878000
2016-10-21,GOOGL,40.692535653018915,40.90542751358719,40.60866996560209,40.894012451171875,32316000
2016-10-24,GOOGL,41.19326146773341,41.58281616397826,41.14115349634215,41.47364044189453,28952000
2016-10-25,GOOGL,41.610599508196984,41.610599508196984,40.95554906512244,41.1168327331543,37814000
2016-10-26,GOOGL,41.04587013414104,41.07515176062275,40.51141040816944,40.7967529296875,35898000
2016-10-27,GOOGL,40.84191003872041,41.019068786181144,40.42505768673343,40.561031341552734,59470000
2016-10-28,GOOGL,41.18581287194011,41.63541491643057,40.54366161795539,40.67070388793945,87098000
2016-10-31,GOOGL,40.813127187784964,40.823054317799844,40.097041122760764,40.19132614135742,44854000
2016-11-01,GOOGL,40.23945693806719,40.39280116548648,39.61368436890236,39.97197723388672,47118000
2016-11-02,GOOGL,40.03550856481578,40.03550856481578,38.95566618143892,39.12538528442383,47014000
2016-11-03,GOOGL,38.930846978309965,39.20378624508538,38.639548958523115,38.81621551513672,43504000
2016-11-04,GOOGL,38.275795999079094,39.12835542657127,38.26090909129383,38.762123107910156,39412000
2016-11-07,GOOGL,39.44942823474963,39.94815854049249,39.3476959906743,39.80077362060547,39852000
2016-11-08,GOOGL,39.80077743122523,40.49602103004838,39.68117861597495,40.2945442199707,35382000
2016-11-09,GOOGL,39.79084997995276,40.28114491967384,39.30502262707691,39.977439880371094,61970000
2016-11-10,GOOGL,40.19628416441805,40.19926003135776,38.12344518339161,38.721923828125,118192000
2016-11-11,GOOGL,38.549231127786086,38.57304942295509,37.98995741521665,38.29813003540039,71852000
2016-11-14,GOOGL,38.29862461145487,38.29961656712263,36.90068647707908,37.37857437133789,73766000
2016-11-15,GOOGL,37.98648243293769,38.71944684458934,37.974079200334565,38.467350006103516,58878000
2016-11-16,GOOGL,38.232134440521456,38.8812294877679,38.02916966355439,38.70655059814453,35968000
2016-11-17,GOOGL,38.83159541945174,39.149195385809875,38.70008936085455,39.013221740722656,30674000
2016-11-18,GOOGL,39.06335119699981,39.267803884664836,38.47678351229251,38.50754928588867,36126000
2016-11-21,GOOGL,38.61324904356612,39.032581309353134,38.523923804782555,38.94573974609375,32616000
2016-11-22,GOOGL,39.15366674041165,39.390872889319226,38.89313448725489,38.95566177368164,27884000
2016-11-23,GOOGL,39.179969683000955,39.179969683000955,38.34279309262319,38.65791320800781,26260000
2016-11-25,GOOGL,38.837059277296895,38.85145020792031,38.61771590062323,38.71895217895508,12270000
2016-11-28,GOOGL,38.62565344589951,39.68713313158166,38.61324642739143,38.99486541748047,51508000
2016-11-29,GOOGL,39.123390933103416,39.52336866675731,38.972530375237625,39.175994873046875,31240000
2016-11-30,GOOGL,39.15912852164099,39.27872355867141,38.36760837343348,38.503082275390625,45582000
2016-12-01,GOOGL,38.6355753160947,38.63805520502257,37.38551820586382,37.92990493774414,57342000
2016-12-02,GOOGL,37.809320932844344,38.23609659943171,37.665407855870434,37.93635940551758,34376000
2016-12-05,GOOGL,38.21128448861968,38.70753493652383,38.060919906264076,38.61920166015625,33770000
2016-12-06,GOOGL,38.716967982244014,38.96956082999108,38.376045631260254,38.51797103881836,34682000
2016-12-07,GOOGL,38.70505270502632,39.303031581135166,38.3864569987456,39.2767333984375,40588000
2016-12-08,GOOGL,39.35018236538926,39.65041558282734,39.10007320456806,39.460350036621094,32250000
2016-12-09,GOOGL,39.665297202997664,40.193805124916956,39.60326589896358,40.16899108886719,38090000
2016-12-12,GOOGL,39.93923087169484,40.26328236335778,39.92483994144819,40.09207534790039,32572000
2016-12-13,GOOGL,40.31488785471283,40.90592305519874,40.29255749404697,40.461280822753906,42564000
2016-12-14,GOOGL,40.49007275139767,40.90394549210143,40.334248608203346,40.587833404541016,35994000
2016-12-15,GOOGL,40.561526957518716,40.84141369647383,40.29553517063618,40.47666931152344,35394000
2016-12-16,GOOGL,40.60867490748878,40.652839656835134,40.1029932600866,40.188350677490234,51978000
2016-12-19,GOOGL,40.160558692433945,40.50495663942268,39.92334875693545,40.320350646972656,25272000
2016-12-20,GOOGL,40.36352490087307,40.51835708231239,40.24591377764941,40.45433807373047,25438000
2016-12-21,GOOGL,40.480148400813704,40.480148400813704,39.953132083447606,40.30546951293945,29192000
2016-12-22,GOOGL,40.15162661739674,40.24938726157445,39.999274333530465,40.1804084777832,22632000
2016-12-23,GOOGL,40.09753171856805,40.24442066269139,39.95361864139527,40.08710861206055,15310000
2016-12-27,GOOGL,40.13078256232712,40.49403904001457,39.98786520842909,40.192813873291016,19520000
2016-12-28,GOOGL,40.36154163847913,40.36154163847913,39.82112639364336,39.92682647705078,24296000
2016-12-29,GOOGL,39.81565880509262,39.985374077726256,39.60773052557255,39.842952728271484,21148000
2016-12-30,GOOGL,39.85933451989293,39.86330612904933,39.184929539720855,39.32537078857422,34718000
2017-01-03,GOOGL,39.73080209555945,40.26774545030832,39.545703917091544,40.0975341796875,39180000
2017-01-04,GOOGL,40.19082879563864,40.366503401669846,39.903998354295574,40.08562469482422,30306000
2017-01-05,GOOGL,40.07222584262852,40.38188641152178,39.993819691175254,40.34615707397461,26810000
2017-01-06,GOOGL,40.44391838306494,41.13718188276882,40.27072744913276,40.951087951660156,40342000
2017-01-09,GOOGL,41.008654085637936,41.21013091518885,40.772935849595285,41.048851013183594,28178000
2017-01-10,GOOGL,41.04338381446413,41.159506988128165,40.84835852025762,40.990779876708984,23948000
2017-01-11,GOOGL,41.021058888553455,41.18382671550217,40.76549019150774,41.18184280395508,26508000
2017-01-12,GOOGL,41.10839858849833,41.20765096242631,40.74266220393062,41.165470123291016,26990000
2017-01-13,GOOGL,41.23840753795564,41.419537874092754,41.164964962332476,41.23543167114258,25804000
2017-01-17,GOOGL,41.18878684829836,41.19771823560679,40.851336394965074,41.062740325927734,28818000
2017-01-18,GOOGL,41.17886478192362,41.179360759784444,40.89500642973119,41.14015579223633,20554000
2017-01-19,GOOGL,41.139163600564935,41.33766454038061,40.889054460886065,40.90939712524414,21410000
2017-01-20,GOOGL,41.14362936622756,41.15107660663391,40.92081414245824,41.09797668457031,26124000
2017-01-23,GOOGL,41.26868854642984,41.959964358364125,41.12427947209764,41.90488052368164,49148000
2017-01-24,GOOGL,42.0314241271239,42.25672303671018,41.79818578497671,42.1579704284668,33768000
2017-01-25,GOOGL,42.357458610615055,42.61749108882122,42.16838503962544,42.60062026977539,33108000
2017-01-26,GOOGL,42.63039602473197,42.72716471495005,42.20709594878447,42.527671813964844,69866000
2017-01-27,GOOGL,42.62791774368355,43.02491586305554,41.7793298621954,41.934654235839844,75050000
2017-01-30,GOOGL,41.53914494795873,41.547580358366034,40.74365318616884,40.882606506347656,70338000
2017-01-31,GOOGL,40.667720117440844,40.84488263681275,40.365007060490846,40.701961517333984,40404000
2017-02-01,GOOGL,40.89104453854684,40.89104453854684,40.30794864980142,40.456329345703125,45020000
2017-02-02,GOOGL,40.444410059881044,40.91882610719877,40.298017091638854,40.60618591308594,33784000
2017-02-03,GOOGL,40.84786652297752,40.996739391700366,40.660280877807196,40.69898986816406,30562000
2017-02-06,GOOGL,40.73819276571827,40.811139369718404,40.40917772268014,40.77293014526367,27018000
2017-02-07,GOOGL,40.965475556248926,41.28406749235418,40.8558038752445,41.15057373046875,33332000
2017-02-08,GOOGL,41.215088300547556,41.39969428117468,40.946120654169825,41.182830810546875,26044000
2017-02-09,GOOGL,41.27463856907488,41.287045588029244,41.01510205722818,41.19176483154297,23884000
2017-02-10,GOOGL,41.33518126306503,41.54360554813792,41.21409830101388,41.42947006225586,28302000
2017-02-13,GOOGL,41.570903218410955,41.7713918757338,41.498948560926706,41.6334342956543,25914000
2017-02-14,GOOGL,41.67362425540763,41.784287897768046,41.47810296426607,41.686527252197266,27266000
2017-02-15,GOOGL,41.6259862972604,41.7728790491817,41.497459871942795,41.55204772949219,27144000
2017-02-16,GOOGL,41.610602315701875,41.81853063238226,41.54906698310284,41.792728424072266,20102000
2017-02-17,GOOGL,41.75004597303008,42.02943673981585,41.674119712939536,42.01008224487305,29224000
2017-02-21,GOOGL,42.081546064238914,42.29046633418327,42.010083602609015,42.14506530761719,25206000
2017-02-22,GOOGL,42.082039871822275,42.36936627888974,42.01802086777558,42.248779296875,24488000
2017-02-23,GOOGL,42.234882863664524,42.31130509746699,41.8090991424148,42.23091125488281,27734000
2017-02-24,GOOGL,42.064677143914324,42.09991050856701,41.83193475993685,42.07261657714844,26924000
2017-02-27,GOOGL,41.930686699303536,42.21454128418682,41.83441398266672,42.1649169921875,20206000
2017-02-28,GOOGL,42.04978228999186,42.12322865919275,41.756496577131536,41.9296875,27662000
2017-03-01,GOOGL,42.249770479595306,42.57828954515215,42.13265534469995,42.516258239746094,36374000
2017-03-02,GOOGL,42.49441922527507,42.50335439848353,42.11776759972527,42.17384338378906,25018000
2017-03-03,GOOGL,42.1286878993732,42.22198474867026,41.91877566759099,42.13563537597656,20100000
2017-03-06,GOOGL,42.02546424922019,42.12868443399256,41.74309762117766,42.04581069946289,20958000
2017-03-07,GOOGL,42.04531614208958,42.346541296992676,41.95897055967206,42.23835754394531,20774000
2017-03-08,GOOGL,42.33612103714739,42.525194628762826,42.243323950091295,42.3619270324707,20576000
2017-03-09,GOOGL,42.364406227644714,42.71277198330302,42.31378619815778,42.57034683227539,26954000
2017-03-10,GOOGL,42.81153186050935,42.887458131559775,42.55894279233696,42.74751663208008,26732000
2017-03-13,GOOGL,42.71873317478979,43.03136963625567,42.718237196873325,42.90482711791992,23332000
2017-03-14,GOOGL,42.86363339999027,43.0536989311068,42.68399097612587,42.9708251953125,21234000
2017-03-15,GOOGL,43.07156078228258,43.16783349042689,42.74204975761626,43.09389114379883,26658000
2017-03-16,GOOGL,43.200091949022436,43.308275700168785,43.05071931886995,43.173789978027344,22090000
2017-03-17,GOOGL,43.35640808375141,43.393133161851445,43.09289996924788,43.29140090942383,37366000
2017-03-20,GOOGL,43.14798234227901,43.19065915324346,42.90928827314721,43.070072174072266,30844000
2017-03-21,GOOGL,43.176769443714015,43.34599256068178,42.066657315561955,42.18824005126953,50760000
2017-03-22,GOOGL,42.15548499471337,42.44678681434154,42.03241432992479,42.17136764526367,27334000
2017-03-23,GOOGL,41.754016754607136,41.76890366239411,41.33766417006349,41.667667388916016,65754000
2017-03-24,GOOGL,41.78428926311717,41.88354163163041,41.14412947013777,41.44386291503906,42114000
2017-03-27,GOOGL,41.094002550739496,41.75352057965877,40.90592472069504,41.6110954284668,38692000
2017-03-28,GOOGL,41.669656356765074,41.95301494948104,41.301436329331494,41.716304779052734,30384000
2017-03-29,GOOGL,41.82150967990313,42.26019264790651,41.75352284968886,42.17483901977539,29146000
2017-03-30,GOOGL,42.27954203533488,42.28053399097135,42.020997506696666,42.155479431152344,18988000
2017-03-31,GOOGL,42.023980492651866,42.159458181784736,41.94507835919382,42.07211685180664,28820000
2017-04-03,GOOGL,42.11925637071118,42.62791383225891,42.05871299883934,42.516258239746094,39388000
2017-04-04,GOOGL,42.082035833421095,42.3301610357736,42.05771777655601,42.30882263183594,26970000
2017-04-05,GOOGL,42.41502344136857,42.70681744000787,42.05821848190618,42.127197265625,37104000
2017-04-06,GOOGL,42.15648089782802,42.35944945398474,41.88354537870284,41.938133239746094,30672000
2017-04-07,GOOGL,41.93316633104035,41.97683510195683,41.55105512029424,41.78925323486328,22232000
2017-04-10,GOOGL,41.76146593215507,42.01951832279848,41.72424865758679,41.769405364990234,20924000
2017-04-11,GOOGL,41.76939814842842,41.91479916222082,41.417060794388895,41.679080963134766,19486000
2017-04-12,GOOGL,41.60861921761759,41.86964746185861,41.565446424204374,41.75749588012695,22716000
2017-04-13,GOOGL,41.7366427202831,41.87013647365477,41.57834250410502,41.693965911865234,21474000
2017-04-17,GOOGL,41.75352665661129,42.46118114272395,41.73615607101999,42.43587112426758,20982000
2017-04-18,GOOGL,42.30734071824727,42.548022523201205,42.24332549159694,42.37929916381836,18724000
2017-04-19,GOOGL,42.54801370474404,42.68745919351234,42.3564602563244,42.50434494018555,21606000
2017-04-20,GOOGL,42.6646439462055,42.87257228886267,42.55348430854978,42.6815185546875,23776000
2017-04-21,GOOGL,42.708308617818545,42.79862960082511,42.56489528300526,42.62543487548828,23458000
2017-04-24,GOOGL,43.096382361650804,43.668063190280265,42.98075513885307,43.616947174072266,33930000
2017-04-25,GOOGL,43.78218755512156,44.27794198631676,43.63430665969497,44.10872268676758,40760000
2017-04-26,GOOGL,44.23527468840342,44.31467658823856,43.9256140940101,44.123619079589844,26466000
2017-04-27,GOOGL,44.16628852333417,44.33401989750991,44.02634705224293,44.23774719238281,46846000
2017-04-28,GOOGL,46.10166798930321,46.444078228433774,45.814833772687244,45.87934875488281,76918000
2017-05-01,GOOGL,45.86098930958472,46.44011353829957,45.694745850411195,46.291236877441406,46556000
2017-05-02,GOOGL,46.31356990747987,46.795925430806086,46.20091856573446,46.503135681152344,35026000
2017-05-03,GOOGL,46.45152971264238,47.153720838295705,46.40984485237989,47.06687927246094,36496000
2017-05-04,GOOGL,47.15818949939638,47.59737226194874,47.01328444098065,47.378028869628906,38752000
2017-05-05,GOOGL,47.477272040361875,47.56262945078794,47.04950439079089,47.15768814086914,32310000
2017-05-08,GOOGL,47.01725309770915,47.68917440011859,47.014769422210726,47.57503890991211,37534000
2017-05-09,GOOGL,47.70604661993539,47.74921941001433,47.36214466069312,47.476776123046875,33758000
2017-05-10,GOOGL,47.4524664237961,47.47678069939129,47.135858360518014,47.38398361206055,22920000
2017-05-11,GOOGL,47.20780998489091,47.54030067802731,47.074815979290726,47.43608474731445,20622000
2017-05-12,GOOGL,47.53335046365582,47.53979817562925,47.24602027611878,47.39886474609375,24298000
2017-05-15,GOOGL,47.40630831442589,47.77402856059207,47.283733637007025,47.60133361816406,26754000
2017-05-16,GOOGL,47.8162162181547,47.93283159665836,47.65741621748658,47.86881637573242,22030000
2017-05-17,GOOGL,47.6251600544227,47.689175277135526,46.65052185226562,46.75523376464844,48982000
2017-05-18,GOOGL,46.806345103008915,47.351227917804934,46.71056836665466,47.168609619140625,36010000
2017-05-19,GOOGL,47.283740502367316,47.618215137100144,47.24304759660105,47.37455368041992,27206000
2017-05-22,GOOGL,47.49116868009444,47.8792391845147,47.46933429537857,47.842018127441406,27748000
2017-05-23,GOOGL,48.13431163878371,48.360102725018464,47.863356277557,48.16358947753906,30908000
2017-05-24,GOOGL,48.39732355580964,48.53924894808386,48.21718515109815,48.51394271850586,22660000
2017-05-25,GOOGL,48.582920196436895,49.41562915476303,48.52436073468418,49.22109603881836,39082000
2017-05-26,GOOGL,49.228041984179605,49.44589741082595,48.99778332544321,49.29106903076172,32728000
2017-05-30,GOOGL,49.252859979540474,49.50694073938105,49.19628821251165,49.43498229980469,30324000
2017-05-31,GOOGL,49.43696813545812,49.60519549656907,48.7159147636656,48.9843864440918,34482000
2017-06-01,GOOGL,49.17643570727521,49.28461945806462,48.69656009093499,49.04393768310547,26128000
2017-06-02,GOOGL,49.058826951613746,49.45036930865034,48.98339666636543,49.43250274658203,34710000
2017-06-05,GOOGL,49.52033528083305,49.99226765648931,49.39924853935708,49.817588806152344,27578000
2017-06-06,GOOGL,49.78930788618503,50.052320036613125,49.366999754627315,49.46029281616211,31042000
2017-06-07,GOOGL,49.57988696106635,49.81908081046018,49.42009500491669,49.699485778808594,27482000
2017-06-08,GOOGL,49.83495681539461,49.90294364140927,49.45731322454804,49.837440490722656,33758000
2017-06-09,GOOGL,49.89749316106592,49.897989138965876,47.31103277630268,48.14225387573242,72958000
2017-06-12,GOOGL,47.57652557253585,48.037046702383286,46.48874388291965,47.72986602783203,84042000
2017-06-13,GOOGL,48.23753216399073,48.52883019214543,47.739789971222606,48.161109924316406,40108000
2017-06-14,GOOGL,48.40923664817949,48.61766094460404,47.61572881591536,48.033573150634766,30110000
2017-06-15,GOOGL,47.04553313870927,47.673785592975555,46.66590187148568,47.64897155761719,48552000
2017-06-16,GOOGL,47.5363265484606,47.63756282047895,47.07928106997453,47.57155990600586,51184000
2017-06-19,GOOGL,48.118921268467076,48.5978049035857,48.04696662178621,48.39533615112305,29376000
2017-06-20,GOOGL,48.39980239152941,48.6717497013078,48.04696904390916,48.08617401123047,25946000
2017-06-21,GOOGL,48.1755015253506,48.610216673197506,48.10900262833196,48.56257629394531,23232000
2017-06-22,GOOGL,48.477216464930635,48.65735865136736,48.30055369567204,48.464813232421875,20190000
2017-06-23,GOOGL,48.40923653512779,48.96106683451977,48.35762454598657,48.93476486206055,31280000
2017-06-26,GOOGL,49.12880180620966,49.32680679482114,48.15267560331807,48.24001693725586,30358000
2017-06-27,GOOGL,47.719448391080846,47.99833940653162,46.999386939253284,47.04901123046875,48872000
2017-06-28,GOOGL,47.17654919401256,47.800830118697014,46.45698372447624,47.69016647338867,54912000
2017-06-29,GOOGL,47.210785268156336,47.22616815296676,46.13143907875821,46.53935623168945,64134000
2017-06-30,GOOGL,46.84554454041628,46.89566480314065,46.131934677988745,46.13541030883789,45754000
2017-07-03,GOOGL,46.31108669671117,46.36170672945465,45.42230190340284,45.62824630737305,33896000
2017-07-05,GOOGL,45.86347281875894,46.46343952445842,45.587061668840335,46.263450622558594,41882000
2017-07-06,GOOGL,45.90316925530482,46.455991500775355,45.647600561797674,46.036659240722656,40298000
2017-07-07,GOOGL,46.2004212518277,46.878797813798506,46.14086983342769,46.687740325927734,33266000
2017-07-10,GOOGL,46.74431054819273,47.29912045428234,46.74431054819273,47.193416595458984,29030000
2017-07-11,GOOGL,47.169600878601486,47.386460578325476,46.90162516913599,47.3189697265625,29224000
2017-07-12,GOOGL,47.682721650102536,48.117932764508936,47.493155879878834,48.020172119140625,32042000
2017-07-13,GOOGL,48.17599231453892,48.56803060581498,47.8782428158492,48.0792236328125,30492000
2017-07-14,GOOGL,48.334804621936705,48.51047547009532,48.143747098916194,48.47921371459961,21592000
2017-07-17,GOOGL,48.44993061909397,48.798792387823354,48.17599937427766,48.432064056396484,33210000
2017-07-18,GOOGL,48.30303491759887,49.17097726036958,48.237531763888754,48.977439880371094,28266000
2017-07-19,GOOGL,49.129292625079735,49.406695699521066,48.98041596928831,49.266258239746094,28242000
2017-07-20,GOOGL,49.47616659937202,49.55953630855649,48.8618090789253,49.23747253417969,28368000
2017-07-21,GOOGL,49.079173018907035,49.38238209117647,48.83948319000982,49.319358825683594,29266000
2017-07-24,GOOGL,49.33226699455003,49.932233703465144,49.142201436296226,49.54118728637695,79690000
2017-07-25,GOOGL,48.17103520998085,48.470272682282825,47.828621158219754,48.08816146850586,118672000
2017-07-26,GOOGL,48.27425677033935,48.332316474369,47.65146374690554,47.90355682373047,44432000
2017-07-27,GOOGL,48.09559805681469,48.112472661091836,46.50164270018641,47.268348693847656,74358000
2017-07-28,GOOGL,47.04404958365928,47.728873861858474,46.9110517937302,47.55717086791992,36276000
2017-07-31,GOOGL,47.640048163224336,47.699103608517916,46.73339677016054,46.92048645019531,45670000
2017-08-01,GOOGL,47.03512244416309,47.36661744769651,46.89369300635197,46.97309112548828,28052000
2017-08-02,GOOGL,47.06290149048355,47.09913058907893,46.27634500557477,47.026676177978516,40788000
2017-08-03,GOOGL,47.09913648469887,47.14379721210253,46.619756808457645,46.66243362426758,22478000
2017-08-04,GOOGL,46.843562552511514,47.02171705092121,46.63762193437322,46.93487548828125,25092000
2017-08-07,GOOGL,47.020725335952655,47.09218779849019,46.82123242927371,46.93288803100586,28916000
2017-08-08,GOOGL,46.86043612951046,47.267361364108034,46.77061491545383,46.855472564697266,30102000
2017-08-09,GOOGL,46.57062613425784,46.834134256424264,46.34582321666199,46.65151596069336,28018000
2017-08-10,GOOGL,46.39941976819309,46.46393096744499,45.743377331854624,45.83319854736328,54148000
2017-08-11,GOOGL,45.839149885156594,46.31802973618093,45.715583254611374,46.155757904052734,32334000
2017-08-14,GOOGL,46.60139175119599,46.69915239717862,46.37410894499238,46.594444274902344,23012000
2017-08-15,GOOGL,46.6986581527084,46.799894433640944,46.480806490160866,46.55226516723633,22130000
2017-08-16,GOOGL,46.70957505476403,47.13883064722038,46.64952765805784,46.85944366455078,26906000
2017-08-17,GOOGL,46.793934282893545,46.83661109376019,46.034175738409836,46.0351676940918,33914000
2017-08-18,GOOGL,46.00142809117825,46.201912960923664,45.82625323888696,45.961727142333984,26748000
2017-08-21,GOOGL,45.941384772990816,46.06445165745796,45.58557173698597,45.698219299316406,26024000
2017-08-22,GOOGL,46.000431248134696,46.744806922470865,45.96122628135944,46.66739273071289,35502000
2017-08-23,GOOGL,46.4986666682668,46.9170069577444,46.41132913140807,46.775577545166016,22690000
2017-08-24,GOOGL,46.83164840914505,46.96067078942028,46.18800929683892,46.49320602416992,25892000
2017-08-25,GOOGL,46.608340792297135,46.68377107831637,46.15625884016076,46.176109313964844,23746000
2017-08-28,GOOGL,46.244588485793926,46.39197341493008,45.95825025095941,46.058494567871094,20988000
2017-08-29,GOOGL,45.65255748460031,46.557716983735766,45.62079597445393,46.43663024902344,23172000
2017-08-30,GOOGL,46.43267208554003,46.938349961404235,46.35227823088002,46.82768630981445,22406000
2017-08-31,GOOGL,46.96018494273795,47.50109997367631,46.95770505315194,47.40383529663086,33866000
2017-09-01,GOOGL,47.51449339200041,47.55717020443395,47.157688434535075,47.24254608154297,20858000
2017-09-05,GOOGL,46.98797302251831,47.212775951268085,46.42919523611651,46.72099304199219,29148000
2017-09-06,GOOGL,46.83959259897241,46.870854348551845,46.28428669963663,46.74778747558594,27830000
2017-09-07,GOOGL,46.85845321212498,47.168609762943674,46.52497055645284,47.138336181640625,22332000
2017-09-08,GOOGL,47.12891069949256,47.17853499238886,46.6480430855102,46.7175178527832,19998000
2017-09-11,GOOGL,47.004847270954606,47.276790814477344,46.697170602509935,46.810813903808594,26748000
2017-09-12,GOOGL,46.990949481105986,47.049009179940434,46.52348087888303,46.9775505065918,25696000
2017-09-13,GOOGL,46.92048475210786,47.28522916054444,46.88276771628767,47.16563034057617,21908000
2017-09-14,GOOGL,46.945297377766416,47.0460376849171,46.56616201931172,46.65399932861328,28548000
2017-09-15,GOOGL,46.65201262584589,46.7343903871149,46.21332586958531,46.41381072998047,39886000
2017-09-18,GOOGL,46.399909886858524,46.49171500229546,45.92301396387781,46.13888168334961,29474000
2017-09-19,GOOGL,46.32052266816866,46.545321827246,45.985552044165146,46.49172592163086,24854000
2017-09-20,GOOGL,46.53489396639547,47.14379195587361,46.523478903822635,47.02171325683594,40080000
2017-09-21,GOOGL,47.05099481279299,47.28274140618764,46.61677567697785,47.02220916748047,27414000
2017-09-22,GOOGL,46.78500808200318,47.14379697750564,46.68923134281122,46.809322357177734,21496000
2017-09-25,GOOGL,46.62025390229481,46.63514081178571,45.87885400648442,46.36369323730469,37468000
2017-09-26,GOOGL,46.48328679251417,46.8500151193324,46.40537661608518,46.5200080871582,33454000
2017-09-27,GOOGL,46.78352226244843,47.909513292070834,46.74431729035093,47.63508605957031,46692000
2017-09-28,GOOGL,47.45395042925969,47.946725260130066,47.419213048362934,47.87874221801758,28018000
2017-09-29,GOOGL,47.9377930383633,48.42461612640098,47.9377930383633,48.320899963378906,40622000
2017-10-02,GOOGL,48.416675441604816,48.5203916019427,47.73681097508973,48.0107421875,30782000
2017-10-03,GOOGL,48.01521026635215,48.25738377408989,47.77453226445452,48.23951721191406,21666000
2017-10-04,GOOGL,48.22363473292049,48.35464482078487,47.91843798169234,47.97650146484375,21156000
2017-10-05,GOOGL,48.27474905020129,48.95560551159922,48.149694477185655,48.890098571777344,35618000
2017-10-06,GOOGL,48.6325481014122,49.340202543174605,48.55860574846172,49.30943298339844,31060000
2017-10-09,GOOGL,49.37692107258531,49.64787264414547,49.203234167739055,49.243431091308594,25910000
2017-10-10,GOOGL,49.391810670282275,49.49949845019626,48.6876318609449,49.019622802734375,23268000
2017-10-11,GOOGL,49.08115626282671,50.00071059689556,49.02656840811587,49.90542984008789,36300000
2017-10-12,GOOGL,49.81560862596943,50.19771982285468,49.67963496706493,49.90542984008789,30614000
2017-10-13,GOOGL,50.07712599033008,50.357504893643224,49.975393748995614,50.01559066772461,26552000
2017-10-16,GOOGL,50.10293380114631,50.22054491757551,49.70047616319536,50.08903884887695,21420000
2017-10-17,GOOGL,49.994262353966306,50.34759171288629,49.92528356427712,50.17092514038086,20260000
2017-10-18,GOOGL,50.17340512014817,50.434429564257954,49.88905078577245,50.25727081298828,25596000
2017-10-19,GOOGL,49.86077108501208,49.98830934871522,49.49106686444317,49.71636199951172,34284000
2017-10-20,GOOGL,49.974900750990926,50.054298851483395,49.737690833001565,49.876644134521484,32120000
2017-10-23,GOOGL,49.8821012198322,49.912374798986946,48.78638014398963,48.907466888427734,32786000
2017-10-24,GOOGL,48.95511092107929,49.09207653905142,48.48764229958939,49.053863525390625,28902000
2017-10-25,GOOGL,48.94369179674445,49.348633096357005,48.51939978905542,49.20124816894531,30574000
2017-10-26,GOOGL,49.54912202546478,49.948107837748644,49.15212012471834,49.19926452636719,47396000
2017-10-27,GOOGL,51.16291970924077,52.782185013215205,50.95747131589125,51.29591369628906,103682000
2017-10-30,GOOGL,51.07211767926328,51.6016176398928,50.733179247216455,51.26913070678711,46804000
2017-10-31,GOOGL,51.26267597007089,51.65967408142236,50.930185271874535,51.2646598815918,30326000
2017-11-01,GOOGL,51.42742644008691,52.00009910313571,51.312295219643225,51.739070892333984,43262000
2017-11-02,GOOGL,51.60955392842729,51.883981140435175,51.04730052943399,51.7574348449707,26694000
2017-11-03,GOOGL,51.74651579191872,52.13905007475341,51.49342700543893,52.10580062866211,27770000
2017-11-06,GOOGL,52.06163772643483,52.23482865285594,51.709296567056526,51.7430419921875,18294000
2017-11-07,GOOGL,52.08892183678697,52.27551550217633,51.75891864989737,52.22489547729492,26104000
2017-11-08,GOOGL,52.108779631309304,52.73604019981871,51.959906760843886,52.51769256591797,24276000
2017-11-09,GOOGL,52.00704757013572,52.14996491013847,51.404101317421436,51.9931526184082,35892000
2017-11-10,GOOGL,51.802099309849076,51.93906492678788,51.67059323569073,51.81599426269531,19442000
2017-11-13,GOOGL,51.649750966860445,52.04377321267855,51.573328725968764,51.66960144042969,18814000
2017-11-14,GOOGL,51.49690362323988,51.72418642175443,51.080547251487864,51.69143295288086,21012000
2017-11-15,GOOGL,51.36192165694365,51.59168434353382,51.15150967877325,51.43189239501953,18106000
2017-11-16,GOOGL,51.54801332722722,52.19363637737985,51.51079605947761,52.03036880493164,23768000
2017-11-17,GOOGL,52.096373549841466,52.15592118033546,51.298897961474125,51.40608596801758,26712000
2017-11-20,GOOGL,51.41155355802843,51.54554331979459,51.24679802050325,51.34505844116211,17526000
2017-11-21,GOOGL,51.61203562266244,52.125656704610606,51.56737489523608,52.12118911743164,22206000
2017-11-22,GOOGL,52.16386301287419,52.37576293256396,51.96982965480921,52.20158004760742,14538000
2017-11-24,GOOGL,52.32415526773204,52.60602593101643,52.20158058272845,52.42985534667969,16492000
2017-11-27,GOOGL,52.531585840905464,53.249659556822905,52.343008243811624,53.198543548583984,35430000
2017-11-28,GOOGL,53.29680356950394,53.595049062712235,52.33159658736446,52.76581573486328,36424000
2017-11-29,GOOGL,52.41297956805976,52.54150977079057,51.09642714917222,51.48003005981445,55866000
2017-11-30,GOOGL,51.607076405235695,51.815500707675014,51.117277401457855,51.419986724853516,45092000
2017-12-01,GOOGL,51.134140471762,51.473078847326335,50.46370717415714,50.869144439697266,37762000
2017-12-04,GOOGL,51.00462036816599,51.18029496499004,50.08258618899026,50.21409225463867,38778000
2017-12-05,GOOGL,50.170422737937635,51.44529023917294,49.74017521185432,50.597694396972656,38998000
2017-12-06,GOOGL,50.444852185282436,51.58920562972724,50.38480478897441,51.248779296875,28710000
2017-12-07,GOOGL,51.41502182585161,52.05270168945246,51.37978846771622,51.83683395385742,30866000
2017-12-08,GOOGL,52.196117986213245,52.424888714656014,51.900848365370614,52.075531005859375,31170000
2017-12-11,GOOGL,52.16138659924124,52.40405230745998,51.814508739827055,52.204063415527344,23254000
2017-12-12,GOOGL,52.10630073768928,52.726613841709394,51.85172399748962,52.04526138305664,33882000
2017-12-13,GOOGL,52.209519113266865,52.37824245436875,51.936579842554295,52.17527770996094,27680000
2017-12-14,GOOGL,52.37874075521263,52.95389333302223,52.2849479356192,52.47699737548828,30962000
2017-12-15,GOOGL,52.7901304576841,53.35933130860984,52.60701618899297,53.19804763793945,63760000
2017-12-18,GOOGL,53.41887760717587,53.917115750781115,53.11716027393845,53.84764099121094,30292000
2017-12-19,GOOGL,53.744917023004,53.841685708982446,53.21144551940759,53.584129333496094,26350000
2017-12-20,GOOGL,53.64071113647225,53.65609402379042,53.029329392188195,53.27547073364258,28728000
2017-12-21,GOOGL,53.36628248659549,53.47198256946399,53.04917845189917,53.14098358154297,25640000
2017-12-22,GOOGL,53.098804283755854,53.18415791715682,52.98168913373847,53.042232513427734,17788000
2017-12-26,GOOGL,53.03131014770581,53.04222923320552,52.535059671069966,52.89285659790039,18376000
2017-12-27,GOOGL,52.930083989834564,53.01295773848468,52.522162959771,52.61248016357422,22324000
2017-12-28,GOOGL,52.714205801835746,52.84273600720423,52.27403111683675,52.40156936645508,19884000
2017-12-29,GOOGL,52.378744370066606,52.505782858979245,52.24028703146211,52.2750244140625,23606000
2018-01-02,GOOGL,52.25616650977731,53.39555637599077,52.25616650977731,53.258094787597656,31766000
2018-01-03,GOOGL,53.293826858111245,54.39401559956042,53.2690166056818,54.16673278808594,31318000
2018-01-04,GOOGL,54.44314296338079,54.79002080218762,54.30270550308476,54.377140045166016,26052000
2018-01-05,GOOGL,54.758755942293035,55.2614578852317,54.67687416456261,55.09819030761719,30250000
2018-01-08,GOOGL,55.13343242999479,55.538373796315,55.08380813483927,55.292728424072266,24644000
2018-01-09,GOOGL,55.502642267895226,55.502642267895226,54.994480721798055,55.222259521484375,26808000
2018-01-10,GOOGL,54.93491990274521,55.22175409896276,54.78505509296591,55.09074401855469,20734000
2018-01-11,GOOGL,55.19843461239381,55.32448113496427,54.90912051224298,55.18553161621094,22424000
2018-01-12,GOOGL,55.08876756824838,56.14081617656425,54.985051398298886,56.10856246948242,38586000
2018-01-16,GOOGL,56.587934163341046,57.01322191950671,55.910553359462554,56.11103820800781,36462000
2018-01-17,GOOGL,56.39191560177984,56.538804550276275,55.753240015475136,56.527889251708984,27830000
2018-01-18,GOOGL,56.540293788359044,56.60182911673487,55.80137765608824,56.372562408447266,27498000
2018-01-19,GOOGL,56.47479116377378,56.76013366064309,56.20036396582539,56.746238708496094,30552000
2018-01-22,GOOGL,56.76212029512655,57.90647370048914,56.662867934442154,57.77149200439453,29550000
2018-01-23,GOOGL,58.09207729720284,58.48361968900706,57.924841869528365,58.367496490478516,39138000
2018-01-24,GOOGL,58.804692825496915,58.90741704338975,57.93228283331218,58.12532424926758,37128000
2018-01-25,GOOGL,58.592787000499854,58.805678869563444,58.15261233236536,58.66374969482422,29984000
2018-01-26,GOOGL,58.931228436085426,58.932716369628906,57.963541580164076,58.932716369628906,42170000
2018-01-29,GOOGL,58.954557786460356,59.45080826013059,58.75903270702499,58.879127502441406,31494000
2018-01-30,GOOGL,58.44441449933271,58.95108431301713,58.28511472940525,58.42704391479492,37338000
2018-01-31,GOOGL,58.74662673993285,58.871189124546724,58.16551860611946,58.667724609375,36022000
2018-02-01,GOOGL,58.35855649396602,58.92726136028972,58.029541444345845,58.63645553588867,73514000
2018-02-02,GOOGL,55.94826905865259,56.140814483925396,55.14186204237714,55.54035186767578,117842000
2018-02-05,GOOGL,54.61782187208808,55.33143180962722,52.440774316330746,52.721153259277344,83550000
2018-02-06,GOOGL,51.31130902345979,53.96128479980708,51.1142960056207,53.81489181518555,76630000
2018-02-07,GOOGL,53.84168814584848,53.91910234091689,52.335566149712285,52.37477111816406,51942000
2018-02-08,GOOGL,52.59610438690052,52.79758122258156,49.85829107627344,50.00766372680664,66792000
2018-02-09,GOOGL,50.909344316180636,52.19165540867319,49.476172649737094,51.921199798583984,98360000
2018-02-12,GOOGL,52.43730013636036,52.878962767049636,51.8824939696113,52.33259201049805,56240000
2018-02-13,GOOGL,52.106296280534515,52.66309009287061,51.953451811130186,52.311744689941406,31586000
2018-02-14,GOOGL,52.320677213428844,53.370245858338976,52.0963740689642,53.232784271240234,41304000
2018-02-15,GOOGL,53.76625250864898,54.294760418952414,52.96133350739821,54.15878677368164,37396000
2018-02-16,GOOGL,54.25902704890968,54.99993083278105,54.16821388857048,54.364234924316406,39948000
2018-02-20,GOOGL,54.2282657694196,55.39594152717007,54.09130015779495,54.76570510864258,33754000
2018-02-21,GOOGL,55.03913900524265,56.38397726499764,54.96023309408838,55.269893646240234,41486000
2018-02-22,GOOGL,55.53885965461492,55.85100008677696,54.84311633508414,55.078834533691406,28010000
2018-02-23,GOOGL,55.5135569921039,56.026682098026,55.006391193169385,55.98152160644531,25292000
2018-02-26,GOOGL,56.168601178902755,56.78097480128656,56.04354661241557,56.75616455078125,30912000
2018-02-27,GOOGL,56.75616735890439,56.78346128607395,55.4207564112541,55.456485748291016,42964000
2018-02-28,GOOGL,55.67929791953784,55.95968063001899,54.73642511129295,54.78207778930664,49292000
2018-03-01,GOOGL,55.060974592776226,55.14682419570041,52.964313375252146,53.16876983642578,55338000
2018-03-02,GOOGL,52.50230528478262,53.936968598314685,52.11175868044733,53.800498962402344,50162000
2018-03-05,GOOGL,53.50225291516991,54.64610659754565,53.21144708473962,54.3275146484375,28648000
2018-03-06,GOOGL,54.6917650131946,54.86694364392529,54.31461358782907,54.6322135925293,23382000
2018-03-07,GOOGL,54.231235801931675,55.39147176692943,54.086826751828575,55.33390426635742,30748000
2018-03-08,GOOGL,55.44110560536582,56.14776430734299,55.44110560536582,56.04553985595703,33862000
2018-03-09,GOOGL,56.54774295920812,57.61468229140072,56.28919838719283,57.60674285888672,42662000
2018-03-12,GOOGL,57.81566048237289,58.46624715991599,57.52535440754589,57.85933303833008,44306000
2018-03-13,GOOGL,58.15211684765045,58.458305561520525,56.30308866796422,56.568084716796875,43140000
2018-03-14,GOOGL,56.86038481086448,57.553148590028385,56.68917777773559,57.01372528076172,41870000
2018-03-15,GOOGL,57.04746711478381,57.68911862558039,56.35718326869384,57.09907531738281,33382000
2018-03-16,GOOGL,57.33430005554553,57.40675068592315,56.143794144320694,56.29564666748047,58656000
2018-03-19,GOOGL,55.46889585385812,55.54878994224514,54.03770809253903,54.59103012084961,63656000
2018-03-20,GOOGL,54.508149898872496,54.86297095428456,53.715141858503905,54.379127502441406,54598000
2018-03-21,GOOGL,54.21883985425081,55.01929135299701,53.95284805576338,54.28980255126953,44898000
2018-03-22,GOOGL,53.59554628557859,53.78957964222537,52.08843234878068,52.26261901855469,69312000
2018-03-23,GOOGL,52.17428743778185,52.93900961222988,50.85922290334337,50.94259262084961,49880000
2018-03-26,GOOGL,52.13607800593,52.566329384144204,50.15008398584677,52.309268951416016,65984000
2018-03-27,GOOGL,52.7960824594576,52.82784397083302,49.50693545745029,49.96944046020508,60816000
2018-03-28,GOOGL,49.7198349266751,50.8651804175994,48.831050096900356,49.88210678100586,77698000
2018-03-29,GOOGL,50.181345719506616,52.00953154308469,49.825532702903686,51.46812057495117,69338000
2018-04-02,GOOGL,50.99569171418106,51.58672696755063,49.33970488229298,50.25181198120117,65068000
2018-04-03,GOOGL,50.42648955121837,50.86567226945512,49.48857648250298,50.552040100097656,51322000
2018-04-04,GOOGL,49.537213120812204,51.249775610183725,49.45185948793269,51.09941101074219,50724000
2018-04-05,GOOGL,51.92715645467816,51.943035319833584,50.81605236379516,51.24481201171875,35836000
2018-04-06,GOOGL,50.77138315355239,51.411546698793046,49.935202343254076,50.11881637573242,40134000
2018-04-09,GOOGL,50.61953323122258,51.837829076941425,50.57784837233873,50.62201690673828,33220000
2018-04-10,GOOGL,51.12670264682606,51.67009753042963,50.38977037811584,51.436363220214844,36620000
2018-04-11,GOOGL,51.213050313437314,51.4050997727002,50.57785027638551,50.86865234375,34060000
2018-04-12,GOOGL,51.186744905701275,51.84079958301102,50.91777726231213,51.47555923461914,32896000
2018-04-13,GOOGL,51.951971207739305,52.254184558202375,51.12124606564996,51.413536071777344,25410000
2018-04-16,GOOGL,51.885475386469984,52.17726943200579,51.308335008640206,51.91276931762695,29776000
2018-04-17,GOOGL,52.66210162928209,53.84317639363368,52.45814113987707,53.563289642333984,54584000
2018-04-18,GOOGL,53.5459220284732,53.69429891878459,53.12460586736447,53.36627960205078,31126000
2018-04-19,GOOGL,53.05016746800002,54.463984559405986,53.05016746800002,54.06400680541992,39884000
2018-04-20,GOOGL,53.80694528220942,54.32701399614067,53.203007097234256,53.46205139160156,42434000
2018-04-23,GOOGL,53.74293007635519,53.99205104578485,52.93404319728805,53.28786849975586,69590000
2018-04-24,GOOGL,52.56285678691092,52.825372991885935,50.2632342161167,50.748565673828125,128220000
2018-04-25,GOOGL,51.10138527973529,51.41501741716847,50.46916122674733,50.76592254638672,57860000
2018-04-26,GOOGL,51.27358920536428,52.20654249096749,50.63987715748192,51.77430725097656,50926000
2018-04-27,GOOGL,51.88497186815947,52.19066082381925,50.99420318654068,51.185752868652344,40746000
2018-04-30,GOOGL,51.333145426878986,51.52916271055921,50.53318985478102,50.54708480834961,34492000
2018-05-01,GOOGL,50.43393413466236,51.69589872220166,50.15156749478104,51.64726638793945,35326000
2018-05-02,GOOGL,51.3122962059113,51.80755468977172,50.774360911179585,50.91777801513672,34698000
2018-05-03,GOOGL,50.88403856416642,51.14804267801984,50.016592148829915,50.9301872253418,39282000
2018-05-04,GOOGL,50.598195492643825,52.19959830782419,50.5207812945636,52.15592575073242,36892000
2018-05-07,GOOGL,52.29934493286772,52.85067927939502,52.11970249067856,52.57575607299805,34400000
2018-05-08,GOOGL,52.83181496413261,52.862088543844074,52.18768359971397,52.53257751464844,26030000
2018-05-09,GOOGL,52.80600956161968,54.289797272827684,52.70725318275452,54.039188385009766,47160000
2018-05-10,GOOGL,54.33942457481275,55.054522416158676,54.28384476641588,54.8589973449707,36414000
2018-05-11,GOOGL,54.60789841925767,55.03467412844142,54.449594397395124,54.75528335571289,30504000
2018-05-14,GOOGL,54.86396501263832,55.48824973417262,54.825755784553216,54.91508102416992,39338000
2018-05-15,GOOGL,54.4337140839432,54.543881746468614,53.53450622248291,53.83672332763672,35738000
2018-05-16,GOOGL,53.84764367043649,54.30866078186636,53.67594067435831,53.79801559448242,25628000
2018-05-17,GOOGL,53.667508459563784,54.14092883207688,53.41739551168557,53.6575813293457,25738000
2018-05-18,GOOGL,52.90029823739565,53.28390114509069,52.83479508491653,53.0809326171875,35482000
2018-05-21,GOOGL,53.545427093560406,54.255065425365196,53.49580280320083,53.79404830932617,25180000
2018-05-22,GOOGL,54.08138184480761,54.180630431635564,53.21095576102281,53.36231231689453,22226000
2018-05-23,GOOGL,53.09880341958403,53.992055832667575,52.94794284377033,53.89081954956055,23740000
2018-05-24,GOOGL,53.937467475138334,53.94838277494362,53.21294220727915,53.865509033203125,20604000
2018-05-25,GOOGL,53.9200943680781,54.0699629796909,53.72407709774085,53.79751968383789,22224000
2018-05-29,GOOGL,53.39655132530935,53.66155117370792,52.75539579079797,53.00302505493164,36076000
2018-05-30,GOOGL,53.27149652325068,53.544931780637256,52.927594545512974,53.46950149536133,28686000
2018-05-31,GOOGL,53.69429876604806,55.083801581642845,53.495801609040726,54.58755111694336,79368000
2018-06-01,GOOGL,55.22622753620622,56.48124464641408,55.18354693646333,56.32442855834961,63202000
2018-06-04,GOOGL,56.4981123846296,57.45885554772864,56.42367406068971,57.219661712646484,44754000
2018-06-05,GOOGL,57.30005726377672,57.61964116647464,56.94275632709376,57.11941909790039,32964000
2018-06-06,GOOGL,57.20626810058822,57.30254081706033,56.389937708237184,56.917449951171875,34934000
2018-06-07,GOOGL,56.799836571157144,56.86385179160158,55.88375786737696,56.29564666748047,36108000
2018-06-08,GOOGL,56.13635420887734,56.51201393124855,55.740344248071274,56.210792541503906,27284000
2018-06-11,GOOGL,56.22220001073345,56.95665237088891,56.145777771667234,56.61721420288086,24796000
2018-06-12,GOOGL,56.6231680188592,57.00677092234482,56.6231680188592,56.978981018066406,26092000
2018-06-13,GOOGL,57.18194483432741,57.34868804339596,56.7402822401383,56.78246307373047,34302000
2018-06-14,GOOGL,57.17847634912753,57.86230868631221,57.09857847787727,57.57051467895508,35422000
2018-06-15,GOOGL,57.56108518921858,57.759090164402316,57.2519243750655,57.528831481933594,44438000
2018-06-18,GOOGL,57.20229056835582,58.76250434434158,57.11842488006886,58.73521041870117,33038000
2018-06-19,GOOGL,58.06676613316014,58.69700258155135,57.64495397925193,58.492549896240234,47282000
2018-06-20,GOOGL,58.721316074434654,59.62399575518171,58.658292813107096,58.759525299072266,51686000
2018-06-21,GOOGL,58.83098770064752,59.070177749541266,57.737746517315756,58.033512115478516,44966000
2018-06-22,GOOGL,58.13524534654444,58.30942822572552,57.54768196307027,58.02606964111328,34220000
2018-06-25,GOOGL,57.31692830151886,57.36605661258628,55.575088121601105,56.53682327270508,57682000
2018-06-26,GOOGL,56.777998621035415,56.91347250760406,56.026675484476755,56.20631790161133,34688000
2018-06-27,GOOGL,56.3740522795533,56.88072585384283,55.41628872704481,55.428199768066406,34538000
2018-06-28,GOOGL,55.20240185432963,56.27480059885861,54.888773484742146,55.916507720947266,29726000
2018-06-29,GOOGL,56.19093828539304,56.64004435435744,55.92842212029621,56.03610610961914,31562000
2018-07-02,GOOGL,55.34929392194769,56.7209300899571,54.915074792602226,56.6772575378418,23216000
2018-07-03,GOOGL,57.04002625087778,57.06434052658334,55.30364546010263,55.395450592041016,16448000
2018-07-05,GOOGL,55.80832480232201,56.77799935679493,55.73487843376797,56.636566162109375,28594000
2018-07-06,GOOGL,56.6603937332104,57.376483591202785,56.43559080513098,57.32090377807617,21820000
2018-07-09,GOOGL,57.565057962955265,57.9585842457373,57.427596362522635,57.926326751708984,21584000
2018-07-10,GOOGL,58.060809575937924,58.23499246278271,57.69209356495777,57.919376373291016,21334000
2018-07-11,GOOGL,57.347697970846205,58.579392820643186,57.33529473733857,58.13376235961914,33252000
2018-07-12,GOOGL,58.302478503190386,59.648804658136044,58.215137184992756,59.612579345703125,44148000
2018-07-13,GOOGL,59.68900389007117,60.06813920593165,59.316320072410456,59.7693977355957,32612000
2018-07-16,GOOGL,59.739129947312826,59.98229541887789,59.222532993849015,59.376869201660156,26784000
2018-07-17,GOOGL,58.69352788722529,60.481020740249086,58.656802808962865,60.19915008544922,40162000
2018-07-18,GOOGL,59.97336012864759,60.621463160786206,59.77635089113543,60.19071960449219,38948000
2018-07-19,GOOGL,59.88006555184665,60.36788062933353,59.43741096490853,59.50539779663086,38338000
2018-07-20,GOOGL,59.5123417714929,60.084518489559265,59.38083191678865,59.44485092163086,37938000
2018-07-23,GOOGL,59.334681704918964,60.29939269211473,59.15354756632844,60.09592819213867,65446000
2018-07-24,GOOGL,63.07343659497237,63.271937548420865,61.74050926143322,62.43575668334961,107600000
2018-07-25,GOOGL,62.16132421765145,63.4327161104275,61.98416168678937,63.318580627441406,51104000
2018-07-26,GOOGL,62.88387556609596,63.88729570885382,62.67644320883025,63.793006896972656,54686000
2018-07-27,GOOGL,63.97264838975258,64.08777584513457,61.75787980214128,62.17473220825195,48362000
2018-07-30,GOOGL,61.78566608778071,62.17472856308017,60.7494963335451,61.040794372558594,43896000
2018-07-31,GOOGL,61.12366360109108,61.59510380491476,60.35348571191414,60.900848388671875,39382000
2018-08-01,GOOGL,61.490892233737846,61.8278429337004,60.7877054234707,61.18718719482422,36994000
2018-08-02,GOOGL,60.46811807908729,61.75390472318255,60.446283694807484,61.59113311767578,34704000
2018-08-03,GOOGL,61.79211424069517,61.85861313566656,61.01002529538977,61.443748474121094,21264000
2018-08-06,GOOGL,61.61495485292469,61.65713568765559,61.065108495658905,61.419429779052734,22114000
2018-08-07,GOOGL,62.13105947633383,62.82928659206882,62.120640153907715,62.32112503051758,42506000
2018-08-08,GOOGL,62.3647847498049,63.10916042064244,62.136509998412244,62.59355926513672,34344000
2018-08-09,GOOGL,62.663040313567365,63.12107779586632,62.53252619053932,62.7488899230957,27326000
2018-08-10,GOOGL,62.48686367419553,62.58710799135155,61.89037269412618,62.15586471557617,26602000
2018-08-13,GOOGL,62.09086368915397,62.823824372478335,61.883927322299485,61.96382141113281,27500000
2018-08-14,GOOGL,62.155370213974635,62.55683589780346,61.512230798050766,62.43525695800781,28080000
2018-08-15,GOOGL,61.74745022216092,62.129561393702396,60.852214007589026,61.14897155761719,37052000
2018-08-16,GOOGL,61.6338066671818,61.718668096579336,60.52419066184845,60.7440299987793,32176000
2018-08-17,GOOGL,60.64379337671935,60.88745102381948,59.74855710834635,60.336612701416016,33092000
2018-08-20,GOOGL,60.575316591281435,60.835848870114766,59.98180139655847,60.63933181762695,22218000
2018-08-21,GOOGL,60.692426988094084,61.175774469512355,60.295921068755106,60.41402816772461,23082000
2018-08-22,GOOGL,60.25572638286765,60.86661213785462,60.206102090394054,60.6294059753418,22296000
2018-08-23,GOOGL,60.53660130261147,61.29536793158742,60.51029933128536,60.600120544433594,24666000
2018-08-24,GOOGL,60.84030776210257,61.406033003359084,60.61302495262425,61.373779296875,24454000
2018-08-27,GOOGL,61.74050249594903,62.42185489004459,61.5687995118489,62.34245300292969,28580000
2018-08-28,GOOGL,62.324093441166944,62.35684691047061,61.682441959984544,61.82585906982422,27330000
2018-08-29,GOOGL,62.279436137263346,62.883374403694425,62.170260424315934,62.75831604003906,36926000
2018-08-30,GOOGL,62.696286459497806,62.99850358999853,61.89285904912853,62.25164794921875,30104000
2018-08-31,GOOGL,62.14097923791253,62.15785005739838,60.827898672018804,61.12813186645508,42308000
2018-09-04,GOOGL,60.667614572557156,60.93311040296844,59.87559845454381,60.1113166809082,41458000
2018-09-05,GOOGL,60.0076000189941,60.28798275608987,58.32630312437928,59.50539779663086,53988000
2018-09-06,GOOGL,59.479095121995066,59.49993755136597,57.74420234710536,58.75556182861328,46854000
2018-09-07,GOOGL,58.16055471304496,58.98185243735843,58.02508081574689,58.43796157836914,32658000
2018-09-10,GOOGL,58.765978277724024,58.88805698068228,58.09157333038977,58.31240463256836,27670000
2018-09-11,GOOGL,58.115893279726976,59.1004547950646,57.86032458865066,59.05331039428711,29254000
2018-09-12,GOOGL,58.65680609849579,59.088049407654154,57.87074550815637,58.140708923339844,35716000
2018-09-13,GOOGL,58.542666734402324,58.947608044302676,58.02259419835304,58.66374969482422,40068000
2018-09-14,GOOGL,58.954552075546175,58.954552075546175,58.23597864242827,58.457305908203125,24176000
2018-09-17,GOOGL,58.44689042269163,58.64787125247181,57.48863090914022,57.556617736816406,34096000
2018-09-18,GOOGL,57.69705733073759,58.62355915123923,57.636017976925245,57.91788864135742,32314000
2018-09-19,GOOGL,58.00969668275123,58.37245338284922,57.49657160778667,58.2732048034668,25962000
2018-09-20,GOOGL,58.590806472463655,59.252308457504725,58.37146309251431,59.131717681884766,29244000
2018-09-21,GOOGL,59.29795816013988,59.38033591795316,58.163531853788456,58.166507720947266,91222000
2018-09-24,GOOGL,57.535780184838615,58.81511164217117,57.143245857433044,58.53572463989258,31150000
2018-09-25,GOOGL,58.76845756996327,59.394226351713506,58.26426393206369,59.24684143066406,33152000
2018-09-26,GOOGL,59.236924602097055,59.90934187569553,58.82553177694905,59.25528335571289,37650000
2018-09-27,GOOGL,59.55005428398629,60.386731062528824,59.45328559721843,59.9152946472168,36274000
2018-09-28,GOOGL,59.75302464821123,59.96939216775572,59.44237210838228,59.901405334472656,35612000
2018-10-01,GOOGL,60.19517755243099,60.75097560058265,59.70835449638578,59.973350524902344,33164000
2018-10-02,GOOGL,59.88105904493324,60.766868005530505,59.53318923116429,59.929195404052734,40180000
2018-10-03,GOOGL,60.14555666318422,60.25374041879871,59.6567496374838,60.12223434448242,26246000
2018-10-04,GOOGL,59.79966639591437,59.84283918498589,57.75610894677724,58.41215133666992,46576000
2018-10-05,GOOGL,58.359054395460255,58.65680391963335,57.283183742164695,57.953617095947266,31852000
2018-10-08,GOOGL,57.56505957576707,58.35211216338215,56.34428376668086,57.36259078979492,46190000
2018-10-09,GOOGL,57.13381000113279,57.64197150133537,56.779488717873775,56.8291130065918,33690000
2018-10-10,GOOGL,56.39390010618958,56.424669663036354,54.166232652440264,54.198490142822266,58980000
2018-10-11,GOOGL,53.547412886533635,55.38453393886742,53.391092769622325,54.12802505493164,67696000
2018-10-12,GOOGL,55.56218897171443,55.86936966423178,54.340917228377016,55.60685348510742,49370000
2018-10-15,GOOGL,55.48080283059739,55.669376642024666,54.499217211619204,54.70863723754883,30074000
2018-10-16,GOOGL,55.25649462708818,56.39241262856869,55.170645026111025,56.22914505004883,38378000
2018-10-17,GOOGL,56.5725524894266,56.91992629729388,55.28230204951744,55.95670700073242,35652000
2018-10-18,GOOGL,56.0763047507784,56.19292391752789,53.9096764680673,54.48383712768555,46152000
2018-10-19,GOOGL,54.771665508516314,55.627200893435266,54.44017053506006,54.84461212158203,41286000
2018-10-22,GOOGL,55.208358568020756,55.66391611788438,54.58754952735813,55.15178680419922,27116000
2018-10-23,GOOGL,54.155317844664424,55.48080548899434,53.54592382682703,55.32746124267578,37686000
2018-10-24,GOOGL,55.33192779918826,55.41232164802744,52.357400825226385,52.45962905883789,49286000
2018-10-25,GOOGL,53.6099366056621,55.4718677869976,53.374218394302666,54.76570510864258,72956000
2018-10-26,GOOGL,52.02342416355418,55.43117444083791,51.720711082397315,53.78114318847656,106438000
2018-10-29,GOOGL,54.41585415695049,55.025747984173364,49.9823529526615,51.34852981567383,81290000
2018-10-30,GOOGL,50.618044276499816,52.15096044446554,50.31831083810843,52.08198165893555,59768000
2018-10-31,GOOGL,53.009474823109436,54.98455335098819,53.009474823109436,54.12008285522461,70916000
2018-11-01,GOOGL,54.160779049904754,54.58259121599493,53.48687002552307,53.89181137084961,40132000
2018-11-02,GOOGL,54.04167520881155,54.4883013747205,52.98267540705626,53.1727409362793,43438000
2018-11-05,GOOGL,53.224352672612895,53.26504557601787,51.312301120921155,52.39065170288086,45358000
2018-11-06,GOOGL,52.35541214607463,53.58611487425037,52.28544141116368,53.077457427978516,28660000
2018-11-07,GOOGL,53.768240824658996,55.080325652955466,53.62432773634267,54.9964599609375,43388000
2018-11-08,GOOGL,54.949816279666464,54.99546896044465,53.811414549994645,54.32106399536133,33694000
2018-11-09,GOOGL,53.79454407480447,54.00941986361557,52.813954168357405,53.44717025756836,34860000
2018-11-12,GOOGL,53.2541298232068,53.30226618062105,51.62742080099039,52.07453918457031,34002000
2018-11-13,GOOGL,52.345000015364555,52.93355162007457,51.62990211094706,52.00556182861328,25750000
2018-11-14,GOOGL,52.602551504272974,52.88988171686323,51.66513436671668,52.33358383178711,34666000
2018-11-15,GOOGL,52.178751168531576,53.53897230637955,51.674061527661046,53.15090560913086,41584000
2018-11-16,GOOGL,52.86209413353282,53.2198910827564,52.3494649965639,53.01295471191406,35366000
2018-11-19,GOOGL,52.77077652878864,52.99955105177673,50.759972466189616,50.98576354980469,45684000
2018-11-20,GOOGL,49.986814202643885,51.47854533930505,49.734721132277805,51.136131286621094,54458000
2018-11-21,GOOGL,51.87355887048275,52.34003554064144,51.58325278940232,51.78026580810547,29698000
2018-11-23,GOOGL,51.28749014301997,51.75893040553306,51.04035684050967,51.11876678466797,14178000
2018-11-26,GOOGL,51.80854649684427,52.453669794744776,51.59863050188676,52.40106964111328,31558000
2018-11-27,GOOGL,52.17279582590606,52.93801392428901,51.882985746599815,52.21944046020508,33048000
2018-11-28,GOOGL,52.476506517670025,54.23323374381789,51.7564450423693,54.18013381958008,46042000
2018-11-29,GOOGL,53.77021845043595,54.59498789402308,53.694292199200206,54.31857681274414,31004000
2018-11-30,GOOGL,54.37068958424306,55.066429138183594,53.75285641356694,55.066429138183594,59668000
2018-12-03,GOOGL,56.183490654404444,56.3244240810467,55.16964759831994,55.3994140625,57532000
2018-12-04,GOOGL,55.23218669201161,55.29421800507931,52.64126247462386,52.725128173828125,45630000
2018-12-06,GOOGL,51.858171497904195,53.56626619579473,51.7331169309723,53.4997673034668,47436000
2018-12-07,GOOGL,53.2094604264824,53.84466038045058,51.57877994479323,51.93657684326172,42682000
2018-12-10,GOOGL,51.75594902324796,52.58270253817698,51.26267817663023,52.26411056518555,33652000
2018-12-11,GOOGL,52.94694915573629,53.11865215603475,52.11126428129302,52.68443298339844,33852000
2018-12-12,GOOGL,53.45014466445555,54.1771497714117,53.1965598917563,53.28390121459961,28960000
2018-12-13,GOOGL,53.38017514737877,54.0128952559157,52.850179249932424,53.274471282958984,24986000
2018-12-14,GOOGL,52.603539236708976,53.18415134992261,52.075031300119655,52.19115447998047,36358000
2018-12-17,GOOGL,51.957914245591056,52.72065242512178,50.45030823274266,50.897926330566406,49932000
2018-12-18,GOOGL,51.31229755726115,52.587165091175336,51.13761491426649,51.77927017211914,43640000
2018-12-19,GOOGL,51.97181401022016,53.38215927998337,50.58926243191868,51.38475036621094,58264000
2018-12-20,GOOGL,50.91529898932836,51.97926242167568,50.015102911737074,50.79520797729492,53674000
2018-12-21,GOOGL,51.21503717753264,51.494424176383596,48.691603869208556,49.19083023071289,104656000
2018-12-24,GOOGL,48.846921562533424,50.226497141724,48.516418596920985,48.86429214477539,36360000
2018-12-26,GOOGL,49.52529859023944,52.02937708581942,49.260298769950424,51.999603271484375,46318000
2018-12-27,GOOGL,50.92522574682431,52.27204800815776,49.9724219454336,52.250213623046875,45996000
2018-12-28,GOOGL,52.57773552759089,52.812461786743754,51.70929720929407,51.94154357910156,34398000
2018-12-31,GOOGL,52.49486542452971,52.75093389414254,51.26466227780044,51.85619354248047,33110000
2019-01-02,GOOGL,50.97484988928361,52.64175582636701,50.87956913081294,52.33854675292969,31868000
2019-01-03,GOOGL,52.13954553594533,52.9131990313244,50.73515588504346,50.88899230957031,41960000
2019-01-04,GOOGL,51.73708850777904,53.595051944099,51.454225885073264,53.49927520751953,46022000
2019-01-07,GOOGL,53.64318323120799,53.72903282984325,52.73355609470905,53.392578125,47446000
2019-01-08,GOOGL,53.89279968326611,54.25754407753233,53.01691791637938,53.86153793334961,35414000
2019-01-09,GOOGL,53.991561260691704,54.17269163752853,53.31566451933412,53.676937103271484,26998000
2019-01-10,GOOGL,53.34394971663049,53.585623453477346,52.83479624922909,53.536991119384766,26598000
2019-01-11,GOOGL,53.09383880488812,53.26603778530063,52.42538933503741,52.82437515258789,30864000
2019-01-14,GOOGL,52.27204944129279,52.52563423166074,52.0343473018788,52.181236267089844,28490000
2019-01-15,GOOGL,52.50379310755253,54.00544739682095,52.32663058295055,53.91810607910156,37518000
2019-01-16,GOOGL,54.091296512533766,54.704662070249015,53.992543919454,54.066978454589844,38280000
2019-01-17,GOOGL,53.99155800550626,54.62229042996936,53.75682795333171,54.54388427734375,24896000
2019-01-18,GOOGL,55.01382906025276,55.48080167136482,54.55182001373234,54.94981384277344,44892000
2019-01-22,GOOGL,54.38904824673365,54.53643696175892,53.14296258651769,53.527061462402344,39632000
2019-01-23,GOOGL,53.93547894010025,54.23769606213636,52.97821511282939,53.813899993896484,25194000
2019-01-24,GOOGL,53.719613857335524,53.992057175232375,53.09979669576332,53.793556213378906,29114000
2019-01-25,GOOGL,54.3012144700217,54.754292157150836,54.1806274814527,54.6624870300293,23260000
2019-01-28,GOOGL,54.094777834646884,54.25853761526493,53.32757198939038,53.588104248046875,29334000
2019-01-29,GOOGL,53.64665892673506,53.82977698563833,52.9012912664719,53.101776123046875,19704000
2019-01-30,GOOGL,53.46404173079753,54.563734490383474,53.42831239288675,54.48780822753906,29452000
2019-01-31,GOOGL,55.19496034233582,55.96067443398866,54.84808251474567,55.87234115600586,40232000
2019-02-01,GOOGL,55.69369229446657,56.29465467435647,55.29471027760024,55.51156997680664,33116000
2019-02-04,GOOGL,55.53092465281359,56.68867709695987,55.45648632466018,56.64302062988281,78408000
2019-02-05,GOOGL,56.057941442436395,57.20626653202553,55.75870397938561,57.16160202026367,82296000
2019-02-06,GOOGL,57.03257383553077,57.26730007565548,55.49866206836327,55.72346496582031,48256000
2019-02-07,GOOGL,55.17411841965642,55.18255382941808,54.26945479753328,54.880836486816406,38298000
2019-02-08,GOOGL,54.33347390092957,54.84064348388017,54.30171617106462,54.70566177368164,21766000
2019-02-11,GOOGL,54.773646480231115,55.254018093652185,54.58755255107971,54.69275665283203,18498000
2019-02-12,GOOGL,55.13392519968207,56.21823510549405,55.13392519968207,55.956214904785156,35036000
2019-02-13,GOOGL,56.227159605716324,56.71398267481857,55.87779811887205,56.0083122253418,28042000
2019-02-14,GOOGL,55.828181532567825,56.380507826955004,55.435647203348694,56.03660583496094,21106000
2019-02-15,GOOGL,56.53780963960507,56.53780963960507,55.41727460303567,55.561683654785156,27826000
2019-02-19,GOOGL,55.41331532853296,56.05843869255414,55.41331532853296,55.903114318847656,21980000
2019-02-20,GOOGL,56.020722035237625,56.1224542879532,55.17064627144096,55.60932922363281,24090000
2019-02-21,GOOGL,55.519507922867554,55.53787046194015,54.4873060615558,54.796470642089844,33272000
2019-02-22,GOOGL,55.06891357692749,55.443581307322496,54.612364067156655,55.409339904785156,29436000
2019-02-25,GOOGL,55.675834138089776,55.84803312649058,55.28776738831832,55.44755935668945,26208000
2019-02-26,GOOGL,55.30066657982733,55.89964131160998,54.92004328499551,55.67980194091797,35026000
2019-02-27,GOOGL,55.28279434400644,55.86439839102479,55.01233876975175,55.72346496582031,22092000
2019-02-28,GOOGL,55.53043020704029,56.27430995904261,55.501152367281776,55.90509796142578,27422000
2019-03-01,GOOGL,56.12593099420194,57.06880770480383,56.12593099420194,56.995361328125,34086000
2019-03-04,GOOGL,57.295097158928186,57.838988028664076,56.48571045995308,57.238525390625,35490000
2019-03-05,GOOGL,57.36655224406928,58.38337122054725,57.21867133389695,58.0211067199707,40094000
2019-03-06,GOOGL,58.1486498140983,58.29653073660084,57.71641453832113,57.81020736694336,23602000
2019-03-07,GOOGL,57.58986847386412,57.74271295204904,56.657411146398836,57.110984802246094,30086000
2019-03-08,GOOGL,56.269838549483914,57.24000909353134,56.08622451892473,57.06731414794922,23694000
2019-03-11,GOOGL,57.16805057294,58.553085766615624,57.146712166962345,58.52083206176758,30032000
2019-03-12,GOOGL,58.67169364703401,59.833413885860075,58.67169364703401,59.4135856628418,42220000
2019-03-13,GOOGL,59.84433261856899,59.90338427255776,59.4463387821069,59.5034065246582,25888000
2019-03-14,GOOGL,59.50142320150544,59.783293858123756,59.11484442416776,59.17935562133789,27302000
2019-03-15,GOOGL,59.450810064896196,59.63541227841048,58.90542747630522,59.068695068359375,51886000
2019-03-18,GOOGL,59.03842143494167,59.299449659667964,58.631000234216486,58.981849670410156,24442000
2019-03-19,GOOGL,59.13915507606691,59.719274981569214,59.02700350816118,59.6721305847168,29788000
2019-03-20,GOOGL,59.61953438385082,61.038315129716054,59.52971316508314,60.86164855957031,41508000
2019-03-21,GOOGL,60.542562205892615,61.35839665086105,60.372843107941975,61.343013763427734,28150000
2019-03-22,GOOGL,60.98174373742814,61.21894990135531,59.847809527886746,59.929691314697266,34422000
2019-03-25,GOOGL,59.52822006580645,60.01851499920074,59.05380399596057,59.42003631591797,27576000
2019-03-26,GOOGL,59.80761044094921,59.92968914990324,58.64489819685758,59.045867919921875,30752000
2019-03-27,GOOGL,59.14908507905514,59.14908507905514,57.7749651721613,58.45880126953125,29428000
2019-03-28,GOOGL,58.33424573270985,58.421087295493514,57.73527103686355,58.173954010009766,22402000
2019-03-29,GOOGL,58.566484924810155,58.75456654246122,57.881660661688244,58.403221130371094,30890000
2019-04-01,GOOGL,58.931726317742886,59.559978827615936,58.87317064108429,59.49943923950195,27706000
2019-04-02,GOOGL,59.552530790151806,59.83837303353238,59.115335802044456,59.824974060058594,18288000
2019-04-03,GOOGL,60.18029110939912,60.57232942381467,59.802151533259135,60.08650207519531,22180000
2019-04-04,GOOGL,60.110325075873405,60.569854275755624,59.99866947179568,60.51526641845703,21022000
2019-04-05,GOOGL,60.50782169206307,60.56191357032855,60.04779652395437,60.118263244628906,20012000
2019-04-08,GOOGL,60.1013940407267,60.2423274858661,59.78329804727417,59.96095657348633,21750000
2019-04-09,GOOGL,59.64385081240381,59.90487526510873,59.469664136518006,59.68354797363281,19668000
2019-04-10,GOOGL,59.80265300607698,59.99370672313107,59.58281364020274,59.870140075683594,15510000
2019-04-11,GOOGL,59.991713799587444,60.182275296203464,59.77535009762615,60.02595520019531,16998000
2019-04-12,GOOGL,60.32519100356271,60.69390696894857,60.20956759523389,60.67802810668945,24312000
2019-04-15,GOOGL,60.74551711096429,61.00406543227124,60.27259278401892,60.86660385131836,23796000
2019-04-16,GOOGL,61.038813540018324,61.33557113691537,60.792672193397706,61.13359832763672,22622000
2019-04-17,GOOGL,61.38618331028247,61.788148776562416,61.18272258076238,61.54200744628906,30366000
2019-04-18,GOOGL,61.783180355620104,61.82982877578769,61.50577729602602,61.60800552368164,24750000
2019-04-22,GOOGL,61.369807441901315,62.24668118372701,61.206043876380306,62.217899322509766,19084000
2019-04-23,GOOGL,62.36082515718075,63.243654486130865,62.129074744171035,63.05309295654297,31868000
2019-04-24,GOOGL,63.053089174036955,63.22231228489113,62.51813348565007,62.5300407409668,23396000
2019-04-25,GOOGL,63.03869269020835,63.16275530001702,62.42830677016029,62.89180374145508,31344000
2019-04-26,GOOGL,63.19154014016387,63.465967342647225,62.77568352459379,63.392024993896484,27228000
2019-04-29,GOOGL,63.545365145430786,64.36219903675915,63.108666103374446,64.32398223876953,72368000
2019-04-30,GOOGL,59.08507069125952,59.59868795220461,58.70643134530683,59.49844741821289,133178000
2019-05-01,GOOGL,59.42599220102296,59.512837545398035,58.14467315811743,58.22605895996094,74340000
2019-05-02,GOOGL,58.19032821083705,58.52678670901442,57.48217785694761,57.88811111450195,45098000
2019-05-03,GOOGL,58.42902476029962,59.123280191761495,58.23747507908704,59.03147506713867,41588000
2019-05-06,GOOGL,58.160554274416185,59.32327029068878,58.118869416163356,59.22550964355469,31774000
2019-05-07,GOOGL,58.84587812003669,59.2905166064631,57.813180247113,58.50098419189453,36604000
2019-05-08,GOOGL,58.42306948603235,58.76945512946755,57.94369362397736,58.100013732910156,25520000
2019-05-09,GOOGL,57.694079675982636,58.26327674387024,57.299061704059284,57.96056365966797,29556000
2019-05-10,GOOGL,58.003734762322544,58.372942920091646,56.88865926350696,57.944183349609375,31650000
2019-05-13,GOOGL,56.83259499262073,57.16656986265802,55.85299696092436,56.40333557128906,45626000
2019-05-14,GOOGL,56.68768627545845,56.81422878558775,55.755228922522,55.821231842041016,40392000
2019-05-15,GOOGL,55.706594780540094,58.473193404251774,55.64952703697073,58.10100555419922,59302000
2019-05-16,GOOGL,58.15261599071827,59.260248195738754,57.98438862075223,58.78086853027344,35308000
2019-05-17,GOOGL,58.35061659974741,58.869693387821954,57.883643988575166,58.00075912475586,25362000
2019-05-20,GOOGL,57.217686687846395,57.217686687846395,56.480258382035665,56.80381393432617,30602000
2019-05-21,GOOGL,57.29112270541092,57.465805352739906,56.73681254139221,57.28913879394531,20562000
2019-05-22,GOOGL,57.130837017392196,57.752638056558965,57.11842999806387,57.35911178588867,18826000
2019-05-23,GOOGL,56.87378403617833,57.07128925796887,56.23312443797136,56.837554931640625,25214000
2019-05-24,GOOGL,57.168056060518985,57.28517120875641,56.40928937952739,56.503578186035156,18554000
2019-05-28,GOOGL,56.64599715202882,57.390868798082145,56.50654786913404,56.550716400146484,20948000
2019-05-29,GOOGL,56.21029210538045,56.32443138552182,55.180573838980145,55.57707977294922,36230000
2019-05-30,GOOGL,55.587497126280056,55.91750414928831,55.37658915817779,55.6500244140625,18088000
2019-05-31,GOOGL,54.86743747559679,55.25252453201234,54.753794181505,54.91011428833008,31582000
2019-06-03,GOOGL,52.946449828100434,52.94992167307215,50.96641158625489,51.54751968383789,96890000
2019-06-04,GOOGL,51.83286255141034,52.52513405659916,51.41303433315086,52.3291130065918,60512000
2019-06-05,GOOGL,52.35442619047706,52.44424740714658,51.26267663743421,51.840309143066406,46988000
2019-06-06,GOOGL,51.91822566714979,52.106303519937086,51.38723777319978,51.99514389038086,29020000
2019-06-07,GOOGL,52.31869102928199,53.26901105703743,52.16336288795024,53.017906188964844,43828000
2019-06-10,GOOGL,53.44617144683089,54.331484331208706,53.36081782409409,53.73201370239258,28510000
2019-06-11,GOOGL,54.43817609864667,54.7865456360504,53.573709432341026,53.64665603637695,33508000
2019-06-12,GOOGL,53.59256917046261,53.72010362901701,53.078948132983314,53.55038833618164,23670000
2019-06-13,GOOGL,53.82878962682081,54.41833320580317,53.722593561965105,54.14142608642578,20814000
2019-06-14,GOOGL,54.07839535714609,54.32751253464041,53.66849427776035,53.907684326171875,24582000
2019-06-17,GOOGL,54.04664158720511,54.651072036648614,53.99205373152484,54.28434371948242,19770000
2019-06-18,GOOGL,55.15823626855468,55.51950500800132,54.62675247997744,54.84758377075195,34526000
2019-06-19,GOOGL,54.94683326342811,55.055512988219405,54.390535429495536,54.81135559082031,26714000
2019-06-20,GOOGL,55.664415452935344,55.71503548558903,54.934926641298766,55.24260330200195,24018000
2019-06-21,GOOGL,55.07685284867732,55.906086175008376,55.06990537261878,55.84653854370117,50774000
2019-06-24,GOOGL,55.580050024561366,55.757212554697425,55.248059111817135,55.41628646850586,24236000
2019-06-25,GOOGL,55.33589927876439,55.3666650513055,53.82332577933562,53.97121047973633,31644000
2019-06-26,GOOGL,54.14092730971984,54.34538378224577,53.281920110559724,53.610931396484375,34698000
2019-06-27,GOOGL,53.9300204660367,54.01487811376861,53.38910549375229,53.42781448364258,24078000
2019-06-28,GOOGL,53.45759383221051,53.734004974365234,53.28737875517691,53.734004974365234,33672000
2019-07-01,GOOGL,54.6391593176599,55.01383084160599,54.35580072635864,54.58755111694336,29196000
2019-07-02,GOOGL,54.827246542046915,55.22722433631188,54.57118185158156,55.212833404541016,20630000
2019-07-03,GOOGL,55.50561650228309,55.976560761147326,55.32448613369188,55.72843551635742,20154000
2019-07-05,GOOGL,55.54878723421806,56.307057893583014,55.45599015285598,56.20880126953125,29794000
2019-07-08,GOOGL,55.87135130201756,55.93785019845802,55.171144122246865,55.42075729370117,29888000
2019-07-09,GOOGL,55.09968236348599,55.97010840456372,54.94237029434849,55.792945861816406,29472000
2019-07-10,GOOGL,56.19143420006635,56.68867662457347,56.109056440518735,56.617713928222656,30710000
2019-07-11,GOOGL,56.87824842807714,57.22959388809452,56.549237118951936,56.775028228759766,26004000
2019-07-12,GOOGL,56.717959889929176,56.94474673931869,56.50110017107554,56.837554931640625,21878000
2019-07-15,GOOGL,56.837547972746464,57.10254780589926,56.57255192568418,57.094112396240234,21164000
2019-07-16,GOOGL,56.90653039566399,57.49458979757321,56.90653039566399,57.240509033203125,25352000
2019-07-17,GOOGL,57.11446435989233,57.48764419324557,56.9010764919904,56.90703201293945,19538000
2019-07-18,GOOGL,56.671802710632605,56.97799143438814,56.21823283580338,56.93183898925781,25450000
2019-07-19,GOOGL,57.035058424493094,57.147210000503584,56.13833422209774,56.153221130371094,23184000
2019-07-22,GOOGL,56.34775393902504,56.57354882466345,55.83860422867649,56.53335189819336,28914000
2019-07-23,GOOGL,56.74375969610451,57.01223137784008,56.217735417813536,56.9720344543457,20648000
2019-07-24,GOOGL,56.20632494474879,56.8435088939679,56.0023644434393,56.55915832519531,27192000
2019-07-25,GOOGL,56.52044734299529,56.75070980948168,55.76416435986441,56.37107849121094,54762000
2019-07-26,GOOGL,60.93956211935694,62.943914803544715,60.93956211935694,61.794105529785156,121216000
2019-07-29,GOOGL,61.65912294737773,61.98119054293162,61.04873318310525,61.62636947631836,41382000
2019-07-30,GOOGL,60.88992804848527,61.381714692555285,60.80655833724277,60.93955612182617,28616000
2019-07-31,GOOGL,60.78423078254611,61.28246516162188,59.95598938818582,60.45323181152344,39960000
2019-08-01,GOOGL,60.42495347485475,61.35145160826719,59.897437405171104,60.134647369384766,35426000
2019-08-02,GOOGL,59.69893422702038,60.02149400997808,59.05380708892359,59.36743927001953,34910000
2019-08-05,GOOGL,58.20868339690882,58.40272051952001,56.70901685585186,57.30451583862305,47840000
2019-08-06,GOOGL,57.83898355195478,58.627027996258406,57.64097859212836,58.114898681640625,36014000
2019-08-07,GOOGL,57.455875700470024,58.55110079193506,57.11048581608974,58.35458755493164,30686000
2019-08-08,GOOGL,58.87663755239383,59.86169494053729,58.259800157260074,59.85723114013672,30116000
2019-08-09,GOOGL,59.549560332952176,59.77138359606932,58.800221064268946,58.99921798706055,20418000
2019-08-12,GOOGL,58.55756149344119,58.835956551647925,57.99779172340124,58.28462219238281,22064000
2019-08-13,GOOGL,58.27717122757567,59.81951849658045,58.209684163982665,59.387779235839844,28434000
2019-08-14,GOOGL,58.36253049488311,58.69600935885796,57.61815478543299,57.775962829589844,35430000
2019-08-15,GOOGL,57.9833964394035,58.37989857697073,57.71393279011932,58.02756118774414,28506000
2019-08-16,GOOGL,58.59675862821934,58.74811516836309,58.21017985714153,58.518348693847656,24916000
2019-08-19,GOOGL,59.144620092536506,60.016038082984736,59.07365739481806,59.57189178466797,24450000
2019-08-20,GOOGL,59.31930231899427,59.45080839192116,58.70891256914688,58.732730865478516,20206000
2019-08-21,GOOGL,59.3426255842237,59.57784782839805,58.95058724856954,59.1322135925293,14152000
2019-08-22,GOOGL,59.242385486469814,59.48951878967522,58.503469252542246,59.129241943359375,17352000
2019-08-23,GOOGL,58.81411734731172,59.33518186625509,57.06880525553756,57.246463775634766,36254000
2019-08-26,GOOGL,57.53775396558153,58.15359939521534,57.3094792300048,58.11985397338867,21166000
2019-08-27,GOOGL,58.70643159354652,58.805680172227966,57.791344856628456,58.10199737548828,23460000
2019-08-28,GOOGL,57.80672772087879,58.48311659031229,57.577461005391356,58.247398376464844,16810000
2019-08-29,GOOGL,58.87614687758333,59.5098589340244,58.81957511202527,59.264217376708984,19636000
2019-08-30,GOOGL,59.56742773091327,59.56742773091327,58.84141077023284,59.080108642578125,18064000
2019-09-03,GOOGL,58.64936072126614,59.008149599886224,57.74916466854388,58.03897476196289,25908000
2019-09-04,GOOGL,58.53025887269184,58.799722502190875,58.13722860917999,58.67020034790039,21312000
2019-09-05,GOOGL,59.235429235615214,60.24480472982278,59.18729288191303,60.15498352050781,26394000
2019-09-06,GOOGL,60.00363090615744,60.19270070231351,59.711833111701424,59.86368942260742,18972000
2019-09-09,GOOGL,59.90140187194654,60.569851316153205,59.211118043105486,59.811580657958984,31854000
2019-09-10,GOOGL,59.356031659874226,60.046315588383756,59.352060050235146,59.83292770385742,27922000
2019-09-11,GOOGL,59.74309346853535,60.665127622991555,59.66319560393649,60.54255294799805,23522000
2019-09-12,GOOGL,60.71476113861916,61.655154188121536,60.66960064609169,61.28544998168945,31644000
2019-09-13,GOOGL,61.143518317793806,61.58716864809238,60.89390513944056,61.53654861450195,23676000
2019-09-16,GOOGL,61.06064594035417,61.48642971781798,60.80011367040381,61.11970138549805,28218000
2019-09-17,GOOGL,61.11969369924659,61.28692909733656,60.70879688269481,61.0328483581543,20806000
2019-09-18,GOOGL,61.05072356371775,61.34847311148348,60.36738715897677,61.170318603515625,17440000
2019-09-19,GOOGL,61.153934552821994,61.7504255143638,61.15343857498691,61.4730224609375,16554000
2019-09-20,GOOGL,61.21944617283537,61.674011814634476,60.72021980315682,61.0308723449707,37692000
2019-09-23,GOOGL,60.86859182001114,61.51917847820748,60.73013827416754,61.271549224853516,20798000
2019-09-24,GOOGL,61.53505712198621,61.887890472586925,60.07806725363248,60.45968246459961,35804000
2019-09-25,GOOGL,60.34455064724605,61.93305035535258,60.00660420799372,61.829830169677734,26798000
2019-09-26,GOOGL,61.64125344535884,61.76680778075008,61.129124118688836,61.64869689941406,23166000
2019-09-27,GOOGL,61.6754983898568,61.78269019215181,60.30435804001419,60.83782958984375,34122000
2019-09-30,GOOGL,60.57233458690206,60.91028105495529,60.21602936438333,60.5991325378418,24470000
2019-10-01,GOOGL,60.66611919885547,61.18073216781802,59.82547084776758,59.847801208496094,24504000
2019-10-02,GOOGL,59.37637233927797,59.488523921057975,58.19182189569117,58.45433807373047,33030000
2019-10-03,GOOGL,58.72330321156918,59.10343049789209,57.720878923332165,59.02552032470703,28368000
2019-10-04,GOOGL,59.26669890627173,60.16838669335828,59.10194338370747,60.09394836425781,24282000
2019-10-07,GOOGL,59.897429903730114,60.48846514938345,59.76641981061871,59.9594612121582,17040000
2019-10-08,GOOGL,59.48901657316592,59.89097823911531,59.027999466165745,59.06025695800781,20086000
2019-10-09,GOOGL,59.6160589862627,59.96988429727848,59.45675922423016,59.66915512084961,15948000
2019-10-10,GOOGL,59.480577236311774,60.32519341412806,59.44385594608639,60.02000045776367,12842000
2019-10-11,GOOGL,60.74254689680836,60.97677718184017,60.22694192579406,60.32966613769531,22330000
2019-10-14,GOOGL,60.239350777041764,60.834353873471784,60.13960621545957,60.4318962097168,13296000
2019-10-15,GOOGL,60.616998873514845,61.88888686604547,60.58821701108463,61.64622116088867,27584000
2019-10-16,GOOGL,61.62487781814139,62.239235368386765,61.46210621454887,61.68393325805664,22986000
2019-10-17,GOOGL,62.10077899580284,62.71364858456095,62.024852739993044,62.17025375366211,20958000
2019-10-18,GOOGL,62.264051677322506,62.43376697711885,61.542006328101955,61.75390625,31624000
2019-10-21,GOOGL,61.96679897605688,62.20549306480344,61.534563716358846,61.74745559692383,18094000
2019-10-22,GOOGL,61.757379949911005,61.96828792239115,61.52761724539211,61.59461212158203,22862000
2019-10-23,GOOGL,61.54548351305433,62.4302967080527,61.54548351305433,62.409950256347656,21282000
2019-10-24,GOOGL,62.483394622802734,62.67147246098987,62.14792806244017,62.483394622802734,20224000
2019-10-25,GOOGL,62.13055797308663,62.924561762183096,61.989128556438885,62.74094772338867,27104000
2019-10-28,GOOGL,63.271931165928116,64.4748402346858,63.13844119071029,63.9656867980957,65428000
2019-10-29,GOOGL,63.32156072139052,63.55976261853793,62.30970526205606,62.5603141784668,52654000
2019-10-30,GOOGL,62.286878653382274,62.92555429284906,62.0635674519653,62.56229782104492,29204000
2019-10-31,GOOGL,62.52755373350321,62.85110922357382,62.00549731563199,62.46800231933594,31904000
2019-11-01,GOOGL,62.8153838353089,63.17268477057608,62.51316673112723,63.13546371459961,28812000
2019-11-04,GOOGL,63.327022271818954,64.1403768069977,63.327022271818954,63.9969596862793,30632000
2019-11-05,GOOGL,64.07586514170676,64.3756023962413,63.98555172631586,64.08777618408203,25148000
2019-11-06,GOOGL,64.02078408267586,64.16469340040145,63.63271733055178,64.06643676757812,24626000
2019-11-07,GOOGL,64.22871531213951,65.6365809576306,64.20241712153256,64.85697174072266,45140000
2019-11-08,GOOGL,64.58798684681432,65.36164416769404,64.58798684681432,64.95918273925781,30392000
2019-11-11,GOOGL,64.71106639798113,64.7557347007569,64.30762053056404,64.42721557617188,17234000
2019-11-12,GOOGL,64.44159057864232,64.97655000563367,64.22671480495114,64.37409973144531,28852000
2019-11-13,GOOGL,64.17411376464824,64.63761454266125,64.12300154214594,64.32299041748047,20538000
2019-11-14,GOOGL,64.26443037561577,65.29266435107532,64.21182643700779,64.96662139892578,28948000
2019-11-15,GOOGL,65.25942006575623,66.17698669433594,65.10260019319165,66.17698669433594,39286000
2019-11-18,GOOGL,66.11743685213465,66.1958467947769,65.31450540955062,65.49712371826172,27984000
2019-11-19,GOOGL,65.83406821762365,65.83406821762365,65.09664383210311,65.13733673095703,21864000
2019-11-20,GOOGL,65.07630246017649,65.16810758563217,63.97710948579548,64.60486602783203,28892000
2019-11-21,GOOGL,64.47534745553108,65.06439503980536,64.05353150343402,64.51951599121094,25546000
2019-11-22,GOOGL,64.6614339170369,64.85497128596099,63.984549103644646,64.19843292236328,27776000
2019-11-25,GOOGL,64.32696520886269,65.02915627328088,64.29470771763064,64.79244232177734,23590000
2019-11-26,GOOGL,65.00434009297838,65.20780459082586,64.713045870139,65.15768432617188,21910000
2019-11-27,GOOGL,65.27779624637108,65.38796393361041,64.98252655111986,65.1145248413086,18808000
2019-11-29,GOOGL,64.8400851416472,65.006324800764,64.67284595465377,64.71552276611328,12802000
2019-12-02,GOOGL,64.63960041458883,64.78252533740228,63.5389157070264,63.959739685058594,26538000
2019-12-03,GOOGL,63.45356189650626,64.37510393525106,63.37366781140592,64.25153350830078,25270000
2019-12-04,GOOGL,64.81526974961815,65.71695745819278,64.66390942910238,65.45245361328125,35506000
2019-12-05,GOOGL,65.85244014940825,65.90107627270982,65.22319941918312,65.85045623779297,24408000
2019-12-06,GOOGL,66.13777413827592,66.62012962490077,66.06234764572054,66.46728515625,32968000
2019-12-09,GOOGL,66.44098641584695,67.36848011288853,66.30252909180109,66.64593505859375,30842000
2019-12-10,GOOGL,66.49459059389076,66.89456837249547,66.19981313481495,66.64098358154297,17606000
2019-12-11,GOOGL,66.9094463945745,66.98834851678667,66.55214547915192,66.70846557617188,20480000
2019-12-12,GOOGL,66.65685647014153,67.22108996230007,66.40823905263555,66.91887664794922,29114000
2019-12-13,GOOGL,66.88959030626334,67.06079730572513,66.57993355986838,66.8384780883789,33170000
2019-12-16,GOOGL,67.24193676714194,67.66523683096499,67.02408511896854,67.5248031616211,28128000
2019-12-17,GOOGL,67.60966052985063,67.70494128866822,67.0320242423483,67.23648071289062,32948000
2019-12-18,GOOGL,67.34119300214664,67.46177999872991,67.01664928638156,67.0886001586914,23330000
2019-12-19,GOOGL,67.08859734207033,67.36749593369899,66.93178503391336,67.31340026855469,28922000
2019-12-20,GOOGL,67.64389911091128,67.68855983506695,67.03003753311336,67.05435180664062,50090000
2019-12-23,GOOGL,67.42704715712873,67.58187556195193,66.89457132071418,67.02508544921875,19936000
2019-12-24,GOOGL,67.00424148940168,67.09357052315865,66.7045118002263,66.7174072265625,13468000
2019-12-26,GOOGL,66.82260438988969,67.64886563760956,66.77099240410861,67.61263275146484,23662000
2019-12-27,GOOGL,67.6885604829738,67.83992081252498,67.14268951409021,67.22407531738281,23212000
2019-12-30,GOOGL,67.33175348084139,67.34118084559142,66.39036485397101,66.48316192626953,19994000
2019-12-31,GOOGL,66.28863469556742,66.53030841671966,66.10700836784599,66.46728515625,19514000
2020-01-02,GOOGL,66.91491828092151,67.92081451416016,66.8196375144199,67.92081451416016,27278000
2020-01-03,GOOGL,66.89456517269056,68.17240862427808,66.86081596073402,67.56549072265625,23408000
2020-01-06,GOOGL,67.07469616252293,69.3916926420359,67.0434381998988,69.36638641357422,46768000
2020-01-07,GOOGL,69.49789480129157,69.64875536577131,69.05623219302926,69.2323989868164,34330000
2020-01-08,GOOGL,69.21801197598803,70.0631280606545,69.10933602043706,69.72518157958984,35314000
2020-01-09,GOOGL,70.56333795807842,70.8983085315508,69.98173387535881,70.45714569091797,33200000
2020-01-10,GOOGL,70.93752236021759,71.20896992621299,70.44772336560568,70.9122085571289,26258000
2020-01-13,GOOGL,71.22434937620667,71.53351398026712,70.73405818738722,71.46156311035156,30730000
2020-01-14,GOOGL,71.4600719000503,71.59058602367756,70.85315396532941,70.99310302734375,26076000
2020-01-15,GOOGL,71.11368347743128,71.49877431407914,71.04619262822877,71.42036437988281,21550000
2020-01-16,GOOGL,71.73051821248909,71.991054234151,71.46006263409811,71.9642562866211,26080000
2020-01-17,GOOGL,72.57861703888604,73.47236161437567,72.28136348423534,73.42124938964844,52424000
2020-01-21,GOOGL,73.39543709748455,73.93536387662941,72.9592340508193,73.55672454833984,48930000
2020-01-22,GOOGL,73.92792510020561,74.46635262161918,73.57707565322256,73.63711547851562,28458000
2020-01-23,GOOGL,73.81974363908597,74.1150132847147,73.4609509628069,73.67781066894531,26650000
2020-01-24,GOOGL,74.08125496952862,74.14973777065077,72.61036646497563,72.75875091552734,29786000
2020-01-27,GOOGL,71.04024762156224,71.29035678349074,70.44275705144024,71.04967498779297,34132000
2020-01-28,GOOGL,71.54641358018323,72.19451657572402,70.98168030050765,71.98113250732422,29724000
2020-01-29,GOOGL,72.37613299807809,72.65800740750734,71.72753789963183,72.2887954711914,21566000
2020-01-30,GOOGL,71.3657889796597,72.21685683883912,71.21195252373599,72.167236328125,27110000
2020-01-31,GOOGL,72.8426206238996,72.93244183951124,70.81791775939544,71.10177612304688,43822000
2020-02-03,GOOGL,72.53445879410422,73.75772216289415,72.28434960562575,73.57410430908203,71636000
2020-02-04,GOOGL,72.17914397442904,72.81682013376593,70.56831370623127,71.72854614257812,95880000
2020-02-05,GOOGL,72.63171390377897,72.67985026168276,70.94794090510676,71.76029968261719,36376000
2020-02-06,GOOGL,72.05456565445883,73.52247823589383,71.98013112225189,73.24507141113281,37822000
2020-02-07,GOOGL,72.81929769136995,73.70559879869327,72.7210410665216,73.4009017944336,28360000
2020-02-10,GOOGL,73.30762192172601,74.87825154536428,73.20688160848441,74.8673324584961,38302000
2020-02-11,GOOGL,75.09608642959354,75.92036372100134,74.70801974601746,74.9367904663086,34852000
2020-02-12,GOOGL,75.22462568128545,75.44496101891976,74.86782448844302,75.36209106445312,31042000
2020-02-13,GOOGL,74.93381963355475,75.72533972486248,74.63606632799268,75.10205078125,22914000
2020-02-14,GOOGL,75.15862587664202,75.43255711257372,74.71298785427767,75.36705017089844,23198000
2020-02-18,GOOGL,75.14919769716833,75.95411300380982,74.98394241111538,75.40228271484375,25642000
2020-02-19,GOOGL,75.78736486702398,75.96303945445767,75.47870007359468,75.67173767089844,22746000
2020-02-20,GOOGL,75.38094121635825,75.78091896387954,74.64896876279927,75.28070068359375,25962000
2020-02-21,GOOGL,74.66484862101126,74.98096446759392,73.37013437097549,73.61676788330078,42520000
2020-02-24,GOOGL,70.61892109008193,71.28042685845558,69.81202186636781,70.46061706542969,49560000
2020-02-25,GOOGL,71.01345207622762,71.30375438851503,68.50341762530834,68.79620361328125,51580000
2020-02-26,GOOGL,69.22594718689604,70.15344093186029,68.31135643850625,69.00213623046875,49776000
2020-02-27,GOOGL,67.4473896252563,67.95654311110967,65.21922220576265,65.25445556640625,62290000
2020-02-28,GOOGL,63.23769763901328,66.61914625982655,62.934984529715464,66.4603500366211,80198000
2020-03-02,GOOGL,67.06280243372319,68.85326757659175,65.76312069292557,68.79620361328125,55430000
2020-03-03,GOOGL,69.35994133870133,69.8814980608443,65.96359831152199,66.3844223022461,56602000
2020-03-04,GOOGL,67.43845113577657,68.62052161924996,66.34868554057559,68.56196594238281,47598000
2020-03-05,GOOGL,66.77297041597613,67.17394765388372,64.5939392228994,65.2450180053711,54380000
2020-03-06,GOOGL,63.021331540993415,64.64902873567758,62.389107394937724,64.30116271972656,64640000
2020-03-09,GOOGL,59.79619032477687,62.16677873866892,59.452784375675435,60.3336296081543,69252000
2020-03-10,GOOGL,62.24915893290205,63.31411041309765,60.27010895451068,63.280364990234375,54872000
2020-03-11,GOOGL,61.94545674944562,62.37520830714135,59.11037541001644,60.090965270996094,54732000
2020-03-12,GOOGL,55.71007122053141,58.99177508979836,55.00787634557328,55.16072082519531,94326000
2020-03-13,GOOGL,58.308932915533035,60.26465691209083,55.19744041947914,60.25820541381836,79400000
2020-03-16,GOOGL,54.07195051093089,56.8440051030118,52.95389894173577,53.2476806640625,96520000
2020-03-17,GOOGL,54.12306272429023,55.87780214419819,52.06163860584557,55.48377990722656,83194000
2020-03-18,GOOGL,52.59957358482276,54.83518057354146,51.461171864578795,54.15035629272461,93044000
2020-03-19,GOOGL,54.002971351103,57.19832981284174,52.381721811582096,55.16667938232422,74064000
2020-03-20,GOOGL,56.120960417669764,56.49711985632716,52.706758754959296,53.00996780395508,82878000
2020-03-23,GOOGL,52.422408393551905,52.94545678283434,50.06521879688069,52.311248779296875,83672000
2020-03-24,GOOGL,54.78506285069466,56.24155682605298,53.9141408183896,56.07680130004883,72468000
2020-03-25,GOOGL,55.807335766211146,56.87873884091762,53.74442370156079,54.667945861816406,90324000
2020-03-26,GOOGL,55.318033766714024,58.13475274319394,54.19204281681304,57.7099609375,76562000
2020-03-27,GOOGL,55.9507538013928,57.12091328372302,54.78605386186068,55.09670639038086,62794000
2020-03-30,GOOGL,56.20731596127036,57.118431141959434,54.51262006874927,56.88568878173828,58736000
2020-03-31,GOOGL,57.00578084729468,58.23002839559108,56.40978203312284,57.66182327270508,65228000
2020-04-01,GOOGL,55.77855459200828,56.047522260736905,54.26449313887209,54.69176483154297,51970000
2020-04-02,GOOGL,54.587547031869654,55.71750946745041,54.24662474488015,55.43266296386719,56410000
2020-04-03,GOOGL,55.317529915740444,55.51999865992436,53.3508908084344,54.22528076171875,51374000
2020-04-06,GOOGL,56.2251860929217,59.09102985081632,55.82818415780754,58.71586608886719,63320000
2020-04-07,GOOGL,60.394179822540586,60.58126950041357,58.421088880395914,58.68459701538086,61620000
2020-04-08,GOOGL,59.703885434102745,60.289461067566705,58.75356544751008,59.897422790527344,40334000
2020-04-09,GOOGL,60.45223933607273,60.64130912701154,59.17389614347068,59.87609100341797,54028000
2020-04-13,GOOGL,59.62449181891167,60.270610868569676,58.67317980519801,60.066650390625,38702000
2020-04-14,GOOGL,61.53357252929676,63.30915444171393,60.96635555655687,62.78710174560547,63358000
2020-04-15,GOOGL,61.858118318287886,63.277394976794355,61.2373092479215,62.39357376098633,42236000
2020-04-16,GOOGL,62.881883980193784,63.190552607359315,61.445736434059555,62.4000244140625,57896000
2020-04-17,GOOGL,63.60442588043865,64.01631470542216,62.82531274438218,63.47043991088867,51050000
2020-04-20,GOOGL,63.01834457446675,63.362246513518144,62.35088714556704,62.58462142944336,35292000
2020-04-21,GOOGL,61.66954105330568,62.031305781008385,59.798178772892086,60.15349578857422,49648000
2020-04-22,GOOGL,61.590139235921335,63.51410167305656,61.396105886699345,62.44865417480469,46296000
2020-04-23,GOOGL,62.812407383951104,63.92450716957352,62.553862820825465,63.081871032714844,34202000
2020-04-24,GOOGL,62.27943458992633,63.40642126585509,61.73355982484232,63.35133743286133,37402000
2020-04-27,GOOGL,64.11555906230626,64.21977499252665,62.77866017804189,63.06648635864258,44186000
2020-04-28,GOOGL,63.67886133804558,63.75627174373277,61.05766382769787,61.167335510253906,80700000
2020-04-29,GOOGL,66.74570017363355,67.49751946749758,65.83905246213541,66.60575866699219,108358000
2020-04-30,GOOGL,66.06881619354749,66.99382646177943,65.57950931871322,66.83006286621094,55842000
2020-05-01,GOOGL,65.70801754388526,67.06477049960726,64.99193160873368,65.37205505371094,48872000
2020-05-04,GOOGL,64.91601469955403,65.72688930286978,64.31455634139917,65.64897155761719,30806000
2020-05-05,GOOGL,66.373490657721,68.03642470972898,66.25091977784771,66.9451675415039,39666000
2020-05-06,GOOGL,67.39081754771591,67.92130943867623,66.75214189978065,66.76702880859375,31732000
2020-05-07,GOOGL,67.55506663759755,68.28406319438015,67.1198555493269,67.95057678222656,30652000
2020-05-08,GOOGL,68.57288244466392,69.30832293940408,68.08605936440217,68.69793701171875,33326000
2020-05-11,GOOGL,68.32327341716166,70.24574435202634,68.25925819267765,69.6532211303711,32718000
2020-05-12,GOOGL,69.88298973182424,70.18619502601786,68.21012823629849,68.24337768554688,33918000
2020-05-13,GOOGL,68.2919940513972,68.74705936567139,65.90254715203265,66.91092681884766,40368000
2020-05-14,GOOGL,66.17598035940988,67.35953473968257,65.6688109174804,67.334228515625,36660000
2020-05-15,GOOGL,66.90746177228863,68.21358719606583,66.44792885100179,68.1381607055664,41544000
2020-05-18,GOOGL,67.56848013197799,69.11578736323804,67.20224397992273,68.73963165283203,47094000
2020-05-19,GOOGL,68.75451250919471,69.1023785172191,68.17290840940507,68.20466613769531,31586000
2020-05-20,GOOGL,68.93712559506159,70.07205161178385,68.85078001844624,69.92962646484375,38262000
2020-05-21,GOOGL,70.02044390375272,70.29189145435492,69.19666631420762,69.8100357055664,30894000
2020-05-22,GOOGL,69.66859460782679,70.31868143198587,69.27407644138323,70.13209533691406,28544000
2020-05-26,GOOGL,71.55733558967322,71.71365570635362,70.43779611422846,70.53555297851562,44590000
2020-05-27,GOOGL,70.46756561892757,70.73306143347727,69.20709277694024,70.48146057128906,31684000
2020-05-28,GOOGL,69.47506277315657,71.68139184261054,69.42941009442607,70.3802261352539,35170000
2020-05-29,GOOGL,70.48890171815204,71.29779236800545,70.26807420727738,71.13849639892578,37044000
2020-06-01,GOOGL,70.75044747487682,71.53849210874915,70.58072457009438,71.20550537109375,25162000
2020-06-02,GOOGL,71.21193893289512,71.60894080375162,70.54745734497106,71.57469940185547,23442000
2020-06-03,GOOGL,71.5940585831891,71.90719099922431,71.04421220546605,71.4228515625,27732000
2020-06-04,GOOGL,71.30025610746993,71.5255587381739,69.77329580996445,70.18468475341797,26982000
2020-06-05,GOOGL,70.25119916881421,71.7727078334822,69.85320532299941,71.4610595703125,42642000
2020-06-08,GOOGL,70.77921607068053,71.90669115835331,70.68988704719936,71.85905456542969,33878000
2020-06-09,GOOGL,71.72010158033224,72.8396409679758,71.57717666408816,72.05953216552734,33624000
2020-06-10,GOOGL,72.52749464201499,73.08626854872666,72.17267741381319,72.68579864501953,31762000
2020-06-11,GOOGL,71.51116856146123,72.03570861739445,69.39615266495285,69.56934356689453,47144000
2020-06-12,GOOGL,70.75836219306613,71.1876215355899,68.77038463113773,70.11621856689453,36676000
2020-06-15,GOOGL,68.95351255272476,70.71569551567282,68.83986925092634,70.5042953491211,30468000
2020-06-16,GOOGL,71.90668995328939,72.31212725295,70.91369682317725,71.78114318847656,30648000
2020-06-17,GOOGL,72.1022135717086,72.56173892847367,71.21838864270325,72.08235931396484,30610000
2020-06-18,GOOGL,71.94887494859431,72.10370333903218,70.77722376842894,71.16827392578125,34862000
2020-06-19,GOOGL,71.46006097988747,71.68337215601352,70.41793206172524,70.69782257080078,52784000
2020-06-22,GOOGL,70.71619099609049,72.00346179403014,70.42737286211982,71.98906707763672,29442000
2020-06-23,GOOGL,72.05556312633793,73.20686779381253,71.70818932914503,72.65007019042969,37752000
2020-06-24,GOOGL,72.61534214894262,73.2361474446459,70.9638190872354,71.09780883789062,31592000
2020-06-25,GOOGL,71.02435732770277,71.5751956563901,70.44473713789317,71.51465606689453,23958000
2020-06-26,GOOGL,71.09433269950638,71.31218435810231,67.24193998415596,67.6161117553711,97640000
2020-06-29,GOOGL,67.50694283958305,69.37582554444442,67.07569949381947,69.33463287353516,45074000
2020-06-30,GOOGL,69.3202318055594,70.66605818577068,68.82645747874786,70.37078857421875,40286000
2020-07-01,GOOGL,70.42637638438264,71.88088628212557,70.17874335966512,71.55931091308594,42182000
2020-07-02,GOOGL,72.04763818332158,73.86788472318719,72.00942138081768,72.94535064697266,57218000
2020-07-06,GOOGL,73.84951911840722,74.93382524567807,73.2952051310002,74.42020416259766,44712000
2020-07-07,GOOGL,74.24552768558216,75.4955812741531,73.9264359557316,73.9373550415039,42364000
2020-07-08,GOOGL,74.47726904554796,74.99188203847628,74.05545313077235,74.61621856689453,31766000
2020-07-09,GOOGL,74.93034396940267,75.88364370968078,74.21872553346911,75.36357116699219,41836000
2020-07-10,GOOGL,75.09510790320913,76.48907845135179,74.47331060985266,76.37345123291016,35918000
2020-07-13,GOOGL,76.91585336815388,78.2269463706536,74.7631199227052,75.04449462890625,42954000
2020-07-14,GOOGL,74.07977692160784,75.56902051449428,73.73934679927795,75.47274780273438,38108000
2020-07-15,GOOGL,75.590369661254,76.24045665388901,74.32989662764948,75.27525329589844,31026000
2020-07-16,GOOGL,74.51200517404082,75.2271068276227,73.85546677030331,75.177978515625,26484000
2020-07-17,GOOGL,75.27673380206025,75.60029313499953,74.34328822168523,75.27375793457031,34264000
2020-07-20,GOOGL,75.18194791342034,77.86219724741542,74.5715619416608,77.60563659667969,30166000
2020-07-21,GOOGL,78.65719115591367,78.75743169114544,77.04883714436846,77.21260070800781,27486000
2020-07-22,GOOGL,77.20217285392138,77.76144652618308,76.58285179107716,77.65574645996094,24482000
2020-07-23,GOOGL,77.70935063528133,77.92869400834472,74.86384609206827,75.26879119873047,33910000
2020-07-24,GOOGL,74.39738681396435,75.20329416614082,73.8217343783056,74.84500122070312,29902000
2020-07-27,GOOGL,75.09559396523198,76.3014788657862,75.04944152464174,75.89802551269531,27124000
2020-07-28,GOOGL,75.67819005490078,75.72831031816976,74.46336997984878,74.61869812011719,30910000
2020-07-29,GOOGL,74.68569706970071,76.0915709811105,74.58694068015295,75.60425567626953,22676000
2020-07-30,GOOGL,74.33683382646932,76.46674464281898,74.19788429386662,76.34169006347656,36042000
2020-07-31,GOOGL,74.29118175072095,74.68669194397553,72.15481941817586,73.83959197998047,91468000
2020-08-03,GOOGL,73.9909364879315,74.32490748925396,73.03416124927156,73.58202362060547,45482000
2020-08-04,GOOGL,73.77805289203164,74.09565287557423,72.65255421158827,73.11257934570312,37212000
2020-08-05,GOOGL,73.28725858588993,73.94131325306674,73.00935198752862,73.39990234375,29134000
2020-08-06,GOOGL,73.25401607153279,74.74871922040799,73.04310810672321,74.68321228027344,33306000
2020-08-07,GOOGL,74.88618940652373,75.4345440924859,73.75622301234296,74.356689453125,27718000
2020-08-10,GOOGL,73.9810094187273,74.79237608443793,73.32049572419088,74.27975463867188,20546000
2020-08-11,GOOGL,74.13982012855085,74.95566211247646,73.35525125440243,73.47187042236328,31098000
2020-08-12,GOOGL,73.79840700821114,75.01670289215501,73.6931991158398,74.79685974121094,22512000
2020-08-13,GOOGL,74.84499197246967,76.27221184265196,74.84499197246967,75.26382446289062,22388000
2020-08-14,GOOGL,75.11297363738187,75.41966216296682,74.38795233108324,74.66734313964844,21942000
2020-08-17,GOOGL,75.23008167921238,75.61765619945626,74.685694859427,75.24347686767578,19990000
2020-08-18,GOOGL,75.73377735195302,77.28456008844866,75.51294982781033,77.20565795898438,28378000
2020-08-19,GOOGL,77.04238688913141,77.85475322202173,76.42257355605528,76.6513442993164,30472000
2020-08-20,GOOGL,76.42107417322119,78.41600301349055,76.14764273171457,78.22147369384766,26382000
2020-08-21,GOOGL,78.00065067341802,78.99712707798484,77.52971397251127,78.187744140625,34838000
2020-08-24,GOOGL,79.0263920052425,79.83578242130031,78.16142935358315,78.66313934326172,25638000
2020-08-25,GOOGL,78.41254041856305,79.84075235572115,78.30237274468207,79.69039154052734,25150000
2020-08-26,GOOGL,79.71270905754783,82.01977833827368,79.44870497954882,81.59001922607422,52188000
2020-08-27,GOOGL,81.71309628506668,81.78157909214075,80.33352058616987,80.81538391113281,31350000
2020-08-28,GOOGL,80.86252964148268,81.45206939327979,80.67097616967305,81.3567886352539,22418000
2020-08-31,GOOGL,81.56223291953953,81.60838536257283,80.65707712251383,80.8655014038086,26422000
2020-09-01,GOOGL,80.99601309646859,82.33886363020532,80.86549898910711,82.13341522216797,22652000
2020-09-02,GOOGL,82.77507634607451,85.6577983212411,82.38700960960998,85.2255630493164,49522000
2020-09-03,GOOGL,84.33875494599933,84.36257702738146,79.78267965722253,80.86450958251953,63726000
2020-09-04,GOOGL,79.8466890087963,81.13644335702884,76.321823874403,78.46761322021484,55850000
2020-09-08,GOOGL,75.6781859957847,77.19422733305377,75.25637012693613,75.60871124267578,54032000
2020-09-09,GOOGL,76.8642343918004,77.35154968410572,75.68663149054102,76.78136444091797,39242000
2020-09-10,GOOGL,76.92775807382651,78.09295018003152,75.43007148898609,75.73030090332031,33024000
2020-09-11,GOOGL,75.83451139910771,76.35805197313077,74.09118337949273,75.21965789794922,30706000
2020-09-14,GOOGL,76.0081899539607,77.26618654802343,74.69114549828926,74.87574768066406,42660000
2020-09-15,GOOGL,75.82161195068608,76.96794929706259,75.53428554034802,76.1803970336914,23042000
2020-09-16,GOOGL,76.54564251599456,77.1356820188287,75.01272258332794,75.03753662109375,22128000
2020-09-17,GOOGL,73.73337898935782,74.3710625832818,72.5746385228818,73.79441833496094,40008000
2020-09-18,GOOGL,73.85695079374413,74.19936479452035,71.04420378135279,72.0103988647461,63056000
2020-09-21,GOOGL,71.04421437886803,71.46304688740663,69.60806684484395,70.97077178955078,56908000
2020-09-22,GOOGL,71.97219001757368,72.64957456925964,70.93899627600688,72.4436264038086,33950000
2020-09-23,GOOGL,72.06003158587683,72.10915989592557,69.60806095366121,69.9410400390625,37726000
2020-09-24,GOOGL,69.608060937413,71.3603166157109,69.58175518077466,70.60948944091797,34552000
2020-09-25,GOOGL,70.71817425152294,71.75483613203042,69.8561874444943,71.41342163085938,30326000
2020-09-28,GOOGL,73.04757600974902,73.09719651380165,71.77171646612977,72.38607025146484,30784000
2020-09-29,GOOGL,72.6466117543797,73.04807369267076,72.15482125858226,72.7513198852539,31816000
2020-09-30,GOOGL,72.49921433138267,73.75274352180791,72.2421614908849,72.73046875,40924000
2020-10-01,GOOGL,73.62669659515059,74.19292159737675,73.28626646757014,73.83710479736328,32884000
2020-10-02,GOOGL,72.4342113053677,73.39693849816092,71.82481725926408,72.23422241210938,31222000
2020-10-05,GOOGL,72.58408167311056,73.67831497337035,72.4570431761626,73.58551788330078,21602000
2020-10-06,GOOGL,73.22176300740041,73.6693773856631,71.70869722745235,72.00694274902344,26096000
2020-10-07,GOOGL,72.41832463079594,72.89770426386879,71.12410260316045,72.4098892211914,36108000
2020-10-08,GOOGL,72.72301980086279,73.8435511132823,72.72301980086279,73.61528015136719,26076000
2020-10-09,GOOGL,74.08324039010259,75.02562099842726,73.79243836136804,74.95614624023438,32966000
2020-10-12,GOOGL,76.32331696836458,78.82540773717346,75.89157394902875,77.6428451538086,55344000
2020-10-13,GOOGL,78.2591971477664,78.66364249122451,77.34709005860579,77.76592254638672,39072000
2020-10-14,GOOGL,78.13961439092779,78.59864008873711,76.7153701732561,77.5857925415039,33174000
2020-10-15,GOOGL,76.64588265062753,77.9807976103411,76.47865102987744,77.19026947021484,31210000
2020-10-16,GOOGL,77.50589359541102,78.29393814189262,77.2989610074062,77.79719543457031,34194000
2020-10-19,GOOGL,78.20559891498712,78.60260079245475,75.57497780370291,75.92383575439453,29734000
2020-10-20,GOOGL,75.58440861018742,78.10188630763496,75.45488644834482,76.97241973876953,41670000
2020-10-21,GOOGL,77.90387134692979,80.15139291914504,77.76938942355532,78.70481872558594,60322000
2020-10-22,GOOGL,78.65570442381038,80.0660459854062,78.28252459218282,79.73058319091797,30512000
2020-10-23,GOOGL,80.14693590256121,81.09328441349074,79.99110798217251,81.03671264648438,30548000
2020-10-26,GOOGL,80.1444529478215,80.86798245629929,77.80115810817524,78.62046813964844,35826000
2020-10-27,GOOGL,78.85073087185503,79.49932607502853,78.25820767241161,79.34449768066406,25902000
2020-10-28,GOOGL,76.91932680468821,77.10789684447866,74.85839855107197,74.97352600097656,45174000
2020-10-29,GOOGL,75.28218805257592,78.84129503159711,75.25886573393818,77.26024627685547,55406000
2020-10-30,GOOGL,82.74679062825668,83.4355865281123,79.47798597119375,80.19953155517578,99878000
2020-11-02,GOOGL,80.56823986724642,82.2902293714331,80.10672305492209,80.60694885253906,44228000
2020-11-03,GOOGL,80.92654621228101,82.32795255609419,80.00103633038269,81.66595458984375,31432000
2020-11-04,GOOGL,84.63948153548641,87.83781924294622,84.51145110327435,86.63788604736328,71342000
2020-11-05,GOOGL,87.85866770874907,88.91915931430586,86.39869809059148,87.46414947509766,39758000
2020-11-06,GOOGL,86.91034186616899,87.76190947389938,86.18283689124186,87.32669830322266,28622000
2020-11-09,GOOGL,89.12559909444359,90.16325299322276,87.21850731003066,87.41055297851562,53440000
2020-11-10,GOOGL,85.83992542478141,87.30932243182015,85.16254076469718,86.23444366455078,43022000
2020-11-11,GOOGL,86.76443103612137,87.4839927088133,86.49943497923725,86.70637512207031,31838000
2020-11-12,GOOGL,86.44683303667651,87.58721871168564,86.24684415165065,86.4875259399414,26474000
2020-11-13,GOOGL,86.74459273573792,88.19016771935601,86.14810166809453,87.94849395751953,29744000
2020-11-16,GOOGL,87.54554778552084,89.04422661005788,87.40609846922138,88.03633880615234,25468000
2020-11-17,GOOGL,87.73012768241678,88.19065257156724,87.31477085146919,87.42245483398438,21314000
2020-11-18,GOOGL,87.17334492122757,87.58820959498601,86.27661691281018,86.37934112548828,20108000
2020-11-19,GOOGL,86.01162222429092,87.51327668318758,85.85232624194083,87.26911926269531,20106000
2020-11-20,GOOGL,87.43933790525898,87.75495401552938,86.099463049473,86.1679458618164,27694000
2020-11-23,GOOGL,86.35849613940775,86.64483058529487,84.86776089950195,85.73023986816406,22530000
2020-11-24,GOOGL,85.72726380732696,87.66164554548067,85.39130128904262,87.53361511230469,27984000
2020-11-25,GOOGL,87.72765454815004,87.85518522073961,86.7624437790224,87.54502868652344,19600000
2020-11-27,GOOGL,87.56537478708843,89.17670461109734,87.56537478708843,88.68094635009766,14790000
2020-11-30,GOOGL,88.1167194862883,88.34945805842784,86.73664396560041,87.06218719482422,32418000
2020-12-01,GOOGL,87.67058926121352,90.40294282397186,87.49044706213408,89.0948257446289,37350000
2020-12-02,GOOGL,89.09482724425072,90.94981487855388,88.58914937963489,90.56422424316406,29424000
2020-12-03,GOOGL,90.34438241647054,91.50014714254405,90.16870781369849,90.40889739990234,24728000
2020-12-04,GOOGL,90.32851391467301,90.78903130874234,89.9994950336084,90.50418853759766,20544000
2020-12-07,GOOGL,90.09674637845352,90.77859855213794,89.4759411272012,90.17019653320312,22288000
2020-12-08,GOOGL,89.74790262698619,90.11760684582036,88.89236720463734,89.88734436035156,19936000
2020-12-09,GOOGL,89.8392011100304,90.73295326690491,87.43933447683615,88.22638702392578,31728000
2020-12-10,GOOGL,87.46909479344431,88.08394826570479,86.0264959983759,87.7197036743164,28688000
2020-12-11,GOOGL,87.34009054339363,88.19910157718995,86.97981369971886,88.07453918457031,18628000
2020-12-14,GOOGL,87.87206082320614,88.8189014511486,86.80065024940325,86.95597839355469,33050000
2020-12-15,GOOGL,87.33312959787565,87.53857801501006,86.43045746319423,87.3936767578125,21352000
2020-12-16,GOOGL,87.79216907373542,87.79216907373542,86.79719198041016,87.20063781738281,24676000
2020-12-17,GOOGL,87.53511044992315,87.67306801784623,85.90840149530362,86.37288665771484,34880000
2020-12-18,GOOGL,86.65376686057336,86.76244280122043,85.10695202977472,85.66374206542969,85256000
2020-12-21,GOOGL,84.81565683297735,86.19870821457275,84.06482960264226,86.07762145996094,33974000
2020-12-22,GOOGL,85.81807923743065,85.98085084047112,84.64941153653486,85.36599731445312,20370000
2020-12-23,GOOGL,85.55010471511076,86.55153319563468,85.41462325656956,85.76348876953125,22974000
2020-12-24,GOOGL,85.8017013279546,86.46717488960903,85.57094668185455,86.05776977539062,9312000
2020-12-28,GOOGL,86.5912300604431,88.67994788097882,86.43789340684248,88.0328369140625,27650000
2020-12-29,GOOGL,88.69138091250761,88.75291246047898,87.0974215338382,87.22892761230469,19726000
2020-12-30,GOOGL,87.58820379818833,87.72516940602775,85.75207866076447,86.16148376464844,21026000
2020-12-31,GOOGL,86.21210764385076,87.21601985817294,86.15354439427452,86.97484588623047,21070000
2021-01-04,GOOGL,87.34008358640446,87.4636464411681,84.71690581732847,85.65928649902344,37324000
2021-01-05,GOOGL,85.60766776688526,86.68651421531872,85.20123853878756,86.35005950927734,20360000
2021-01-06,GOOGL,84.37547071001721,86.54458229148436,84.16903036258219,85.49798583984375,46588000
2021-01-07,GOOGL,85.69053939531456,88.22439556368579,85.69053939531456,88.05170440673828,41936000
2021-01-08,GOOGL,88.19164922097684,89.29332585763812,87.40062131631798,89.21739959716797,35484000
2021-01-11,GOOGL,88.18470162798775,88.54994580133611,86.9500347222767,87.15597534179688,34796000
2021-01-12,GOOGL,86.61355794370071,87.73210525969363,85.17542676202127,86.22003173828125,29528000
2021-01-13,GOOGL,85.71833405616691,87.16094060271311,85.71833405616691,86.70736694335938,23432000
2021-01-14,GOOGL,86.78775664072327,87.71475825531489,85.65630612320594,85.89698791503906,29212000
2021-01-15,GOOGL,85.80270536196944,86.72573164848349,84.9437018754626,85.73323059082031,31444000
2021-01-19,GOOGL,86.49644561395698,89.51563284416662,85.9917598088615,88.55439758300781,41660000
2021-01-20,GOOGL,90.63369841737502,94.273699131295,90.29327584791857,93.29856872558594,64152000
2021-01-21,GOOGL,93.97246630966059,95.87955030934256,93.26580011739712,93.50102233886719,58634000
2021-01-22,GOOGL,93.86378525576802,94.50543672127229,93.12139349550735,93.91837310791016,32744000
2021-01-25,GOOGL,94.919805555433,95.37040330733852,92.26089490963317,94.00372314453125,50586000
2021-01-26,GOOGL,93.59233288563547,95.06917311218761,93.10303372518045,94.68209838867188,31462000
2021-01-27,GOOGL,93.0424981499985,93.31841329790922,89.19010540093252,90.26498413085938,82512000
2021-01-28,GOOGL,90.86346464048778,93.69159105835183,90.86346464048778,91.96514129638672,55278000
2021-01-29,GOOGL,91.0133261797353,91.68425930662701,89.40250361723265,90.68282318115234,44530000
2021-02-01,GOOGL,91.537869114529,95.05876695305972,91.537869114529,93.94369506835938,40252000
2021-02-02,GOOGL,94.93916613642043,96.7375742923494,94.60369579708804,95.23641967773438,66332000
2021-02-03,GOOGL,102.50599859407848,104.54112080046828,99.92251415054169,102.1720199584961,97882000
2021-02-04,GOOGL,102.25836545435277,102.68910899646727,100.99193325022927,101.91149139404297,48596000
2021-02-05,GOOGL,102.20576092112387,104.01112041342323,101.73134861128602,103.65828704833984,29866000
2021-02-08,GOOGL,104.2126024166411,104.95697814818854,102.39384771098673,103.44440460205078,28828000
2021-02-09,GOOGL,102.96204375401462,104.13865469002172,102.72384565242261,102.99132537841797,21892000
2021-02-10,GOOGL,103.37591665062041,104.15701742365931,101.84250453722669,103.54166412353516,25102000
2021-02-11,GOOGL,103.76597151325437,103.91484058963358,102.66727078205419,103.65431213378906,20480000
2021-02-12,GOOGL,103.20868656852795,104.1877847485389,102.90100612778934,103.9659652709961,18990000
2021-02-16,GOOGL,103.80319453901487,106.45267806427309,103.80319453901487,104.74359130859375,31004000
2021-02-17,GOOGL,103.91384859595338,105.3261814870926,103.63446540978451,105.13661193847656,20294000
2021-02-18,GOOGL,104.46071476343555,105.30384678219214,103.88158682056805,104.50090789794922,22546000
2021-02-19,GOOGL,104.59917603105531,105.13462765654127,103.39030764472844,103.65728759765625,37938000
2021-02-22,GOOGL,101.90999171180535,103.23647121123227,101.63209267408962,101.94274139404297,29466000
2021-02-23,GOOGL,99.94434439439259,102.84790471803919,98.7652498236748,102.2335433959961,34658000
2021-02-24,GOOGL,100.74082627734853,103.63297538297377,100.61627147183141,103.40916442871094,22608000
2021-02-25,GOOGL,102.02562835554662,103.36897879825909,99.57216580668543,100.04161834716797,41548000
2021-02-26,GOOGL,100.73634995203255,102.05488614562984,99.30020265311134,100.33736419677734,40042000
2021-03-01,GOOGL,101.63209913010583,103.03301325641854,100.95819013474573,102.70697784423828,26060000
2021-03-02,GOOGL,102.46778343065205,103.95157512845779,102.06235368431534,102.44992065429688,25564000
2021-03-03,GOOGL,101.82812222319419,103.02110427360444,98.95234399009125,99.81632232666016,33892000
2021-03-04,GOOGL,99.98801971974596,102.95162763201309,99.51955914782164,100.93387603759766,49216000
2021-03-05,GOOGL,102.284655349092,104.52025828320131,100.62866495462481,104.06718444824219,53100000
2021-03-08,GOOGL,103.4215726006688,104.89443749241916,99.50764106068317,99.62227630615234,36868000
2021-03-09,GOOGL,101.71894467377746,102.42212772357182,101.01674600755987,101.25296020507812,33920000
2021-03-10,GOOGL,102.29707365898807,102.29707365898807,100.20934752586386,101.04602813720703,27100000
2021-03-11,GOOGL,102.1392583726639,104.7718632506031,102.05142107793417,104.23938751220703,27702000
2021-03-12,GOOGL,103.04193910173277,103.1014867304404,100.85893242281475,101.73133850097656,33818000
2021-03-15,GOOGL,101.48222292330844,101.97896555456512,100.62917132551493,101.95167541503906,26168000
2021-03-16,GOOGL,102.52485435636942,104.89147154660814,102.1923674371934,103.41314697265625,31900000
2021-03-17,GOOGL,102.64792444093051,104.16297408675445,101.43955571786044,103.33026885986328,26382000
2021-03-18,GOOGL,101.64102114164612,102.66181170828624,100.20189786741744,100.30908966064453,31700000
2021-03-19,GOOGL,100.72544755239356,101.08820045745158,99.39549239049998,100.58798217773438,46072000
2021-03-22,GOOGL,100.62123402558689,101.64896832220467,99.94484136557821,100.77308654785156,33536000
2021-03-23,GOOGL,101.23260362441583,102.43154484004994,100.63958830056207,101.30108642578125,28510000
2021-03-24,GOOGL,101.81868694086641,102.6047475271792,100.6892203526668,100.8644027709961,25218000
2021-03-25,GOOGL,100.69170066123667,101.51497849194996,99.05605651294476,100.86092376708984,35616000
2021-03-26,GOOGL,100.82767512282554,101.20482275574092,99.44114815336599,100.47732543945312,27978000
2021-03-29,GOOGL,100.3497947664904,101.69215330390179,99.52055755994432,101.52243041992188,26492000
2021-03-30,GOOGL,101.87923478436586,102.3600985997057,101.04404587909158,101.5561752319336,27312000
2021-03-31,GOOGL,101.94969987021643,103.53075620217572,101.58247178886016,102.35265350341797,42570000
2021-04-01,GOOGL,103.82801379599191,105.98669892569983,103.78732089156456,105.69043731689453,39880000
2021-04-05,GOOGL,106.55242264996384,110.61373952658637,106.45614993329092,110.11599731445312,48510000
2021-04-06,GOOGL,109.7170060552788,110.56460573116816,109.26393216477742,109.63462829589844,35240000
2021-04-07,GOOGL,109.8251828326057,111.38340889951039,109.8251828326057,111.1119613647461,24134000
2021-04-08,GOOGL,112.35111313829853,112.73769574092296,111.30948379590893,111.67770385742188,28664000
2021-04-09,GOOGL,111.43006856726271,112.84586958165409,111.02413150339015,112.6821060180664,26146000
2021-04-12,GOOGL,111.86080254119268,111.99826033542475,110.55566149487322,111.38936614990234,25024000
2021-04-13,GOOGL,111.70549055106234,112.32481171879675,111.31146450496534,111.8761978149414,25682000
2021-04-14,GOOGL,112.52132265803313,112.52132265803313,110.96260423492673,111.25489044189453,21002000
2021-04-15,GOOGL,112.24937512425728,113.93910731506152,111.71441568076216,113.40563201904297,29174000
2021-04-16,GOOGL,113.60364566317921,113.85177090924829,112.69451439811739,113.28157806396484,26282000
2021-04-19,GOOGL,112.65779320044837,114.34057420260662,112.65779320044837,113.62944793701172,30290000
2021-04-20,GOOGL,114.01304464501652,114.08797894990056,112.00968781654448,113.09597778320312,22288000
2021-04-21,GOOGL,112.75058458537109,113.14510278510481,111.39929103374098,113.06322479248047,23204000
2021-04-22,GOOGL,112.91683621189621,113.58578546454932,111.17599162675704,111.78141784667969,24146000
2021-04-23,GOOGL,112.49997995220494,114.44131306155018,112.21463744660008,114.1341323852539,29066000
2021-04-26,GOOGL,114.36192227006754,115.35492306969215,114.0046212914718,114.6303939819336,32038000
2021-04-27,GOOGL,115.01250671329818,115.05319961841374,113.45080478980682,113.69000244140625,44386000
2021-04-28,GOOGL,118.72792498547076,120.65734705575763,116.77865622813731,117.06747436523438,81106000
2021-04-29,GOOGL,118.56564700649055,119.3065470422006,117.80240903725968,118.7408218383789,41234000
2021-04-30,GOOGL,117.51310274370631,118.19941495111625,116.44815119189317,116.79254913330078,44856000
2021-05-03,GOOGL,117.35876574374358,118.18452723288044,115.89929599373691,116.27545166015625,28242000
2021-05-04,GOOGL,114.81002610533777,115.37773525338912,111.98785142103567,114.47654724121094,44818000
2021-05-05,GOOGL,115.55838657968523,115.8744948855566,114.54851496753456,114.8705825805664,26636000
2021-05-06,GOOGL,114.45173268147272,115.99110412597656,113.7922184104356,115.99110412597656,25190000
2021-05-07,GOOGL,117.30816048876812,117.6733970925237,116.4283032840996,116.71463775634766,28898000
2021-05-10,GOOGL,115.5340544612841,115.67598742632394,113.37040211218113,113.72820281982422,30914000
2021-05-11,GOOGL,111.31245758968727,113.15900213602517,110.8583841691217,112.6518325805664,34186000
2021-05-12,GOOGL,110.47478602478672,111.5561162328278,108.85849635134446,109.18750762939453,46376000
2021-05-13,GOOGL,110.47130211457284,111.13230806057291,109.5085750545865,110.6162109375,33204000
2021-05-14,GOOGL,112.0801472464364,113.37932900228232,111.65634743812632,113.06470489501953,31996000
2021-05-17,GOOGL,112.3297641754445,113.6304377384808,111.92978642061708,113.58776092529297,21598000
2021-05-18,GOOGL,114.25421938157729,114.5187232263612,112.26127442093457,112.2751693725586,22204000
2021-05-19,GOOGL,110.58594292832795,112.89648041648023,110.43756603914663,112.7232894897461,23684000
2021-05-20,GOOGL,113.69097811635923,114.73309949048301,113.3197822443816,114.48249816894531,32352000
2021-05-21,GOOGL,115.00158609753292,115.07503626023684,113.60662363633259,113.8463134765625,40632000
2021-05-24,GOOGL,114.87652646965049,117.39052855183634,114.73112544261134,117.1667251586914,31832000
2021-05-25,GOOGL,117.71061940003706,118.30611849730967,116.86699504788572,117.2575454711914,22440000
2021-05-26,GOOGL,117.43865003345924,118.55372932361894,117.43567416655014,118.12298583984375,21572000
2021-05-27,GOOGL,118.55671711942162,118.55671711942162,116.92951595867764,117.24810791015625,35224000
2021-05-28,GOOGL,117.83070761492301,117.91258561269424,116.76029647620672,116.95879364013672,21482000
2021-06-01,GOOGL,117.83170500105437,118.39097877485312,116.83126077261825,118.16617584228516,23354000
2021-06-02,GOOGL,118.56168261975796,118.78450163427122,116.73597664095516,117.6406478881836,21158000
2021-06-03,GOOGL,116.4069589139595,116.96722459641707,115.60253582286343,116.49876403808594,18696000
2021-06-04,GOOGL,117.5751361103478,119.05197647969602,117.23470598588214,118.78102111816406,24458000
2021-06-07,GOOGL,118.57607279219508,119.32392413070295,118.15724030193509,119.21424865722656,24120000
2021-06-08,GOOGL,119.69611425817284,120.06879431068795,118.8410711054014,119.02269744873047,24240000
2021-06-09,GOOGL,119.66733919747418,119.73929006933248,118.94628575379556,119.49414825439453,17942000
2021-06-10,GOOGL,119.44352262743342,120.88662140305803,119.28770227679246,120.84344482421875,25904000
2021-06-11,GOOGL,121.08510871682954,121.17046233960727,120.04099584089136,120.59878540039062,21958000
2021-06-14,GOOGL,120.7009986708535,121.5277520183712,119.9933481452321,121.52725982666016,22098000
2021-06-15,GOOGL,121.53173143958783,121.85479096519951,120.14818797993534,120.50896453857422,21562000
2021-06-16,GOOGL,120.660309962203,120.97195819228187,118.57407581457998,119.86680603027344,26472000
2021-06-17,GOOGL,119.7923822856336,121.603693441412,119.59636123311135,120.83053588867188,25842000
2021-06-18,GOOGL,120.45685929101408,120.69108957521395,119.1150006147533,119.21028137207031,46116000
2021-06-21,GOOGL,119.59685210380827,121.08510361383242,118.99936162518301,120.89900970458984,27414000
2021-06-22,GOOGL,120.83698717040798,121.48211428370058,120.15613450667915,121.41313171386719,22390000
2021-06-23,GOOGL,121.17790930527332,122.17239413660434,120.92085647379636,121.2111587524414,19148000
2021-06-24,GOOGL,121.779864655628,122.13269801966713,121.38287032972356,121.58136749267578,21362000
2021-06-25,GOOGL,121.08511210446201,121.71336839672355,120.65337662784323,121.58979797363281,34594000
2021-06-28,GOOGL,121.75852921191957,121.86423686669397,120.49508042755512,121.61710357666016,28526000
2021-06-29,GOOGL,121.750585903445,122.09845947524772,120.77843143323554,121.3555679321289,23108000
2021-06-30,GOOGL,121.07965376613676,121.34018980324502,120.44445377750469,121.17394256591797,24474000
2021-07-01,GOOGL,120.81218116296395,121.66771652938495,120.62013549310655,121.52629089355469,18110000
2021-07-02,GOOGL,122.22649002373326,124.46358492049245,122.13666881147289,124.31818389892578,25982000
2021-07-06,GOOGL,124.70625497523152,125.4799123179405,123.64824707773293,125.24369812011719,26404000
2021-07-07,GOOGL,126.208410278611,126.32948945977284,125.20697413933541,125.52556610107422,24060000
2021-07-08,GOOGL,123.0959213892183,124.6536477834332,123.09195356628405,124.10628509521484,23790000
2021-07-09,GOOGL,124.0874257825827,124.7916007446982,123.6174735198398,124.57722473144531,18632000
2021-07-12,GOOGL,125.2317800964702,126.11659701235094,124.66903075282382,126.02330017089844,17668000
2021-07-13,GOOGL,126.08583696407437,127.09719270240873,125.72456817298162,126.38656616210938,19240000
2021-07-14,GOOGL,126.99843774774149,128.3566826384462,126.95526116951177,127.27534484863281,23742000
2021-07-15,GOOGL,127.6842504239584,127.73486288138461,125.58113774435483,126.05257415771484,24218000
2021-07-16,GOOGL,126.70564909050017,126.8530340257524,125.20747031972039,126.0178451538086,20424000
2021-07-19,GOOGL,125.14393851701688,125.25857376045805,122.57881687574903,123.6437759399414,27968000
2021-07-20,GOOGL,124.5861538619806,126.09029189296702,123.4179859291458,125.26304626464844,26312000
2021-07-21,GOOGL,125.18762444582607,126.63915867752108,125.07844872969363,126.59251403808594,20746000
2021-07-22,GOOGL,126.88528161966792,127.51948960821602,126.54286761164278,127.45844268798828,14302000
2021-07-23,GOOGL,129.4524101224055,132.39865543395226,128.82714473165672,132.0175323486328,41506000
2021-07-26,GOOGL,132.32866235257328,133.23034251225275,131.3093559344711,133.0298614501953,30572000
2021-07-27,GOOGL,133.2437410108282,133.39112593555546,129.12833653384382,130.91085815429688,54710000
2021-07-28,GOOGL,135.28979281293505,137.2599079039197,134.26305040717065,135.07342529296875,95130000
2021-07-29,GOOGL,135.1290120798476,135.63618169208738,134.52656927251087,134.75930786132812,31716000
2021-07-30,GOOGL,134.02235996691988,134.28983968101215,133.24821049206028,133.71617126464844,25576000
2021-08-02,GOOGL,134.10375968033432,134.3216113441576,132.79068281831607,133.84323120117188,21634000
2021-08-03,GOOGL,134.1216167474908,134.71413996372158,132.31974039561504,134.6129150390625,20762000
2021-08-04,GOOGL,134.33451713154457,134.63227046149845,133.4784819870635,134.11219787597656,19676000
2021-08-05,GOOGL,134.66301914321753,135.32750833169953,133.83477396423808,135.229736328125,17870000
2021-08-06,GOOGL,135.02180226998487,135.4490701118933,134.19604087105887,134.72056579589844,20488000
2021-08-09,GOOGL,134.9230341965153,136.15522469050427,134.32454426703936,135.88624572753906,17760000
2021-08-10,GOOGL,136.31204332519133,136.73932631810774,135.34188043410109,135.78106689453125,19414000
2021-08-11,GOOGL,136.15277807095418,136.6500129504423,135.24959853381438,135.25704956054688,15352000
2021-08-12,GOOGL,134.95579303808665,136.27036900891522,134.40992968897953,136.1651611328125,16506000
2021-08-13,GOOGL,136.22072866613954,136.82268667428798,136.00536072727772,136.69464111328125,15948000
2021-08-16,GOOGL,136.49370638192505,137.3249351316468,134.28440101461297,137.27232360839844,22384000
2021-08-17,GOOGL,136.7169958893501,137.2286329994701,135.06150515244326,135.63665771484375,21716000
2021-08-18,GOOGL,135.47637140289288,136.07634558098277,134.30671177014443,134.43325805664062,19258000
2021-08-19,GOOGL,133.42737741097457,135.32999419006325,133.2432673738552,134.66253662109375,21782000
2021-08-20,GOOGL,134.98014118566647,136.52248864700474,134.23576540706904,136.39892578125,31194000
2021-08-23,GOOGL,136.93486475189124,139.8180789523817,136.57557987363364,138.9913330078125,28454000
2021-08-24,GOOGL,139.55704424673573,141.01453771679073,139.2860964529623,140.20217895507812,19268000
2021-08-25,GOOGL,140.56295954298056,141.12322528868177,140.31583381143977,141.0135498046875,15848000
2021-08-26,GOOGL,140.687025436798,141.34951565478207,140.29696718889772,140.37985229492188,20610000
2021-08-27,GOOGL,140.59025038508423,143.42880397436727,140.43591417092568,142.9241180419922,28780000
2021-08-30,GOOGL,143.3171329571625,144.87586650188038,143.08191071362054,143.50621032714844,24434000
2021-08-31,GOOGL,144.05853400521448,144.08284070648722,143.1990308749765,143.61239624023438,22448000
2021-09-01,GOOGL,143.91262680281687,145.15722071865454,143.7969996028531,144.1265106201172,21936000
2021-09-02,GOOGL,144.12702918117816,144.4282505704674,142.1112538267308,142.21249389648438,32342000
2021-09-03,GOOGL,142.0075510389245,143.0739868689535,141.33264245354516,142.66160583496094,19850000
2021-09-07,GOOGL,142.75587753973872,143.48089873899315,142.5419937114171,143.1985321044922,20124000
2021-09-08,GOOGL,143.01939373948818,143.3171319106359,141.92763663073742,142.6134490966797,18344000
2021-09-09,GOOGL,142.76183791118086,143.22831458600484,142.10381533079317,142.46458435058594,15314000
2021-09-10,GOOGL,143.13101539105872,143.63323266843653,139.68258396569115,139.81954956054688,36840000
2021-09-13,GOOGL,140.8850133140272,141.87801407207704,140.19076541104684,141.26515197753906,22094000
2021-09-14,GOOGL,141.9231620681561,142.28791402642847,140.68700352159263,141.4755401611328,19674000
2021-09-15,GOOGL,141.70083390468355,143.36724367006724,140.28751670074934,143.34640502929688,27408000
2021-09-16,GOOGL,142.87098166719957,143.2178632283593,141.33360198236525,142.5330352783203,26190000
2021-09-17,GOOGL,141.95791332781604,142.37426215695461,139.4166134851855,139.744140625,53384000
2021-09-20,GOOGL,137.12541555299168,137.95762854767855,135.29971724995474,137.67922973632812,46518000
2021-09-21,GOOGL,138.70152098037897,138.9615648556159,137.24105908809844,137.9904022216797,25332000
2021-09-22,GOOGL,138.25934422526794,139.83046573683288,137.51248488570442,139.2314910888672,25056000
2021-09-23,GOOGL,139.9302261163697,140.63390890331934,139.34862203265052,140.15701293945312,20952000
2021-09-24,GOOGL,139.4846026662083,141.26317188611173,139.18933300671583,141.14852905273438,22984000
2021-09-27,GOOGL,139.74860330168596,140.87410203574274,139.01713059177794,140.01409912109375,21882000
2021-09-28,GOOGL,137.61521342871015,138.0534004027572,134.34492472467014,134.8114013671875,45772000
2021-09-29,GOOGL,135.95276138761872,136.12248424162405,132.861130950565,133.34596252441406,30848000
2021-09-30,GOOGL,133.25465763125644,134.526041888036,132.55444295249788,132.6735382080078,37996000
2021-10-01,GOOGL,133.4392677350906,135.88381020641216,133.06757963803923,135.51905822753906,35360000
2021-10-04,GOOGL,134.94090486104298,134.94090486104298,130.0672375051425,132.65716552734375,51202000
2021-10-05,GOOGL,133.03581349340732,136.1954422891802,133.03581349340732,135.00294494628906,32404000
2021-10-06,GOOGL,133.73949382505162,136.71699647050733,133.54099667756023,136.53338623046875,24364000
2021-10-07,GOOGL,137.850443401675,138.99182860687787,137.61125333266637,138.1809539794922,25110000
2021-10-08,GOOGL,138.53029594438388,139.2786394526992,138.17349477354347,138.73724365234375,26526000
2021-10-11,GOOGL,138.24743994592924,139.6567893779869,137.81767325329827,137.8722686767578,17954000
2021-10-12,GOOGL,138.43401141680982,138.4608169354208,134.7419071206259,135.42575073242188,36332000
2021-10-13,GOOGL,136.37210417426144,136.96512710925458,135.49523045857015,136.55026245117188,19654000
2021-10-14,GOOGL,138.42804263761698,140.27756261659002,137.78390761914704,140.09246826171875,31894000
2021-10-15,GOOGL,140.55251849051083,140.65524269555343,139.69946688773342,140.307861328125,30274000
2021-10-18,GOOGL,140.01857311030093,141.72517625679853,140.0116218475846,141.70730590820312,20396000
2021-10-19,GOOGL,142.31221062847752,142.58515744506195,141.53062530654964,142.162841796875,20164000
2021-10-20,GOOGL,142.2631058944433,142.4695538565035,140.3163131219319,140.70587158203125,23288000
2021-10-21,GOOGL,140.70586399440023,141.08997046295738,139.44638307898973,140.82199096679688,26292000
2021-10-22,GOOGL,138.1064721214216,139.5287243512817,135.0356806426671,136.53485107421875,50588000
2021-10-25,GOOGL,136.5184841950974,136.9651065135522,134.4084205271882,136.416259765625,34412000
2021-10-26,GOOGL,138.21916373627255,139.0325068979377,137.267355663292,138.26382446289062,49236000
2021-10-27,GOOGL,138.35958967330268,147.5352558412774,138.35958967330268,145.12100219726562,85782000
2021-10-28,GOOGL,146.03113135042497,146.05445366795587,143.54242804880974,144.75526428222656,36206000
2021-10-29,GOOGL,143.99004609130722,147.13032034071645,143.5647621281139,146.935791015625,43320000
2021-11-01,GOOGL,146.93579626429255,146.93579626429255,142.15143480145554,142.4208984375,46924000
2021-11-02,GOOGL,143.49528827408025,145.50956421119818,143.25311477300548,144.34188842773438,33482000
2021-11-03,GOOGL,144.8063933276679,145.56913921007816,143.50671917135764,145.49867248535156,27494000
2021-11-04,GOOGL,146.02119056573684,148.61063405572054,145.21081578710826,147.15562438964844,38412000
2021-11-05,GOOGL,148.05085702722778,149.20017778946539,147.08566141589458,147.73574829101562,38354000
2021-11-08,GOOGL,148.7014585767388,149.48554284378903,147.31741521200507,147.91342163085938,23052000
2021-11-09,GOOGL,148.1139135667592,148.71090441297886,146.14081490134637,147.80177307128906,19530000
2021-11-10,GOOGL,146.39391306139473,146.9596459608255,143.45363459409407,144.79945373535156,29970000
2021-11-11,GOOGL,145.39097096057034,146.42913217183607,144.50863009769796,144.6733856201172,16518000
2021-11-12,GOOGL,145.5160161174187,147.73377171558494,144.3205504253786,147.56304931640625,22360000
2021-11-15,GOOGL,147.78388336285937,148.42801853120432,146.46832288502367,147.3387451171875,23508000
2021-11-16,GOOGL,147.03850684850835,147.64690125348622,146.2077780831521,146.76705932617188,18904000
2021-11-17,GOOGL,146.91742834177577,147.44543653660836,146.13584294303453,146.93678283691406,19594000
2021-11-18,GOOGL,147.1298348231303,149.45129909726722,146.77551730421044,148.71485900878906,35608000
2021-11-19,GOOGL,148.850821889898,149.83440281847206,147.78240224110786,147.8096923828125,33682000
2021-11-22,GOOGL,148.2126562711061,148.70592331969485,145.05154308495818,145.2048797607422,30594000
2021-11-23,GOOGL,145.05698650074015,145.56018822180644,143.03427520363064,144.6887664794922,27218000
2021-11-24,GOOGL,144.38257946964197,145.1527611600918,143.29033776996786,145.02423095703125,18040000
2021-11-26,GOOGL,143.26600240488204,143.47343471608676,140.7787985817031,141.1167449951172,30470000
2021-11-29,GOOGL,142.92012308902753,145.20039440867032,142.8144154479387,144.43914794921875,32596000
2021-11-30,GOOGL,143.92106736043897,144.90513286079363,140.53961906199348,140.83340454101562,42068000
2021-12-01,GOOGL,142.92013447496637,144.8560080310681,139.85529413547832,139.99374389648438,34020000
2021-12-02,GOOGL,140.19077047992297,142.7856663611963,139.1630285152738,141.89390563964844,29194000
2021-12-03,GOOGL,142.603540088609,143.31714251294005,139.24888176478848,140.93663024902344,41230000
2021-12-06,GOOGL,141.96782338203911,142.77373060812116,139.09899659163847,142.0814666748047,30618000
2021-12-07,GOOGL,144.5046722790173,146.42467472211027,144.138436129141,146.16513061523438,32240000
2021-12-08,GOOGL,146.48965394073545,147.2801896212736,145.30809084120318,147.07522583007812,24270000
2021-12-09,GOOGL,146.48421241020347,147.98189902251838,146.01178401342344,146.53135681152344,23270000
2021-12-10,GOOGL,147.58488027246938,147.86029563658596,145.60384630237746,146.89161682128906,24458000
2021-12-13,GOOGL,146.67328207860228,146.86037554582492,144.42626742648753,144.7329559326172,27070000
2021-12-14,GOOGL,142.88838224618928,143.3965362015146,140.15602113354242,142.8278350830078,38446000
2021-12-15,GOOGL,142.33357371721698,145.6207335434512,140.61555168516296,145.34283447265625,36370000
2021-12-16,GOOGL,146.0668723499837,146.56957435647965,142.5300879554228,143.36181640625,33650000
2021-12-17,GOOGL,141.43138309383306,142.75587874027252,140.24038500191537,140.66220092773438,50416000
2021-12-20,GOOGL,138.95013079239632,140.7113292733153,138.27622180996892,140.54507446289062,27192000
2021-12-21,GOOGL,140.9882260878411,142.79011743592406,139.4488622569165,142.39659118652344,28756000
2021-12-22,GOOGL,141.9946312572679,145.4013858438992,141.9946312572679,145.3170166015625,26322000
2021-12-23,GOOGL,145.40137781045914,147.1318028392247,145.35373364931638,145.81475830078125,26384000
2021-12-27,GOOGL,146.1516982622642,147.2315366159607,146.0658448812409,146.7973175048828,15976000
2021-12-28,GOOGL,147.12435498406532,147.18688605386762,144.95922615738593,145.58697509765625,18200000
2021-12-29,GOOGL,145.54478697871397,146.31150052438304,144.5552695994406,145.55520629882812,17788000
2021-12-30,GOOGL,145.59394023080418,146.19539861632148,144.89969233180167,145.10414123535156,15688000
2021-12-31,GOOGL,144.9547612243931,145.59839661195713,143.7657470703125,143.7657470703125,18136000
2022-01-03,GOOGL,143.9672057510473,144.7572416495097,142.63527431481612,143.90419006347656,28646000
2022-01-04,GOOGL,144.3056835281372,145.38652168981594,142.63878874270526,143.31666564941406,28400000
2022-01-05,GOOGL,143.33697877967595,143.41588090539815,136.65546802283728,136.74180603027344,54618000
2022-01-06,GOOGL,135.97116230054874,138.89060201412212,135.53445940710563,136.71453857421875,37348000
2022-01-07,GOOGL,137.10954897347992,137.41028576271114,134.7483911122128,135.98951721191406,29760000
2022-01-10,GOOGL,134.06506401682157,137.77850766195442,132.16591525668977,137.62962341308594,44408000
2022-01-11,GOOGL,136.9720874131419,139.1645217290707,135.66744595665384,138.6881103515625,28730000
2022-01-12,GOOGL,140.09147428558907,141.53854812763845,139.6394000091844,140.369873046875,26108000
2022-01-13,GOOGL,140.47858803319025,141.7787770936722,137.37107060354336,137.54774475097656,31436000
2022-01-14,GOOGL,136.05104407819525,139.68658493826246,135.97115755847778,138.43453979492188,29662000
2022-01-18,GOOGL,135.15380874741192,136.10313304122235,134.42283585614052,134.97813415527344,34872000
2022-01-19,GOOGL,135.49971818596012,136.924954324365,134.00303093607937,134.103271484375,28648000
2022-01-20,GOOGL,135.2282544434575,136.59394277770195,131.96738542394968,132.3078155517578,29908000
2022-01-21,GOOGL,131.59916895693448,133.8541189227076,129.1109655382856,129.3739776611328,55652000
2022-01-24,GOOGL,125.03327622017262,130.21909952147814,123.56636302838503,129.82308959960938,76622000
2022-01-25,GOOGL,127.77457291304532,128.42862762197316,125.5518651812698,125.98310089111328,46960000
2022-01-26,GOOGL,130.13572850778058,132.00261942561787,126.18854746933454,128.2638702392578,49130000
2022-01-27,GOOGL,130.3193534803954,131.65773660980562,127.9656316406239,128.03759765625,31950000
2022-01-28,GOOGL,128.68668292409265,132.3564650399575,127.52149075583363,132.3509979248047,34362000
2022-01-31,GOOGL,133.15592938853976,134.45710287849602,131.2180716800117,134.2888641357422,39986000
2022-02-01,GOOGL,136.56268808721643,136.7597011273852,133.36088165017736,136.61181640625,68644000
2022-02-02,GOOGL,150.11576472101984,150.41003482370965,144.43122234361599,146.89013671875,123200000
2022-02-03,GOOGL,144.6128476273502,148.5525777136567,141.5956363601921,142.01695251464844,71518000
2022-02-04,GOOGL,142.3688132081946,143.78858213047806,139.4612771720624,142.21844482421875,57998000
2022-02-07,GOOGL,143.1682843478948,143.1682843478948,137.85839738019223,138.1571502685547,54974000
2022-02-08,GOOGL,137.98391830799312,138.9501133635439,135.98651345726427,138.35362243652344,54284000
2022-02-09,GOOGL,139.90641595810757,141.45571462604343,139.13573444735914,140.5301971435547,40144000
2022-02-10,GOOGL,138.65586088469732,140.42349572216153,136.92245230630547,137.58047485351562,39330000
2022-02-11,GOOGL,137.5606247294364,138.11293958274206,132.39960816161846,133.27549743652344,39958000
2022-02-14,GOOGL,132.25717761433165,135.27785646046127,132.25717761433165,134.50965881347656,34302000
2022-02-15,GOOGL,136.53883693718322,137.072811977897,134.80295993792927,135.5840606689453,26680000
2022-02-16,GOOGL,135.62177176243202,137.05047569540287,133.91218535408186,136.70509338378906,25022000
2022-02-17,GOOGL,135.22129248130244,136.08526315724788,131.48502706977027,131.54507446289062,38950000
2022-02-18,GOOGL,132.46612837230094,133.06461847926178,129.2201611900481,129.42510986328125,45620000
2022-02-22,GOOGL,128.86433355708314,131.18926578040976,127.2619388627428,128.84002685546875,44990000
2022-02-23,GOOGL,130.6612537057356,131.06073168464098,126.5711553027141,126.6312026977539,32786000
2022-02-24,GOOGL,124.01645216954687,132.00261130443673,124.01645216954687,131.6959228515625,54456000
2022-02-25,GOOGL,132.55047613745694,134.25707905584127,130.76347180550337,133.451171875,36406000
2022-02-28,GOOGL,132.05225159221422,134.73348521833475,131.5981781769132,134.04420471191406,38864000
2022-03-01,GOOGL,133.8670269115429,135.23369956009327,132.21948692768655,133.05615234375,26496000
2022-03-02,GOOGL,133.6184269882909,134.24815989047295,132.07359595195584,133.56234741210938,23520000
2022-03-03,GOOGL,134.99003246039214,135.41631592852903,132.02791664044642,132.89537048339844,24604000
2022-03-04,GOOGL,131.93066729654552,132.84773411932804,129.36007848583986,130.9173126220703,30430000
2022-03-07,GOOGL,130.50197452038165,130.74711632419786,125.3479086063169,125.4307861328125,45112000
2022-03-08,GOOGL,125.30324479087164,130.26574953506457,124.73206001019544,126.15133666992188,40428000
2022-03-09,GOOGL,130.26573904313827,132.73260407205578,128.92635657630487,132.41946411132812,37026000
2022-03-10,GOOGL,130.2816588873068,132.27261286969292,129.9308093767151,131.43643188476562,27102000
2022-03-11,GOOGL,132.48747149297876,132.79217610039157,128.65940026907458,128.8966064453125,31526000
2022-03-14,GOOGL,129.27325019146025,129.43105445194786,124.33555942411138,125.00648498535156,38812000
2022-03-15,GOOGL,126.02378891344858,128.8807121292498,124.77770327867377,128.2291259765625,30920000
2022-03-16,GOOGL,129.75262441968042,132.33311772405185,127.76910672795162,132.28102111816406,35576000
2022-03-17,GOOGL,132.15049913160888,133.0750169543275,131.19372381937578,132.8353271484375,28264000
2022-03-18,GOOGL,132.42394150815238,135.22230167112554,131.2666850458185,135.1046905517578,44566000
2022-03-21,GOOGL,135.1423878626477,136.0222449574991,133.0869194437915,135.0808563232422,26832000
2022-03-22,GOOGL,135.08087260988333,139.99226524903366,135.08087260988333,138.81912231445312,35496000
2022-03-23,GOOGL,137.66235573176738,138.54171310581177,136.8013684687144,137.23855590820312,25154000
2022-03-24,GOOGL,138.1561240851599,140.5569900941861,136.7175005538764,140.51034545898438,26396000
2022-03-25,GOOGL,140.8517544009212,140.9698652761117,138.68959391227574,140.61058044433594,24126000
2022-03-28,GOOGL,139.84388368780657,140.9376247499745,138.76304562317353,140.3947296142578,35050000
2022-03-29,GOOGL,141.57779246166834,142.71519472589625,140.97335063207385,141.4368438720703,34318000
2022-03-30,GOOGL,141.39168860096095,141.6502331537412,140.53813719870882,140.8740997314453,19884000
2022-03-31,GOOGL,140.9877281817403,141.04232360786241,137.98195087256153,138.02462768554688,37524000
2022-04-01,GOOGL,138.453883236437,139.4175947580096,137.2703210012843,139.09950256347656,25942000
2022-04-04,GOOGL,139.3059565218583,142.63430898174366,139.2583123546928,141.89935302734375,25942000
2022-04-05,GOOGL,141.79761431614833,141.91819372538492,139.32976482705615,139.5366973876953,21418000
2022-04-06,GOOGL,137.70951570655762,138.31544169493338,134.50075823179935,135.52403259277344,32468000
2022-04-07,GOOGL,134.99004046750798,136.13589316323527,133.2209064212302,134.8694610595703,26234000
2022-04-08,GOOGL,134.56675141890017,134.65260481245758,131.96838763466556,132.28797912597656,25142000
2022-04-11,GOOGL,130.83494754462106,131.10192750746063,127.70360833102498,127.8574447631836,36884000
2022-04-12,GOOGL,130.6131276162825,130.6131276162825,125.83820106848967,126.75675964355469,32710000
2022-04-13,GOOGL,127.04011273465291,129.35660942683415,126.78305234113374,128.91990661621094,27928000
2022-04-14,GOOGL,129.50104202641265,129.50104202641265,125.65161743574774,125.77965545654297,31598000
2022-04-18,GOOGL,126.04762980933042,127.25103124090627,125.23576318572876,126.71905517578125,20808000
2022-04-19,GOOGL,126.73393183820416,129.35561786649717,126.04711985372514,129.0340576171875,26490000
2022-04-20,GOOGL,129.91043648589024,130.41363823819555,126.54387486028567,127.07981872558594,31696000
2022-04-21,GOOGL,128.2807486036101,129.12288118231135,123.59266724701,123.87850952148438,36446000
2022-04-22,GOOGL,124.06261542731319,124.46160122256957,118.03317534641822,118.73834228515625,56884000
2022-04-25,GOOGL,118.20784869517621,122.35302716632054,117.62227679355271,122.15105438232422,46128000
2022-04-26,GOOGL,121.37740906871237,121.59129290122091,117.62228107667312,117.76023864746094,73054000
2022-04-27,GOOGL,113.61108393889343,116.36279188370548,111.89108568755887,113.4374008178711,91820000
2022-04-28,GOOGL,115.54199599993349,118.75223733155552,113.2592408453906,117.6336898803711,48884000
2022-04-29,GOOGL,115.85908356209936,117.03569436950045,112.96098299759151,113.25376892089844,42676000
2022-05-02,GOOGL,112.55456335153875,115.87001248679226,111.75559982416154,115.70873260498047,35534000
2022-05-03,GOOGL,115.55737359680728,117.55379426838414,115.16434711289088,116.4541015625,24968000
2022-05-04,GOOGL,116.15387107248489,121.93320188651805,114.25273117249577,121.34415435791016,49916000
2022-05-05,GOOGL,119.30259490352549,120.13133234609772,114.14307677894249,115.63182830810547,45840000
2022-05-06,GOOGL,114.32071990780224,116.68982055185312,113.16048764451185,114.87850189208984,39710000
2022-05-09,GOOGL,112.40073109237771,114.21403375682236,111.16060468534064,111.66727447509766,40802000
2022-05-10,GOOGL,114.64130790321892,115.37824019184765,112.05385557858307,113.53714752197266,39900000
2022-05-11,GOOGL,112.3873271847055,115.49186823856594,112.3873271847055,112.75057983398438,37534000
2022-05-12,GOOGL,110.54227785783269,113.43789516198555,109.00092247698522,111.9977798461914,53836000
2022-05-13,GOOGL,113.67409966518487,116.99104043062077,112.75306503373766,115.18022155761719,35038000
2022-05-16,GOOGL,114.09343122897408,115.29882395655737,113.03543099853194,113.58676147460938,25990000
2022-05-17,GOOGL,115.96430034993351,116.02335578859825,114.00858018939827,115.59955596923828,23054000
2022-05-18,GOOGL,114.13760728159772,114.53460916918733,110.71893406247878,111.06035614013672,35126000
2022-05-19,GOOGL,110.59587399910443,112.16253561354502,109.17510560363476,109.55622863769531,34144000
2022-05-20,GOOGL,111.11146523229964,111.34222744755039,105.00312313802856,108.0912857055664,48962000
2022-05-23,GOOGL,108.76570897316051,111.30650920633543,107.92555266498199,110.6519546508789,37184000
2022-05-24,GOOGL,104.9788178581926,105.66017033298499,101.12046571648337,105.17533111572266,76780000
2022-05-25,GOOGL,104.19820785575082,105.70135403815657,103.07767643363695,105.01156616210938,40258000
2022-05-26,GOOGL,104.88451675621047,107.83472166540481,104.4359029084361,106.9841537475586,37948000
2022-05-27,GOOGL,108.66198041267312,111.47571962495518,108.32005857394647,111.47422790527344,37914000
2022-05-31,GOOGL,111.90100974803613,114.86710140737668,111.23801982101067,112.90889739990234,50012000
2022-06-01,GOOGL,113.99370154703936,116.22335308466774,112.40073416812857,113.03791809082031,36606000
2022-06-02,GOOGL,113.14511550095038,117.0153712027361,112.09951834898774,116.74044799804688,37992000
2022-06-03,GOOGL,115.19214245668354,115.44920287025536,112.66722129124575,113.68205261230469,26136000
2022-06-06,GOOGL,115.8293229932543,118.45200851593447,115.29287939106017,115.9444580078125,33542000
2022-06-07,GOOGL,114.61451316562906,116.80843927234521,114.18922914451457,116.27099609375,31590000
2022-06-08,GOOGL,115.88588804690858,117.68132781808734,115.72560012536873,116.31514739990234,26108000
2022-06-09,GOOGL,115.45515051267915,117.41187026218664,113.91528690568272,113.9743423461914,25798000
2022-06-10,GOOGL,111.60177178540827,112.42951723475551,109.53835989670536,110.32789611816406,41452000
2022-06-13,GOOGL,105.98570048108614,107.97566213644032,105.32321034517643,105.59465789794922,47252000
2022-06-14,GOOGL,105.73609475699467,107.1151707392392,105.00660593631495,105.91523742675781,33706000
2022-06-15,GOOGL,107.73100798954947,110.58792369792694,106.86207751338269,108.94136810302734,39698000
2022-06-16,GOOGL,106.41695250489767,107.83374559037895,104.34957269902739,105.23835754394531,51684000
2022-06-17,GOOGL,105.23834264435271,107.88435035184875,104.25824499723922,106.34001922607422,51376000
2022-06-21,GOOGL,108.11263143059072,111.64594004037723,107.78560405644993,110.70752716064453,47416000
2022-06-22,GOOGL,109.72744054758711,112.49651168592568,109.55474179877777,110.65145874023438,30774000
2022-06-23,GOOGL,111.38986449241077,111.89703403190568,109.67185020461025,111.40028381347656,28362000
2022-06-24,GOOGL,112.14765087738255,117.19352549247178,112.10546625400416,117.09030151367188,41164000
2022-06-27,GOOGL,117.38607170273899,117.69026895389891,114.31576408761653,114.9648666381836,36420000
2022-06-28,GOOGL,114.93408839680073,116.42979107455284,111.0092451116475,111.16754913330078,35792000
2022-06-29,GOOGL,110.7154765500455,112.3119120901415,110.04106774033188,110.86385345458984,24716000
2022-06-30,GOOGL,109.17509230851313,110.05643353831414,105.94946458121616,108.14586639404297,43170000
2022-07-01,GOOGL,107.12359442814898,108.43071939882303,105.93011274488833,107.92206573486328,35476000
2022-07-05,GOOGL,106.29734246766435,112.52677114978636,104.93860549214357,112.41362762451172,39342000
2022-07-06,GOOGL,112.45234149088837,114.72268583730312,110.64003080778706,113.71281433105469,37432000
2022-07-07,GOOGL,114.21701592441053,118.29569584145011,113.97236630789556,117.89224243164062,40936000
2022-07-08,GOOGL,116.37073191522165,118.78746921249528,116.02484225798968,118.45845794677734,38238000
2022-07-11,GOOGL,117.11312990957636,117.11312990957636,114.4656302547842,114.80903625488281,31196000
2022-07-12,GOOGL,115.34350604942867,116.0968170128208,112.8374469524844,113.16546630859375,29960000
2022-07-13,GOOGL,110.86335330305643,113.33964608381699,110.36760255508183,110.51846313476562,43722000
2022-07-14,GOOGL,109.3840355997886,110.25991744168836,107.56031347226879,109.53985595703125,37004000
2022-07-15,GOOGL,111.16060487695782,112.29205534108347,110.06835559507293,110.93927001953125,46770000
2022-07-18,GOOGL,111.7953006779903,112.82750252180041,107.5573251702464,108.21237182617188,43164600
2022-07-19,GOOGL,110.0187184533275,113.1649443518166,108.73839143949293,112.9565200805664,36530900
2022-07-20,GOOGL,112.32133884210387,114.53461945291772,111.63651828600943,113.04586791992188,35600400
2022-07-21,GOOGL,113.4230039425963,113.69098343145679,110.2767778430608,113.48255157470703,32676200
2022-07-22,GOOGL,110.16761001759993,111.49755771109314,105.70135555742696,107.09085845947266,48901200
2022-07-25,GOOGL,107.59701812652189,109.04606842308243,105.50284077895374,106.70376586914062,34690900
2022-07-26,GOOGL,105.80059805632132,106.39609710232087,103.28957190469941,104.2324447631836,47991000
2022-07-27,GOOGL,108.44065165526703,113.05578240581903,107.20002551652622,112.21215057373047,59858500
2022-07-28,GOOGL,111.52733903733414,113.48255962814197,110.62415950126018,113.36346435546875,32816600
2022-07-29,GOOGL,112.23201464667002,115.83479054263834,112.21216038629261,115.44771575927734,37223400
2022-08-01,GOOGL,114.4353600580981,115.84470955891426,113.48255250344202,113.9986572265625,26034300
2022-08-02,GOOGL,113.14510872831781,115.4774844552109,112.86720967281481,114.26663208007812,20236000
2022-08-03,GOOGL,114.84227401160379,117.73045515915321,114.61400305341066,117.19450378417969,28499000
2022-08-04,GOOGL,116.59902087697859,117.88926763439125,116.01344134911656,117.30369567871094,21602900
2022-08-05,GOOGL,115.35838937548199,117.22428844560957,115.13011082398499,116.5890884399414,19159500
2022-08-08,GOOGL,117.50219448024508,119.24899838566922,116.00351582840237,116.42037200927734,19138300
2022-08-09,GOOGL,116.26156397159279,116.44021445054224,114.84228726998916,115.75538635253906,19086500
2022-08-10,GOOGL,117.88925390839957,120.01320519651877,117.52203342714638,118.80235290527344,30930400
2022-08-11,GOOGL,120.37051145245026,120.57893573886966,117.67090771413612,117.94880676269531,24293700
2022-08-12,GOOGL,119.35816000390892,120.76750946044922,118.56415625736685,120.76750946044922,19096300
2022-08-15,GOOGL,120.22163979863927,121.38287168867272,119.70554262587667,121.16452026367188,19494800
2022-08-16,GOOGL,120.60870305515347,121.51188248647642,119.73530501072639,120.787353515625,19041200
2022-08-17,GOOGL,119.21921338138048,120.3804376418693,118.48475724771684,118.65348815917969,22847000
2022-08-18,GOOGL,118.53439597699447,119.91397177569962,117.82972116826019,119.26884460449219,17987700
2022-08-19,GOOGL,118.16715698490374,118.25648600514175,115.8844094146696,116.3310317993164,21809500
2022-08-22,GOOGL,114.33610843081347,114.76288414973949,112.99623363908157,113.38330841064453,21456600
2022-08-23,GOOGL,112.62901689648295,114.14754221607616,112.57938881757295,113.00616455078125,15870400
2022-08-24,GOOGL,112.64884764537656,113.91924753502663,112.02357482936523,112.8374252319336,17734600
2022-08-25,GOOGL,113.38330709839337,115.84471280114529,113.2542847000928,115.77523803710938,16956800
2022-08-26,GOOGL,113.85970932808003,114.25671121949163,109.36368127038317,109.5125503540039,37245700
2022-08-29,GOOGL,109.16517438083538,110.1179743580815,107.98410343176194,108.59944915771484,21191200
2022-08-30,GOOGL,109.34382641653404,109.67135354308121,106.99160404194176,108.12305450439453,27513300
2022-08-31,GOOGL,109.82023252604237,110.01872968878591,107.31912587125797,107.40845489501953,28627000
2022-09-01,GOOGL,107.46800272981824,109.62172799554575,106.55490366400493,108.91705322265625,28360900
2022-09-02,GOOGL,109.76067199157715,109.90954864249888,106.4556497164562,107.04122161865234,24160700
2022-09-06,GOOGL,106.49534883381243,107.21987024518616,104.98674323622889,106.00901794433594,25068300
2022-09-07,GOOGL,106.25714254097879,109.15525088592688,106.09834633659005,108.62921905517578,23167000
2022-09-08,GOOGL,107.22980641541218,108.77810551573627,106.35640828203118,107.56725311279297,24238300
2022-09-09,GOOGL,108.25207530196377,110.15767525562512,108.20244722697193,109.82022857666016,23197700
2022-09-12,GOOGL,110.15767076513058,110.78295116694179,109.10562225338329,110.02864837646484,22966800
2022-09-13,GOOGL,106.991603410664,107.48785387625672,103.30941829244654,103.5376968383789,38172900
2022-09-14,GOOGL,103.78582499269729,104.49049976501348,102.88265305742887,104.21260070800781,26395100
2022-09-15,GOOGL,103.2498713506553,104.48057039335076,101.5824694722177,102.13827514648438,34188300
2022-09-16,GOOGL,101.30456192573307,102.35661040850711,100.18303868602453,102.02909088134766,42797200
2022-09-19,GOOGL,100.98697240353168,102.55512573336215,100.78847524094766,102.29707336425781,23036800
2022-09-20,GOOGL,101.31449164135248,101.60231780519607,99.7661851195669,100.38153839111328,26517100
2022-09-21,GOOGL,100.90756858013354,102.10849380682069,98.52556481376558,98.53549194335938,31487300
2022-09-22,GOOGL,98.07894474855821,100.48079525894666,98.0491709312513,99.38904571533203,34298600
2022-09-23,GOOGL,98.88286748104298,98.9126488703435,96.73906935446827,97.99954223632812,31625400
2022-09-26,GOOGL,97.3643478638111,99.1309984554555,97.06660210321118,97.43382263183594,27072700
2022-09-27,GOOGL,98.6843639996458,99.25008920522836,96.14356413908983,96.76883697509766,30072800
2022-09-28,GOOGL,96.91772447156976,99.94484798785372,96.38177302120951,99.29972839355469,32466300
2022-09-29,GOOGL,97.90029020087542,97.90029020087542,95.24038743081641,96.68943786621094,31047200
2022-09-30,GOOGL,96.32221919924832,98.15834442273268,94.84338734754718,94.9327163696289,32941500
2022-10-03,GOOGL,96.0343924144823,98.54541856387281,95.7961867385492,97.9002914428711,27982000
2022-10-04,GOOGL,99.68679428970093,101.07628951245434,99.62723908573932,100.87779235839844,28850800
2022-10-05,GOOGL,99.0813725388771,101.16562303801653,98.05909776281518,100.66937255859375,22176900
2022-10-06,GOOGL,99.92499054385183,102.15811756055992,99.83566152564943,100.65943908691406,22324000
2022-10-07,GOOGL,99.10121139538383,99.77611229695586,97.56283957404312,97.93998718261719,27502800
2022-10-10,GOOGL,98.25758717787716,98.35683575149946,96.28251254572439,97.12613677978516,18225100
2022-10-11,GOOGL,96.69936577168872,98.50571715876575,95.5877620057255,96.45124053955078,26507100
2022-10-12,GOOGL,96.57033961999998,98.00946288154012,96.0145339725508,96.82838439941406,21876400
2022-10-13,GOOGL,94.43645668554218,99.03173286068407,93.67222679633758,98.31713104248047,34574500
2022-10-14,GOOGL,99.24016247039046,99.93491764089593,95.64731407308213,95.83588409423828,25410700
2022-10-17,GOOGL,98.11864498975567,100.17312166314639,98.08887117266298,99.22032165527344,28419200
2022-10-18,GOOGL,102.35662329095497,102.69407756152302,99.22032413323551,100.01432037353516,24060700
2022-10-19,GOOGL,99.26002876757398,100.26244934213878,98.17819872219395,98.88287353515625,23811100
2022-10-20,GOOGL,99.25009547236613,101.55269738443776,98.64466928421018,99.22032165527344,25323200
2022-10-21,GOOGL,97.11621083244879,100.55026301239435,96.98718844238796,100.37161254882812,32458700
2022-10-24,GOOGL,101.03658831359142,101.97946108059824,99.23023709174201,101.75118255615234,27176400
2022-10-25,GOOGL,102.12834936574457,104.03394937421807,101.94969889168885,103.69650268554688,40611400
2022-10-26,GOOGL,95.70686820538242,97.57276729062485,93.97991864924414,94.2181167602539,88114100
2022-10-27,GOOGL,93.81119011334766,94.71436964764622,91.11159378491239,91.5284423828125,60710900
2022-10-28,GOOGL,91.57805883215646,95.82596923593994,91.43910930567836,95.56791687011719,43697300
2022-10-31,GOOGL,94.70444918636021,95.30987543783009,93.27525281117971,93.80127716064453,31675000
2022-11-01,GOOGL,94.73420753583606,95.30985987309171,89.69230873680442,89.79155731201172,47161400
2022-11-02,GOOGL,90.25804009758635,90.49623820875753,86.22848103429116,86.31781005859375,57038300
2022-11-03,GOOGL,85.67267885094222,85.87117600546605,82.71502278657815,82.80435180664062,61288000
2022-11-04,GOOGL,84.75958132144375,85.99028036002329,83.08225231902676,85.93073272705078,51124900
2022-11-07,GOOGL,86.62546807554637,88.23332208756574,86.19869243130431,87.8263931274414,34078900
2022-11-08,GOOGL,88.23333740234375,89.64268695690804,86.93315598764553,88.23333740234375,30429000
2022-11-09,GOOGL,87.78669965811274,88.769280979615,86.62547544780726,86.66517639160156,31769100
2022-11-10,GOOGL,91.5582207495486,93.68217236495597,90.92302069104444,93.23554992675781,51620100
2022-11-11,GOOGL,93.97991651822383,96.20311650565995,93.21568655329872,95.68701934814453,33090500
2022-11-14,GOOGL,94.37691176596793,96.06416792544084,93.80126696942858,94.98233795166016,30179500
2022-11-15,GOOGL,97.52313939319663,99.38903833699794,95.98475998763868,97.70178985595703,41640800
2022-11-16,GOOGL,97.16584598422887,98.89279554305216,96.90779361312791,98.10871887207031,29105200
2022-11-17,GOOGL,96.24282260056737,98.5354974736292,96.06417211875853,97.62239837646484,26052600
2022-11-18,GOOGL,98.02931902405741,98.15834899839231,95.64732271616575,96.69937133789062,28342300
2022-11-21,GOOGL,96.56041614884042,97.66209278418218,94.64488905580471,94.88308715820312,21647400
2022-11-22,GOOGL,95.23046275016921,96.49094319214763,93.34471701030947,96.32221984863281,23438500
2022-11-23,GOOGL,96.36191252817821,98.01939485108537,96.36191252817821,97.72164154052734,18868100
2022-11-25,GOOGL,97.50327538034793,97.90027721033996,96.66957835232672,96.7291259765625,9701400
2022-11-28,GOOGL,96.31230107453067,96.84825254058707,94.89302429557998,95.32972717285156,26237500
2022-11-29,GOOGL,95.01212485400968,95.39919964146274,93.40427049461734,94.4761734008789,20061700
2022-11-30,GOOGL,94.10894430607547,100.28230172378092,93.7119423925294,100.23267364501953,43647500
2022-12-01,GOOGL,100.26244746340369,101.48322702242606,99.49822502687739,100.23267364501953,28687100
2022-12-02,GOOGL,98.30721485364356,100.01431000072103,98.15833820772113,99.6867904663086,21480700
2022-12-05,GOOGL,98.654591640414,100.6197391952586,98.25758976329782,98.73399353027344,24405100
2022-12-06,GOOGL,98.55533288610297,99.03172903169889,95.69692572380669,96.25273132324219,24910700
2022-12-07,GOOGL,95.68702021037814,96.1534892961787,94.00969118202147,94.22804260253906,31045400
2022-12-08,GOOGL,94.66473795397769,94.8632426874311,92.74921081619499,93.00726318359375,32213300
2022-12-09,GOOGL,93.0668111039124,93.55314202323372,92.05446346281963,92.13386535644531,28225400
2022-12-12,GOOGL,92.0147609619929,92.85838524401936,90.92301144571273,92.61026000976562,29420000
2022-12-13,GOOGL,97.02690438888486,98.78362790875684,94.31737320121765,94.91287231445312,40593700
2022-12-14,GOOGL,94.48609332844649,96.14357577360637,92.89809322343211,94.35707092285156,28733600
2022-12-15,GOOGL,92.43161623135528,92.93779386609687,89.33501792983441,90.17864227294922,40107000
2022-12-16,GOOGL,90.07938798524047,90.64511322161134,88.84868136014701,89.58313751220703,58011800
2022-12-19,GOOGL,89.5831382377842,89.88088398070708,87.54850825299513,87.77678680419922,29493000
2022-12-20,GOOGL,87.44926031364805,88.51123603944568,86.78428648684181,88.35243225097656,23453800
2022-12-21,GOOGL,88.41198318586204,89.54343362140024,87.6576803714429,88.90823364257812,24745600
2022-12-22,GOOGL,87.49888481734911,87.87603244128935,85.67267918543912,87.10188293457031,27658300
2022-12-23,GOOGL,86.45674757331894,88.87845201226797,86.41704663161055,88.56085205078125,23003000
2022-12-27,GOOGL,88.13407950720169,88.27302902200118,86.35750205691602,86.73464965820312,20097300
2022-12-28,GOOGL,86.32774665841227,87.37979537265875,85.29554463386492,85.37493896484375,19523200
2022-12-29,GOOGL,85.97042658220978,88.18369924318996,85.96049945347275,87.78669738769531,23333500
2022-12-30,GOOGL,86.32771818420862,87.63781886551587,85.92078924386557,87.56834411621094,23986300
2023-01-03,GOOGL,88.91815977701387,90.36721788133093,87.8561840239744,88.45169067382812,28131200
2023-01-04,GOOGL,89.67246086306939,89.97021418207204,86.61555606707714,87.41948699951172,34854800
2023-01-05,GOOGL,86.81406946153061,86.91331805370213,85.25584309067294,85.5535888671875,27194400
2023-01-06,GOOGL,86.13915710492884,87.03240946135887,84.2236299964327,86.68502807617188,41381500
2023-01-09,GOOGL,87.69739387160715,89.37472307853587,87.20114334384667,87.35993957519531,29003900
2023-01-10,GOOGL,85.3352304507804,88.00505271446971,85.18635380180301,87.75692749023438,30467800
2023-01-11,GOOGL,88.51123815802363,90.91308872474838,88.34251480787275,90.83368682861328,26862000
2023-01-12,GOOGL,90.79398323111313,91.18105796596775,89.07695338835796,90.44660186767578,30258100
2023-01-13,GOOGL,90.16871112383096,91.49866635399357,89.4541092177354,91.42919158935547,26329200
2023-01-17,GOOGL,91.36963007309137,91.5582076664508,89.37470872387392,90.60540771484375,32602400
2023-01-18,GOOGL,91.44904665854082,92.10410098989378,89.96029507511915,90.43669891357422,29116700
2023-01-19,GOOGL,90.03968954197848,92.90801675008117,89.95036051681471,92.35221862792969,37000400
2023-01-20,GOOGL,94.38683418356587,97.56284161050858,94.3074322941516,97.2849349975586,63191100
2023-01-23,GOOGL,97.21546604814961,99.28979699304459,96.76884364481533,99.04167175292969,40005100
2023-01-24,GOOGL,97.36433279080558,98.86301120868093,96.47108050292687,96.96733093261719,33078500
2023-01-25,GOOGL,94.85331712238681,95.43889663050726,93.05689279504284,94.50594329833984,42330000
2023-01-26,GOOGL,95.77633347965728,96.8383091023994,94.66472978478917,96.78868103027344,30114000
2023-01-27,GOOGL,96.58025989693051,99.56768971813064,96.58025989693051,98.62481689453125,33879800
2023-01-30,GOOGL,96.7489869553991,97.55291022716331,95.67708421159308,96.2130355834961,27226200
2023-01-31,GOOGL,96.14357246377932,98.1384939775665,96.09394438600727,98.09879302978516,29870700
2023-02-01,GOOGL,97.96977688019028,100.43118279442785,96.84825342948243,99.6768798828125,35531100
2023-02-02,GOOGL,105.00659838352416,107.04122068782463,104.81802078918444,106.93204498291016,69883800
2023-02-03,GOOGL,102.15812220922525,107.001524077653,101.81074839414418,103.99424743652344,65309300
2023-02-06,GOOGL,101.63209123670767,103.57739204538632,101.11598654066553,102.12834167480469,31999600
2023-02-07,GOOGL,102.44594943032921,107.36875324134532,102.34670084961068,106.83280181884766,49010200
2023-02-08,GOOGL,101.28471960228619,102.36654194573852,97.30478888374736,98.62481689453125,94743500
2023-02-09,GOOGL,99.25010144018972,99.27987525907268,92.92786725246418,94.29752349853516,119455000
2023-02-10,GOOGL,94.7342150880715,96.02446938516859,93.54321694627534,93.8608169555664,54980700
2023-02-13,GOOGL,94.0295427288713,94.48609228073913,93.13629031339872,93.90052032470703,50076100
2023-02-14,GOOGL,93.72186834498302,94.13871694148641,91.56814302420062,93.9699935913086,54726100
2023-02-15,GOOGL,93.78140393844463,96.3916860407971,93.44395728142085,96.2130355834961,50169000
2023-02-16,GOOGL,94.65482030629548,96.94749512562706,94.0295398485276,94.79376983642578,42462600
2023-02-17,GOOGL,94.13872183190747,94.84339665941754,92.51102073722865,93.64247131347656,34284100
2023-02-21,GOOGL,92.3025791741885,92.40182774488592,91.03217929602812,91.10165405273438,33629300
2023-02-22,GOOGL,91.012320386859,91.41924934975466,89.93049814884304,90.96269989013672,30884000
2023-02-23,GOOGL,91.23067923772057,91.2505334957778,89.08688127056686,90.20840454101562,41206400
2023-02-24,GOOGL,88.76927402518582,89.21589635656575,87.91572273092979,88.46159362792969,36585100
2023-02-27,GOOGL,89.19606018066406,89.48388635539742,88.67002833376313,89.19606018066406,27502300
2023-02-28,GOOGL,88.6601068820352,90.54586009940378,88.65017975286173,89.38462829589844,30142000
2023-03-01,GOOGL,89.30524066283623,90.34736213861636,88.99756021287892,89.68238830566406,31111200
2023-03-02,GOOGL,88.98763304410512,91.58798051837316,88.91815071281441,91.3100814819336,32204400
2023-03-03,GOOGL,91.78649899571413,93.02712528874983,91.75671760404842,92.94772338867188,35160100
2023-03-06,GOOGL,93.31494162038848,95.25032313303056,93.29509493195017,94.41661834716797,32639300
2023-03-07,GOOGL,94.26774701922037,94.95256755074698,92.8286160456438,93.15614318847656,27835500
2023-03-08,GOOGL,93.41419049538177,95.24038857658361,93.29508765749337,93.543212890625,34103300
2023-03-09,GOOGL,93.34472325975115,94.81362051791201,91.2108445683197,91.62769317626953,28813500
2023-03-10,GOOGL,91.4788000941082,92.09415333745333,89.72207694888773,89.95034790039062,35941000
2023-03-13,GOOGL,89.414395107772,91.87580046951466,88.74942137667236,90.42675018310547,37335600
2023-03-14,GOOGL,91.86588978493322,93.65239460696121,91.7467945115858,93.26531982421875,36050200
2023-03-15,GOOGL,92.52094722629985,96.20312513886442,91.94529481158769,95.38927459716797,50622100
2023-03-16,GOOGL,95.4785816363032,100.43116647994931,94.78383404910875,99.56768798828125,65492000
2023-03-17,GOOGL,99.50813889103078,102.06878536905513,99.34933511791077,100.85794067382812,61028500
2023-03-20,GOOGL,99.36919562318633,100.9869694096106,99.12107039122168,100.46094512939453,32960400
2023-03-21,GOOGL,100.4907247990376,104.31185207942887,100.46095098101657,104.1332015991211,42110300
2023-03-22,GOOGL,103.48807823611187,105.7906803043521,102.5551324244801,102.59483337402344,43427400
2023-03-23,GOOGL,104.27213883225404,105.50284536129094,103.67663982552884,104.80809020996094,40797800
2023-03-24,GOOGL,104.20267726028,104.69892775737729,103.06129960251988,104.64930725097656,30393300
2023-03-27,GOOGL,103.83545616080272,103.97440569344221,101.16562607817814,101.691650390625,31120900
2023-03-28,GOOGL,101.67180708945132,101.68172664769772,98.99204978746245,100.27237701416016,32057900
2023-03-29,GOOGL,101.5129944157898,101.7214187034689,99.89522061779614,100.62966918945312,28779600
2023-03-30,GOOGL,100.15327711150191,100.40140235547389,99.03174616255232,100.1334228515625,33086200
2023-03-31,GOOGL,100.54034796899097,103.11092176173695,100.28229560510373,102.9521255493164,36863400
2023-04-03,GOOGL,101.62217211579193,103.74612355244493,101.16562258542722,103.57740020751953,25035400
2023-04-04,GOOGL,103.54762525002644,104.78825142936967,103.25979906775706,103.93470001220703,24420100
2023-04-05,GOOGL,104.98675068203352,105.30435068738927,102.88265348611964,103.68657684326172,28290500
2023-04-06,GOOGL,104.47066467001636,108.35133991326956,103.54763837272172,107.60696411132812,48711500
2023-04-10,GOOGL,106.1777666662843,106.78318534611022,104.33171409002725,105.64181518554688,27067400
2023-04-11,GOOGL,105.75098036627539,105.92963084204611,103.89500084422305,104.55997467041016,26311800
2023-04-12,GOOGL,105.78074743753035,105.94947077272556,103.5575399759029,103.85529327392578,24370300
2023-04-13,GOOGL,105.04628646912033,106.68391438823537,105.04628646912033,106.6243667602539,24843600
2023-04-14,GOOGL,106.08841104220208,108.12304073286062,106.03878297279861,108.0535659790039,26578000
2023-04-17,GOOGL,103.87515724199652,105.3639087269098,103.73620013699751,105.17533111572266,37571200
2023-04-18,GOOGL,105.69142146275153,105.74104953791142,103.28957103976354,103.71634674072266,26596400
2023-04-19,GOOGL,102.8032512436726,104.19275410196762,102.29707363391327,103.39875030517578,20905700
2023-04-20,GOOGL,103.13077864388401,105.45322726139375,103.09107769672384,104.50042724609375,27820800
2023-04-21,GOOGL,104.67907735856379,105.20510165529122,103.99424927374733,104.6195297241211,25800100
2023-04-24,GOOGL,104.69892730879049,105.83037783155005,103.91485061807437,105.17533111572266,23542800
2023-04-25,GOOGL,105.03637557743666,105.88992698575956,103.06129326840653,103.07122039794922,46664100
2023-04-26,GOOGL,104.13319912015552,105.55247579876328,101.86037100841686,102.9322738647461,53347600
2023-04-27,GOOGL,103.6667276651916,107.55733738673939,102.76355568188747,106.7831802368164,50089200
2023-04-28,GOOGL,106.23730369371071,106.54497656828984,104.3019222779164,106.53504943847656,36139800
2023-05-01,GOOGL,106.03879433997653,107.18017190898796,106.01894765339576,106.3960952758789,26681700
2023-05-02,GOOGL,106.3365485246071,106.39609615702363,102.93227004814128,104.53019714355469,30997200
2023-05-03,GOOGL,104.73862499300647,106.68392596400858,104.17289974925679,104.6195297241211,21795400
2023-05-04,GOOGL,104.69892635616654,104.80810206984134,103.1903281969406,103.9049301147461,23419500
2023-05-05,GOOGL,104.03395220841355,105.08600082196858,103.32927742271336,104.77832794189453,26639300
2023-05-08,GOOGL,104.39124127488218,107.15039246780319,104.37139458934332,106.9618148803711,26511400
2023-05-09,GOOGL,107.57717717560891,109.32398096474886,106.38617906657517,106.54497528076172,36360100
2023-05-10,GOOGL,107.16031997482098,112.09305050241566,107.1206190314225,110.91197204589844,63153400
2023-05-11,GOOGL,114.53461459902141,117.0357137366996,113.55204074909585,115.69583892822266,78900000
2023-05-12,GOOGL,115.80501418168475,117.14488898483823,115.23928892825631,116.62879180908203,41102300
2023-05-15,GOOGL,115.23928959676992,117.59151964950284,115.14004101303124,115.63629150390625,36266800
2023-05-16,GOOGL,115.61642782881711,119.84448378697832,115.55688019785937,118.61378479003906,45035600
2023-05-17,GOOGL,118.71303548354885,120.75758495283628,117.99843361058363,119.93380737304688,33323600
2023-05-18,GOOGL,120.04299070810453,122.38529363069811,119.92389543649637,121.90889739990234,35234200
2023-05-19,GOOGL,122.62349314866378,125.02534358621601,121.233990329754,121.83941650390625,41353400
2023-05-22,GOOGL,122.01806609562544,125.48189220233128,121.81956136739319,124.11224365234375,35253000
2023-05-23,GOOGL,123.22891477759688,123.69538383768969,121.29353348872816,121.64090728759766,34046300
2023-05-24,GOOGL,120.21170619685464,120.99578278040062,118.96115300024633,119.99335479736328,34182600
2023-05-25,GOOGL,123.58621039965489,124.38021415921419,121.04541048455478,122.55401611328125,42317000
2023-05-26,GOOGL,122.24634848019274,124.32067954382788,121.53174653620708,123.67555236816406,35635900
2023-05-30,GOOGL,124.69782771082207,124.71768197166999,121.08512459905116,122.74259948730469,35076700
2023-05-31,GOOGL,121.82949030094537,123.12966410835033,121.58136506611656,121.94859313964844,37325800
2023-06-01,GOOGL,121.89896868299529,123.4869687186112,121.70047151811134,122.79222106933594,30772700
2023-06-02,GOOGL,123.06019879901274,125.20400462726855,122.83192780585587,123.73509979248047,26980100
2023-06-05,GOOGL,123.0800538040451,126.47440548046157,122.91132287552142,125.06505584716797,32305500
2023-06-06,GOOGL,125.06503903327281,127.32793227447583,124.41991194155317,126.35528564453125,26638300
2023-06-07,GOOGL,126.01784799150856,128.07231710182637,121.20421985419401,121.58136749267578,52539000
2023-06-08,GOOGL,121.31339671268852,122.30589768119812,120.33081530189335,121.22406768798828,29389200
2023-06-09,GOOGL,121.33323932610408,122.83191785844093,120.99579264278889,121.31339263916016,23778300
2023-06-12,GOOGL,121.8691749014353,123.11972803745238,120.747651716419,122.71279907226562,28306400
2023-06-13,GOOGL,124.04276764194177,124.22141810946202,122.25626296673931,122.9013900756836,22278300
2023-06-14,GOOGL,122.17687420804884,123.11975472159648,120.53924600846138,122.74259948730469,30592300
2023-06-15,GOOGL,122.21657309153177,124.51917511914434,121.48212446839356,124.15194702148438,35246300
2023-06-16,GOOGL,124.98564920040793,125.16429968039003,122.35552007874196,122.60364532470703,45535600
2023-06-20,GOOGL,122.00814128096077,123.63584222244113,121.22406462697502,122.17686462402344,26097500
2023-06-21,GOOGL,121.48212139117618,121.74017376602716,119.19936610971777,119.64599609375,30306300
2023-06-22,GOOGL,119.10011432011007,122.31581528654226,117.93889002281252,122.22649383544922,26952200
2023-06-23,GOOGL,120.46975408004121,121.86918395539071,120.15215410135052,121.42255401611328,34913600
2023-06-26,GOOGL,119.85440294130206,121.08510185635282,117.38307041046068,117.45254516601562,33969900
2023-06-27,GOOGL,116.20201599292278,118.18701794330883,115.22936170547375,117.44264221191406,39535900
2023-06-28,GOOGL,116.21192355370808,119.48717946260062,115.97372546446266,119.27875518798828,27091400
2023-06-29,GOOGL,118.34581293262964,119.15966342094775,117.41286717472148,118.20686340332031,24090900
2023-06-30,GOOGL,119.26882953277098,120.17200897276508,118.79243334839367,118.80235290527344,29532200
2023-07-03,GOOGL,118.34581546548606,119.28869594561498,117.9289668686366,119.00086975097656,14467900
2023-07-05,GOOGL,118.34581085804417,121.69054177705794,118.33589130053984,120.83699035644531,27584800
2023-07-06,GOOGL,118.90161667979092,119.39786715412697,117.5121138372137,119.20928955078125,24745200
2023-07-07,GOOGL,119.1993606252883,120.14224105563065,118.50461300055707,118.58401489257812,21709500
2023-07-10,GOOGL,117.41286157602863,117.42278113323385,115.26905595945563,115.57672882080078,35315200
2023-07-11,GOOGL,115.41794182924588,116.8272914274114,114.48498846913382,116.26156616210938,23078800
2023-07-12,GOOGL,117.90911694459177,119.42764220013913,117.52204217640053,118.03813934326172,30404400
2023-07-13,GOOGL,120.02314237165878,123.89389766157021,119.54673857522506,123.60607147216797,44297900
2023-07-14,GOOGL,123.86411595510596,125.82926350630274,122.56393462065938,124.47946166992188,33283100
2023-07-17,GOOGL,124.99557527494002,126.14687246896142,123.26861812563564,123.71524810791016,25716200
2023-07-18,GOOGL,123.6656062716888,123.74500815821673,122.03790545876947,122.8319091796875,26193600
2023-07-19,GOOGL,123.66561821898068,124.24127059365078,120.88662007165094,121.1148910522461,37224000
2023-07-20,GOOGL,120.50945982007009,123.1594354576292,117.33345990676118,118.30610656738281,37906800
2023-07-21,GOOGL,119.71547124691322,120.08269176427814,117.8396449955782,119.11996459960938,72937900
2023-07-24,GOOGL,120.74767468990552,122.07762238859752,120.07277371039838,120.61864471435547,29686100
2023-07-25,GOOGL,120.44991665621404,122.22649427656242,120.11246239355489,121.29354095458984,52509600
2023-07-26,GOOGL,129.0946172624733,129.99778169720037,127.3577404462354,128.3006134033203,61682100
2023-07-27,GOOGL,130.6825925035767,132.24082619562287,127.82418504749104,128.4296112060547,44952100
2023-07-28,GOOGL,129.7992499729984,132.7370589266702,129.59083329136288,131.58575439453125,36591200
2023-07-31,GOOGL,131.73465100315445,132.52865481704072,130.79177809982338,131.7247314453125,28055500
2023-08-01,GOOGL,129.79927708428264,131.6354099568871,129.70002092843689,130.56350708007812,23166800
2023-08-02,GOOGL,128.4792349041098,129.1144348566753,126.60340886103654,127.41726684570312,26273300
2023-08-03,GOOGL,127.01034391124875,128.41969339996243,126.46446537651686,127.48674011230469,20089500
2023-08-04,GOOGL,128.31051623779516,130.5237890233023,126.95079483936229,127.1492919921875,26147200
2023-08-07,GOOGL,128.1914178864696,130.62304202480823,128.05246836840342,130.54364013671875,22746300
2023-08-08,GOOGL,129.64047749645752,130.52380279242055,128.56857458489054,130.4146270751953,23535200
2023-08-09,GOOGL,130.67266960839547,131.04980964495556,128.0326136306667,128.6876678466797,24912900
2023-08-10,GOOGL,130.33523442746744,131.0597558939105,128.47924731856517,128.7174530029297,20857800
2023-08-11,GOOGL,127.69517985741135,128.955645199412,127.2088489247228,128.5884246826172,19591100
2023-08-14,GOOGL,128.4196995095872,130.3848471837526,127.99293136308722,130.34515380859375,24695600
2023-08-15,GOOGL,130.1168711231594,130.43446352895285,128.31051225646652,128.8067626953125,19770700
2023-08-16,GOOGL,127.73487854003906,129.30303197258323,126.91110844639537,127.73487854003906,25216100
2023-08-17,GOOGL,128.82662921684016,131.00020876899563,128.32044402863997,128.9457244873047,33446300
2023-08-18,GOOGL,127.54627937405242,128.28073545843438,125.43225527971661,126.50415802001953,30504800
2023-08-21,GOOGL,126.2262700322158,127.76464194810235,125.61091672255242,127.40734100341797,25248700
2023-08-22,GOOGL,127.54631238524301,129.3030435929975,127.35774989532715,128.11204528808594,22054900
2023-08-23,GOOGL,129.20375527825698,132.40954397470435,128.89608243334328,131.37733459472656,27819700
2023-08-24,GOOGL,132.94548953796456,133.24324283014445,128.59834599183964,128.8067626953125,28500700
2023-08-25,GOOGL,128.56854408522898,129.77939624562347,126.29572396771735,128.906005859375,26762900
2023-08-28,GOOGL,130.32528013006436,131.54605189710958,129.1640559890661,130.02752685546875,20543300
2023-08-29,GOOGL,131.24832315951218,135.54585383099212,131.24832315951218,133.56085205078125,43075600
2023-08-30,GOOGL,133.76928107064825,135.25803254284958,133.06461385464962,134.8610382080078,28315800
2023-08-31,GOOGL,134.99003046339,136.96511253819318,134.77167907243245,135.14883422851562,30053800
2023-09-01,GOOGL,136.4291897075704,136.4291897075704,133.83876157564302,134.64268493652344,21543700
2023-09-05,GOOGL,134.42433443329878,135.3969811480602,133.57078298930236,134.75186157226562,19403100
2023-09-06,GOOGL,134.99997436969198,135.50614436814033,132.66759123648941,133.45167541503906,18684500
2023-09-07,GOOGL,132.58817674509504,134.56325876683553,131.95297684601852,134.2456512451172,18844300
2023-09-08,GOOGL,133.89829184203546,135.63516831051766,133.83874421478527,135.35726928710938,23558300
2023-09-11,GOOGL,135.51607902909177,136.4490323863561,134.77170328374638,135.8932342529297,20763400
2023-09-12,GOOGL,135.23815692482054,135.84358303367614,134.17618891743425,134.32505798339844,18405500
2023-09-13,GOOGL,134.07698273736,135.87340747640022,133.14402919138266,135.68484497070312,20749500
2023-09-14,GOOGL,136.56814159733074,137.65988359424148,135.21833965192076,137.06439208984375,24751000
2023-09-15,GOOGL,136.94528129329058,137.48124030456012,135.45652981988454,136.36962890625,38919600
2023-09-18,GOOGL,135.58556108112978,138.11644163882283,135.58556108112978,137.17356872558594,21861300
2023-09-19,GOOGL,136.38946085639827,137.37204212009118,135.5954571715883,137.0048065185547,20353700
2023-09-20,GOOGL,137.04452607661787,137.04452607661787,132.61796539950902,132.73707580566406,29927500
2023-09-21,GOOGL,130.4543541819301,131.2384234305324,129.09463244634384,129.46185302734375,31503900
2023-09-22,GOOGL,129.77942444921084,131.03990495129133,128.62813480654572,129.27325439453125,26397300
2023-09-25,GOOGL,128.85640052897944,130.1863481711838,127.99292954617495,130.12680053710938,20094600
2023-09-26,GOOGL,128.79684829173706,129.3824201983576,126.2659679234884,127.60585021972656,25718700
2023-09-27,GOOGL,127.60583773191125,129.9183513161121,127.60583773191125,129.56105041503906,22746500
2023-09-28,GOOGL,128.86633128049803,132.3003915392616,128.81670319967085,131.31781005859375,22513100
2023-09-29,GOOGL,132.28051235409288,133.04474225061801,129.38241168333343,129.878662109375,30859800
2023-10-02,GOOGL,130.2260545847838,133.41197411116025,130.1863460664677,133.16384887695312,22288000
2023-10-03,GOOGL,132.93560659651524,133.25319908978534,130.85134812153606,131.43692016601562,22989400
2023-10-04,GOOGL,131.7942056872754,134.5533724955719,131.53616087031648,134.22584533691406,26752300
2023-10-05,GOOGL,134.05711364746094,134.47396223865763,132.44925177357314,134.05711364746094,19832600
2023-10-06,GOOGL,133.00502838121696,137.12391583816182,133.00502838121696,136.5482635498047,27597600
2023-10-09,GOOGL,135.91306107397241,137.89806266081155,134.59303320140117,137.3819580078125,19278100
2023-10-10,GOOGL,137.46137628621005,138.67222861017186,136.30015203671138,137.02467346191406,27786600
2023-10-11,GOOGL,137.54077424532727,140.05180026889775,137.54077424532727,139.49600219726562,25884300
2023-10-12,GOOGL,139.9922602118785,140.16098355386808,137.2231741164266,137.9278564453125,24765500
2023-10-13,GOOGL,138.33478161475625,138.9501273324613,135.59546941209604,136.32992553710938,23420500
2023-10-16,GOOGL,137.13385103003665,138.58290904447986,136.9552081327783,138.056884765625,28501900
2023-10-17,GOOGL,137.59041875340512,138.85088412200298,136.1512801850149,138.6722412109375,23515800
2023-10-18,GOOGL,138.4042623643259,139.6647428833376,136.34979315539405,136.92544555664062,23375000
2023-10-19,GOOGL,137.46137089391803,138.6126755411059,136.34977476248778,136.7169952392578,26066000
2023-10-20,GOOGL,136.30015222216522,136.83609605175457,134.06702516754572,134.5831298828125,26335700
2023-10-23,GOOGL,134.02730625143084,136.62766874033358,132.94548397466383,135.4763641357422,26317900
2023-10-24,GOOGL,136.79639635920353,138.31492147464493,136.38946736895807,137.76904296875,44814300
2023-10-25,GOOGL,127.19892549752396,127.34779458240867,124.13209362181638,124.66804504394531,84366200
2023-10-26,GOOGL,122.34558803554405,123.39764418527096,120.36058614753718,121.3630142211914,57061100
2023-10-27,GOOGL,121.95851234164765,122.3852880471967,119.30853665872229,121.25383758544922,44566500
2023-10-30,GOOGL,122.2860385724438,124.45961803038976,121.82948905369454,123.52666473388672,28940100
2023-10-31,GOOGL,124.12216757392719,124.42984802046038,121.76994514607122,123.14952087402344,26292300
2023-11-01,GOOGL,123.13959001581209,125.54144044779346,122.79221620493564,125.50173950195312,30082400
2023-11-02,GOOGL,127.45696935668228,128.01276746198673,125.97814507096508,126.53394317626953,27124600
2023-11-03,GOOGL,127.05997884535377,128.55864986310226,126.90117505497481,128.1318817138672,26393100
2023-11-06,GOOGL,128.08225623128538,129.36257584929294,127.70510100758493,129.27325439453125,19052700
2023-11-07,GOOGL,129.72980920218515,130.9208073441977,128.90603157499936,129.98785400390625,29757300
2023-11-08,GOOGL,129.98784740054361,131.21855399990926,129.7992698016351,130.851318359375,26425800
2023-11-09,GOOGL,130.97043911965648,131.55601107722748,129.09461282832507,129.26333618164062,23747800
2023-11-10,GOOGL,129.12440031522104,131.80415028016188,128.43957212703685,131.59571838378906,26913300
2023-11-13,GOOGL,130.7917686694096,131.59569198317294,130.26574439881477,131.0994415283203,18324800
2023-11-14,GOOGL,133.1837138056391,134.68238488834018,132.32024276762044,132.61798095703125,32395200
2023-11-15,GOOGL,133.85858358428234,134.01738735349468,132.5683446064248,133.61045837402344,23861500
2023-11-16,GOOGL,134.17619538121033,136.19097094090904,133.31272446829985,135.90313720703125,28013200
2023-11-17,GOOGL,134.98013143466227,135.03967906955006,132.64774810580346,134.29530334472656,37240600
2023-11-20,GOOGL,132.68747115517974,135.6352005598195,132.61798881062674,135.228271484375,27815500
2023-11-21,GOOGL,135.2679473163652,136.15127255285424,134.9404353311043,135.94285583496094,22635300
2023-11-22,GOOGL,136.43909143782605,138.3744650434286,136.43909143782605,137.45144653320312,17813900
2023-11-24,GOOGL,136.994895052353,137.0941511979509,134.9701999236649,135.66494750976562,12514300
2023-11-27,GOOGL,135.00989924669568,137.3819758451791,134.98012543057615,135.38705444335938,23436500
2023-11-28,GOOGL,135.05953110146496,136.22075539571145,134.40447683977845,136.17112731933594,18730000
2023-11-29,GOOGL,136.53837669384325,137.25296351690287,133.82883792387636,133.97772216796875,23967200
2023-11-30,GOOGL,134.0372391259656,134.533489537284,130.29550678420406,131.5361328125,38988300
2023-12-01,GOOGL,130.87115478515625,131.11927998267518,129.69007642186855,130.87115478515625,31442300
2023-12-04,GOOGL,128.90603964218352,129.05490874011545,126.94088425548,128.3006134033203,36669900
2023-12-05,GOOGL,127.98301027838883,131.14909112296962,127.28826255646621,130.00772094726562,27384800
2023-12-06,GOOGL,130.4543016472136,130.85129589142994,128.90600289266644,129.04495239257812,23576200
2023-12-07,GOOGL,134.02731116371308,137.52091847546023,133.68986450169766,135.90313720703125,56767100
2023-12-08,GOOGL,133.19363785776235,135.3771371385065,133.02491449661565,133.97772216796875,32260100
2023-12-11,GOOGL,131.3872714988426,132.3400638639477,130.37491635960205,132.29043579101562,31138000
2023-12-12,GOOGL,130.82156269889427,132.00264138703446,130.27568408533818,131.5262451171875,29032800
2023-12-13,GOOGL,132.37979009748466,132.49888537297187,130.583365685189,131.57586669921875,30104800
2023-12-14,GOOGL,132.37974971193742,132.71719631911427,128.71741966434914,130.95054626464844,38722400
2023-12-15,GOOGL,130.63295958195536,132.5087856193142,130.19625677632916,131.60562133789062,50847100
2023-12-18,GOOGL,131.6354201914368,136.1215140704281,131.4369078643111,134.78164672851562,32258000
2023-12-19,GOOGL,135.81380645779507,136.43908681084687,135.05951129831894,135.62522888183594,25476800
2023-12-20,GOOGL,137.9278469217378,140.63737005261123,137.03460219773686,137.3025665283203,49107200
2023-12-21,GOOGL,138.44397047150616,139.63496864718894,138.13628243906402,139.3669891357422,27488300
2023-12-22,GOOGL,139.71436841353267,140.9252208312421,139.65482077731141,140.42897033691406,26532200
2023-12-26,GOOGL,140.52820742657298,141.6100298393638,140.13121309993724,140.458740234375,16780300
2023-12-27,GOOGL,140.52820465495105,141.0145355681964,138.84095608348233,139.31735229492188,19628600
2023-12-28,GOOGL,139.72426900145066,140.08156991463156,138.70199433347554,139.1783905029297,16045700
2023-12-29,GOOGL,138.5829084225353,139.3074298543242,137.73927658207975,138.6424560546875,18733000
