Date,Ticker,Open,High,Low,Close,Volume
,,MSFT,MSFT,MSFT,MSFT,MSFT
2015-01-02,MSFT,39.77321646014696,40.42104281785247,39.67092877243913,39.858455657958984,27913900
2015-01-05,MSFT,39.52602183181378,39.832888174535164,39.42373413479574,39.49192810058594,39673900
2015-01-06,MSFT,39.534543911420876,39.84993284378193,38.818523597637046,38.912288665771484,36447900
2015-01-07,MSFT,39.19356843777374,39.602722311110746,38.775891948012735,39.40666961669922,29114100
2015-01-08,MSFT,39.849932002360156,40.70233696497748,39.82436089401504,40.56595230102539,29645200
2015-01-09,MSFT,40.582998787525874,40.7620030404408,39.97779207433727,40.2249870300293,23944200
2015-01-12,MSFT,40.421052220702464,40.52334318387245,39.51750480770838,39.72208023071289,23651900
2015-01-13,MSFT,40.037465608941154,40.83872517273108,39.26177715571529,39.51749801635742,35270600
2015-01-14,MSFT,39.17652893066406,39.41520451688657,38.886711130846265,39.17652893066406,29719600
2015-01-15,MSFT,39.398160903694205,39.53454557626936,38.70771166971975,38.76737976074219,32750800
2015-01-16,MSFT,38.62245134379946,39.44928154643893,38.503111975361364,39.41518783569336,35695300
2015-01-20,MSFT,39.466339929198156,39.764683547645696,38.844084841578265,39.54305648803711,36161900
2015-01-21,MSFT,39.15947402273523,39.32995562732765,38.767368608338984,39.142425537109375,39081100
2015-01-22,MSFT,39.534539716167764,40.18236600195738,39.27881889945257,40.17384338378906,35898000
2015-01-23,MSFT,40.369894315149764,40.395465420179136,39.892546427380616,40.216461181640625,26211600
2015-01-26,MSFT,40.06303347236706,40.17384702860842,39.415207127802645,40.071556091308594,42525500
2015-01-27,MSFT,36.61079610503129,36.82389735913314,35.894775761182395,36.36359786987305,169164000
2015-01-28,MSFT,36.431775911453855,36.47439549331623,35.08497501327626,35.11054611206055,84507100
2015-01-29,MSFT,34.888929034801826,35.90328958523435,34.769592882005796,35.80952453613281,63585300
2015-01-30,MSFT,35.417420287708296,35.442994643923065,34.39453383411028,34.437156677246094,78004900
2015-02-02,MSFT,34.59912044495665,35.26399533065164,34.292254112584445,35.187278747558594,50352500
2015-02-03,MSFT,35.485615403198985,35.74133621209748,34.99121902121759,35.46004104614258,52082400
2015-02-04,MSFT,35.749862454884926,35.9800121817297,35.25546927444073,35.66462326049805,41614800
2015-02-05,MSFT,35.9885404392563,36.34654898142778,35.68167411644243,36.184593200683594,36548200
2015-02-06,MSFT,36.380631830445616,36.47439686506861,35.928858392715654,36.150482177734375,34616600
2015-02-09,MSFT,36.005584331956435,36.43178678107129,35.98000997387623,36.107872009277344,31381100
2015-02-10,MSFT,36.43178218162677,36.45735328481204,35.954434328282424,36.312442779541016,29670700
2015-02-11,MSFT,36.355069600218116,36.355069600218116,35.98000937022295,36.12491989135742,38262500
2015-02-12,MSFT,36.36358352525259,36.73011779785156,36.235721522563345,36.73011779785156,33268800
2015-02-13,MSFT,36.97732389550948,37.39500045776367,36.78127116707046,37.39500045776367,40264900
2015-02-17,MSFT,37.74698129764625,37.77273438678963,37.07737150664744,37.41217803955078,33695700
2015-02-18,MSFT,37.45510416177887,37.51519689147742,37.24906960652086,37.36925506591797,27111700
2015-02-19,MSFT,37.06877634048277,37.36923986676834,36.95717419865949,37.34348678588867,27603400
2015-02-20,MSFT,37.352086623970045,37.66972337815486,37.16322515572878,37.65255355834961,29721100
2015-02-23,MSFT,37.51519937605746,37.93584851180635,37.47227646268836,37.901512145996094,32518800
2015-02-24,MSFT,37.9014888298753,38.030257490767085,37.70403765518977,37.849979400634766,25271700
2015-02-25,MSFT,37.72980907894704,37.849994520378445,37.601037091809005,37.7641487121582,29759800
2015-02-26,MSFT,37.76415653441515,37.97018782674298,37.67830743360493,37.824249267578125,28957300
2015-02-27,MSFT,37.8843331970112,37.94442591620957,37.48085070398711,37.643959045410156,33807700
2015-03-02,MSFT,37.48944203955659,37.935847531639645,37.38642639517075,37.66972351074219,31924000
2015-03-03,MSFT,37.39500289237145,37.62679048605148,36.99152042098686,37.15462875366211,31748600
2015-03-04,MSFT,36.92283692143702,37.09453177943192,36.81123804732631,36.965763092041016,25748700
2015-03-05,MSFT,36.97434643904122,37.12028821482629,36.75972868479798,37.00868606567383,23193500
2015-03-06,MSFT,36.91426639122079,37.00869875944671,36.18456708643388,36.364845275878906,36248800
2015-03-09,MSFT,36.21890104641315,37.02586612147543,36.21890104641315,36.785491943359375,32108000
2015-03-10,MSFT,36.3562573305524,36.66530751474769,36.081546783447266,36.081546783447266,39159700
2015-03-11,MSFT,36.32192474777208,36.37343093395878,35.918442156998246,36.03862762451172,32215300
2015-03-12,MSFT,35.480623920881804,35.75533450215073,35.07714132191436,35.21449661254883,59992500
2015-03-13,MSFT,34.93977604507605,35.60079921570377,34.86251351150119,35.523536682128906,58007700
2015-03-16,MSFT,35.60080371033279,35.7467422506171,35.43769207729982,35.67806625366211,35273500
2015-03-17,MSFT,35.514955018727186,35.90985428617466,35.32609356887801,35.79825210571289,31673400
2015-03-18,MSFT,35.566455920841136,36.768316702702194,35.48061012562556,36.48501968383789,44194800
2015-03-19,MSFT,36.27898835979859,36.56228540341075,36.24465200359715,36.304744720458984,33879100
2015-03-20,MSFT,36.536534450109194,36.897090772324994,36.476441729739896,36.81124496459961,71904500
2015-03-23,MSFT,36.81123337921809,37.02585110579384,36.72538432370382,36.794063568115234,26246100
2015-03-24,MSFT,36.725392213545895,37.060195414961925,36.6996391287623,36.82841110229492,25513300
2015-03-25,MSFT,36.84558765345823,36.85417420059066,35.57505048693983,35.592220306396484,43469900
2015-03-26,MSFT,35.386184354837695,35.72098760305891,35.12864037176804,35.37759780883789,37495600
2015-03-27,MSFT,35.30033089559839,35.56645811689016,35.051376764178706,35.17156219482422,34401400
2015-03-30,MSFT,35.28316456850319,35.660893987652805,35.120056221475295,35.16297912597656,35049700
2015-03-31,MSFT,35.00845691838497,35.223074733283966,34.8024256499744,34.90544128417969,34887200
2015-04-01,MSFT,34.85393983806802,34.99129514017121,34.604985604437,34.95695877075195,36865300
2015-04-02,MSFT,34.90542474143931,34.974103981565634,34.441849695005864,34.587791442871094,37487500
2015-04-06,MSFT,34.63072995558142,35.86692736235728,34.49337468816188,35.66947937011719,39223700
2015-04-07,MSFT,35.72099633267052,35.978537103871034,35.463455561470006,35.65231704711914,28809400
2015-04-08,MSFT,35.59222767703041,35.789675729458224,35.231671218199324,35.55788803100586,24753400
2015-04-09,MSFT,35.411942246512766,35.729575720626094,35.411942246512766,35.60939025878906,25723900
2015-04-10,MSFT,35.73815190068438,36.01286238371052,35.54928721555118,35.81541442871094,28022000
2015-04-13,MSFT,35.540696120152845,36.10728677599034,35.53210957736981,35.8497428894043,30276700
2015-04-14,MSFT,35.88409402719498,36.0815420020864,35.53212098068288,35.75532531738281,24244400
2015-04-15,MSFT,35.849763635646774,36.45069426076157,35.78108762767253,36.27899932861328,27343600
2015-04-16,MSFT,36.012859994061486,36.34766316835813,35.90125784436026,36.193138122558594,22509700
2015-04-17,MSFT,35.772499022706384,35.83259502908945,35.33468008197447,35.729576110839844,42387600
2015-04-20,MSFT,35.823990608035864,37.060187536976514,35.781067717584996,36.83698654174805,46057700
2015-04-21,MSFT,36.91425948888066,37.043031471439306,36.510777000017264,36.60520935058594,26013800
2015-04-22,MSFT,36.6309791477659,37.025878546183705,36.52796347960906,36.90569305419922,25064300
2015-04-23,MSFT,36.81982595043462,37.437926207082974,36.742563418353576,37.206138610839844,46309500
2015-04-24,MSFT,39.197792226273116,41.326800266191924,39.18920895576546,41.09501266479492,130933700
2015-04-27,MSFT,40.54560720579208,41.31823284006224,40.53702393199298,41.232383728027344,59248200
2015-04-28,MSFT,41.017758464574726,42.24537270945796,40.949082462138,42.202449798583984,60730800
2015-04-29,MSFT,41.82472347351372,42.33122167985682,41.635858736461266,42.11660385131836,47804600
2015-04-30,MSFT,41.807540477923084,42.52865628553319,41.72169140867953,41.75603103637695,64725500
2015-05-01,MSFT,41.704536433231546,41.96207716275732,41.55001134055447,41.77321243286133,38937300
2015-05-04,MSFT,41.52426525718353,41.95350100428018,41.36115685221799,41.41266632080078,34039500
2015-05-05,MSFT,41.052104053319596,41.34398447429947,40.61428505925412,40.86323928833008,50369200
2015-05-06,MSFT,40.83747785213713,41.00917276025879,39.50684804510821,39.73004913330078,52433000
2015-05-07,MSFT,39.72145624316627,40.425402248680186,39.62702390282537,40.090599060058594,32971700
2015-05-08,MSFT,40.82029808416727,41.18944090046994,40.79454500040897,40.99199295043945,35364900
2015-05-11,MSFT,40.82030418904376,41.129354339592204,40.66577911376953,40.66577911376953,24609400
2015-05-12,MSFT,40.21937357033894,40.93190622336972,39.85023070006163,40.64860916137695,29928300
2015-05-13,MSFT,41.36972646226245,41.48132863659305,40.83747522860602,40.88898468017578,34184600
2015-05-14,MSFT,41.23237124348558,41.910564286575095,41.23237124348558,41.8247184753418,32980900
2015-05-15,MSFT,41.95348155262423,41.98782118242458,41.24953551575374,41.46415328979492,28642700
2015-05-18,MSFT,41.189449242568884,41.39548377878511,40.87181580425973,41.21520233154297,24136500
2015-05-19,MSFT,41.09423364355571,41.310246219549,40.76589360514062,41.111515045166016,28574800
2015-05-20,MSFT,40.947343377913306,41.41393133312049,40.84365826434182,41.111515045166016,25047900
2015-05-21,MSFT,40.852288667899806,41.12878444294461,40.61899473968895,40.9732551574707,22410700
2015-05-22,MSFT,40.86957055906294,40.91277240641824,40.45482689149064,40.52395248413086,25720600
2015-05-26,MSFT,40.46346170003202,40.50666353933856,39.91046695020549,40.25608825683594,29581900
2015-05-27,MSFT,40.45482787222469,41.275676176233674,40.28201718252441,41.137428283691406,27335600
2015-05-28,MSFT,41.04239314406057,41.491699738221165,40.947347074668244,40.99919128417969,19283700
2015-05-29,MSFT,40.98189965808975,41.10286615401744,40.256097386433844,40.4893913269043,36519600
2015-06-01,MSFT,40.662206512937274,41.27568140784471,40.28202228819112,40.8090934753418,28837300
2015-06-02,MSFT,40.549879225907404,40.91277875531474,40.28202245699471,40.541236877441406,21498300
2015-06-03,MSFT,40.93005754252306,41.24975849354632,40.45483058603522,40.480751037597656,28002200
2015-06-04,MSFT,40.42891109515453,40.74860875768454,39.919121327076375,40.057369232177734,27745500
2015-06-05,MSFT,40.01416931305192,40.195619079246946,39.60806463015717,39.867279052734375,25438100
2015-06-08,MSFT,40.00552024132758,40.11784768080009,39.46116773813427,39.51301193237305,22121600
2015-06-09,MSFT,39.53894001095735,39.69446932759524,39.27972558192429,39.44389724731445,24406100
2015-06-10,MSFT,39.564859380456774,40.46347237796018,39.47845238295264,40.273380279541016,28417400
2015-06-11,MSFT,40.31658365222612,40.54123526203776,39.85863808448122,40.12649154663086,27347800
2015-06-12,MSFT,39.936410549253935,40.15242314928912,39.65991468489615,39.72039794921875,23931000
2015-06-15,MSFT,39.27108805931818,39.44389878410327,38.899546154661905,39.2970085144043,33254500
2015-06-16,MSFT,39.18467923085364,39.953686755663576,39.14147737568439,39.59942626953125,27070300
2015-06-17,MSFT,39.51302440290506,39.806801670796546,39.193326677758385,39.72039794921875,28704100
2015-06-18,MSFT,39.936405941088566,40.43755340137683,39.8932007891943,40.368431091308594,32658300
2015-06-19,MSFT,40.4289147177523,40.46347752114713,39.737675130307565,39.83271789550781,63837000
2015-06-22,MSFT,40.031437188126176,40.36841615322637,39.88454697744021,39.945030212402344,20318100
2015-06-23,MSFT,39.858640702063305,39.988246267588714,39.4179732094422,39.668548583984375,25896500
2015-06-24,MSFT,39.46116977902842,39.96232046098661,39.35748468127804,39.43524932861328,34890900
2015-06-25,MSFT,39.77223398591419,39.798157736080704,39.31428838475278,39.44389724731445,20616000
2015-06-26,MSFT,39.4439084434501,39.98825791010578,38.90819473581735,39.10692596435547,49835300
2015-06-29,MSFT,38.91684058469174,39.08100901534545,38.329285901384786,38.33792495727539,34081700
2015-06-30,MSFT,38.63168168218935,38.64032402955928,37.96636266656457,38.1478157043457,35945400
2015-07-01,MSFT,38.415682511317684,39.081001758464254,38.1046238195514,38.40704345703125,28343900
2015-07-02,MSFT,38.432956690672896,38.66625066563887,38.070057149230465,38.363834381103516,21752000
2015-07-06,MSFT,37.98365595939702,38.432962576725885,37.97501690541163,38.35519790649414,23034000
2015-07-07,MSFT,38.311994294581716,38.44160317107866,37.430662504238185,38.27743148803711,36435800
2015-07-08,MSFT,38.39838569319503,38.795851248733975,38.04412528001808,38.22557830810547,39785900
2015-07-09,MSFT,38.66624901644305,39.07235369214671,38.45023645210537,38.4675178527832,32424700
2015-07-10,MSFT,38.89090241233849,39.00322987383832,38.510721468303316,38.545284271240234,25465800
2015-07-13,MSFT,38.86498844601911,39.41798020096098,38.839067987534605,39.34885787963867,28178300
2015-07-14,MSFT,39.27109320125071,39.71175747586483,39.15012666688961,39.4179801940918,22880300
2015-07-15,MSFT,39.46982192741718,39.651271717559084,39.25380933074615,39.538944244384766,26629600
2015-07-16,MSFT,39.75496659202382,40.34252126276975,39.7204070731087,40.31660079956055,26271700
2015-07-17,MSFT,40.22154493472051,40.4202761285904,39.97096953093604,40.28202819824219,29467100
2015-07-20,MSFT,40.30794620630251,40.72268993823526,40.126493145508654,40.541236877441406,30631900
2015-07-21,MSFT,40.42026979521866,40.89550007141274,40.161055378442875,40.852294921875,42781900
2015-07-22,MSFT,39.262450857872224,40.549887465420085,39.055080597814445,39.34885787963867,59152400
2015-07-23,MSFT,39.11555957669878,39.94504711817342,38.968669303845076,39.84136199951172,33934000
2015-07-24,MSFT,39.6685489977469,40.022809487622574,39.573502937716064,39.6944694519043,32333200
2015-07-27,MSFT,39.69447076255379,39.75495402164497,39.09827722461628,39.1846809387207,39701400
2015-07-28,MSFT,39.38341033635699,39.43525123969955,38.70080987623342,39.1760368347168,34328900
2015-07-29,MSFT,39.22789048800912,40.42027769751122,39.10692066017965,39.99689483642578,40945900
2015-07-30,MSFT,39.970962204232826,40.95598223551103,39.6858273421947,40.506675720214844,39777900
2015-07-31,MSFT,40.86093646930375,40.93005877424703,40.178335991504746,40.35114669799805,31201500
2015-08-03,MSFT,40.59308831365822,40.61036971757957,40.135142646060096,40.44620132446289,24125900
2015-08-04,MSFT,40.39434957808037,41.2238370350392,40.333866323682756,41.07695007324219,33403900
2015-08-05,MSFT,41.45713318910108,41.82867508349676,41.076952241945406,41.111515045166016,26959700
2015-08-06,MSFT,41.223843253767726,41.2756874636823,40.031456090548375,40.28202819824219,27368000
2015-08-07,MSFT,40.08329587940771,40.42027499416827,39.970968409124,40.38571548461914,19163000
2015-08-10,MSFT,40.56717529932461,41.03376340254112,40.47212920836295,40.89551544189453,23079900
2015-08-11,MSFT,40.45485037994112,40.55853553301231,39.659925379576016,40.100589752197266,29237400
2015-08-12,MSFT,39.91048514729982,40.52396341108734,39.49574136789524,40.38571548461914,30181400
2015-08-13,MSFT,40.662201887343976,40.696761388861205,40.16969355775814,40.3770637512207,22627200
2015-08-14,MSFT,40.20425454522681,40.69676289301579,40.195615493550655,40.61035919189453,21473400
2015-08-17,MSFT,40.44618814432606,40.999179705243726,40.23881466093708,40.8868522644043,21099700
2015-08-18,MSFT,40.739006960512675,41.25215854558272,40.61724273995812,41.112998962402344,23574100
2015-08-19,MSFT,40.68681508773173,40.94774217219389,40.26933639754826,40.53895950317383,31485500
2015-08-20,MSFT,40.06930034332975,40.41720095944442,39.712703704833984,39.712703704833984,36238200
2015-08-21,MSFT,39.39958645103045,39.556141367242965,37.46004867553711,37.46004867553711,70053100
2015-08-24,MSFT,35.18132745059276,37.12956223050671,34.54641144441732,36.25111770629883,88753700
2015-08-25,MSFT,37.02517731075288,37.607910278118595,35.12912613820748,35.198707580566406,70616600
2015-08-26,MSFT,36.53812153132221,37.26001415179279,35.71186337050086,37.14694595336914,63408000
2015-08-27,MSFT,37.5992128045016,38.225432545500404,37.33828901836075,38.18194580078125,50943200
2015-08-28,MSFT,37.74706531279322,38.399376326370344,37.73836597462997,38.208030700683594,28246700
2015-08-31,MSFT,37.88623115246531,38.208037043595205,37.48614447617237,37.8514404296875,34441700
2015-09-01,MSFT,36.677278111411376,37.04257406185672,36.23370801211264,36.372867584228516,49688900
2015-09-02,MSFT,36.84252467095277,37.729668001643795,36.4250460420085,37.71227264404297,37671500
2015-09-03,MSFT,37.75576413530708,38.251520276993936,37.64269595557085,37.834041595458984,28285200
2015-09-04,MSFT,37.23391732443603,37.433958989130495,36.703370453025364,37.059967041015625,37138800
2015-09-08,MSFT,37.660096715948924,38.2689211246795,37.57312322234146,38.173248291015625,32469800
2015-09-09,MSFT,38.45156093299935,38.61681518779342,37.32088911866216,37.46004867553711,33469500
2015-09-10,MSFT,37.503531196857125,38.08626405673471,37.18172537987035,37.651390075683594,31366600
2015-09-11,MSFT,37.5209510167891,37.91233851847321,37.347000647393116,37.81666564941406,27132500
2015-09-14,MSFT,37.77315349908206,37.78184951868494,37.2773974360903,37.43395233154297,23656000
2015-09-15,MSFT,37.56443148905538,38.5211567016042,37.4687619538446,38.25153350830078,28882200
2015-09-16,MSFT,38.242838571356515,38.59943528601568,38.12977034929575,38.52985382080078,23372200
2015-09-17,MSFT,38.52115700386417,39.13867756471795,38.33851063817392,38.486366271972656,32768200
2015-09-18,MSFT,37.83406101813639,38.26023925726518,37.68620536073758,37.81666564941406,63143700
2015-09-21,MSFT,37.93842297406903,38.67771107933639,37.92102760852814,38.364601135253906,26177200
2015-09-22,MSFT,37.729676356485,38.312406034938704,37.668794250313,38.18194580078125,28085900
2015-09-23,MSFT,38.20804317872797,38.41678091326034,37.84274716655661,38.15585708618164,17145200
2015-09-24,MSFT,37.79055993502145,38.381988976157324,37.634004993672185,38.190643310546875,27905600
2015-09-25,MSFT,38.68638909322916,38.90382608452507,38.060169496592884,38.21672439575195,29384600
2015-09-28,MSFT,38.12105477149684,38.34718778180034,37.58180864615933,37.651390075683594,27613800
2015-09-29,MSFT,37.720959200659706,37.89490941520291,37.44264018452033,37.78184127807617,32763600
2015-09-30,MSFT,38.164557987547745,38.52985069682765,37.973212291547824,38.495059967041016,34958900
2015-10-01,MSFT,38.92123321524675,38.92123321524675,38.05148498697308,38.799468994140625,28657900
2015-10-02,MSFT,38.503746682848245,39.63441848754883,38.19933287377371,39.63441848754883,41839000
2015-10-05,MSFT,39.79097527155073,40.78248756713726,39.7474885304475,40.55635452270508,34369300
2015-10-06,MSFT,40.29543958263307,41.03472429676228,40.199766740559,40.66073226928711,27017200
2015-10-07,MSFT,40.96513596651634,41.18257300098368,39.964927598662086,40.7042121887207,27711500
2015-10-08,MSFT,40.49547874506507,41.33043624880014,40.44329265689681,41.269554138183594,33772700
2015-10-09,MSFT,41.26954948877446,41.347826953295055,40.808580723119476,40.97383499145508,28600600
2015-10-12,MSFT,40.8607746493254,40.93905212887268,40.44329586434871,40.878170013427734,19769100
2015-10-13,MSFT,40.495470827669315,40.99122695594932,40.495470827669315,40.78248596191406,19987800
2015-10-14,MSFT,40.5737621266546,40.965146232517284,40.46938993511966,40.599853515625,24697800
2015-10-15,MSFT,40.8868522644043,40.90424762264725,40.469373620049424,40.8868522644043,27189400
2015-10-16,MSFT,40.89555307279916,41.34782244990085,40.7911842374143,41.32172775268555,26450300
2015-10-19,MSFT,41.24345388879605,41.643540541963645,40.8955566346045,41.41740417480469,29387600
2015-10-20,MSFT,41.26084456955604,41.58265372341287,40.89555199641094,41.5478630065918,30802200
2015-10-21,MSFT,41.6783251066792,41.739210522787914,40.9738313071664,41.05210876464844,25144300
2015-10-22,MSFT,41.339131780465166,42.57417597650861,40.95644375858646,41.77400588989258,56637100
2015-10-23,MSFT,45.48782916038367,47.02728383745949,45.444342414939356,45.983585357666016,135227100
2015-10-26,MSFT,45.68788106829864,47.244731455529,45.66178967875819,47.1838493347168,64633300
2015-10-27,MSFT,46.95770444504836,47.28820635579469,46.60110783347664,46.69677734375,50999900
2015-10-28,MSFT,46.56631713220705,46.949005126953125,45.97488811989208,46.949005126953125,47000800
2015-10-29,MSFT,46.56631827373964,46.81854604178598,46.28799912204231,46.40976333618164,30202100
2015-10-30,MSFT,46.374987103461734,46.95772029041887,45.766162524700874,45.7835578918457,46619800
2015-11-02,MSFT,45.966188651665966,46.40976206857347,45.766146974211445,46.30539321899414,30285000
2015-11-03,MSFT,46.035787651325165,47.30561964521125,46.00969625843744,47.09688186645508,36596900
2015-11-04,MSFT,47.122966280822084,47.731790794715536,47.01859740690016,47.31431198120117,37087800
2015-11-05,MSFT,47.39257834531781,47.57522466127945,46.96640029024809,47.296905517578125,31468500
2015-11-06,MSFT,47.04467798457442,47.81875331410601,46.93160979507767,47.76656723022461,32851200
2015-11-09,MSFT,47.44476155492921,47.72308070123399,46.583712732869394,47.105560302734375,32513100
2015-11-10,MSFT,47.0272784730362,47.07946455231208,46.33148067181919,46.540218353271484,55283700
2015-11-11,MSFT,46.70545877349732,47.14033268513542,46.496717836068186,46.66197204589844,36516300
2015-11-12,MSFT,46.51413287502139,46.94900697069417,46.26190510325293,46.37497329711914,35361100
2015-11-13,MSFT,46.15753450668728,46.34888016326372,45.68786970481378,45.95749282836914,36848200
2015-11-16,MSFT,46.166239937138386,46.870733915069216,45.96619491460165,46.76636505126953,32165200
2015-11-17,MSFT,46.55620002271976,46.871420278522166,46.27600498204836,46.381080627441406,31551300
2015-11-18,MSFT,46.407362713043945,47.26546071710391,46.38985009987667,47.15163040161133,29710000
2015-11-19,MSFT,47.27422525620987,47.860882847898765,47.090344462522545,47.23044204711914,28149200
2015-11-20,MSFT,47.501874843855404,47.54565470562754,46.64377686040203,47.449337005615234,37147600
2015-11-23,MSFT,47.501874843855404,47.685752267411985,47.06406954575535,47.449337005615234,28235900
2015-11-24,MSFT,47.21291613594462,47.66823399270947,46.915211775179195,47.501869201660156,24600000
2015-11-25,MSFT,47.36177740530106,47.48436235465773,47.011531829833984,47.011531829833984,21005100
2015-11-27,MSFT,47.107849374820006,47.353022612914565,47.09909473854739,47.2216796875,9009100
2015-11-30,MSFT,47.755796075856445,48.12355087181713,47.28296561803081,47.58942794799805,56241400
2015-12-01,MSFT,47.6419658599076,48.359966182927415,47.54564817312879,48.35121154785156,39952800
2015-12-02,MSFT,48.43877833316888,48.999168585149384,48.21112104587281,48.34246063232422,47274900
2015-12-03,MSFT,48.587637940300255,48.83280786101918,47.22168408160271,47.458099365234375,38627800
2015-12-04,MSFT,47.38802861428893,49.23556688614574,47.37051600742438,48.95537185668945,43963700
2015-12-07,MSFT,48.85032338312858,49.00793358159788,48.412518018533824,48.867835998535156,30709800
2015-12-08,MSFT,48.57011618259645,49.121748400369086,48.14982353754581,48.850311279296875,32878000
2015-12-09,MSFT,48.482570451033965,48.92037586358848,47.72954460700976,48.141082763671875,36373200
2015-12-10,MSFT,48.50006515331716,48.73648038959194,48.167332227427956,48.39499282836914,31775800
2015-12-11,MSFT,47.90465900054205,48.246146627743094,47.291730862909326,47.335514068603516,39549500
2015-12-14,MSFT,47.57192365589408,48.342458549067366,47.002775451896575,48.281166076660156,46768900
2015-12-15,MSFT,48.73648982389102,48.94663785465602,48.23739200853748,48.333709716796875,39843000
2015-12-16,MSFT,48.63140755907594,49.253090207156475,47.94842910354155,49.14801788330078,37503300
2015-12-17,MSFT,49.349406220356265,49.72591898659458,48.622647932904535,48.77150344848633,41280900
2015-12-18,MSFT,48.83280572265302,49.0341957687376,47.30924174158386,47.39680480957031,84684200
2015-12-21,MSFT,48.05351879148661,48.46505357176879,47.484370469139655,48.00973892211914,37246300
2015-12-22,MSFT,48.149825125217774,48.578872419854825,47.720774490391584,48.46504211425781,28322200
2015-12-23,MSFT,48.77152218280771,48.92913239387675,48.54386150451237,48.87659454345703,27279800
2015-12-24,MSFT,48.9116074052985,48.99916712699376,48.53509458966815,48.7452392578125,9558500
2015-12-28,MSFT,48.4650528500105,48.990421295166016,48.14107781328802,48.990421295166016,22458300
2015-12-29,MSFT,49.288108915496316,49.77844858882127,49.086718929639495,49.51576614379883,27731400
2015-12-30,MSFT,49.44572345469709,49.71716055798226,49.288113305607524,49.305625915527344,21704500
2015-12-31,MSFT,49.06922734839086,49.200566957089386,48.52634627716249,48.57888412475586,27334100
2016-01-04,MSFT,47.56317057323853,47.983463287353516,46.7488523958315,47.983463287353516,53778000
2016-01-05,MSFT,48.09729733831068,48.50007746971999,47.75580969036845,48.202369689941406,34079700
2016-01-06,MSFT,47.563163135291624,47.633213580117726,46.96774771502597,47.32674789428711,39518900
2016-01-07,MSFT,46.144678912899764,46.83641208292169,45.59304330413132,45.68060302734375,56564900
2016-01-08,MSFT,45.85572348251184,46.65252894791451,45.66309143320064,45.820701599121094,48754000
2016-01-11,MSFT,45.97831867765858,46.27602646409604,45.05892806489844,45.79444122314453,36943800
2016-01-12,MSFT,46.19721288190489,46.49492061368418,45.58428814605573,46.214725494384766,36095500
2016-01-13,MSFT,47.107840618097356,47.34425583578351,44.91881453602788,45.216522216796875,66883600
2016-01-14,MSFT,45.53174537732822,46.7751106670338,45.15523260026212,46.5036735534668,52381900
2016-01-15,MSFT,44.92756824414289,45.50547094131893,44.07822513610067,44.64737319946289,71820700
2016-01-19,MSFT,45.076422535919264,45.251545282188296,43.833057383767404,44.2708625793457,43564500
2016-01-20,MSFT,43.76301379129294,44.98886986664352,42.992475591352886,44.472259521484375,63273000
2016-01-21,MSFT,44.65613110951393,45.16398675287346,44.04320315173777,44.20081329345703,40191200
2016-01-22,MSFT,45.015148104839795,45.82071172423945,44.88380515748651,45.78568649291992,37555800
2016-01-25,MSFT,45.47920562188464,46.10089158063009,45.2252811296414,45.34786605834961,34707700
2016-01-26,MSFT,45.34787340698505,45.91701828824451,45.13772539501016,45.68060302734375,28900800
2016-01-27,MSFT,45.5405037602204,45.706871904357214,44.67365117624444,44.84877395629883,36775200
2016-01-28,MSFT,45.40915916069079,45.715621486767034,44.8750362436532,45.58428192138672,62513800
2016-01-29,MSFT,47.92216825699034,48.237388610839844,47.28297291287969,48.237388610839844,83611700
2016-02-01,MSFT,48.05350716992287,48.237384580910145,47.720774230858424,47.9046516418457,44208500
2016-02-02,MSFT,47.43183063539207,47.51063573302922,46.100905293370886,46.40736770629883,56313800
2016-02-03,MSFT,46.62625618617595,46.748841114019264,44.88378993131937,45.67184066772461,57559800
2016-02-04,MSFT,45.61931709049644,46.24100323907651,44.98012166691618,45.53175735473633,46987100
2016-02-05,MSFT,45.47920944418777,45.531747278130595,43.395258800624845,43.920623779296875,62009000
2016-02-08,MSFT,43.386504780509455,43.404017393420396,42.195673824080686,43.263919830322266,59290500
2016-02-09,MSFT,42.922428183214016,43.99067408876398,42.61596249644377,43.15008544921875,46740500
2016-02-10,MSFT,43.684221536667074,44.12202692924171,43.36024648141506,43.526611328125,38237000
2016-02-11,MSFT,42.62472143156917,43.87684477325074,42.47586590260138,43.50908660888672,48878600
2016-02-12,MSFT,43.99942396182825,44.375936712696806,43.56161874827772,44.218326568603516,34243300
2016-02-16,MSFT,44.88856259254029,45.056121826171875,44.20950143913274,45.056121826171875,37291200
2016-02-17,MSFT,45.408892127371566,46.537719561777465,45.3736154290036,46.22905349731445,40789000
2016-02-18,MSFT,46.14969068590266,46.696466109768444,45.94685133165473,46.026222229003906,27176000
2016-02-19,MSFT,45.832206603178776,46.10559263008327,45.44416961401664,45.699920654296875,33559100
2016-02-22,MSFT,46.10559934810273,46.740566612582256,46.10559934810273,46.43190383911133,25008300
2016-02-23,MSFT,46.15851814928455,46.18497399939144,44.95913693658032,45.13551712036133,28895300
2016-02-24,MSFT,44.703377487617075,45.41771558461275,44.27124965045684,45.29425048828125,33014500
2016-02-25,MSFT,45.62057147654673,45.94687271118164,44.632846910959074,45.94687271118164,26939500
2016-02-26,MSFT,46.38779888049169,46.458352282710166,45.064952866437686,45.2413330078125,35975900
2016-02-29,MSFT,45.28543065716657,45.5500025715,44.6769226553773,44.870941162109375,31654000
2016-03-01,MSFT,44.95030033655015,46.37897282603662,44.90620278621804,46.370155334472656,33024500
2016-03-02,MSFT,46.22024294629643,46.705285847102154,45.999768594641864,46.696468353271484,29289900
2016-03-03,MSFT,46.714106695048564,46.714106695048564,45.6646466283289,46.167327880859375,24427800
2016-03-04,MSFT,46.211424850245685,46.255519047167645,45.602913494539266,45.8851203918457,33034200
2016-03-07,MSFT,45.47063133063046,45.6822848235114,44.60637227899478,45.00322341918945,38407800
2016-03-08,MSFT,44.800388226862246,45.97331340931419,44.62400807017084,45.55000305175781,33835100
2016-03-09,MSFT,45.76164612734867,46.608266649664195,45.73519028732972,46.599449157714844,28251600
2016-03-10,MSFT,46.67883021535053,46.6876477092216,45.1178713947823,45.90275955200195,38387800
2016-03-11,MSFT,46.740559325048004,46.80229187011719,46.19378391264751,46.80229187011719,32275700
2016-03-14,MSFT,46.484804290044835,47.26087482954172,46.41425425782026,46.89047622680664,24083600
2016-03-15,MSFT,46.52009686654546,47.26089096069336,46.51127937107195,47.26089096069336,21104800
2016-03-16,MSFT,47.13741619325519,48.15159617378844,47.093321996566196,47.931121826171875,31691700
2016-03-17,MSFT,47.80767038202414,48.504370326847535,47.622472684541215,48.204524993896484,28223900
2016-03-18,MSFT,48.433805393756856,48.477902956733494,47.13741845519949,47.17269515991211,67625500
2016-03-21,MSFT,46.961038757068806,47.56072928638671,46.67883184493941,47.49899673461914,23925700
2016-03-22,MSFT,47.27851687430112,47.8429306329011,47.14623092780427,47.68418884277344,23124100
2016-03-23,MSFT,47.719473410306854,47.83412102522575,47.393172283107475,47.59600830078125,20129000
2016-03-24,MSFT,47.481346674169814,47.91347779415995,47.384337441263604,47.807647705078125,19950000
2016-03-28,MSFT,47.80764732205074,47.8782007142067,47.03158019336064,47.21677780151367,17025100
2016-03-29,MSFT,47.32261226443361,48.380889770641,47.13741462599447,48.24860382080078,23924300
2016-03-30,MSFT,48.44261230637813,49.0687584959996,48.416156467545626,48.548439025878906,23008300
2016-03-31,MSFT,48.460261279581836,49.02467505957315,48.380890381509836,48.707191467285156,26360500
2016-04-01,MSFT,48.548447286992584,49.04231100231775,48.125136972787296,49.00703430175781,24399200
2016-04-04,MSFT,48.88356399536133,49.08639995567005,48.504347915253845,48.88356399536133,18928800
2016-04-05,MSFT,48.67192220032246,48.76893146436017,48.02813742391186,48.116329193115234,19272300
2016-04-06,MSFT,47.93993564827246,48.680729482110905,47.80764971344839,48.61017608642578,21188700
2016-04-07,MSFT,48.3897150487023,48.42499175622435,47.825301185037446,48.02813720703125,19225100
2016-04-08,MSFT,48.21332175839978,48.751279627152854,47.90465906198626,47.99284744262695,22167200
2016-04-11,MSFT,48.054585288766894,48.63663737137073,47.88702264893606,47.895843505859375,21414200
2016-04-12,MSFT,47.94875282125005,48.31033056130008,47.41079495733319,48.19568634033203,24944300
2016-04-13,MSFT,48.61018280445763,48.89238969785758,48.407346810087134,48.813018798828125,20818000
2016-04-14,MSFT,48.69836948174603,49.01585304474859,48.5660835424379,48.821834564208984,20877100
2016-04-15,MSFT,48.76892862907126,49.31570410965616,48.60136932358429,49.07759475708008,28793800
2016-04-18,MSFT,48.936485381955954,49.90657112030059,48.68955183657058,49.79192352294922,23786000
2016-04-19,MSFT,49.94185478000416,50.06531988781338,49.10405150879199,49.73019790649414,29596800
2016-04-20,MSFT,49.64200613795854,49.82720378711121,48.936488881063866,49.02467727661133,36195700
2016-04-21,MSFT,49.209864758211566,49.58908083622248,48.87474286886382,49.19222640991211,38909100
2016-04-22,MSFT,45.779301400830384,46.237888527675075,44.77393873835909,45.66465377807617,126834100
2016-04-25,MSFT,45.66463788517659,45.97330393683096,45.532355318042704,45.955665588378906,33226900
2016-04-26,MSFT,46.087955073743146,46.167325971606175,45.056136765695186,45.36479949951172,33532600
2016-04-27,MSFT,45.40007640246764,45.41771475364536,44.579911575646726,44.923851013183594,43369300
2016-04-28,MSFT,44.641654954613244,44.77394093845853,43.7068456645706,44.006690979003906,43134800
2016-04-29,MSFT,43.52163753459562,44.315346580208356,43.52163753459562,43.980224609375,48411700
2016-05-02,MSFT,44.0948773462913,44.756300506485665,43.90085880943252,44.632835388183594,33114500
2016-05-03,MSFT,44.394708251212904,44.456440790346306,43.74210279786841,43.90084457397461,26460200
2016-05-04,MSFT,43.9537687625785,44.147787276877565,43.61864679174515,43.980224609375,24257600
2016-05-05,MSFT,43.98021768357841,44.359433794079365,43.85675259907508,44.04195022583008,25390700
2016-05-06,MSFT,44.02431181689921,44.438804626464844,43.79501999801111,44.438804626464844,24787300
2016-05-09,MSFT,44.52700344282,44.61519184158106,44.09487221487861,44.1566047668457,17951600
2016-05-10,MSFT,44.385884580758145,45.064942416707375,44.26241615550587,44.99439239501953,22891000
2016-05-11,MSFT,45.09141598768727,45.66464729168999,44.97676838121806,45.0208625793457,24039100
2016-05-12,MSFT,45.15315429301631,45.69111232558679,44.90622069651891,45.42654037475586,24102800
2016-05-13,MSFT,45.36480540287197,45.770480802613626,45.0120484274873,45.047325134277344,22592300
2016-05-16,MSFT,44.80038369672576,45.82338446508587,44.75628950305455,45.708740234375,20032000
2016-05-17,MSFT,45.93075943699441,45.93963860347307,44.72298953378685,44.856197357177734,27803500
2016-05-18,MSFT,44.82955253063872,45.41567571007772,44.669700446455224,45.122615814208984,24907500
2016-05-19,MSFT,44.82066922541378,44.95387702479627,44.243425264986016,44.68745803833008,23842400
2016-05-20,MSFT,44.829551666468426,45.48672170963263,44.7585081791461,44.953880310058594,23905800
2016-05-23,MSFT,44.93611345152669,45.00716031842416,44.38551378387555,44.42991638183594,26118700
2016-05-24,MSFT,45.02493346928875,45.92187837159272,44.758514426167906,45.815311431884766,34757900
2016-05-25,MSFT,46.10837401912441,46.614574634226706,45.99292790599955,46.285987854003906,24040200
2016-05-26,MSFT,46.11724951329624,46.16165211829229,45.611052363397675,46.08172607421875,24335200
2016-05-27,MSFT,46.10836114403278,46.46358871459961,45.9751533458461,46.46358871459961,17721400
2016-05-31,MSFT,46.41031188751134,47.067481994628906,46.25046317855485,47.067481994628906,37653100
2016-06-01,MSFT,46.57016595006621,47.02308137228447,46.57016595006621,46.93427276611328,25324800
2016-06-02,MSFT,46.747776560145425,46.83658516020979,46.037324698138995,46.60568618774414,22840800
2016-06-03,MSFT,46.516878780576874,46.55239883122498,45.82418528356495,45.992919921875,23368300
2016-06-06,MSFT,46.17054361079521,46.49024446128369,46.08173499590763,46.29487228393555,18243300
2016-06-07,MSFT,46.392558680663825,46.8277090236566,46.268226623535156,46.268226623535156,20866800
2016-06-08,MSFT,46.19718883687904,46.570174891303694,46.06397759589733,46.21495056152344,21149400
2016-06-09,MSFT,46.179415369919596,46.179415369919596,45.726503363611066,45.841949462890625,20305700
2016-06-10,MSFT,45.33575233577782,46.2238180167439,45.32687316955692,45.717620849609375,25833200
2016-06-13,MSFT,44.03030750334822,45.04270205409651,43.56851284397659,44.52762222290039,83217800
2016-06-14,MSFT,44.31448366937023,44.492094114776854,44.02142033658554,44.2523193359375,42577100
2016-06-15,MSFT,44.207905319583325,44.5098477647989,44.12797927856445,44.12797927856445,33757600
2016-06-16,MSFT,43.97701376576226,44.82067685629285,43.96813121167042,44.749629974365234,31188600
2016-06-17,MSFT,44.767391287351145,44.785153007671376,44.2434323948606,44.518733978271484,45710500
2016-06-20,MSFT,44.97163975951706,45.140374385333374,44.42991922175134,44.4654426574707,35607900
2016-06-21,MSFT,44.58088861896064,45.673208773551,44.54536518603875,45.4600715637207,34097800
2016-06-22,MSFT,45.36239675016726,45.699859270833024,45.24694726272806,45.282470703125,28816800
2016-06-23,MSFT,45.54001630730987,46.232709983125204,45.42457018442599,46.0994987487793,29028800
2016-06-24,MSFT,44.23455761385642,45.238069503671774,43.97701772523389,44.2523193359375,133503000
2016-06-27,MSFT,43.60402027944353,43.648426270291594,42.662672897010445,43.00901794433594,50216300
2016-06-28,MSFT,43.444161810538475,43.93260053644228,43.222145439746186,43.90595626831055,38140700
2016-06-29,MSFT,44.3233644236453,45.04269894902684,44.2256766425525,44.88284683227539,31304000
2016-06-30,MSFT,45.0426986901613,45.55777509518739,44.84732312909855,45.442325592041016,28527800
2016-07-01,MSFT,45.40680408758418,45.93076303107244,45.35351892143717,45.43344497680664,21400400
2016-07-05,MSFT,45.14038647069268,45.540013372572396,45.0604604127763,45.442325592041016,24806400
2016-07-06,MSFT,45.09597326703417,45.77090506778701,44.74962820061964,45.628814697265625,28167500
2016-07-07,MSFT,45.66433474911973,45.83306939315877,45.353513122260956,45.628814697265625,19585200
2016-07-08,MSFT,45.93964171213968,46.49912409380583,45.77978960309221,46.445838928222656,28391000
2016-07-11,MSFT,46.62345071899318,46.916514035323765,46.596809831218366,46.70337677001953,22269200
2016-07-12,MSFT,47.01419297454559,47.422705736756235,46.88098516339774,47.253971099853516,27317600
2016-07-13,MSFT,47.56479172952355,47.83121071503382,47.227325874436566,47.5203857421875,25356800
2016-07-14,MSFT,47.81346419355793,47.94667542250042,47.58256856945353,47.72465896606445,24545500
2016-07-15,MSFT,47.91114530123611,47.95554790879649,47.2539751911564,47.68912887573242,32024400
2016-07-18,MSFT,47.68912927794375,48.25749078999448,47.55591806643731,47.92002487182617,31433900
2016-07-19,MSFT,47.69802274696418,47.86675745049528,47.00533236990807,47.147422790527344,53336500
2016-07-20,MSFT,49.86488589652308,50.47764995448563,49.314282773216036,49.65174865722656,89893300
2016-07-21,MSFT,49.713913975397425,49.93593038474863,49.51853845110387,49.55406188964844,32776700
2016-07-22,MSFT,49.80272659174977,50.29116205420778,49.53630416886192,50.237876892089844,32157200
2016-07-25,MSFT,50.14906355008567,50.38884165920989,49.96256720674375,50.37995910644531,25610600
2016-07-26,MSFT,50.193478505248436,50.877289565276186,50.18459595029754,50.406612396240234,28079000
2016-07-27,MSFT,50.27340673479535,50.4421380214339,49.829373823712835,49.90041732788086,32327500
2016-07-28,MSFT,49.73167034880083,50.060253650763364,49.483013081121214,49.91816329956055,37550400
2016-07-29,MSFT,49.96256673481402,50.40659951321255,49.77607378093494,50.33555603027344,30558700
2016-08-01,MSFT,50.26451965568856,50.3977308721053,49.85601022730675,50.246761322021484,26003400
2016-08-02,MSFT,50.48653609124849,50.530942088522046,50.00698316509252,50.246761322021484,35122000
2016-08-03,MSFT,50.33556923875924,50.71743779940367,50.16683795826371,50.593109130859375,22075600
2016-08-04,MSFT,50.44212846993764,51.08153682488569,50.326678986360555,50.966087341308594,26587700
2016-08-05,MSFT,51.1969956190819,51.69431030763661,51.01938177843998,51.472293853759766,29335200
2016-08-08,MSFT,51.56108856201172,51.58772944522723,51.312427897095404,51.56108856201172,19473500
2016-08-09,MSFT,51.65877290438919,51.95183617042153,51.525565100675564,51.68541717529297,16920700
2016-08-10,MSFT,51.64989856593665,51.79198893579707,51.34795610652055,51.525569915771484,15756900
2016-08-11,MSFT,51.53444521131156,51.907434521495595,51.53444521131156,51.77422332763672,18162300
2016-08-12,MSFT,51.534454862336815,51.676545248135376,51.170348036996636,51.45452880859375,21655200
2016-08-15,MSFT,51.51668830186008,51.951841973078025,51.47228569566274,51.614376068115234,19283900
2016-08-16,MSFT,51.48032495872309,51.489259463776335,51.176500654682116,51.32841110229492,20523500
2016-08-17,MSFT,51.41777745142547,51.54288098541475,51.14076004843804,51.43564987182617,18856400
2016-08-18,MSFT,51.31055280883766,51.560763333809746,51.176514743246905,51.47140121459961,14214300
2016-08-19,MSFT,51.319497764121444,51.587577340888906,51.11396997497249,51.489280700683594,17271000
2016-08-22,MSFT,51.47139521921388,51.60543667800779,51.16757086692146,51.5339469909668,15221900
2016-08-23,MSFT,51.73947914471024,51.989686236596064,51.694796385031225,51.73054122924805,18732400
2016-08-24,MSFT,51.65012295194812,51.864588633005354,51.57863666413994,51.78416442871094,18151500
2016-08-25,MSFT,51.72160942552311,52.087985575852095,51.63224731031108,51.980751037597656,18552600
2016-08-26,MSFT,52.07904821797118,52.45436228825107,51.55182366342725,51.855648040771484,20971200
2016-08-29,MSFT,51.989694961661726,52.36500566247623,51.91820526123047,51.91820526123047,16417200
2016-08-30,MSFT,51.81096542432792,51.998620743242284,51.48033413736223,51.73054122924805,16930200
2016-08-31,MSFT,51.51608836903172,51.650126446045775,51.203326038365766,51.3463020324707,20860300
2016-09-01,MSFT,50.9441771237338,51.6679949565054,50.9441771237338,51.462467193603516,26075400
2016-09-02,MSFT,51.5339469909668,51.998619730285554,51.31054683218754,51.5339469909668,18900500
2016-09-06,MSFT,51.63224188758012,51.65011430874546,51.122889815223274,51.48033142089844,16278400
2016-09-07,MSFT,51.35523387699972,51.68586518511839,51.30161660724419,51.52501678466797,17493400
2016-09-08,MSFT,51.49820551935185,51.641181484515464,51.096084552074224,51.31948471069336,20146100
2016-09-09,MSFT,50.74757615007449,51.39990414376939,50.229286193847656,50.229286193847656,35113900
2016-09-12,MSFT,50.041628143573035,51.12288393355954,49.693124492983614,50.97990798950195,29303000
2016-09-13,MSFT,50.48844041433295,50.622481885154116,50.08631941068564,50.5152473449707,30130200
2016-09-14,MSFT,50.390152068250316,50.60461777503302,50.06845521248464,50.273983001708984,24062500
2016-09-15,MSFT,50.17569153592853,51.24800988112582,50.02377761144155,51.10503387451172,26847000
2016-09-16,MSFT,51.49820336716948,51.49820336716948,50.711833887225154,51.158634185791016,44607000
2016-09-19,MSFT,51.17650883134389,51.60543672755396,50.80119479165013,50.872684478759766,20937100
2016-09-20,MSFT,51.24800279308995,51.24800279308995,50.71184369464669,50.76546096801758,17384000
2016-09-21,MSFT,51.390983484570924,51.69480791052042,51.00673825442751,51.614383697509766,33707300
2016-09-22,MSFT,51.757346522388545,51.828836208563,51.49820493204578,51.66798782348633,19822200
2016-09-23,MSFT,51.71266776268932,51.748412606184196,51.274805360732714,51.31948471069336,19955300
2016-09-26,MSFT,51.006730818343286,51.06034467998973,50.78333063797314,50.845882415771484,21688700
2016-09-27,MSFT,50.8726912496463,51.882461057161485,50.649291060919175,51.78416442871094,28065100
2016-09-28,MSFT,51.72160997974137,51.88245838003045,51.53395124019333,51.855648040771484,20536400
2016-09-29,MSFT,51.65905112234923,51.98074447001934,51.122888725267636,51.29267501831055,25463500
2016-09-30,MSFT,51.44459428324472,51.623315112848694,51.23906652228585,51.47140121459961,29910800
2016-10-03,MSFT,51.30161236852037,51.42671591213059,50.98885350949481,51.310546875,19189500
2016-10-04,MSFT,51.176514725535064,51.47140119678571,50.90843518563003,51.14970779418945,20085900
2016-10-05,MSFT,51.19438603967145,51.79309688552104,51.16757570009069,51.507144927978516,16726400
2016-10-06,MSFT,51.59650421142578,51.7037353374108,51.185445312320475,51.59650421142578,16212600
2016-10-07,MSFT,51.69478768074235,51.81095670047868,51.31053919215059,51.650108337402344,20089000
2016-10-10,MSFT,51.74842063618531,52.17734859823454,51.712675787143766,51.86458969116211,18196500
2016-10-11,MSFT,51.73055518175473,51.84672425238396,50.8369542882124,51.10503387451172,26497400
2016-10-12,MSFT,51.03354263305664,51.17651862582363,50.39908687820416,51.03354263305664,22177500
2016-10-13,MSFT,50.66717202065247,51.203331200394366,50.327602722113575,50.86376190185547,25313700
2016-10-14,MSFT,51.042467366004395,51.596502214586664,51.042467366004395,51.310546875,27402500
2016-10-17,MSFT,51.25694332095286,51.34630203897354,50.8190774214917,51.131839752197266,23830000
2016-10-18,MSFT,51.40884773793907,51.784161808595435,51.30161660724419,51.52501678466797,19149500
2016-10-19,MSFT,51.3552339478246,51.68586525639925,51.29268217076497,51.40884780883789,22878400
2016-10-20,MSFT,51.382034335073946,51.39990675607447,50.63140969713067,51.158634185791016,49455600
2016-10-21,MSFT,53.86624533849501,54.018159219456585,53.16030342555941,53.31221389770508,80032200
2016-10-24,MSFT,53.56241432543472,54.5096321105957,53.5534798200495,54.5096321105957,54067000
2016-10-25,MSFT,54.37560637514858,54.84027919216236,54.330927017685354,54.50071334838867,35137200
2016-10-26,MSFT,54.33986069997047,54.68836443336914,54.03603632055335,54.179012298583984,29911600
2016-10-27,MSFT,54.1611483484941,54.357741627348425,53.69647549499452,53.70541000366211,28479900
2016-10-28,MSFT,53.624977670293255,54.08071594611565,53.240732497069494,53.499874114990234,33574700
2016-10-31,MSFT,53.7590213453848,53.99135604206896,53.5445556640625,53.5445556640625,26434700
2016-11-01,MSFT,53.58924607610514,53.63392543851827,52.94585234914228,53.43733215332031,24533000
2016-11-02,MSFT,53.45519317795443,53.55348979958655,52.99052040857649,53.106689453125,22147000
2016-11-03,MSFT,53.19605099381005,53.29434762068058,52.82074031901306,52.910099029541016,21600400
2016-11-04,MSFT,52.40967350227907,52.972639393156314,52.293504476573915,52.463287353515625,28697000
2016-11-07,MSFT,53.41944818481567,54.08071419563439,53.41944818481567,53.99135208129883,31664800
2016-11-08,MSFT,54.10751991141937,54.313047656555206,53.75008168854593,54.036033630371094,22935400
2016-11-09,MSFT,53.61603768010609,54.14326218697976,52.901157859467844,53.767948150634766,49632500
2016-11-10,MSFT,54.044969092535304,54.053907008334356,51.49820850038151,52.45436096191406,57822400
2016-11-11,MSFT,52.03436157507331,52.82966554908366,51.83776835585611,52.74030685424805,38767800
2016-11-14,MSFT,52.74030757358063,52.79392483650271,51.18544103699771,51.936065673828125,41328400
2016-11-15,MSFT,52.47586061740024,53.51944005162195,52.46686231995073,52.96166229248047,35904100
2016-11-16,MSFT,53.02463064977657,53.67237071907937,52.90768025092044,53.66337585449219,27332500
2016-11-17,MSFT,54.347099905176044,54.8329049669072,53.95126065034582,54.55401611328125,32132700
2016-11-18,MSFT,54.67997341824056,55.003843510374864,54.24814777267654,54.293128967285156,27686300
2016-11-21,MSFT,54.42805644623659,54.850887073843694,54.35608381522094,54.75192642211914,19652600
2016-11-22,MSFT,54.859898762083176,55.111796184205886,54.70696202203581,54.98584747314453,23206700
2016-11-23,MSFT,54.886887925285414,54.96785544576159,54.20316486603276,54.338111877441406,21848900
2016-11-25,MSFT,54.24813902948938,54.455055236816406,54.0952023060999,54.455055236816406,8409600
2016-11-28,MSFT,54.28412460352457,54.89587835233548,54.16717077252833,54.52702713012695,20732600
2016-11-29,MSFT,54.56301162596212,55.24673456430094,54.446057798880474,54.9588508605957,22366700
2016-11-30,MSFT,54.75193509633276,55.03981880231619,54.1761676843659,54.21215057373047,34655400
2016-12-01,MSFT,54.077211101372455,54.113197425299525,53.02463343349653,53.258541107177734,34542100
2016-12-02,MSFT,53.150583479720474,53.50144154461737,52.898682653969296,53.30352020263672,25515700
2016-12-05,MSFT,53.708350882412084,54.509027580795724,53.58240220156668,54.17616271972656,23552700
2016-12-06,MSFT,54.36509509443056,54.3920831215852,53.79832250126967,53.93326950073242,19907000
2016-12-07,MSFT,53.98724680154803,55.21975269168706,53.79832374341397,55.21075439453125,30809000
2016-12-08,MSFT,55.14776698411787,55.39966776716392,54.73393464090197,54.886871337890625,21220800
2016-12-09,MSFT,55.03982341220958,55.768531034426005,54.99484222285308,55.75053787231445,27349400
2016-12-12,MSFT,55.61559013040553,56.04741571978729,55.52562775289277,55.93046188354492,20198100
2016-12-13,MSFT,56.22733887794962,57.05500365894772,55.99343465822889,56.65916442871094,35718900
2016-12-14,MSFT,56.67715446712124,57.08199197111239,56.25432380385892,56.3892707824707,30352700
2016-12-15,MSFT,56.4072604793145,56.812097958455645,56.047404179668156,56.2993049621582,27669900
2016-12-16,MSFT,56.63218630096787,56.63218630096787,55.88548546289406,56.047420501708984,42453100
2016-12-19,MSFT,56.28132597515544,57.36988657950222,56.15537383627472,57.23493957519531,34338200
2016-12-20,MSFT,57.29791889543856,57.39687958292914,56.704158202340324,57.1629753112793,26028400
2016-12-21,MSFT,57.06401462378873,57.306917193489625,56.785125725573955,57.1629753112793,17096300
2016-12-22,MSFT,57.432862270151205,57.666766526971315,57.04601784276624,57.171966552734375,22176600
2016-12-23,MSFT,57.082000904489526,57.16296841795923,56.49723514811445,56.8930778503418,12403800
2016-12-27,MSFT,56.866087536997085,57.63977636310777,56.866087536997085,56.92906188964844,11763200
2016-12-28,MSFT,57.03699915095943,57.03699915095943,56.52420622781627,56.668148040771484,14653300
2016-12-29,MSFT,56.55121002885412,56.85708689573525,56.43425620073485,56.587196350097656,10250600
2016-12-30,MSFT,56.64118309535151,56.668174557303054,55.804519843601476,55.903480529785156,25579900
2017-01-03,MSFT,56.48822797514273,56.53320915463752,55.89446748301706,56.2993049621582,20694100
2017-01-04,MSFT,56.2093555405239,56.452258098746285,55.88548546289406,56.047420501708984,21340000
2017-01-05,MSFT,55.94845981889486,56.371290579338826,55.8045179434866,56.047420501708984,24876000
2017-01-06,MSFT,56.04741711142768,56.81211106665217,55.81351286497989,56.53322219848633,19922900
2017-01-09,MSFT,56.46124609331832,56.74913324094463,56.26332818362127,56.35329055786133,20382700
2017-01-10,MSFT,56.43424965748839,56.74012648890475,56.02941217004848,56.335289001464844,18593000
2017-01-11,MSFT,56.326306951333315,56.88408126544291,56.164371919520065,56.84809494018555,21517300
2017-01-12,MSFT,56.73114295771126,57.03701985022711,55.73254476650233,56.3263053894043,20968200
2017-01-13,MSFT,56.33529588123824,56.56020524263298,56.09239335911058,56.40726852416992,19422300
2017-01-17,MSFT,56.38928432180422,56.40727748539565,55.804518516540405,56.254337310791016,20664000
2017-01-18,MSFT,56.3802850678023,56.40727652865416,55.88548508888809,56.22734832763672,19670100
2017-01-19,MSFT,55.99344444333402,56.659174330155345,55.9574581165207,56.047420501708984,18451700
2017-01-20,MSFT,56.38027859797639,56.5152255912151,56.11038804334358,56.44325637817383,30213500
2017-01-23,MSFT,56.40727008409874,56.78511617440578,56.290316252022684,56.64117431640625,23097600
2017-01-24,MSFT,56.857090032739904,57.34289510079782,56.623182363595866,57.14497375488281,24672900
2017-01-25,MSFT,57.53181625282569,57.666759812717686,57.08199752282994,57.28891372680664,23672700
2017-01-26,MSFT,57.6847543956972,58.06260046844311,57.1719579040722,57.81969451904297,43554600
2017-01-27,MSFT,58.8272921216987,59.295107437895716,58.37747339811104,59.17815017700195,44818000
2017-01-30,MSFT,59.09719696348052,59.18715935199547,58.29652003742399,58.5933952331543,31651400
2017-01-31,MSFT,58.35048691855962,58.61138260879413,57.81070580869372,58.161563873291016,25270500
2017-02-01,MSFT,57.90067170780073,58.13457938633462,57.099994858958546,57.19895553588867,39671500
2017-02-02,MSFT,56.90206984320187,57.04601170078836,56.452251109263514,56.83009719848633,45827000
2017-02-03,MSFT,57.1269787094606,57.306906887827815,56.74013432711669,57.28891372680664,30301800
2017-02-06,MSFT,57.12697718086916,57.26192416899483,56.80310715484314,57.252925872802734,19796400
2017-02-07,MSFT,57.34288799874233,57.37887088567012,56.88407101400944,57.06399917602539,20277200
2017-02-08,MSFT,57.18994075664093,57.40585521061139,56.875069086104645,56.98302459716797,18096400
2017-02-09,MSFT,57.144970032395314,57.97263825352445,56.96504185981554,57.63077163696289,22644400
2017-02-10,MSFT,57.80170302093029,57.846687636460956,57.5588005108109,57.5767936706543,18170700
2017-02-13,MSFT,57.79270411307474,58.35048176678038,57.69374345090618,58.22453308105469,22920100
2017-02-14,MSFT,58.29694234933619,58.57751848307745,57.943950338588024,58.44175338745117,23108400
2017-02-15,MSFT,58.37838883216467,58.44174494693337,58.07066110480202,58.405540466308594,17005200
2017-02-16,MSFT,58.59562852095074,59.04817432303936,58.32410518287812,58.396507263183594,20546300
2017-02-17,MSFT,58.351257277166205,58.55037853647241,58.197393360539046,58.487022399902344,21248800
2017-02-21,MSFT,58.477971545699376,58.78569938945402,58.333153568425736,58.36935806274414,20655900
2017-02-22,MSFT,58.22453445762244,58.278837734760366,57.9711099572458,58.251686096191406,19292700
2017-02-23,MSFT,58.30599993448716,58.58658302955544,58.09783273088595,58.487022399902344,20273100
2017-02-24,MSFT,58.405560564140266,58.649939166125506,58.052575388206904,58.487022399902344,21796800
2017-02-27,MSFT,58.41460554037783,58.41460554037783,57.97111264416315,58.134029388427734,15871500
2017-02-28,MSFT,57.99826039045732,58.10686694247604,57.70862795692494,57.90774917602539,23239800
2017-03-01,MSFT,58.04352813317434,58.821907546231735,57.94396749392502,58.77665710449219,26937500
2017-03-02,MSFT,58.55037232709531,58.6046756083104,57.81724695684039,57.93490982055664,24539600
2017-03-03,MSFT,57.91681165031338,58.17928558416803,57.581925280227516,58.15213394165039,18135900
2017-03-06,MSFT,57.898703746836134,58.43270441163825,57.75388924647538,58.17022705078125,18750300
2017-03-07,MSFT,58.097826812289355,58.63182749393668,58.097826812289355,58.28789520263672,18521000
2017-03-08,MSFT,58.16117511698879,58.903349786473576,58.15212226953305,58.8218879699707,21510900
2017-03-09,MSFT,59.00290812310674,59.01195406491517,58.36029408445437,58.58656692504883,19846800
2017-03-10,MSFT,58.930506310307926,59.06627141220469,58.60467282787567,58.7675895690918,19538200
2017-03-13,MSFT,58.8400155422448,59.00293233052543,58.44177296971394,58.568485260009766,20100000
2017-03-14,MSFT,58.405550219262345,58.423655915247444,58.061617953842784,58.29694366455078,14280200
2017-03-15,MSFT,58.42364834428182,58.7585277183127,58.152118182090256,58.60466384887695,24833800
2017-03-16,MSFT,58.604676129012304,58.61372897772867,58.19738770567984,58.5051155090332,20674300
2017-03-17,MSFT,58.749495658746476,59.04817062137264,58.541321564503505,58.71329116821289,49219700
2017-03-20,MSFT,58.74949077797886,58.99386243715309,58.5775211885563,58.7675895690918,14598100
2017-03-21,MSFT,59.002921423306546,59.28349759919431,58.0435196673182,58.115928649902344,26640500
2017-03-22,MSFT,58.034478715000056,58.95766915379904,58.034478715000056,58.85810852050781,20680000
2017-03-23,MSFT,58.776647300321535,59.04817062137264,58.622776489228684,58.71329116821289,19269200
2017-03-24,MSFT,59.156779412356755,59.23823433063704,58.61372590792165,58.81284713745117,22617100
2017-03-27,MSFT,58.496072634096215,59.03008031460703,58.24264806923068,58.92146682739258,18614700
2017-03-28,MSFT,58.794747689392906,59.25634632460424,58.514171511764786,59.09342956542969,20080400
2017-03-29,MSFT,58.939559391378076,59.28349166628211,58.785688592460524,59.25634002685547,13618400
2017-03-30,MSFT,59.211090571090395,59.71794656060944,59.15678728501013,59.473567962646484,15122800
2017-03-31,MSFT,59.419264631891174,59.90801492214873,59.238242169591594,59.60933303833008,21040300
2017-04-03,MSFT,59.56407325845531,59.68173958045914,59.002920911546916,59.32875442504883,20400900
2017-04-04,MSFT,59.18391501851611,59.56405167810946,59.08435443072289,59.49164962768555,12997400
2017-04-05,MSFT,60.00758335604046,60.05283379852601,59.229203930150696,59.33781051635742,21448600
2017-04-06,MSFT,59.373983348312784,59.79032448576713,59.26537682002788,59.49164962768555,18103500
2017-04-07,MSFT,59.60027120891154,59.69983182185029,59.22918730138517,59.446407318115234,14108500
2017-04-10,MSFT,59.38306267453446,59.57313108908752,59.156789765975894,59.31065368652344,17952700
2017-04-11,MSFT,59.373998860125816,59.383051708280696,58.69518025980738,59.2653923034668,18791500
2017-04-12,MSFT,59.211078578620615,59.29254039654281,58.93050245029862,59.03911590576172,17108500
2017-04-13,MSFT,59.093421174464275,59.60932302104479,58.78568649291992,58.78568649291992,17896500
2017-04-17,MSFT,58.86714984825068,59.274438246321786,58.83999820908593,59.2653923034668,16689300
2017-04-18,MSFT,59.129626165981634,59.47355843154027,58.97576227654486,59.183929443359375,15155600
2017-04-19,MSFT,59.41925569573237,59.509763460620114,58.73138425304581,58.867149353027344,26992800
2017-04-20,MSFT,59.247292365850825,59.50976974545544,58.95766334444238,59.28349685668945,22299500
2017-04-21,MSFT,59.43735227286008,60.369595336552365,59.238231054343366,60.09807205200195,32522600
2017-04-24,MSFT,61.07558391398308,61.23850067741529,60.73164468823683,61.12083435058594,29770000
2017-04-25,MSFT,61.45570949830008,61.582421746117845,61.184179307090815,61.47380828857422,30242700
2017-04-26,MSFT,61.61863357178329,61.82680075858029,61.20229229288886,61.39236068725586,26190800
2017-04-27,MSFT,61.68199325156943,61.8901604503415,61.16609132138102,61.79059982299805,34971000
2017-04-28,MSFT,62.3698578746118,62.578025050290925,61.26564515224409,61.962562561035156,39548800
2017-05-01,MSFT,62.16167558608122,62.94910756412034,61.998758863221376,62.82239532470703,31954400
2017-05-02,MSFT,63.09392709120361,63.09392709120361,62.56897236846742,62.722843170166016,23906100
2017-05-03,MSFT,62.79523158894672,62.79523158894672,62.18882207830036,62.52370834350586,28928000
2017-05-04,MSFT,62.478452401524926,62.52370972941755,62.125467340918476,62.27933120727539,21749400
2017-05-05,MSFT,62.36081667806265,62.47847610780888,61.98972578337618,62.451324462890625,19128800
2017-05-08,MSFT,62.42418152541458,62.49659052549771,61.92637828147096,62.397029876708984,18566100
2017-05-09,MSFT,62.32460536824721,62.70474216613984,62.16168861125029,62.48752212524414,22858400
2017-05-10,MSFT,62.44224363374014,62.9581453719262,62.37888752221898,62.73187255859375,17977800
2017-05-11,MSFT,61.872054793118146,62.206941130241155,61.6548347690573,61.962562561035156,28789400
2017-05-12,MSFT,62.0983337081696,62.0983337081696,61.582431785011636,61.890159606933594,18714100
2017-05-15,MSFT,61.672973974897126,61.980708873834104,61.15707176386873,61.93545150756836,31530300
2017-05-16,MSFT,62.108376420226165,63.20981383645223,62.04465712986207,63.1825065612793,34956000
2017-05-17,MSFT,62.709141779757196,62.90029960351229,61.38013480635506,61.42565155029297,30548800
2017-05-18,MSFT,61.35284819206182,62.017348430023404,61.11617354469353,61.635032653808594,25201300
2017-05-19,MSFT,61.44387357048889,61.990039946583444,61.38015427569256,61.61682891845703,26961100
2017-05-22,MSFT,61.798877575610085,62.35414865204364,61.44386910967804,62.308631896972656,16237600
2017-05-23,MSFT,62.55441738974074,62.58172466750537,62.24491870368257,62.51800537109375,15425800
2017-05-24,MSFT,62.69096333241749,62.70006112879602,62.30864059315446,62.59992980957031,14593900
2017-05-25,MSFT,62.781989316852254,63.61034019684516,62.727374759566445,63.37367248535156,21854100
2017-05-26,MSFT,63.53752536433103,63.919841168709254,63.2826412165293,63.68316650390625,19827900
2017-05-30,MSFT,63.528405293130156,64.09278106689453,63.51019581452547,64.09278106689453,17072800
2017-05-31,MSFT,64.20198550395054,64.39314328660335,63.546583423495974,63.573890686035156,30436400
2017-06-01,MSFT,63.93802358332275,64.27482946396557,63.218902018629656,63.810585021972656,21603600
2017-06-02,MSFT,64.12009416634483,65.41268946948311,63.93803408816079,65.32166290283203,34770300
2017-06-05,MSFT,65.51282135576085,66.35027688816957,65.36717329192527,65.79500579833984,33316800
2017-06-06,MSFT,65.81320262001998,66.10449174678162,65.78588840464307,66.01345825195312,31511100
2017-06-07,MSFT,66.12269619668407,66.24103002056052,65.49460117752886,65.89512634277344,22301800
2017-06-08,MSFT,66.00435956224426,66.0134573556991,65.0849754470274,65.49459838867188,24588300
2017-06-09,MSFT,65.57654635592836,65.61295837505693,62.436077418693856,64.0108642578125,49187400
2017-06-12,MSFT,63.03683263023654,63.66492748097127,62.01731745793767,63.51927947998047,47761700
2017-06-13,MSFT,63.73776824319405,64.46599462924654,63.68315369494864,64.31124877929688,25258600
2017-06-14,MSFT,64.54793264932249,64.72088105851861,63.200715725468804,63.96534729003906,25510700
2017-06-15,MSFT,63.0550632752325,63.91072830041158,62.62723770752499,63.628543853759766,26068700
2017-06-16,MSFT,63.47378253082321,63.7468621706141,63.00953811483424,63.71955490112305,48345100
2017-06-19,MSFT,64.17470683027251,64.57523204561791,64.03816351187007,64.51151275634766,23798300
2017-06-20,MSFT,64.46598103078941,64.51149777464694,63.60121845653646,63.637630462646484,21512200
2017-06-21,MSFT,63.910732733964764,64.28395072015918,63.6649602867479,63.96534729003906,19891100
2017-06-22,MSFT,64.21111876442784,64.25662857391723,63.45558508911124,63.956241607666016,22965700
2017-06-23,MSFT,63.801513693526516,64.85744169180781,63.64676778012182,64.82102966308594,27617300
2017-06-26,MSFT,64.99395676226385,65.27614118087827,64.1200892881096,64.20201110839844,19607000
2017-06-27,MSFT,63.819672246898456,63.88339151008735,62.97311235317238,63.00041961669922,25215100
2017-06-28,MSFT,63.00044520089226,63.57391880247732,62.61812946650222,63.537513732910156,25806200
2017-06-29,MSFT,63.15517981720293,63.2553111029016,61.98091860345703,62.34503173828125,28918700
2017-06-30,MSFT,62.60900116701212,63.15516728845962,62.572589166265075,62.74554443359375,24161100
2017-07-03,MSFT,63.109684350205626,63.35545677872882,61.917213389184525,62.05375671386719,16165500
2017-07-05,MSFT,62.135674131978455,63.20980410771019,62.09926212239153,62.882102966308594,21176300
2017-07-06,MSFT,62.144771526073896,62.60901596422081,62.00823517210186,62.4178581237793,21117600
2017-07-07,MSFT,62.53617132228589,63.57388893953798,62.53617132228589,63.22798538208008,16878300
2017-07-10,MSFT,63.22800580695642,63.947127360841236,62.99133122020025,63.70135498046875,15014500
2017-07-11,MSFT,63.71956158722369,64.33855189186625,63.49199172441217,63.71045684814453,17460000
2017-07-12,MSFT,64.34765262195872,64.88471413119096,64.22021406231443,64.7663803100586,17750900
2017-07-13,MSFT,65.08496952866243,65.57652118086588,64.9120142404205,65.33074188232422,20269800
2017-07-14,MSFT,65.75858559220178,66.69617231550131,65.5037084571162,66.25013732910156,25868100
2017-07-17,MSFT,66.26836279925924,66.86003902925756,66.19553875883759,66.76901245117188,21803900
2017-07-18,MSFT,66.53233066155926,66.80541731143066,66.1409171122293,66.72349548339844,26435300
2017-07-19,MSFT,66.90553707486991,67.3970887928873,66.86002032611836,67.23323822021484,22416200
2017-07-20,MSFT,67.52453921648916,67.63377526575215,66.70528620922178,67.56095123291016,42361000
2017-07-21,MSFT,66.8600340993491,67.62467257763045,66.60515692154938,67.1695327758789,46717100
2017-07-24,MSFT,66.93283224386943,67.13309479035698,66.56871915433565,66.99655151367188,21394800
2017-07-25,MSFT,67.17864473137429,67.64288237870414,66.90555804304135,67.53365325927734,22018700
2017-07-26,MSFT,67.67017918464515,67.70659120044593,67.18773212882813,67.40620422363281,16252200
2017-07-27,MSFT,67.14221271690411,67.74299352950507,65.83140811503888,66.5960464477539,36844200
2017-07-28,MSFT,66.14999530507787,66.73257350360862,66.03166149580379,66.48680114746094,18306700
2017-07-31,MSFT,66.7234879967608,66.85092656709982,65.91333982322797,66.17731475830078,23600100
2017-08-01,MSFT,66.54141929507094,66.83270841014706,65.98614833431951,66.06807708740234,22132300
2017-08-02,MSFT,66.04079928524072,66.04989708251354,65.03038819728494,65.77681732177734,26499200
2017-08-03,MSFT,65.71307063894255,65.94064048385384,65.40357203852535,65.6766586303711,18214400
2017-08-04,MSFT,65.90423388690066,66.48681218212054,65.75858584065513,66.15911102294922,22579000
2017-08-07,MSFT,66.26834902136625,66.35937558052655,65.77679726804308,65.90423583984375,18705700
2017-08-08,MSFT,65.62203944179593,66.56873086314602,65.31254777542728,66.25923919677734,22044600
2017-08-09,MSFT,65.76770915405207,66.00438382360277,65.58565598971033,65.96797180175781,22213400
2017-08-10,MSFT,65.44907901328021,65.71306082734792,64.94842265127602,65.00304412841797,24734500
2017-08-11,MSFT,65.18510643053992,66.17730761317793,64.8847125707965,65.99525451660156,21443700
2017-08-14,MSFT,66.50501788216657,67.10580568421483,66.40488658182518,66.98746490478516,20096600
2017-08-15,MSFT,67.34433818778047,67.34433818778047,66.84102143864928,67.00574493408203,19181400
2017-08-16,MSFT,67.1155742953688,67.8110744642509,66.96000400210944,67.3992691040039,18150400
2017-08-17,MSFT,67.3352008223395,67.6005890990418,66.2553482055664,66.2553482055664,22977500
2017-08-18,MSFT,66.13640081606829,66.65802431175096,65.82526016125705,66.33773040771484,18761500
2017-08-21,MSFT,66.31941424589826,66.3285674928258,65.61476085199352,66.02657318115234,17734800
2017-08-22,MSFT,66.20960717691004,67.02407174109922,66.20960717691004,66.95086669921875,14343700
2017-08-23,MSFT,66.76783924200988,66.94171605975373,66.37433332629912,66.54821014404297,13766500
2017-08-24,MSFT,66.56647369104805,66.67629167163373,65.95333900867321,66.52072143554688,17098300
2017-08-25,MSFT,66.67634601359725,67.12475758149365,66.3285992644775,66.63973999023438,12794300
2017-08-28,MSFT,66.85931760262186,66.88677035350777,66.39260687380217,66.64884185791016,14569700
2017-08-29,MSFT,66.11807552839169,66.95084633617661,65.93505250653251,66.85018157958984,11478400
2017-08-30,MSFT,66.81358479003703,67.9117370363493,66.648861254902,67.72871398925781,16897800
2017-08-31,MSFT,67.74702347195785,68.5980940317657,67.5365476350138,68.4242172241211,27652800
2017-09-01,MSFT,68.36929631996178,68.39674907670276,67.39010843220673,67.6646499633789,21736200
2017-09-05,MSFT,67.11556686534863,67.61889067826961,66.78612680275081,67.36265563964844,21556000
2017-09-06,MSFT,67.4816270351086,67.7561685951113,67.12472719623423,67.17048645019531,16535800
2017-09-07,MSFT,67.42674173330624,68.26865919633092,67.35352969776915,68.03072357177734,17471200
2017-09-08,MSFT,68.02155726148095,68.12222203521301,67.57313891235381,67.70126342773438,14703800
2017-09-11,MSFT,68.00324961551263,68.5797854883756,68.00324961551263,68.4150619506836,17910400
2017-09-12,MSFT,68.41506993142231,68.8543280952534,68.05817005510356,68.34185791015625,14394900
2017-09-13,MSFT,68.57063109154053,68.84517264371773,68.22288450974688,68.82686614990234,13380800
2017-09-14,MSFT,68.63470004294787,69.08311146163463,68.1954348906446,68.4242172241211,15733900
2017-09-15,MSFT,68.47911503178285,68.99158511455845,67.78361493238651,68.91837310791016,38578400
2017-09-18,MSFT,68.84518670736384,69.52238049735412,68.67130989000673,68.7811279296875,23307000
2017-09-19,MSFT,68.82687832021416,69.2844430001639,68.64385524098743,69.03736114501953,16093300
2017-09-20,MSFT,68.95498756981317,69.13801760888586,68.00325231228145,68.57978820800781,21587900
2017-09-21,MSFT,68.73536863597508,68.85433294249536,67.8202392513735,67.91175079345703,19186100
2017-09-22,MSFT,67.7104203255285,68.18629150914752,67.58230277191177,68.09477996826172,14111400
2017-09-25,MSFT,67.80194109241694,67.94836516326498,66.73124125640553,67.04238891601562,24149200
2017-09-26,MSFT,67.41758837926679,67.54570595031683,66.79530004193055,67.04238891601562,18019600
2017-09-27,MSFT,67.30775607600098,67.8751317168504,66.9600025083766,67.58229064941406,19565100
2017-09-28,MSFT,67.29860686373564,67.69211272624648,67.08812406113964,67.60060119628906,10883800
2017-09-29,MSFT,67.66465190425555,68.2137280004683,67.60973940731732,68.16796875,17079100
2017-10-02,MSFT,68.36932069211859,68.6438623211588,67.99412124643953,68.2778091430664,15304800
2017-10-03,MSFT,68.33269598612293,68.52487228113456,67.89343787806253,67.9574966430664,12190400
2017-10-04,MSFT,67.80192998971106,68.37846594691132,67.45418335121714,68.35101318359375,13317700
2017-10-05,MSFT,68.83603000977956,69.65964781141284,68.5980944266671,69.52237701416016,21195300
2017-10-06,MSFT,69.24782563139696,69.57727270548256,69.12886134759786,69.54981994628906,13959800
2017-10-09,MSFT,69.52236736643619,70.05314398515237,69.4217025945458,69.8152084350586,11386500
2017-10-10,MSFT,69.85181444137163,70.12634901589662,69.67793765685519,69.8152084350586,13944500
2017-10-11,MSFT,69.8792604413721,69.97077195736205,69.50405414936778,69.93416595458984,15388900
2017-10-12,MSFT,69.99826245680705,70.73036894323846,69.88845137116176,70.57479858398438,16876500
2017-10-13,MSFT,71.00486448117414,71.26110649743113,70.7303299365775,70.9133529663086,15335700
2017-10-16,MSFT,70.84931636063918,71.2062162675258,70.78525758201552,71.05979919433594,12380100
2017-10-17,MSFT,70.8950641414684,71.03233492539684,70.69373458929097,71.00487518310547,16824000
2017-10-18,MSFT,71.07809888922402,71.24282246065434,70.80356425809566,71.023193359375,13300700
2017-10-19,MSFT,70.9865666970326,71.3160137440641,70.78523717030433,71.29771423339844,15092800
2017-10-20,MSFT,71.67294923448019,72.26778486456423,71.58143767182526,72.1213607788086,22866400
2017-10-23,MSFT,72.28608079288543,72.60637473720655,72.07560490742485,72.13966369628906,20627200
2017-10-24,MSFT,72.20371264304838,72.4782472799513,71.80105346399732,72.16710662841797,17517200
2017-10-25,MSFT,71.91087460824183,72.38673885518662,71.38925109556533,71.95662689208984,20410800
2017-10-26,MSFT,72.47824422119037,72.67957380221928,72.06643879227347,72.07559204101562,32120700
2017-10-27,MSFT,77.20945280561742,78.88413392862303,76.51395266149976,76.69697570800781,71066700
2017-10-30,MSFT,76.5963258214326,77.17286179553592,76.05640284200325,76.77020263671875,31756700
2017-10-31,MSFT,77.20031343526804,77.20031343526804,76.05640173427354,76.1204605102539,27086600
2017-11-01,MSFT,76.57802519065172,76.65123721516727,75.84591890926205,76.1204605102539,22307400
2017-11-02,MSFT,76.27600853390904,77.29180238607219,76.06553275229305,76.9166030883789,23992900
2017-11-03,MSFT,76.94405689019847,77.36501544103463,76.32176881898826,76.99896240234375,17633500
2017-11-06,MSFT,77.05389077254308,77.51145546117311,76.94407971567703,77.30097961425781,19860900
2017-11-07,MSFT,77.57550745870037,77.69447873575201,76.80680220028576,77.1179428100586,17939700
2017-11-08,MSFT,76.99896348585158,77.4290752887247,76.71527569326764,77.38331604003906,18034200
2017-11-09,MSFT,76.97153831030984,77.117955391183,75.86423251777528,76.95323181152344,21178400
2017-11-10,MSFT,76.67870294113557,76.96239085673604,76.1662326466614,76.75191497802734,19397800
2017-11-13,MSFT,76.55973421811812,76.81596935063074,76.37670413640646,76.80681610107422,14196900
2017-11-14,MSFT,76.41327929428694,76.9623553539176,75.93741523777526,76.9166030883789,18801300
2017-11-15,MSFT,76.7694882964938,76.97182902838533,76.05210353211383,76.3188247680664,19383100
2017-11-16,MSFT,76.42916992695879,76.7234817380464,76.28201752988853,76.5211410522461,20962800
2017-11-17,MSFT,76.44754246028546,76.44754246028546,75.63817999131184,75.78533935546875,22079000
2017-11-20,MSFT,75.78535311358276,75.96009611906116,75.64739293887646,75.90491485595703,16315000
2017-11-21,MSFT,76.09803330580397,77.10972925312348,76.09803330580397,76.9993667602539,21237500
2017-11-22,MSFT,77.1005807809036,77.16496127723605,76.37399688403865,76.4383773803711,20553100
2017-11-24,MSFT,76.3463855493598,76.73266842264175,76.1348456804982,76.5763168334961,7425600
2017-11-27,MSFT,76.6223162835619,77.23853759788986,76.61312408230967,77.13736724853516,18265200
2017-11-28,MSFT,77.3212786748214,78.231804438945,77.27528961911078,78.06625366210938,21926000
2017-11-29,MSFT,77.90991300823849,78.103054438765,76.50273471658413,76.64988708496094,27381100
2017-11-30,MSFT,76.8062540547387,77.73517146225336,76.64989543656063,77.41326904296875,33054600
2017-12-01,MSFT,76.88901082908531,78.00187726936403,76.53951784503793,77.49603271484375,29532100
2017-12-04,MSFT,77.64319038188988,77.65238959753086,74.22181192578176,74.5713119506836,39094900
2017-12-05,MSFT,74.81045867078649,76.04289432269933,74.47936399121723,75.04039001464844,26152300
2017-12-06,MSFT,75.00358398637592,76.4659435130987,74.89321444934293,76.13484191894531,26162100
2017-12-07,MSFT,75.91410734594216,76.1532378264491,75.41745497117172,75.86811828613281,23184500
2017-12-08,MSFT,76.91662295730858,77.7903661870779,76.64070958233962,77.40408325195312,24489100
2017-12-11,MSFT,77.5236396414643,78.51694456320362,77.36728803812012,78.38818359375,22857900
2017-12-12,MSFT,78.46174567307571,79.14234729613213,78.25021283054258,78.71007537841797,23924100
2017-12-13,MSFT,78.8572657018618,79.09639630660423,78.3330224256239,78.49857330322266,22062700
2017-12-14,MSFT,78.57211991541823,78.97680122720273,77.74436587628904,77.89152526855469,19306000
2017-12-15,MSFT,78.4157834075802,80.09887542445843,78.0662832921939,79.87814331054688,53936700
2017-12-18,MSFT,80.12644814051872,80.47594113018381,79.30789341495017,79.44584655761719,22283800
2017-12-19,MSFT,79.41827940507923,79.41827940507923,78.42497438258518,78.94002532958984,23524800
2017-12-20,MSFT,79.28029766219947,79.37227578210029,77.90990928241081,78.6548843383789,23674900
2017-12-21,MSFT,79.14235679712147,79.18833884726175,78.54453400972609,78.63650512695312,17990700
2017-12-22,MSFT,78.5445434599462,78.75607635332464,78.10307222041506,78.64571380615234,14145800
2017-12-26,MSFT,78.4617691025201,78.66410980671745,78.20424712152261,78.54454803466797,9891200
2017-12-27,MSFT,78.77447723300271,79.07798828103711,78.37899505382238,78.82965850830078,14678000
2017-12-28,MSFT,79.00440275937808,79.0319933949981,78.68250031556613,78.83885192871094,10594300
2017-12-29,MSFT,78.75607360426734,79.1423635567285,78.636511843355,78.67330169677734,18717400
2018-01-02,MSFT,79.21592006079612,79.38147085889692,78.6364957759161,79.05036926269531,22483800
2018-01-03,MSFT,79.15155276127561,79.56543333390027,79.06878085691875,79.41827392578125,26061400
2018-01-04,MSFT,79.63900275412412,80.62311546742032,79.62061133733707,80.11726379394531,21912000
2018-01-05,MSFT,80.62311196696939,81.31290584615176,80.41157208989713,81.11056518554688,23407100
2018-01-08,MSFT,81.11975678951006,81.4692568432421,80.56792309360482,81.1933364868164,22113000
2018-01-09,MSFT,81.53365816729485,81.607237883411,80.80707425878073,81.13817596435547,19484300
2018-01-10,MSFT,80.8070687862306,81.11057983194388,80.39319519076517,80.77027893066406,18652200
2018-01-11,MSFT,81.05538146509458,81.05538146509458,80.23682657708956,81.0093994140625,17808900
2018-01-12,MSFT,81.55203440637554,82.57292997235957,81.3496937331972,82.40737915039062,24271500
2018-01-16,MSFT,82.86721672415644,83.50182918609373,80.94499494371523,81.25769805908203,36599700
2018-01-17,MSFT,81.92911582959427,83.03278317295775,81.62560485423828,82.90402221679688,25621200
2018-01-18,MSFT,82.5913427579561,83.39149935572333,82.46258176482233,82.86725616455078,24159700
2018-01-19,MSFT,82.90405244598192,83.33632453511754,82.46258815444438,82.7752914428711,36875000
2018-01-22,MSFT,82.7752765645089,84.26523406877104,82.53614602302179,84.25603485107422,23601600
2018-01-23,MSFT,84.52275848388672,84.890650016027,84.19165680665522,84.52275848388672,23412800
2018-01-24,MSFT,85.12057549994422,85.92993120150392,84.22844087628869,84.44917297363281,33277500
2018-01-25,MSFT,85.04699675512492,85.75518212486476,84.55034426778468,84.9182357788086,26383200
2018-01-26,MSFT,85.64481668553067,86.50935363769531,85.14816421499522,86.50935363769531,29172200
2018-01-29,MSFT,87.50266598356984,87.78777858604377,86.19665771920546,86.38059997558594,31569900
2018-01-30,MSFT,85.81034649398038,86.14144805991683,84.70667226854391,85.29529571533203,38635100
2018-01-31,MSFT,86.22423905002036,87.74178706069002,86.00350696279733,87.38309478759766,48756300
2018-02-01,MSFT,87.1807438953469,88.35799091176672,86.06787735585796,86.69329071044922,47227900
2018-02-02,MSFT,86.12305802621047,86.4265689940653,84.15484686845686,84.41236877441406,47867800
2018-02-05,MSFT,83.29032376554096,85.7551879343525,80.93582916259766,80.93582916259766,51031500
2018-02-06,MSFT,79.91493700091026,84.13648010663182,78.40658795239018,83.99851989746094,67998600
2018-02-07,MSFT,83.22592818964283,84.40317527775713,82.03948188513654,82.41657257080078,41107600
2018-02-08,MSFT,82.5085743854008,82.66492603751261,77.95593593283573,78.18586730957031,55628700
2018-02-09,MSFT,79.37226097690481,81.79113491647627,77.10053937122488,81.1013412475586,63499100
2018-02-12,MSFT,81.61642061179207,82.57293575943311,80.87144536919402,81.97511291503906,35720300
2018-02-13,MSFT,81.79114260051986,82.77524804661854,80.75185590114576,82.618896484375,26407700
2018-02-14,MSFT,81.78728908941315,84.07891853934308,81.6948859268999,83.91259002685547,34960900
2018-02-15,MSFT,84.28217740699354,85.67748789058263,83.73699402229116,85.6220474243164,27823900
2018-02-16,MSFT,85.42800945573254,86.39826011657715,84.82738547987537,85.01219177246094,30596900
2018-02-20,MSFT,84.53168344481469,85.99166994239121,84.09738094209028,85.67749786376953,30911700
2018-02-21,MSFT,85.91774148885523,86.26887619101596,84.54090881347656,84.54090881347656,26922500
2018-02-22,MSFT,85.0583895852554,85.68674079609904,84.42079594560164,84.7626953125,24392800
2018-02-23,MSFT,86.49068076789474,86.92498339826919,85.34486601216253,86.91574096679688,26329200
2018-02-26,MSFT,87.22991605702839,88.20015981839003,87.09130779114551,88.17243957519531,30199800
2018-02-27,MSFT,88.4680974806136,88.56050060317314,87.0450668334961,87.0450668334961,25869100
2018-02-28,MSFT,87.63648705863406,88.44040932124332,86.51839265540829,86.64775848388672,31167300
2018-03-01,MSFT,86.85102625642965,87.38697428709905,84.86432721164276,85.79761505126953,37135600
2018-03-02,MSFT,84.62409662115705,86.07484791198024,83.95878266996786,85.9824447631836,32830400
2018-03-05,MSFT,85.3263564611165,87.10976452415015,85.25243818045402,86.52761840820312,23901600
2018-03-06,MSFT,87.17444927443293,87.31305750971401,85.88079121156342,86.23192596435547,22175800
2018-03-07,MSFT,86.08408222439178,86.80483658691256,85.40952590695882,86.73091125488281,26716100
2018-03-08,MSFT,87.10977109284765,87.87673059305398,86.64774831680646,87.25762176513672,25887800
2018-03-09,MSFT,88.05230989320697,89.20736694335938,87.78433581158257,89.20736694335938,36937300
2018-03-12,MSFT,89.17040975061411,89.82648134942227,88.74534957603034,89.4198989868164,26073700
2018-03-13,MSFT,89.63241011278994,89.85417905043514,86.83255348158178,87.2391357421875,35387800
2018-03-14,MSFT,87.89521383561674,88.16318788678146,86.39825753080598,86.72167205810547,32132000
2018-03-15,MSFT,86.42597272598748,87.39622330118058,85.77914370913042,87.02660369873047,27611000
2018-03-16,MSFT,87.48862106567705,88.13545004280522,86.78634456914712,87.4146957397461,49081300
2018-03-19,MSFT,86.62005516968952,86.76790588822067,85.11386298668248,85.8346176147461,33344100
2018-03-20,MSFT,85.98241718383615,86.6477238717161,85.9362120993042,86.05633544921875,23075200
2018-03-21,MSFT,85.87153659104085,86.9064699443105,85.20622279607512,85.45571899414062,24457100
2018-03-22,MSFT,84.337638155909,84.78118314242853,82.84993123736358,82.97005462646484,38604700
2018-03-23,MSFT,82.70207389486015,83.5891567465144,80.46588543236248,80.55828857421875,44068900
2018-03-26,MSFT,83.72777473814205,86.860288846375,83.53372600266577,86.65699768066406,56396800
2018-03-27,MSFT,87.72886852983424,87.91367478144073,81.78725659689059,82.6743392944336,56569000
2018-03-28,MSFT,82.9977578964945,84.30066529995187,82.11991758275025,82.60041809082031,52501100
2018-03-29,MSFT,83.33043253439982,85.28016931543144,81.68563249350872,84.33763885498047,45867500
2018-04-02,MSFT,83.59840963467443,83.97726467865606,80.8632354040657,81.79651641845703,48515400
2018-04-03,MSFT,82.77600240941828,83.21030494773174,81.21436316737407,82.89612579345703,37213800
2018-04-04,MSFT,81.17741095527258,85.7144785932232,81.06652998646499,85.317138671875,35560000
2018-04-05,MSFT,85.41878982308026,86.0009360969614,84.45778141467449,85.36334228515625,29771900
2018-04-06,MSFT,84.54092500207733,85.43725030939119,82.68359853115503,83.37663269042969,38026000
2018-04-09,MSFT,84.12509894259063,86.09331322081205,83.73700154405242,83.87560272216797,31533900
2018-04-10,MSFT,85.37255996701592,86.19495986706269,84.67952586810632,85.8253402709961,26812000
2018-04-11,MSFT,85.02141308056488,86.20418997905999,84.53167018196048,84.88280487060547,24872100
2018-04-12,MSFT,85.40950684084588,87.00810830206899,85.40950684084588,86.47216033935547,26758900
2018-04-13,MSFT,86.90650309184494,87.02662649790037,85.41878891341595,86.01017761230469,23346100
2018-04-16,MSFT,86.92496898167836,87.47015954957152,86.32433793396532,87.01737213134766,20288100
2018-04-17,MSFT,87.78432002574316,89.20735090162304,87.67343203090184,88.7730484008789,26771000
2018-04-18,MSFT,88.91167616926518,89.37369900776694,88.26483996541728,89.1149673461914,21043300
2018-04-19,MSFT,89.11497248855206,89.69711876068966,88.09851654526656,88.8100357055664,23552500
2018-04-20,MSFT,88.62520175303185,88.81000802152495,86.90647666639843,87.78431701660156,31154400
2018-04-23,MSFT,88.46811185163321,88.97633968312833,87.44242080982127,88.10773468017578,22331800
2018-04-24,MSFT,88.9301365767113,89.14267014278806,85.39104768433849,86.047119140625,34524800
2018-04-25,MSFT,86.21345521736691,86.21345521736691,83.42283362482922,85.29864501953125,33729300
2018-04-26,MSFT,86.44445348778581,87.92292477762817,86.02862881101603,87.10052490234375,42529000
2018-04-27,MSFT,90.1868377968258,90.46405426189172,86.77711475599737,88.54203796386719,48272800
2018-04-30,MSFT,89.01332117623042,89.07800409120175,86.07485566055897,86.416748046875,41523600
2018-05-01,MSFT,86.13027482893146,88.05229104085163,85.74217743515159,87.78431701660156,31408900
2018-05-02,MSFT,87.77510793507544,87.94143645987243,86.11182973701538,86.40752410888672,27471000
2018-05-03,MSFT,85.89928885551234,87.7196600427917,85.42802356669516,86.92498016357422,31142500
2018-05-04,MSFT,86.2319272673005,88.12622339497965,85.86230765093534,87.93217468261719,22531300
2018-05-07,MSFT,87.94140864463846,89.3644395622717,87.87672574156002,88.91165924072266,24242000
2018-05-08,MSFT,88.56976143377518,88.85622033810962,87.83976462903227,88.53279876708984,23484600
2018-05-09,MSFT,88.71760280884725,89.60468556666507,87.83052005102942,89.57696533203125,27327400
2018-05-10,MSFT,90.0574724195726,90.51025273474403,89.67861743542318,90.47329711914062,22388100
2018-05-11,MSFT,90.3716536601258,90.4363365638024,89.66937709884566,90.27924346923828,16778300
2018-05-14,MSFT,90.48255240800229,91.1940715383144,89.91888397226744,90.58419799804688,19454100
2018-05-15,MSFT,89.85417525987188,90.41784353378472,89.02253296640156,89.9281005859375,24594000
2018-05-16,MSFT,90.35501552719666,90.39213840436301,89.66826000078102,90.16012573242188,17384700
2018-05-17,MSFT,89.7982046786783,90.52208322855478,88.93511708141027,89.25993347167969,17246700
2018-05-18,MSFT,89.10216268864691,89.95596775789697,89.10216268864691,89.4269790649414,17865800
2018-05-21,MSFT,90.02092971209119,90.95826302461352,89.83532237992272,90.5777587890625,19422500
2018-05-22,MSFT,90.65201190806842,91.10675486509736,90.20654436207424,90.4849624633789,15441200
2018-05-23,MSFT,89.75177470200997,91.62644092138045,89.38983552627826,91.56147766113281,21251200
2018-05-24,MSFT,91.62646582504084,91.8213556587539,89.84460276736971,91.23667907714844,26649300
2018-05-25,MSFT,91.22740027011845,91.85847512360967,90.81905563536944,91.2830810546875,18363900
2018-05-29,MSFT,90.80047795147368,91.76565153829323,90.23437353312659,90.958251953125,28671000
2018-05-30,MSFT,91.23663757222955,92.10900726191932,90.86542305619929,91.8305892944336,22158500
2018-05-31,MSFT,92.14617328941662,92.79580607721027,91.5150984039315,91.72854614257812,34140900
2018-06-01,MSFT,92.13684229619173,93.60316362299997,92.03475618606821,93.53820037841797,28655600
2018-06-04,MSFT,93.97440710511283,94.53123605711745,93.59390295495672,94.35490417480469,27281600
2018-06-05,MSFT,94.66117724563559,94.96743569485963,94.22499225682536,94.83750915527344,23514400
2018-06-06,MSFT,95.10666086808442,95.21802244636648,94.56838963816595,95.11593627929688,21122900
2018-06-07,MSFT,95.26440354358084,95.30152642036862,93.15772453877973,93.62174987792969,28232200
2018-06-08,MSFT,93.81663895827812,94.61476310199232,93.30621533736814,94.31778717041016,22165100
2018-06-11,MSFT,93.74239525292857,94.28065923220367,93.42685435980175,93.7795181274414,23490900
2018-06-12,MSFT,93.82592319334769,94.15073951823695,93.50110686845842,94.02081298828125,18325200
2018-06-13,MSFT,94.4013245578546,94.67046012824623,93.32478227628805,93.59391784667969,29492900
2018-06-14,MSFT,94.33635669658648,94.68901341969567,93.73312231509927,94.1229019165039,25691800
2018-06-15,MSFT,94.20640385924038,94.22496175297398,92.8700089356017,92.92568969726562,65738600
2018-06-18,MSFT,92.81436863310532,93.83522316457365,92.26681494302534,93.60321044921875,23586000
2018-06-19,MSFT,92.48026975655696,93.7331370033802,92.34106071125079,93.60321044921875,28653100
2018-06-20,MSFT,94.0765095857676,95.14376231236214,93.84449689207914,94.54053497314453,26180800
2018-06-21,MSFT,94.73540693904744,95.08806361804957,93.62174197086608,93.863037109375,23198200
2018-06-22,MSFT,93.18557739257812,93.51966914204806,92.46169187407527,93.18557739257812,38923100
2018-06-25,MSFT,92.80505985728792,92.90714598956806,90.2993260733268,91.31089782714844,35433300
2018-06-26,MSFT,91.70997587684897,92.87932181770438,91.64501260682731,91.9512710571289,26897200
2018-06-27,MSFT,92.4153040244312,92.8236415778912,90.39215291706353,90.52207946777344,31298400
2018-06-28,MSFT,90.3735670926787,91.97909778540944,90.26220554944804,91.53363037109375,26650700
2018-06-29,MSFT,91.81205926421747,92.7215520976185,91.2552302407209,91.51508331298828,28053200
2018-07-02,MSFT,91.04177367949184,92.86075223031867,90.94897002413165,92.8143539428711,19564500
2018-07-03,MSFT,93.25052879877232,93.38973072648396,91.8213300037306,91.92341613769531,14670300
2018-07-05,MSFT,92.34106409861374,92.73084377539645,91.9048790448713,92.58235931396484,18977400
2018-07-06,MSFT,92.70298629993316,94.13218526525831,92.4988140076774,93.8816146850586,19234600
2018-07-09,MSFT,94.33635771384182,94.8931867333479,93.96513600734939,94.52196502685547,18212000
2018-07-10,MSFT,94.66119908348651,95.1345070614347,94.53127251392692,94.77256774902344,19293100
2018-07-11,MSFT,93.8723249018119,94.97670036339856,93.82591953700832,94.64260864257812,19644600
2018-07-12,MSFT,95.37576615659646,96.89777580000118,95.33865035985974,96.693603515625,24335900
2018-07-13,MSFT,96.86067444513115,98.00217308074333,96.60081424697955,97.84440612792969,24635200
2018-07-16,MSFT,97.81654400238126,98.20632359231298,96.99985486485024,97.36180114746094,21786900
2018-07-17,MSFT,97.08341096853923,98.83742670704378,96.81427534193445,98.32699584960938,25901700
2018-07-18,MSFT,98.31771071416392,98.41979687555427,97.18548752817375,97.55670928955078,29493900
2018-07-19,MSFT,97.3803544785853,97.73301117477426,96.41518095797576,96.88848876953125,40171600
2018-07-20,MSFT,100.30373152497575,100.41509308876898,98.44762993678803,98.62395477294922,56004000
2018-07-23,MSFT,98.6518017779632,100.35941183239926,98.49402776255927,100.20164489746094,29707000
2018-07-24,MSFT,100.75847056747797,100.99048325710379,99.54272633958766,99.91394805908203,26316600
2018-07-25,MSFT,100.19235729888571,103.15284143286216,99.8582584651877,102.85586547851562,30702100
2018-07-26,MSFT,102.7723531346654,103.01364834755962,101.62157201853856,101.73294067382812,31372100
2018-07-27,MSFT,102.25262176173544,102.25262176173544,98.50329625449021,99.9324951171875,37005300
2018-07-30,MSFT,99.47777141622036,99.7933053019624,97.22260760062328,97.7887191772461,34668300
2018-07-31,MSFT,98.82812132813208,99.0415761137542,97.79798444021083,98.44762420654297,27655200
2018-08-01,MSFT,98.40122704173035,98.79100668574907,97.8351154766464,98.63323974609375,23628700
2018-08-02,MSFT,97.81655296805465,100.31300473469274,97.29683972004496,99.8304214477539,26104300
2018-08-03,MSFT,100.04387137017757,100.27588405231577,99.13437854079116,100.2666015625,18659600
2018-08-06,MSFT,100.34082987790626,100.61924079979698,99.82111674554183,100.35010528564453,20265900
2018-08-07,MSFT,100.74918189563337,101.25033012413171,100.38724268846207,101.04615783691406,16080200
2018-08-08,MSFT,101.46377449595177,101.85355405132424,100.93478593352793,101.61225891113281,15487500
2018-08-09,MSFT,101.8164426412747,102.23406970945088,101.7143564966404,101.7793197631836,13677200
2018-08-10,MSFT,101.54732667150856,101.7979043768377,100.58215289637596,101.15754699707031,18183700
2018-08-13,MSFT,101.38026864417348,101.6958096018586,100.3222912857257,100.42437744140625,18472500
2018-08-14,MSFT,100.74920282875887,101.85358565882706,100.26661947908354,101.67725372314453,16788300
2018-08-15,MSFT,101.07168765776001,101.53749874471697,99.51588033317493,100.29844665527344,29982800
2018-08-16,MSFT,100.89468207750905,101.41638820905453,99.96305992391325,100.2798080444336,21384300
2018-08-17,MSFT,100.01894185717188,100.52201860704051,99.39475680200069,100.2238998413086,18061500
2018-08-20,MSFT,100.1586994611514,100.52203153148596,99.19912978269278,99.56246185302734,17914200
2018-08-21,MSFT,99.60902676875041,100.00962453008918,98.6121914706812,98.73330688476562,22881900
2018-08-22,MSFT,98.61220941541887,100.00032451687059,98.54699614508795,99.73947143554688,18000600
2018-08-23,MSFT,99.82329230164926,100.78286176270299,99.56243929565929,100.20525360107422,18167700
2018-08-24,MSFT,100.30776662941695,101.13690986890228,100.20528761260742,100.98785400390625,17234000
2018-08-27,MSFT,101.79835216028835,102.14305492457841,101.09032442327387,102.10578918457031,19662300
2018-08-28,MSFT,102.42253855335933,102.94424466815975,102.28279381326271,102.72065734863281,19151500
2018-08-29,MSFT,102.89764431068866,104.36960873725437,102.72995207085572,104.36029052734375,20818000
2018-08-30,MSFT,104.0342518953662,104.90997905910777,103.8199827644806,104.29510498046875,22798700
2018-08-31,MSFT,104.05287891613271,105.06834363532333,103.89449775073722,104.64911651611328,23222700
2018-09-04,MSFT,103.27031469123203,104.30441585421244,102.68339529104571,104.0715103149414,22634600
2018-09-05,MSFT,103.41936979962729,103.80133115903418,100.7083461165484,101.0716781616211,32872400
2018-09-06,MSFT,100.8481106548489,101.53750914399238,100.15871216570542,101.30460357666016,23477600
2018-09-07,MSFT,100.82947321619756,101.28596610124356,99.8978510219002,100.81083679199219,22498600
2018-09-10,MSFT,101.39774869993062,102.14304924321148,100.9505740601323,101.90082550048828,20727900
2018-09-11,MSFT,101.45362931736356,103.95968746887436,101.44431110793023,103.63362121582031,24301800
2018-09-12,MSFT,103.81065724819193,104.20193684831615,102.95356656952566,104.0715103149414,18891100
2018-09-13,MSFT,104.4534784002669,105.95339063589071,104.4534784002669,105.18946075439453,26055600
2018-09-14,MSFT,105.60868563371923,105.95338838192852,104.75159497665663,105.61800384521484,19122300
2018-09-17,MSFT,105.91613957336344,105.92545067863452,104.21126909051343,104.47212219238281,20736500
2018-09-18,MSFT,104.51868172674466,105.92542592707164,104.08081821904479,105.46893310546875,22170900
2018-09-19,MSFT,105.31989817694219,105.57143305697976,103.44733546479162,104.06220245361328,21728400
2018-09-20,MSFT,104.60253547354795,106.01860514364628,104.27646913757566,105.80432891845703,23714500
2018-09-21,MSFT,106.20491981757561,107.40671318422632,105.7484269769403,106.4471435546875,71229700
2018-09-24,MSFT,105.30124192914528,107.04337776699921,104.5466303233711,106.8291015625,27334500
2018-09-25,MSFT,106.95023423139527,107.22971663415822,105.97202805244117,106.62416076660156,22668000
2018-09-26,MSFT,106.642779751529,107.19243336247436,105.9626925113686,106.18628692626953,19352000
2018-09-27,MSFT,106.93157150492253,107.05268691327154,106.39122904168845,106.58687591552734,19091300
2018-09-28,MSFT,106.38192170320718,106.73593551524198,105.90679247853818,106.54961395263672,21647800
2018-10-01,MSFT,106.90364596428724,107.77005488255469,106.88501664793999,107.70484161376953,18883100
2018-10-02,MSFT,107.4160203574976,107.91908998699377,106.61482486206023,107.27627563476562,20787200
2018-10-03,MSFT,107.52782741372722,108.23586224161757,107.07133454798152,107.294921875,16648000
2018-10-04,MSFT,106.77321157843052,106.91295631775922,103.99697453768518,105.0776596069336,34821700
2018-10-05,MSFT,104.92858720139613,105.4316639530208,103.07466134264541,104.46277618408203,29068900
2018-10-08,MSFT,104.02492819041348,104.36962382209823,101.8635580723057,103.27030944824219,29640600
2018-10-09,MSFT,103.54048867904079,105.34783798554479,103.22374054904613,104.58390808105469,26198600
2018-10-10,MSFT,103.63363562396168,103.87585934892579,98.55629825671792,98.9010009765625,61376300
2018-10-11,MSFT,98.14640042688714,101.48160971334948,97.07503344174032,98.6681137084961,63904300
2018-10-12,MSFT,101.55612138151517,103.63363456698596,99.7953562804719,102.07782745361328,47742100
2018-10-15,MSFT,101.46298370425302,101.99400810791393,99.63699782065764,100.2425537109375,32068100
2018-10-16,MSFT,102.04988960260663,103.79202555522936,101.50022884650546,103.4100570678711,31610200
2018-10-17,MSFT,104.04355185397839,104.1646601628959,102.05919942669286,103.13987731933594,26548200
2018-10-18,MSFT,102.571595270802,102.97219307171095,100.45681615939797,101.08100128173828,32506200
2018-10-19,MSFT,101.48157629557181,103.27960689018722,100.81080737418205,101.23004150390625,32785500
2018-10-22,MSFT,101.8449350593027,102.98151524080322,100.83878141262555,102.13373565673828,26545600
2018-10-23,MSFT,100.40091412557543,101.5188649495755,97.92280294831062,100.7083511352539,43770400
2018-10-24,MSFT,100.99716045710731,101.07168482707127,94.64349058555548,95.32357788085938,63897800
2018-10-25,MSFT,99.26434504065232,101.79835137216658,98.89169475116951,100.89468383789062,61646800
2018-10-26,MSFT,98.46315184134531,101.3139134771301,97.59674291764615,99.64630889892578,55523100
2018-10-29,MSFT,100.71766695462088,101.26732058822215,94.6807525499976,96.74895477294922,55162000
2018-10-30,MSFT,96.57197086648519,97.2427329508717,93.2647088639892,96.6371841430664,65350900
2018-10-31,MSFT,98.23022839769816,100.74560501717713,98.18364445345479,99.50654602050781,51062400
2018-11-01,MSFT,99.73013607081273,99.98167087869739,98.31406667707854,98.67739868164062,33384200
2018-11-02,MSFT,99.19911975047515,99.98167886660374,97.80168666506358,98.9010009765625,37680200
2018-11-05,MSFT,99.09665035645342,100.37296814918133,98.65878681003531,100.15869903564453,27922100
2018-11-06,MSFT,100.03759197644627,101.39775957222082,99.01280895033814,100.3543472290039,24340200
2018-11-07,MSFT,101.95671328579799,104.56525060406315,101.91944755311697,104.30439758300781,37901700
2018-11-08,MSFT,104.15537149269838,104.53733292321978,103.32622825006185,104.1087875366211,25644100
2018-11-09,MSFT,103.27030253710161,103.82927434402275,101.32321586965536,102.07782745361328,32039200
2018-11-12,MSFT,101.93809407385237,102.44117088840322,98.84510881631647,99.56246185302734,33621800
2018-11-13,MSFT,100.19596034135141,101.30458581422434,99.34818081320657,99.62767028808594,35374600
2018-11-14,MSFT,101.14342346177466,101.29313038481442,97.74702795252378,98.21485137939453,39495100
2018-11-15,MSFT,98.23356556746855,100.86273819815426,97.22307234544822,100.3761978149414,38505200
2018-11-16,MSFT,100.18905814192404,101.87321804986729,99.9270781876941,101.3211898803711,33502100
2018-11-19,MSFT,101.30249592109975,101.57383440334958,96.88624814834455,97.88739013671875,44773900
2018-11-20,MSFT,95.24884662815442,96.34355166556425,92.95650769634763,95.16463470458984,64052500
2018-11-21,MSFT,96.9330133026488,97.70960190994444,95.66053300152458,96.47454833984375,28130600
2018-11-23,MSFT,95.59504251794816,97.12950287022898,95.43598425740646,96.43712615966797,13823100
2018-11-26,MSFT,98.04642972961533,99.76801642748327,97.84994475682075,99.61831665039062,32336200
2018-11-27,MSFT,99.4311782289034,100.42296865046923,98.5797433877001,100.24519348144531,29124500
2018-11-28,MSFT,100.94692826196084,104.16555539735893,100.9188600013365,103.96907043457031,46788500
2018-11-29,MSFT,103.2299203489389,103.96908222904433,102.01357656883246,103.09893035888672,28123200
2018-11-30,MSFT,103.57610816790687,103.82873682645403,102.32234475811336,103.7538833618164,33665600
2018-12-03,MSFT,105.72811305035577,106.12108308475571,103.60419746007211,104.87667083740234,34732800
2018-12-04,MSFT,104.73630983861113,105.391259773024,101.24634397501964,101.53639221191406,45197000
2018-12-06,MSFT,99.01014437739481,102.21005472944769,98.24291428470812,102.16327667236328,49107400
2018-12-07,MSFT,101.40540937707884,102.4065512836734,97.58797541545907,98.07450866699219,45044900
2018-12-10,MSFT,98.05578112738414,101.0311380436939,97.20433916823795,100.66622924804688,40801500
2018-12-11,MSFT,102.73402184826766,103.81000996122891,100.52589482160907,101.60188293457031,42381900
2018-12-12,MSFT,103.75389010043203,104.10943337292369,102.02294466417617,102.06037139892578,36183000
2018-12-13,MSFT,102.5281862086454,103.73517153321606,101.63931739492541,102.40654754638672,31333400
2018-12-14,MSFT,101.2837405174029,102.22874554546748,98.71071246730722,99.20660400390625,47043100
2018-12-17,MSFT,98.62654923565783,98.99145097808008,95.16465120918409,96.26871490478516,56957300
2018-12-18,MSFT,97.07334664410845,97.7844401459934,95.9224980441949,97.27919006347656,49319200
2018-12-19,MSFT,96.97978518817669,100.00192013467023,94.82779484946037,97.0172119140625,68198200
2018-12-20,MSFT,96.41839772654423,97.59730745867058,92.42318221908424,94.97750091552734,70334200
2018-12-21,MSFT,95.08980155597557,96.37164050927973,91.18815529906341,91.90860748291016,111242100
2018-12-24,MSFT,91.39397465391515,91.66531306751581,87.93208454078325,88.07242584228516,43935200
2018-12-26,MSFT,89.017434450094,94.21027695616014,87.91337095954383,94.08863830566406,51634800
2018-12-27,MSFT,92.90973347017926,94.67810541533933,90.19635622393604,94.66874694824219,49498500
2018-12-28,MSFT,95.52019289348334,95.81960676784115,93.11558053779957,93.92959594726562,38196300
2018-12-31,MSFT,94.77166566681844,95.81023419069409,93.97636731082483,95.03364562988281,33173800
2019-01-02,MSFT,93.14362209532312,95.20204176459622,92.57287709696324,94.61258697509766,35329300
2019-01-03,MSFT,93.65825524159352,93.74246717635123,90.94487774656791,91.13201141357422,42579100
2019-01-04,MSFT,93.30269725923947,95.91315261010045,92.56353545264427,95.37047576904297,44060600
2019-01-07,MSFT,95.09914885681903,96.62425071012335,94.48162562446007,95.49211883544922,35656100
2019-01-08,MSFT,96.40903195767271,97.27918363028228,95.16462019627305,96.18447875976562,31514400
2019-01-09,MSFT,97.1762716635842,98.13062820412024,96.59616811091757,97.55988311767578,32280800
2019-01-10,MSFT,96.57747827808123,97.0733700140783,95.79153113659144,96.93302154541016,30067600
2019-01-11,MSFT,96.54938038327118,96.7832920464628,95.09912521611608,96.18447875976562,28314200
2019-01-14,MSFT,95.342401504299,96.24997995826448,94.74358817891479,95.48274993896484,28437100
2019-01-15,MSFT,95.91317887683218,98.28972318549908,95.3237166803709,98.2522964477539,31587600
2019-01-16,MSFT,98.48617666816745,99.4218233969287,98.20547979417185,98.59844970703125,29853900
2019-01-17,MSFT,98.24290562305485,99.7680072071823,98.01835240895919,99.29083251953125,28393000
2019-01-18,MSFT,100.5445841354195,100.9562709292653,99.09433616891044,100.77849578857422,37427600
2019-01-22,MSFT,99.88027673015182,100.20775161961642,98.11190518862578,98.87913513183594,32371300
2019-01-23,MSFT,99.29085200221645,100.1516454405016,98.56104142097188,99.84288024902344,25874300
2019-01-24,MSFT,99.9832071295368,100.11419709672076,98.56102014522827,99.36567687988281,23164800
2019-01-25,MSFT,100.33876464627248,100.93757804995484,99.36569108068393,100.27326965332031,31225600
2019-01-28,MSFT,99.42183547117871,99.62767891865167,97.9248019510376,98.3177719116211,29476700
2019-01-29,MSFT,98.13062524320297,98.21483715982536,95.5950234932788,96.31547546386719,31490500
2019-01-30,MSFT,97.88736267231309,99.53409576416016,97.61602426619308,99.53409576416016,49471900
2019-01-31,MSFT,97.12013981771993,98.44875654849314,96.54003623713147,97.7095947265625,55636400
2019-02-01,MSFT,97.1014105274569,97.40081717711266,95.7634355002789,96.16576385498047,35535700
2019-02-04,MSFT,96.24999323619645,98.99143876964271,96.15642284123234,98.93529510498047,31315100
2019-02-05,MSFT,99.23470691068447,100.3668387914485,99.14114364932911,100.32006072998047,27325400
2019-02-06,MSFT,100.11418231281397,100.11418231281397,98.73878072207067,99.20660400390625,20609800
2019-02-07,MSFT,98.42069048440256,98.79494349864189,97.57860692552671,98.49553680419922,29760700
2019-02-08,MSFT,97.6721775146076,98.97272611049542,97.55054598968673,98.86980438232422,21461100
2019-02-11,MSFT,99.36568346974217,99.72123380860805,98.21484194767181,98.47682189941406,18914100
2019-02-12,MSFT,99.30953363686498,100.24518027534188,98.69201056744724,100.01126861572266,25056600
2019-02-13,MSFT,100.58201510021571,100.84399502065554,99.84285338845055,99.93641662597656,18394900
2019-02-14,MSFT,99.46861740052837,100.38555448265308,98.8604526400462,100.0206527709961,21784700
2019-02-15,MSFT,100.96564332268883,101.33054498087621,100.45103475938963,101.25569152832031,26606900
2019-02-19,MSFT,100.85337248550329,101.667387796007,100.84401401846243,101.20891571044922,18038500
2019-02-20,MSFT,101.3498541439657,101.42502727453088,99.87461550891942,100.68270874023438,21607700
2019-02-21,MSFT,100.44779989225414,102.87207962984323,100.41961176001081,102.80630493164062,29063200
2019-02-22,MSFT,103.40767859732853,104.48826193162081,103.19155762912727,104.27214813232422,27763200
2019-02-25,MSFT,105.01448869308025,105.40913697619372,104.54466726016246,104.85474395751953,23750600
2019-02-26,MSFT,104.54466426942678,106.40515307597035,104.46009268608974,105.5782699584961,21536700
2019-02-27,MSFT,104.94869475986418,105.5782536441448,104.18757930306504,105.39971923828125,21487100
2019-02-28,MSFT,105.27756402223072,106.0668604120745,104.98627709296521,105.2681655883789,29083900
2019-03-01,MSFT,106.07626327675757,106.19841424631532,104.92989804170614,105.73799133300781,23501200
2019-03-04,MSFT,106.19843740725517,106.41455842858126,104.11243619106635,105.48431396484375,26608000
2019-03-05,MSFT,105.4748904461263,105.60643984733515,104.51645807033258,104.95808410644531,19538300
2019-03-06,MSFT,105.11784089171334,105.8601595517998,104.70439577244859,105.00508117675781,17687000
2019-03-07,MSFT,104.67618333336524,104.81713115210955,103.23853135376181,103.72714233398438,25339000
2019-03-08,MSFT,102.57140379290612,104.02784572228255,102.233131836775,103.83992004394531,22818400
2019-03-11,MSFT,104.29094349869374,106.132642369858,104.28155223310416,106.01988983154297,26491600
2019-03-12,MSFT,106.01048999751697,107.10987024500496,105.8507524577428,106.76220703125,26132700
2019-03-13,MSFT,107.24141045768977,108.05890212413006,106.91253697196241,107.58908081054688,35513800
2019-03-14,MSFT,107.62669769386021,108.2468582746562,107.42937354683846,107.67367553710938,30763400
2019-03-15,MSFT,108.37839818140405,110.17311938820565,107.67366607444325,108.91400146484375,54681100
2019-03-18,MSFT,109.1582842646279,110.51137196643006,109.045531735414,110.47378540039062,31207600
2019-03-19,MSFT,110.9624033686125,111.29128404982322,109.9287978289778,110.54896545410156,37588700
2019-03-20,MSFT,110.30464500143547,111.58255951976362,109.66568774227139,110.42679595947266,28113300
2019-03-21,MSFT,110.06973568627953,113.52762080687583,110.02275068782326,112.96383666992188,29854400
2019-03-22,MSFT,112.28732110031706,112.37188551613778,109.97580053877172,109.98519897460938,33624500
2019-03-25,MSFT,109.52475215046488,110.88723838338427,109.2992399070146,110.55836486816406,27067100
2019-03-26,MSFT,111.46042705620823,111.5449914637493,109.79725535218049,110.79328155517578,26097700
2019-03-27,MSFT,110.76508810262303,111.07517193993614,108.54753057277455,109.72208404541016,22733400
2019-03-28,MSFT,110.35163338656264,110.48318278199572,109.12069665943253,109.8724136352539,18334800
2019-03-29,MSFT,110.94363078680836,111.17854149882997,109.90062665191995,110.82147979736328,25399800
2019-04-01,MSFT,111.7704984898254,111.9208447658488,110.97180361293991,111.83627319335938,22789100
2019-04-02,MSFT,111.87386693612073,112.26852235153636,111.36645897536248,111.99602508544922,18142300
2019-04-03,MSFT,112.62556634936014,113.16116236238899,111.95842094147538,112.72892761230469,22860700
2019-04-04,MSFT,112.85108768529369,112.9732458253119,111.23490108210896,112.15575408935547,20112800
2019-04-05,MSFT,112.18394146701624,112.97324506346261,112.16515176731973,112.65376281738281,15826200
2019-04-08,MSFT,112.57859313588389,112.77591724882525,111.47921286282273,112.69135284423828,15116200
2019-04-09,MSFT,111.46981246777851,112.32489077772428,111.42283463346922,112.08058166503906,17612000
2019-04-10,MSFT,112.5316146577548,113.0860004239597,112.3248921114055,112.93566131591797,16477200
2019-04-11,MSFT,113.26450087149084,113.55578773459703,112.68191997637554,113.06717681884766,14209100
2019-04-12,MSFT,113.35849333413681,113.67797557596433,113.10479296263375,113.6497802734375,19745100
2019-04-15,MSFT,113.64039787798862,114.24176867187921,113.29272747540283,113.74375915527344,15792600
2019-04-16,MSFT,114.29812057637399,114.30751900927952,112.85107017178767,113.48062896728516,14071800
2019-04-17,MSFT,113.92227860343665,114.49546122225212,113.26453158294588,114.4202880859375,19300900
2019-04-18,MSFT,114.81493509545452,116.06465434326424,113.97865372941985,115.92371368408203,27991000
2019-04-22,MSFT,115.2189919030442,116.5156962645373,115.17200689989167,116.2901840209961,15648700
2019-04-23,MSFT,116.60967219916809,118.00034672316242,116.35597179280253,117.8687973022461,24025500
2019-04-24,MSFT,118.19765710371738,118.25403337214976,117.00430684992892,117.46473693847656,31257000
2019-04-25,MSFT,122.20992139664241,123.44085098045554,121.05416494575493,121.35484313964844,38033900
2019-04-26,MSFT,121.87165937363677,122.6421732953985,121.23270919854578,122.0501937866211,23654900
2019-04-29,MSFT,122.05958276790737,122.32268158070436,121.54279074564829,121.93743896484375,16324200
2019-04-30,MSFT,121.97499007305169,122.81127132071435,121.58034194539356,122.71731567382812,24166500
2019-05-01,MSFT,122.65154568232289,122.76429820461674,119.99235544169818,120.16149139404297,26821700
2019-05-02,MSFT,120.25549516322148,120.27428486591313,117.94396744231742,118.59232330322266,27350200
2019-05-03,MSFT,119.67289822124388,121.61795120944885,119.56953694781589,121.11994171142578,24911100
2019-05-06,MSFT,118.76144091001109,120.80046385929943,118.49834209963903,120.41520690917969,24239800
2019-05-07,MSFT,118.82720557108271,119.50374940852787,116.72240809706778,117.94393920898438,36017700
2019-05-08,MSFT,117.86878035271118,118.74264833393927,117.22042460792444,117.93455505371094,28419000
2019-05-09,MSFT,116.78820397554196,118.19766816954719,116.11166001539455,117.9251708984375,27235800
2019-05-10,MSFT,117.37076361756615,120.20848118803416,116.34654942946551,119.4567642211914,30915100
2019-05-13,MSFT,116.61905292538538,117.97214067094319,115.61363555025692,115.90492248535156,33944900
2019-05-14,MSFT,116.39353639477913,118.2822129395221,116.23379169761566,117.20162963867188,25266300
2019-05-15,MSFT,117.19220137694683,119.50284463137494,116.66404879659433,118.85208892822266,24722700
2019-05-16,MSFT,119.54056868491078,122.0209811451514,119.2670627727902,121.59656524658203,30112200
2019-05-17,MSFT,121.01185466410145,123.03957347304014,120.64403804530934,120.78551483154297,25770500
2019-05-20,MSFT,119.32363472899455,120.33277364879342,118.60686813607745,119.04070281982422,23706900
2019-05-21,MSFT,120.18189025295149,120.27620089890222,119.38023896920862,119.68203735351562,15293300
2019-05-22,MSFT,119.41795352989098,120.94581175539437,119.32363569729516,120.4082260131836,15396500
2019-05-23,MSFT,119.02183471270564,119.10671932107925,117.64487929341135,119.00297546386719,23603800
2019-05-24,MSFT,119.69147440037712,120.17246086872368,118.80493847014878,119.05957794189453,14123400
2019-05-28,MSFT,119.75749735384237,120.7194775243704,118.8803946121367,118.98413848876953,23128400
2019-05-29,MSFT,118.24847959860224,118.25791282102927,116.98470122011818,117.83351135253906,22763100
2019-05-30,MSFT,118.13530723024229,118.60686760552377,117.68260610397833,118.57857513427734,16829600
2019-05-31,MSFT,117.16391438853874,117.53173096960303,116.30567090242772,116.64519500732422,26646800
2019-06-03,MSFT,116.80553005992216,117.29595699110146,112.24082804376893,113.02361297607422,37983600
2019-06-04,MSFT,114.38169805533683,116.26793979687059,113.78753449711253,116.15476989746094,29382600
2019-06-05,MSFT,117.84295396842124,118.71063066784006,117.14504651482567,118.67290496826172,24926100
2019-06-06,MSFT,119.24819378924208,120.69116743213999,118.45596859199114,120.54969787597656,21459000
2019-06-07,MSFT,121.8417971960724,124.72774498544376,120.9646872338983,123.92608642578125,33885600
2019-06-10,MSFT,124.86918750943556,126.45363792839265,124.49194494776454,125.05782318115234,26477100
2019-06-11,MSFT,126.26502719756093,126.60455128778611,123.81290716916996,124.58627319335938,23913700
2019-06-12,MSFT,123.9260868762941,124.46367272456213,123.27534551017266,124.01097869873047,17092500
2019-06-13,MSFT,124.47306734021436,125.4350544943543,124.07695836871673,124.79373931884766,17200800
2019-06-14,MSFT,124.73720176844094,126.18017601889548,124.15247124341383,124.91639709472656,17821700
2019-06-17,MSFT,125.08612949938512,126.12355385425246,124.99181165308678,125.29361724853516,14517800
2019-06-18,MSFT,126.55740054586144,127.54768040559775,125.97267017135654,127.47222900390625,25934500
2019-06-19,MSFT,127.32133587777675,128.19843150619909,126.1990195774978,127.97209167480469,23744400
2019-06-20,MSFT,129.63194551157312,129.83000720305026,128.00035062712908,129.16038513183594,33042600
2019-06-21,MSFT,128.8114893546655,129.89607292890034,128.69831942090514,129.17930603027344,36727900
2019-06-24,MSFT,129.20761909508226,130.52798316889536,129.20761909508226,129.94325256347656,20628800
2019-06-25,MSFT,129.44335874692433,129.76401643682027,125.18044774817903,125.84062957763672,33327400
2019-06-26,MSFT,126.70830302100477,128.0192405413714,126.00096232172312,126.31217956542969,23657700
2019-06-27,MSFT,126.51024255040215,127.04782839482243,125.91607175201837,126.51966857910156,16557500
2019-06-28,MSFT,126.91577362699385,126.94406609987122,125.58596983823163,126.34046936035156,30043000
2019-07-01,MSFT,128.8585845057869,128.9245954708428,127.29300070625982,127.96260833740234,22613500
2019-07-02,MSFT,128.37759001410043,128.82085791141125,127.6419569910911,128.81143188476562,15237800
2019-07-03,MSFT,129.0189399602624,129.90547589480042,128.53793909869498,129.6414031982422,13629300
2019-07-05,MSFT,128.20783898785004,129.51877627445242,128.00035126845566,129.26412963867188,18141100
2019-07-08,MSFT,128.64168578550303,129.30188193222187,127.67027240386963,129.1698455810547,16779700
2019-07-09,MSFT,128.26443079833118,129.1792591398545,128.07580951356877,128.69827270507812,19953100
2019-07-10,MSFT,129.33021367539038,130.6977365257329,129.22646976862578,130.00926208496094,24204400
2019-07-11,MSFT,130.33933276029182,131.30132030892395,130.02810107129656,130.5279541015625,22327900
2019-07-12,MSFT,130.9523214177587,131.21639407552817,130.1600890535697,130.9994659423828,18936800
2019-07-15,MSFT,131.50875920442434,131.60306264455315,130.58450490223115,130.9994659423828,16651500
2019-07-16,MSFT,131.05606105346814,131.14093846411384,128.75484420342866,129.28298950195312,22726100
2019-07-17,MSFT,129.86774472105847,130.0846584980588,128.47192982206073,128.5190887451172,20211000
2019-07-18,MSFT,127.84002722937852,128.84915900141928,127.01007632087297,128.66053771972656,30381800
2019-07-19,MSFT,132.24437638972378,132.6687777966522,128.6888075717385,128.84913635253906,48992400
2019-07-22,MSFT,129.59424046581816,131.27299444067646,129.5187890703222,130.55621337890625,25074900
2019-07-23,MSFT,131.81060818450828,132.02753641281862,130.17901260661657,131.36734008789062,18034600
2019-07-24,MSFT,130.999470910127,132.734824086695,130.95232638371508,132.71595764160156,20738300
2019-07-25,MSFT,132.4424653013314,132.61223455200232,131.39561488420782,132.21612548828125,18356900
2019-07-26,MSFT,132.38587652901236,133.62136260921432,132.31986554907147,133.3007049560547,19037600
2019-07-29,MSFT,133.45161455582243,133.46104058461356,131.4427623252704,133.0083465576172,16605900
2019-07-30,MSFT,132.16894270298536,133.18751485047696,131.84828509846412,132.36700439453125,16846500
2019-07-31,MSFT,132.34815728682352,132.49906008425108,127.3967725744344,128.5190887451172,38598800
2019-08-01,MSFT,129.20758463289823,132.92348389495535,129.1415592513733,130.20729064941406,40557500
2019-08-02,MSFT,130.23555156042286,130.4524797120907,127.56651789282414,129.1132354736328,30791600
2019-08-05,MSFT,125.71799292724394,126.31214918593857,123.34132471982568,124.68999481201172,42749600
2019-08-06,MSFT,126.18958412417479,127.96264169818329,125.63314622570624,127.02896118164062,32696700
2019-08-07,MSFT,126.18011783742486,127.93432299453184,124.33160924057348,127.58537292480469,33414500
2019-08-08,MSFT,128.8303109046697,131.0843691087158,128.1984072857203,130.99005126953125,27496500
2019-08-09,MSFT,130.72600039635486,131.45220758475168,128.69829603356456,129.877197265625,23466700
2019-08-12,MSFT,129.2735528721557,130.0186118448453,127.54764037618993,128.06634521484375,20484300
2019-08-13,MSFT,128.31163667496244,130.90521986453362,127.32135657894882,130.7165985107422,25154600
2019-08-14,MSFT,129.03220470731083,129.56210877956542,126.48675923848506,126.78009796142578,32527300
2019-08-15,MSFT,127.16807543092283,127.34786741626806,125.14307650956779,126.49622344970703,28074400
2019-08-16,MSFT,127.63176350712365,129.1268585007604,127.48035819259715,128.81459045410156,24449100
2019-08-19,MSFT,130.44215701336793,131.10453719319122,129.53373959617815,130.97206115722656,24355700
2019-08-20,MSFT,130.78279472179804,131.2559254227919,129.8649200067657,129.8838348388672,21170800
2019-08-21,MSFT,131.1045105249062,131.99399848779527,130.58406390419427,131.33160400390625,14970300
2019-08-22,MSFT,131.20866102632215,131.71963603112124,128.96601080392531,130.37594604492188,18697000
2019-08-23,MSFT,129.81758210656008,130.9152486126461,125.6634958315282,126.22178649902344,38508600
2019-08-26,MSFT,127.73582466705759,128.2751861276735,126.70438882341962,128.1710968017578,20312600
2019-08-27,MSFT,129.06060558214665,129.3728736102259,127.42357722779603,128.44554138183594,23102100
2019-08-28,MSFT,127.63172626119776,128.46442637048108,126.3731970242249,128.27517700195312,17393300
2019-08-29,MSFT,129.87438896347172,131.00044244210687,129.55266352352007,130.6976318359375,20168700
2019-08-30,MSFT,131.67225459059952,131.70064127459696,128.9470318552338,130.4515838623047,23940100
2019-09-03,MSFT,129.2687765890835,129.82706737636414,128.40767520875343,128.72940063476562,18869300
2019-09-04,MSFT,129.9216950134586,130.29073638731955,129.14575372345155,130.2339630126953,17995900
2019-09-05,MSFT,131.63445281863304,132.83620910322242,131.3032554804308,132.52394104003906,26101800
2019-09-06,MSFT,132.50500103443846,132.6469344885703,130.77334070000464,131.62498474121094,20824500
2019-09-09,MSFT,132.08863656852438,132.240041870684,129.1268479536001,130.1298828125,25773900
2019-09-10,MSFT,129.4485670781148,129.53372714187452,127.28162030820413,128.7672576904297,28903400
2019-09-11,MSFT,128.60637744017552,128.94703208756022,127.83043623937644,128.80508422851562,24726100
2019-09-12,MSFT,130.4421508336526,130.98151236924028,129.51480418702818,130.1298828125,27010000
2019-09-13,MSFT,130.3759002290318,130.6408522774952,129.2309319707729,129.9406280517578,23363100
2019-09-16,MSFT,128.53068401082606,129.35392678481404,128.36982131009293,129.00381469726562,16731400
2019-09-17,MSFT,129.59996573108685,130.1298697968399,129.0984339129961,130.00685119628906,17814200
2019-09-18,MSFT,129.9784745995527,131.2180748007653,129.19307585584306,131.07614135742188,23982100
2019-09-19,MSFT,132.760464714073,134.7192181180876,132.54282865558287,133.4890899658203,35772100
2019-09-20,MSFT,133.43232404235206,134.03793080267528,130.82064759573402,131.9467010498047,39167300
2019-09-23,MSFT,131.7480171463871,132.12653050316985,131.00047672980452,131.66285705566406,17139300
2019-09-24,MSFT,132.81726115740835,133.1295291766946,129.52427526854157,129.99740600585938,29773200
2019-09-25,MSFT,130.11097029846502,132.43878019287956,128.71996458816966,131.8710174560547,21382000
2019-09-26,MSFT,131.9466728201857,132.6468969139585,131.00041155720535,132.04129028320312,17456600
2019-09-27,MSFT,132.6185647463305,132.8172860463166,129.306648964479,130.32861328125,22477700
2019-09-30,MSFT,130.63138372971025,131.7385077890502,130.37588911946182,131.5587158203125,17280900
2019-10-01,MSFT,132.15490041756343,132.7131913042607,129.63784106013344,129.70408630371094,21466600
2019-10-02,MSFT,128.92810160824132,129.0416483433697,126.40158568002407,127.41407775878906,30521700
2019-10-03,MSFT,127.69796784890939,129.40124118739985,126.0609397363503,128.9564971923828,24132900
2019-10-04,MSFT,129.40125822043538,130.82065044954436,129.08899019737487,130.6976318359375,22897700
2019-10-07,MSFT,129.7702720420011,130.75437742528794,129.6567253082222,129.7513427734375,15303700
2019-10-08,MSFT,129.7135043968991,130.35695516843117,128.33195650684203,128.3792724609375,25550500
2019-10-09,MSFT,130.07310496994796,131.24645992440614,129.60943166254842,130.81118774414062,19749900
2019-10-10,MSFT,131.047764629733,132.16434630571698,130.82065666431697,131.62498474121094,17654600
2019-10-11,MSFT,132.59013966516196,133.45124098445604,132.00346223121787,132.1737823486328,25446000
2019-10-14,MSFT,132.18328781663408,132.7510361245282,132.02242507412376,132.05081176757812,13304300
2019-10-15,MSFT,132.53338562580973,134.17041400568684,132.29682024680068,133.96224975585938,19695700
2019-10-16,MSFT,133.22417839226554,133.41344228331502,132.03189384821536,132.86460876464844,20751600
2019-10-17,MSFT,133.3755576261333,133.82030169320313,131.54927983315682,132.1832733154297,21460600
2019-10-18,MSFT,132.24949306427663,132.47660100682907,129.22145935759556,130.02578735351562,32273500
2019-10-21,MSFT,131.00989606891406,131.05721202960976,129.64727725818096,130.990966796875,20078200
2019-10-22,MSFT,131.50192624549086,132.48603158626617,128.93755192095026,129.04164123535156,27431000
2019-10-23,MSFT,129.5242744928379,130.06363602197183,128.32251838438262,129.86492919921875,29844600
2019-10-24,MSFT,131.89938363425736,132.8740317777983,131.21807423155636,132.41983032226562,37029300
2019-10-25,MSFT,131.85205567325806,133.5553290249875,131.71957965916815,133.1673583984375,25959700
2019-10-28,MSFT,136.64014358049613,137.84189962947013,135.79797149234983,136.44143676757812,35280100
2019-10-29,MSFT,136.3373217944861,136.73474978438668,134.98416070712858,135.1544952392578,20589500
2019-10-30,MSFT,135.80743054115874,137.20789327099118,135.11664937220178,136.83885192871094,18496600
2019-10-31,MSFT,137.1132602397693,137.14164692441986,135.30591208220838,135.6654815673828,24605100
2019-11-01,MSFT,136.5076789591139,136.65908426461232,135.28700797569383,135.9967041015625,33128400
2019-11-04,MSFT,137.04704127218403,137.20790397867506,136.41304786231828,136.78208923339844,16912000
2019-11-05,MSFT,137.17951805379514,137.22683401215616,136.17648326727598,136.69692993164062,18250200
2019-11-06,MSFT,136.61177443727,136.75372233210163,135.50465016384854,136.3184356689453,16575800
2019-11-07,MSFT,136.11021665536822,137.0943364549838,136.04398587511005,136.5076446533203,17786700
2019-11-08,MSFT,136.24272486744755,138.14471969732065,136.03454618518478,138.1163330078125,16732700
2019-11-11,MSFT,137.52962967730747,138.5515937313759,136.95240964043924,138.2582550048828,14362600
2019-11-12,MSFT,138.41913233413342,139.63981776605712,138.21095364712016,139.16668701171875,18641600
2019-11-13,MSFT,138.85440680607223,139.53571618768487,138.41912019717392,139.39376831054688,16919200
2019-11-14,MSFT,139.11936428055844,140.4346671360793,139.10043500844046,140.1034698486328,19729800
2019-11-15,MSFT,140.92673797095122,141.92978742980915,140.30221626711236,141.91085815429688,23485700
2019-11-18,MSFT,142.00544512907695,142.45964652590888,140.9740093029432,142.26092529296875,21534000
2019-11-19,MSFT,142.7719619794129,143.19777683297937,142.12849655100456,142.30828857421875,23935700
2019-11-20,MSFT,142.71653051718937,143.21975444233186,140.9599988217842,142.06138610839844,25696800
2019-11-21,MSFT,141.8525065510423,142.2323077802058,140.99797913931158,141.928466796875,18576100
2019-11-22,MSFT,142.48870530776293,142.70708201092756,141.30185335239582,142.03294372558594,15901800
2019-11-25,MSFT,142.42222966400294,143.7040355261543,142.34626940296286,143.590087890625,22420900
2019-11-26,MSFT,143.7135043560251,144.71995231545992,143.6755314749622,144.3496551513672,24620100
2019-11-27,MSFT,144.634474337647,144.79588440466082,143.86539687625552,144.62498474121094,15184400
2019-11-29,MSFT,144.41614126354276,144.60603466505887,143.63755948300738,143.73251342773438,11977300
2019-12-02,MSFT,144.14075664622644,144.15975032921867,140.82707611687533,141.99493408203125,27418400
2019-12-03,MSFT,140.03899571455364,141.88097718200572,139.24142044839056,141.7670440673828,24066000
2019-12-04,MSFT,142.55514365956435,142.59311654269516,141.6626287826511,142.27980041503906,17574700
2019-12-05,MSFT,142.46967576024716,142.72603977470254,141.92846445061193,142.35572814941406,17869100
2019-12-06,MSFT,143.36223099184033,144.19776494216782,142.678603085611,144.08383178710938,16403500
2019-12-09,MSFT,143.43811206484284,144.5205199041124,143.28619161668152,143.7134552001953,16687400
2019-12-10,MSFT,143.6470690133944,144.21676378492603,143.14384490998205,143.4951629638672,16476100
2019-12-11,MSFT,143.88438018425694,144.1977107308099,142.7355160014967,144.0363006591797,18856600
2019-12-12,MSFT,143.98880341590188,145.68838270281879,143.39064017305014,145.4984893798828,24612100
2019-12-13,MSFT,145.270652785477,147.06517203448604,145.10924268760104,146.72335815429688,23845400
2019-12-16,MSFT,147.2740863020668,148.024170364617,146.998743022582,147.67286682128906,24144200
2019-12-17,MSFT,147.59684461237717,147.84371898824114,146.64736344473508,146.875244140625,25425600
2019-12-18,MSFT,146.50501598869428,147.62539733939255,146.39106834317573,146.57147216796875,24129200
2019-12-19,MSFT,146.22011539685346,147.90070129927008,145.98274507965075,147.84373474121094,24958900
2019-12-20,MSFT,149.40090391753216,150.48331213280017,148.39444146479494,149.45787048339844,53477500
2019-12-23,MSFT,150.13199416339762,150.13199416339762,149.32494366706504,149.45787048339844,17718200
2019-12-24,MSFT,149.5242912312849,149.74268233262595,149.182477429113,149.42935180664062,8989200
2019-12-26,MSFT,149.60028043545944,150.71117188567098,149.448359941088,150.65420532226562,14520600
2019-12-27,MSFT,151.39480203018746,151.48975596266368,150.22694399799698,150.9295654296875,18412800
2019-12-30,MSFT,150.95803616662798,150.98651944641657,148.8121991696551,149.62875366210938,16348400
2019-12-31,MSFT,148.85018940688747,149.7996707193214,148.54634843269977,149.7332000732422,18369400
2020-01-02,MSFT,150.7586493016358,152.61013505752078,150.33138558688324,152.5056915283203,22622100
2020-01-03,MSFT,150.32187193960533,151.8695164582388,150.07499755302646,150.60670471191406,21116200
2020-01-06,MSFT,149.1445015835941,151.0624575735421,148.6032903709724,150.99598693847656,20813700
2020-01-07,MSFT,151.27134992032552,151.60365964357203,149.37238754314603,149.61924743652344,21634100
2020-01-08,MSFT,150.9010700366723,152.67661008398238,149.97058233307885,152.00247192382812,27746500
2020-01-09,MSFT,153.66405788565248,154.0248654340376,152.89498031182998,153.90142822265625,21385000
2020-01-10,MSFT,154.59457400804902,154.97436078640044,153.03741054817215,153.1893310546875,20725900
2020-01-13,MSFT,153.58805000082654,155.05974853136001,153.11330947406935,155.03126525878906,21626500
2020-01-14,MSFT,155.13577932217422,155.33517680880362,153.5501469800864,153.93943786621094,23477400
2020-01-15,MSFT,154.40463316070066,155.6579553399232,154.35717068949413,154.93634033203125,21417900
2020-01-16,MSFT,156.0472507145809,157.84176971460525,155.7434097574871,157.77529907226562,23865400
2020-01-17,MSFT,158.96216695443158,159.00964391984007,157.07269383948528,158.65834045410156,34371700
2020-01-21,MSFT,158.2595838133145,159.6933102805738,158.02221341679493,158.08868408203125,29517200
2020-01-22,MSFT,158.94314034249766,159.02860465770164,157.31003158873907,157.3290252685547,24138800
2020-01-23,MSFT,157.7943071736997,158.37349137414458,156.92078607413185,158.2975311279297,19680800
2020-01-24,MSFT,159.04762811314887,159.06662179825054,156.14221727387803,156.70240783691406,24918100
2020-01-27,MSFT,153.00891432015612,155.1262681697583,152.10690993192532,154.0818328857422,32078100
2020-01-28,MSFT,155.50607513287835,157.38604440058108,154.8319513975017,157.10121154785156,24899900
2020-01-29,MSFT,159.36094890964196,160.22498042935823,157.3195697689756,159.55084228515625,34754500
2020-01-30,MSFT,165.2572062683325,165.2572062683325,162.16188827448875,164.05136108398438,51597500
2020-01-31,MSFT,163.51021759011365,163.69060690756305,161.0130765768957,161.63023376464844,36142700
2020-02-03,MSFT,161.82009384934952,165.68448976248862,161.7916105688836,165.570556640625,30107000
2020-02-04,MSFT,168.1911186016925,171.51430318526613,167.40304737617856,171.02056884765625,36433300
2020-02-05,MSFT,174.733038337566,174.89444841618726,169.39695819420768,170.81167602539062,39186300
2020-02-06,MSFT,171.82763248366683,174.5336599911423,170.9636010212311,174.35325622558594,27751400
2020-02-07,MSFT,173.61264358086075,176.2522001633859,173.2613256843261,174.60009765625,33529100
2020-02-10,MSFT,174.30581928499586,179.3000868675421,173.9924886446548,179.1671600341797,35844300
2020-02-11,MSFT,181.01861612373997,181.06609308949365,174.22983017110295,175.12234497070312,53159900
2020-02-12,MSFT,176.20476736113224,176.46113140653625,172.66320564680828,175.37872314453125,47062900
2020-02-13,MSFT,173.8310214211516,176.8218814332766,173.63162399264098,174.42919921875,35295800
2020-02-14,MSFT,173.99244218660291,176.0433252005315,173.42274763120017,175.98635864257812,23149500
2020-02-18,MSFT,176.23323763923193,178.2176502251347,176.12879410902988,177.77139282226562,27792200
2020-02-19,MSFT,179.04715195867632,179.1613962650694,177.53335678894416,178.30453491210938,29997500
2020-02-20,MSFT,177.99035168966387,178.2759769882036,172.4207237419166,175.58160400390625,36862400
2020-02-21,MSFT,174.39154073840234,174.70572716816383,168.75525962156425,170.03103637695312,48572600
2020-02-24,MSFT,159.7295593689588,166.1846239809881,155.40713255877654,162.7000274658203,68311100
2020-02-25,MSFT,165.8514056385486,166.46073285003268,159.61531360581694,160.01519775390625,68073300
2020-02-26,MSFT,161.5766106394394,164.95646434698395,160.14849852836164,162.01455688476562,56206100
2020-02-27,MSFT,155.4928131937102,159.0250014278775,150.40872435941077,150.59913635253906,93174900
2020-02-28,MSFT,145.1056977436323,155.8641439606252,144.7153436590033,154.24560546875,97012700
2020-03-02,MSFT,157.38748705939656,164.6327770616493,154.53126258325238,164.50900268554688,71030800
2020-03-03,MSFT,165.47057497886473,166.6130616388873,154.48362552167413,156.62579345703125,71677000
2020-03-04,MSFT,160.4150259950056,162.5191023506176,157.68256250127695,162.3762969970703,49814400
2020-03-05,MSFT,158.0920102947307,162.6810028946942,157.74926281414156,158.3014678955078,47817300
2020-03-06,MSFT,154.8168725190958,155.29290988438083,148.5236579689275,153.82672119140625,72821100
2020-03-09,MSFT,143.76331289372783,150.1898186025534,142.81123797390183,143.40151977539062,70419300
2020-03-10,MSFT,150.5801493440142,153.31259928936166,145.26757037585006,153.20787048339844,65354400
2020-03-11,MSFT,149.5995351314192,150.14221027535797,143.90611671459507,146.26727294921875,56371600
2020-03-12,MSFT,138.33649116305943,146.11494165006954,131.9385464283136,132.39553833007812,93226400
2020-03-13,MSFT,140.43103844978467,154.15044033680311,133.98548773594624,151.21804809570312,92727400
2020-03-16,MSFT,133.29043474929534,142.1923374524822,128.53006207967763,128.929931640625,87905900
2020-03-17,MSFT,133.2904264715252,140.43098503249973,128.53005409754215,139.54556274414062,81059800
2020-03-18,MSFT,131.38627647927117,139.00287221719995,128.5490986345937,133.67124938964844,81593200
2020-03-19,MSFT,135.92768183857297,142.95398184254185,132.33835686874824,135.8705596923828,85922700
2020-03-20,MSFT,139.00287956166673,140.05016734196866,129.34884453485387,130.76744079589844,84866200
2020-03-23,MSFT,130.4437553300874,133.83315361883407,126.16894903091577,129.46311950683594,78975200
2020-03-24,MSFT,136.86075403148243,142.43039748481058,134.49961256876347,141.23077392578125,82516700
2020-03-25,MSFT,141.77344860070977,146.9336917873563,137.5176734833681,139.87881469726562,75638200
2020-03-26,MSFT,141.2878703475674,149.15201614833694,141.25930927065227,148.6283721923828,64568100
2020-03-27,MSFT,144.4773760926674,147.46689090485182,142.04958202382878,142.52561950683594,57042300
2020-03-30,MSFT,145.1342488589376,152.90318078769192,142.82070011414092,152.5509033203125,63420300
2020-03-31,MSFT,151.76071229538607,156.8828791989714,149.05682343931457,150.15171813964844,77927200
2020-04-01,MSFT,145.66746021865882,150.189816009761,143.59194390247364,144.8201141357422,57969900
2020-04-02,MSFT,144.58205901009748,148.02856464387787,143.15394701455227,147.81910705566406,49630700
2020-04-03,MSFT,147.66679583020962,149.83752504353316,144.89625489063627,146.45765686035156,41243300
2020-04-06,MSFT,152.63662871229192,158.5204436100187,150.02793870466274,157.34939575195312,67111700
2020-04-07,MSFT,161.4623720516996,161.85272623097657,155.43573644344502,155.65472412109375,62769000
2020-04-08,MSFT,157.73022420929914,158.68229897209625,155.66422371733032,157.2161102294922,48318200
2020-04-09,MSFT,158.38714875924393,159.34873898293552,155.502363560662,157.22561645507812,51385100
2020-04-13,MSFT,156.4735003826598,157.6350328097064,154.5217441222941,157.57789611816406,41905300
2020-04-14,MSFT,160.90064788801928,165.42300337599616,159.9485730484452,165.37539672851562,52874300
2020-04-15,MSFT,162.99519027424256,165.2516172547934,161.12913194567304,163.64260864257812,40940800
2020-04-16,MSFT,165.94662248113914,168.78380100859152,164.61370918973023,168.5552978515625,50479600
2020-04-17,MSFT,170.89738866253217,171.37342595685678,167.44135325693384,170.04052734375,52765600
2020-04-20,MSFT,168.16497619786358,170.18337012056065,166.6035741104452,166.6702117919922,36669600
2020-04-21,MSFT,165.18500030732156,165.3468513020736,158.1491671577528,159.7772216796875,56203700
2020-04-22,MSFT,163.17605605791945,165.66097120712655,162.63338112033648,165.2039794921875,34620200
2020-04-23,MSFT,165.76573426475736,166.67020236608755,162.71909798935198,163.20465087890625,32790800
2020-04-24,MSFT,163.81396026372389,166.19414686415578,162.52866821599432,166.18463134765625,34277600
2020-04-27,MSFT,168.12688171023376,168.42202256727543,164.9945620799262,165.7086181640625,33194400
2020-04-28,MSFT,167.17480495947623,167.25097268418668,161.27194430574508,161.67181396484375,34392700
2020-04-29,MSFT,164.91837891627318,169.16462389704049,163.64260231864407,168.92660522460938,51286600
2020-04-30,MSFT,171.37342464141506,171.75424866294946,167.7840994020573,170.6212921142578,53875900
2020-05-01,MSFT,167.37473740415624,170.07862610171935,165.67051553295815,166.2036895751953,39370500
2020-05-04,MSFT,166.1275265673795,170.42137841371047,165.4705926725567,170.26904296875,30372900
2020-05-05,MSFT,171.96372550563353,174.84851064820512,171.2782305680416,172.09701538085938,36839200
2020-05-06,MSFT,173.35377128207907,175.37216509231774,172.92534055240677,173.79171752929688,32139300
2020-05-07,MSFT,175.34359359711726,175.70538662746563,173.82979832935465,174.80091857910156,28316000
2020-05-08,MSFT,176.11477265228294,176.1338182138458,174.57241629834766,175.8291473388672,30877800
2020-05-11,MSFT,174.3724765562878,178.5235228546766,174.08686576655347,177.79043579101562,30892700
2020-05-12,MSFT,177.84756178761603,178.0760504243352,173.56322551904262,173.76315307617188,32038200
2020-05-13,MSFT,173.80126472459057,175.2293769827589,168.0792856459235,171.1354522705078,44711500
2020-05-14,MSFT,169.03135805959138,172.03040247522281,167.26049830376897,171.87806701660156,41873900
2020-05-15,MSFT,170.47850665967295,178.09510484951207,168.51723495019067,174.38201904296875,46610400
2020-05-18,MSFT,176.84789609269052,177.2763268520163,175.14368857359156,176.04815673828125,35264500
2020-05-19,MSFT,176.16236643542155,177.65713056761624,174.6961779072391,174.8294677734375,26799100
2020-05-20,MSFT,176.44297810112155,177.43590168394044,175.61237082100766,177.25450134277344,31261300
2020-05-21,MSFT,177.0062391047125,178.218745508789,174.9917661551853,175.12542724609375,29119500
2020-05-22,MSFT,174.89630791276787,176.10881435595059,174.27572709584703,175.20181274414062,20826900
2020-05-26,MSFT,177.90367329268187,178.05643297814373,172.90091742151233,173.34963989257812,36073600
2020-05-27,MSFT,172.04168637143127,173.75065470607606,168.60468023193414,173.57879638671875,39517100
2020-05-28,MSFT,172.55722391368937,175.81282928367528,172.21352188845154,173.1873321533203,33810200
2020-05-29,MSFT,174.45712104187402,175.92740760351523,172.2421637494854,174.95358276367188,42130400
2020-06-01,MSFT,174.27577922159315,174.71495984751058,173.24468736034046,174.5526580810547,22622400
2020-06-02,MSFT,175.90831405939235,176.6243587570561,173.13961372227922,176.53843688964844,30794600
2020-06-03,MSFT,176.45256321763313,177.521852263122,175.26869708300563,176.96810913085938,27311000
2020-06-04,MSFT,175.9560768868558,177.42634912002515,174.0466241036408,174.6385498046875,28761800
2020-06-05,MSFT,174.35211372363253,179.2307657407467,173.7697300929723,178.72476196289062,39893600
2020-06-08,MSFT,177.52182405822072,180.0136604735111,176.0897344992715,179.83226013183594,33211600
2020-06-09,MSFT,179.4885514465179,182.06630964412432,178.78204871231318,181.20706176757812,29783900
2020-06-10,MSFT,182.47689466715082,189.53232346307428,182.3623175721025,187.92837524414062,43872300
2020-06-11,MSFT,184.38630697155543,186.8972273976251,177.64594118609818,177.83688354492188,52854700
2020-06-12,MSFT,181.91354798974007,183.04013263127186,176.79621429280857,179.24032592773438,43373600
2020-06-15,MSFT,176.2233791495134,182.1808764027824,175.67917817531608,180.385986328125,32770200
2020-06-16,MSFT,184.15717495617497,186.7253913064373,182.79192319499927,184.806396484375,42556700
2020-06-17,MSFT,186.20027230184343,187.43187740792754,184.9209425343185,185.446044921875,25687800
2020-06-18,MSFT,185.2168824753063,187.59415595360647,185.2168824753063,187.43185424804688,23061600
2020-06-19,MSFT,189.59907992231373,190.2673853746656,185.57013403646454,186.3148193359375,44441100
2020-06-22,MSFT,186.9258064893679,191.6707961123839,186.39116223347256,191.48941040039062,32818900
2020-06-23,MSFT,192.94062730432893,194.7164187390897,192.31050447342133,192.76878356933594,30917400
2020-06-24,MSFT,192.47280592455124,194.04809831244762,187.6609777640564,188.88302612304688,36740600
2020-06-25,MSFT,188.84488357225186,191.5276624074579,186.6203693269537,191.26988220214844,27803900
2020-06-26,MSFT,190.68748519306817,190.8402449016847,186.05707124837497,187.44142150878906,54675800
2020-06-29,MSFT,186.91631141951098,189.5418087103916,184.78727587720945,189.4558868408203,26701600
2020-06-30,MSFT,188.92122702942044,195.1460314274732,188.78756594278659,194.29632568359375,34310300
2020-07-01,MSFT,193.9430788064438,197.00775630446134,192.63510858011978,195.4324493408203,32061200
2020-07-02,MSFT,196.36808625569842,198.6021567312865,195.7188794044441,196.9218292236328,29315800
2020-07-06,MSFT,199.37549412509813,201.57136751930722,198.66899142164925,201.16082763671875,31897600
2020-07-07,MSFT,200.922126298199,204.95107203609413,198.57350799932937,198.8217315673828,33600700
2020-07-08,MSFT,200.55938779250462,203.60495286179227,199.24186065965517,203.19442749023438,33600000
2020-07-09,MSFT,206.5359071342689,206.5836463547509,201.8959375219358,204.61691284179688,33121700
2020-07-10,MSFT,203.94869020009978,204.3878708429277,201.5236910630122,203.99642944335938,26177600
2020-07-13,MSFT,204.76970154506353,206.02994730784758,197.15098942267588,197.6951904296875,38135600
2020-07-14,MSFT,196.7977427138655,199.39459949227412,192.88335894065565,198.917236328125,37591800
2020-07-15,MSFT,200.07243434393845,201.7623039169299,195.74752551635757,198.62124633789062,32179400
2020-07-16,MSFT,196.10081153418938,196.38723238940173,193.15071023183293,194.6878204345703,29940700
2020-07-17,MSFT,195.2128812655641,195.75706766321048,192.2723226107304,193.6948699951172,31635300
2020-07-20,MSFT,195.71889626461106,202.6884013378712,193.81898563689114,202.0200958251953,36884800
2020-07-21,MSFT,203.98681212222417,204.2541343042326,198.61169872433393,199.29910278320312,37990400
2020-07-22,MSFT,199.7287445152915,202.68840195351845,198.9554185219914,202.16329956054688,49605700
2020-07-23,MSFT,197.80974046340648,201.37086541200424,192.99791184978267,193.37025451660156,67457000
2020-07-24,MSFT,191.3462527785989,193.67578739689662,188.5679956116307,192.18641662597656,39827000
2020-07-27,MSFT,192.34873339252303,194.73554944735855,191.7663496924244,194.62098693847656,30160900
2020-07-28,MSFT,194.39182112419647,195.4324692873815,192.60648761781783,192.87380981445312,23251400
2020-07-29,MSFT,193.33211641635154,195.3847725659296,192.8642951864797,194.8214874267578,19632600
2020-07-30,MSFT,191.9000005238427,195.203360176597,190.53474880627297,194.668701171875,25079600
2020-07-31,MSFT,195.14607090142806,195.8143910377504,190.00009617315249,195.72845458984375,51044000
2020-08-03,MSFT,201.94374901611042,207.7866704087044,200.91264267012852,206.73646545410156,78983000
2020-08-04,MSFT,204.4737546054101,205.04659628174622,200.78851005983583,203.6335906982422,49280100
2020-08-05,MSFT,205.17070942979527,205.26618790251916,201.99148315325786,203.29945373535156,28806400
2020-08-06,MSFT,202.7266216376732,206.57416826958868,201.97239411211882,206.55508422851562,32656800
2020-08-07,MSFT,205.12295603956986,205.93446467221509,201.38041603878312,202.86024475097656,27820400
2020-08-10,MSFT,202.08689343008143,202.28739234240723,197.00775761076105,198.8217315673828,36716500
2020-08-11,MSFT,197.78115211742505,198.2489587951998,193.94314737486326,194.1722869873047,36446500
2020-08-12,MSFT,195.99573630411274,200.75982531370755,195.48019056308206,199.71917724609375,28013100
2020-08-13,MSFT,199.9579066140326,201.78143759879455,198.72630135644118,199.25140380859375,22588900
2020-08-14,MSFT,199.30863017856765,200.10105464851463,198.11522246502676,199.44229125976562,17958900
2020-08-17,MSFT,200.110650247621,201.62866165888732,199.46142874953955,200.75985717773438,20184800
2020-08-18,MSFT,200.99849554698613,202.74564615270964,199.73826460211512,201.9150390625,21336200
2020-08-19,MSFT,202.40317821577736,202.9869696907495,200.25941624470937,200.69007873535156,27627600
2020-08-20,MSFT,200.53692196431712,205.76233465586125,199.93400040223327,205.36038208007812,26981500
2020-08-21,MSFT,204.67133687280338,206.95864805211912,203.70473757719722,203.867431640625,36249300
2020-08-24,MSFT,205.56136531180084,206.2600107782231,203.3027640605112,204.50863647460938,25460100
2020-08-25,MSFT,203.94401899229595,207.30320419108602,203.94401899229595,207.16921997070312,23043700
2020-08-26,MSFT,208.51864063728559,212.54774691429176,208.02097870599704,211.64813232421875,39600800
2020-08-27,MSFT,213.31335946140254,221.21845696335774,209.97330473340136,216.84481811523438,57602200
2020-08-28,MSFT,218.3760919558917,220.73040289288468,216.84484575091415,219.07473754882812,26292900
2020-08-31,MSFT,217.24674611548022,218.8737012054003,214.6723219857965,215.83990478515625,28774200
2020-09-01,MSFT,215.8207982855621,217.67744715159515,214.78719949612562,217.50518798828125,25725500
2020-09-02,MSFT,218.17505166750306,222.85494754756553,217.58169523463175,221.69692993164062,34080800
2020-09-03,MSFT,219.4192479656968,219.45752291053657,205.7240900986162,207.9635467529297,58400300
2020-09-04,MSFT,205.85810176660434,208.97802860019002,196.37388751976619,205.04461669921875,59664100
2020-09-08,MSFT,197.6275217170075,201.00585058100995,193.5122725814411,193.9525146484375,52924300
2020-09-09,MSFT,198.6803323298292,205.60925151836284,197.81899267273667,202.21177673339844,45679000
2020-09-10,MSFT,204.23109563870372,205.51353258521655,195.34025420679887,196.54611206054688,35461500
2020-09-11,MSFT,198.29748380280336,199.666050305795,192.59356813467994,195.26368713378906,33620100
2020-09-14,MSFT,195.46463776926265,200.21151843431403,195.26365419527556,196.58436584472656,30375800
2020-09-15,MSFT,199.46505269850272,200.76661970645307,198.03906657996282,199.80958557128906,21823900
2020-09-16,MSFT,201.5705411332255,201.5992509913415,195.84748063223293,196.2398681640625,26328100
2020-09-17,MSFT,191.45468472401757,195.55078971981436,191.36855515523817,194.19180297851562,34011300
2020-09-18,MSFT,194.08653090763448,194.9000011831459,187.8179542280491,191.7800750732422,55225300
2020-09-21,MSFT,188.7175979802434,194.0004314618701,187.94240252542772,193.8377227783203,39839700
2020-09-22,MSFT,196.2494098087427,199.15880164458324,193.39745228545732,198.5080108642578,33517100
2020-09-23,MSFT,198.9673671640514,199.15878565083352,191.43551409030673,191.97145080566406,30803800
2020-09-24,MSFT,191.26325715207565,196.73749298381668,190.64117626931667,194.45974731445312,31202500
2020-09-25,MSFT,194.80432871596318,200.05843751591576,193.83771475654646,198.890869140625,29437300
2020-09-28,MSFT,201.8193699412056,203.43676002099645,199.12052657898317,200.4412384033203,32004900
2020-09-29,MSFT,200.355116762719,201.04418255893373,197.92424170296624,198.3549041748047,24221900
2020-09-30,MSFT,198.80473471797444,202.87213056801622,197.66586154345316,201.29302978515625,33829100
2020-10-01,MSFT,204.31722593983525,204.79574301483336,202.24046358672535,203.33148193359375,27158400
2020-10-02,MSFT,199.06311643094566,201.92465398678647,196.7088058400637,197.3308868408203,33154800
2020-10-05,MSFT,198.3166344156742,201.36957594752798,198.08694094320444,201.3408660888672,21331600
2020-10-06,MSFT,199.84788496263428,201.1494374315409,196.01974823333427,197.0629119873047,28554300
2020-10-07,MSFT,198.16350993375156,201.08246732374164,197.8381217927517,200.8144989013672,25681100
2020-10-08,MSFT,201.46525767871398,202.11604850735242,199.36936511507264,201.53225708007812,19925800
2020-10-09,MSFT,202.15431848195584,206.58539124900918,202.15431848195584,206.53753662109375,26458000
2020-10-12,MSFT,209.38949984869137,214.2416701052122,207.4945762789934,211.88735961914062,40461400
2020-10-13,MSFT,213.150638001202,215.53365819061227,210.95902171302407,213.2846221923828,28950800
2020-10-14,MSFT,213.41861215766087,214.58619497090353,209.71489472731523,211.3705596923828,23421700
2020-10-15,MSFT,207.7721623792476,210.89208909038186,206.72898384357953,210.22216796875,22733100
2020-10-16,MSFT,210.6911054522997,212.73915836882298,209.89677979584096,210.22216796875,26057900
2020-10-19,MSFT,210.94947830769584,212.74870729118058,204.5373520367776,205.015869140625,27625800
2020-10-20,MSFT,206.52802752691923,208.03056394916544,203.9344578638759,205.42742919921875,22753500
2020-10-21,MSFT,203.96314342538997,207.59987665183556,203.96314342538997,205.5709686279297,22724900
2020-10-22,MSFT,204.73831473811316,206.77680221075053,202.6041326095629,205.65707397460938,22351500
2020-10-23,MSFT,205.791045619415,206.98733826920613,204.00139648834562,206.93948364257812,18879600
2020-10-26,MSFT,204.66176438764387,207.04477013994912,199.15881787540803,201.05374145507812,37111600
2020-10-27,MSFT,202.49884428314488,205.44651110092087,201.29298655899265,204.0875244140625,36700300
2020-10-28,MSFT,198.74728548055538,199.86701371354707,193.41661271649156,193.9716796875,51195600
2020-10-29,MSFT,195.30194494131683,198.45058052991052,194.6320094260078,195.92401123046875,31432600
2020-10-30,MSFT,194.7564501863506,195.51250074201783,191.04315299872275,193.7707061767578,36953700
2020-11-02,MSFT,195.51249748130388,196.4599665343652,191.52166688119192,193.63671875,30842200
2020-11-03,MSFT,195.12968662953483,199.17793687834458,194.39276626640526,197.560546875,27512000
2020-11-04,MSFT,204.8244545683417,208.93970436806254,203.2931940743862,207.09262084960938,42311800
2020-11-05,MSFT,212.4998742035629,214.49050715621627,211.64811432218954,213.6961669921875,36080100
2020-11-06,MSFT,212.71040498956907,214.72018254648174,208.66215462267135,214.10768127441406,25231900
2020-11-09,MSFT,214.79677412758556,218.3186532354657,208.51863164610597,209.0067138671875,44395000
2020-11-10,MSFT,205.2838568356607,207.197925430865,200.7092340613772,201.9438018798828,44045100
2020-11-11,MSFT,203.26446236534204,208.67169893503305,203.08262355837596,207.2457275390625,29440800
2020-11-12,MSFT,207.87741109338322,209.69577028534576,205.2455669663313,206.18345642089844,21593900
2020-11-13,MSFT,207.0639397113466,208.0783937229368,204.95846719253126,207.20748901367188,18621100
2020-11-16,MSFT,205.63791381682324,208.38461163299147,205.30296064141453,207.89651489257812,24953300
2020-11-17,MSFT,206.81511056205647,208.32721185035146,204.88189725735756,205.24557495117188,24154100
2020-11-18,MSFT,205.00566720255588,206.4641717610796,202.3957178415829,202.53965759277344,28372800
2020-11-19,MSFT,202.82750933447096,204.41074400525517,201.4361650366989,203.82542419433594,24792700
2020-11-20,MSFT,203.61434343759902,204.66023830979884,201.50335879752706,201.87757873535156,22843100
2020-11-23,MSFT,202.41491187166753,203.7006916515508,199.73780235137832,201.60890197753906,25683500
2020-11-24,MSFT,201.10994475986428,205.581403777196,200.40948479991638,205.20718383789062,33979700
2020-11-25,MSFT,206.40663164015768,206.5793417969263,203.86385672272786,205.216796875,21012900
2020-11-27,MSFT,206.15709814866818,207.51964268471602,205.37985873907556,206.52171325683594,14512200
2020-11-30,MSFT,205.43747642885162,206.07076156750256,202.30936731959918,205.40869140625,33064800
2020-12-01,MSFT,205.83085273018764,208.52717154607495,204.7177978221333,207.4620819091797,30904500
2020-12-02,MSFT,206.18593224564373,206.75205725581316,204.19008755622022,206.65609741210938,23724500
2020-12-03,MSFT,205.92680232460575,207.6251915836904,205.00563782977983,205.57177734375,25120900
2020-12-04,MSFT,205.55260044936085,206.66567004098926,204.5546709391374,205.6869354248047,24666000
2020-12-07,MSFT,205.69653117219067,206.81919092081037,204.3723762756061,205.61976623535156,24620000
2020-12-08,MSFT,205.31271750920934,208.17214180932788,204.27641284227593,207.27017211914062,23284100
2020-12-09,MSFT,206.45459955551615,206.52175973210288,202.66442004113244,203.2305450439453,32440600
2020-12-10,MSFT,203.20174406539516,204.45873883924034,201.84878945662726,202.0023193359375,26733300
2020-12-11,MSFT,201.55132484988866,204.6890238920396,200.64935515374503,204.63143920898438,30979400
2020-12-14,MSFT,204.4779621419165,207.46213186904404,204.26686218889137,205.533447265625,28798400
2020-12-15,MSFT,206.4641624379437,206.70404737101398,203.65271805023914,205.46624755859375,27000600
2020-12-16,MSFT,206.06118358324636,211.20431778476424,206.03239855894847,210.40789794921875,35023300
2020-12-17,MSFT,210.97396518062138,211.95269966300296,209.10286590651853,210.54217529296875,32515800
2020-12-18,MSFT,209.74583435058594,210.8013341531294,207.27982429034196,209.74583435058594,63354900
2020-12-21,MSFT,208.74787985959026,214.9369084468528,208.48880002213403,213.58395385742188,37181900
2020-12-22,MSFT,213.6799239847867,216.50097338667925,212.87391405322188,214.8793487548828,22612200
2020-12-23,MSFT,214.08290333376428,214.5146932710485,211.86636896648002,212.0774688720703,18699600
2020-12-24,MSFT,212.46131328554506,214.56270791406772,212.25021334578557,213.7375030517578,10550600
2020-12-28,MSFT,215.3686881144162,216.88476263524183,213.99655333703302,215.85806274414062,17933500
2020-12-29,MSFT,217.15345055362997,217.98824549729198,214.53391099007936,215.08084106445312,17403200
2020-12-30,MSFT,216.11715427573614,216.50097899696252,212.50928974470457,212.71078491210938,20272300
2020-12-31,MSFT,212.7299675852491,213.97737223508196,210.79169311832163,213.42083740234375,20942100
2021-01-04,MSFT,213.52638643641092,213.9773713050936,206.1187381508586,208.88221740722656,37130100
2021-01-05,MSFT,208.46960485056292,209.678634329478,206.97272515420607,209.08370971679688,23823000
2021-01-06,MSFT,203.58554280387045,207.73076146630103,203.36485276551582,203.6623077392578,35930700
2021-01-07,MSFT,205.3798725038288,210.46543588069164,205.06323728487098,209.45791625976562,27694500
2021-01-08,MSFT,209.83213069780732,211.6552648790283,208.24889607857534,210.73410034179688,22956200
2021-01-11,MSFT,209.63063715459433,210.0528369606372,207.96103282381029,208.69029235839844,23031300
2021-01-12,MSFT,207.7403251549875,208.3160547764162,204.68899622908782,206.2338409423828,23249300
2021-01-13,MSFT,205.3606828455848,207.98981215260577,205.27431314841093,207.58680725097656,20087100
2021-01-14,MSFT,207.17422274667487,208.66151222866404,204.13248361638705,204.40115356445312,29480800
2021-01-15,MSFT,204.88090623740473,205.83084110217794,203.45118691542206,204.0460968017578,31746500
2021-01-19,MSFT,205.10162077397675,208.2009300549652,204.0269409433611,207.6827850341797,30480900
2021-01-20,MSFT,208.89177983890295,216.65445212921978,208.49836506665167,215.26312255859375,37777300
2021-01-21,MSFT,215.6086111691637,217.1438808555298,213.42086138301298,215.86769104003906,30709400
2021-01-22,MSFT,217.89231390553917,220.76134336758975,216.66410405188256,216.8080291748047,30172700
2021-01-25,MSFT,219.8497492395992,220.48304900698852,215.14801018418993,220.2431640625,33152100
2021-01-26,MSFT,222.47888575422274,224.7050103480152,220.7709061802584,222.92987060546875,49169600
2021-01-27,MSFT,228.37044973267308,230.7117289549116,220.82846706760978,223.47679138183594,69870600
2021-01-28,MSFT,226.07715313829948,232.82271617243214,225.5781883862381,229.2628173828125,49111200
2021-01-29,MSFT,226.44178833824543,228.38965283762465,221.989524533748,222.57484436035156,42503100
2021-02-01,MSFT,225.54942071149748,232.68839909225326,223.02582637835746,229.95370483398438,33314200
2021-02-02,MSFT,231.53693548030532,232.50606531871057,229.03253624582663,229.81935119628906,25916300
2021-02-03,MSFT,229.87696773203956,235.17361713548425,229.5794980812515,233.16818237304688,27158100
2021-02-04,MSFT,232.84191028192274,233.39844507245968,230.64455613985325,232.21820068359375,25296100
2021-02-05,MSFT,232.4292977150345,233.43681732954676,230.69253319854138,232.4005126953125,18054800
2021-02-08,MSFT,233.31207164136814,233.82062650984076,231.0667522626685,232.6595916748047,22211900
2021-02-09,MSFT,232.08390887828068,234.8569785791358,231.6137437019394,233.90704345703125,23565000
2021-02-10,MSFT,235.0872579374984,235.97003282257953,231.1435486574617,232.99546813964844,22186700
2021-02-11,MSFT,234.87619105534822,235.23121615653073,232.3525962665071,234.59793090820312,15751100
2021-02-12,MSFT,234.0605427220062,235.37512223975358,232.90909785912032,235.07766723632812,16561100
2021-02-16,MSFT,235.11601808481555,236.17151764085375,233.0913886756254,233.83982849121094,26728500
2021-02-17,MSFT,232.0894541766409,234.96507650561446,231.72398457959287,234.85928344726562,21653500
2021-02-18,MSFT,232.55109320398296,234.5996101987233,231.64704608816618,234.4649658203125,16925600
2021-02-19,MSFT,234.42650126233121,234.53229432170122,230.993047615162,231.75283813476562,25262600
2021-02-22,MSFT,228.33862759094472,228.82911468835837,223.51063965852657,225.53993225097656,36446900
2021-02-23,MSFT,221.5198046781942,225.84767822105573,219.98099932623367,224.34735107421875,30228700
2021-02-24,MSFT,221.2120626767533,226.20354640693853,220.2407006773393,225.5784149169922,26339700
2021-02-25,MSFT,223.20286682298797,225.61685322946673,219.16352111418414,220.23106384277344,39542200
2021-02-26,MSFT,222.6739161526136,226.36703163258593,220.76002888675455,223.4914093017578,37819200
2021-03-01,MSFT,226.8767253204976,228.3866792402262,224.23191391407957,227.876953125,25324000
2021-03-02,MSFT,227.9443015684846,228.22321721235295,224.5204748274745,224.92440795898438,22812500
2021-03-03,MSFT,223.2798287097905,224.6455116135166,218.56724606158295,218.85577392578125,34029500
2021-03-04,MSFT,218.06715252474712,223.5972138136232,215.68200248101138,218.05752563476562,44727800
2021-03-05,MSFT,220.7408002725728,224.3473617295842,217.7978484716733,222.74124145507812,41872800
2021-03-08,MSFT,222.52003591331203,224.44353542154002,218.4422263479561,218.69227600097656,35267400
2021-03-09,MSFT,223.97227598423436,226.37665024660328,222.808552384188,224.8378448486328,33080500
2021-03-10,MSFT,227.93464567761413,227.93464567761413,223.16436140384238,223.5298309326172,29746800
2021-03-11,MSFT,225.9727277040274,230.02168593321738,225.3475815614815,228.05972290039062,29907600
2021-03-12,MSFT,225.05906350687266,226.79984295722946,224.3088998432436,226.73251342773438,22653700
2021-03-15,MSFT,225.9727472321897,226.1939455847543,222.94322645297672,225.82847595214844,26034900
2021-03-16,MSFT,227.24222868505888,230.87764154891525,226.91523729363269,228.61753845214844,28092200
2021-03-17,MSFT,227.1171726758717,229.42538062772473,224.3088654749819,227.97312927246094,29562100
2021-03-18,MSFT,223.66451343079086,225.23217017671175,221.51981565564103,221.8948974609375,34833000
2021-03-19,MSFT,222.18341777330807,223.5779518905413,220.57729754999687,221.53904724121094,46430700
2021-03-22,MSFT,221.4621381695142,227.83852958365864,221.3371059951713,226.96334838867188,30127000
2021-03-23,MSFT,228.4059692318967,231.82979623103833,228.0020360699332,228.49252319335938,31638400
2021-03-24,MSFT,228.75221011891443,228.89646672788933,226.31898414661643,226.45362854003906,25620100
2021-03-25,MSFT,226.29971226671537,227.87698122201323,222.71238991673437,223.4529266357422,34061900
2021-03-26,MSFT,222.69315122370767,227.65578331481655,222.69315122370767,227.4345703125,25479900
2021-03-29,MSFT,227.54035768263333,227.74233157641052,223.01052482004673,226.24200439453125,25227500
2021-03-30,MSFT,224.59742201837378,224.90518898802316,222.2603771275382,222.981689453125,24792000
2021-03-31,MSFT,224.00110452094995,229.95433693716646,223.50099061619966,226.751708984375,43623500
2021-04-01,MSFT,229.34848407327533,233.55132615154153,228.94455090403778,233.080078125,30338000
2021-04-05,MSFT,233.4743464742084,240.39895589372134,233.41664384156837,239.54299926757812,36910600
2021-04-06,MSFT,238.13886553157835,239.86039119458903,237.43679229555985,238.37930297851562,22931900
2021-04-07,MSFT,238.3311941792023,241.3318485895909,237.73491405281382,240.34124755859375,22719800
2021-04-08,MSFT,243.1015050665614,244.41909761825963,242.3609535993028,243.56314086914062,23625200
2021-04-09,MSFT,243.19766523891198,246.19833456943906,242.78411987236356,246.06369018554688,24326800
2021-04-12,MSFT,244.9673020816501,247.8140879939687,244.88073344510863,246.12139892578125,27148700
2021-04-13,MSFT,247.41977338939648,249.27594353772244,247.0061986517212,248.6027069091797,23837500
2021-04-14,MSFT,247.63131962681794,248.92965822222618,245.40005331204884,245.8135986328125,23070900
2021-04-15,MSFT,248.06412714049006,249.98762680462028,247.8717947842424,249.57408142089844,25627500
2021-04-16,MSFT,249.54522040689776,251.01669641879005,247.74675298683772,250.76663208007812,24878600
2021-04-19,MSFT,250.23765794238443,251.47832327916888,247.95831583894045,248.84310913085938,23209300
2021-04-20,MSFT,247.95831277261587,250.247281736885,247.015787507837,248.38148498535156,19722900
2021-04-21,MSFT,249.03544731173668,250.70888224743643,247.41008811661283,250.61270141601562,24030400
2021-04-22,MSFT,250.25690440342183,251.76685861637338,245.86171549830988,247.3332061767578,25606200
2021-04-23,MSFT,248.01602341816627,251.50717961088,247.4293408246283,251.1609344482422,21462600
2021-04-26,MSFT,251.651370448233,252.40153386262887,250.21837312656686,251.54556274414062,19763300
2021-04-27,MSFT,251.57451893980152,253.12295149793457,250.17037234288279,251.94961547851562,31014200
2021-04-28,MSFT,246.2848623553483,246.72728837126857,243.2745956256258,244.82301330566406,46903100
2021-04-29,MSFT,245.68862956024947,246.30414889333332,239.47571890978605,242.85145568847656,40589000
2021-04-30,MSFT,240.18738532021044,243.39962592937061,240.05274094363295,242.53404235839844,30945100
2021-05-03,MSFT,243.70737597050828,244.62104995508665,241.51458775779273,242.22628784179688,19626600
2021-05-04,MSFT,241.37033780215654,241.6011630269946,236.35961510876282,238.3119659423828,32756100
2021-05-05,MSFT,239.53340899269972,239.95658126359143,236.41734895274763,237.04248046875,21901300
2021-05-06,MSFT,237.02324189329505,240.3028123249024,235.3305674810805,240.1777801513672,26491100
2021-05-07,MSFT,242.50514426123223,244.57291460818138,241.56263380699912,242.8032989501953,27032900
2021-05-10,MSFT,241.2741394573549,242.10124477578267,237.66757812847843,237.72528076171875,29299900
2021-05-11,MSFT,235.19594322205515,237.1675334708773,233.29168251094148,236.81167602539062,33641600
2021-05-12,MSFT,232.90689876649108,235.0323718385966,228.96373421334073,229.858154296875,36684400
2021-05-13,MSFT,232.5511064111282,236.20575861501086,232.1856367881987,233.7340545654297,29624300
2021-05-14,MSFT,236.18651381020268,239.64880422890522,236.09995985164096,238.658203125,23901100
2021-05-17,MSFT,237.11939542012004,237.15785895170106,234.2052949545859,235.80178833007812,24970200
2021-05-18,MSFT,236.8500881949583,236.9847325576911,233.60898192573967,233.7821044921875,20168000
2021-05-19,MSFT,230.6877939044373,234.46655675985048,230.00338303930883,234.3605194091797,25739800
2021-05-20,MSFT,235.17026159424762,239.01649467079037,235.07385865574315,237.59945678710938,21800700
2021-05-21,MSFT,238.65020818420544,239.3828205439802,235.92216962475908,236.336669921875,21863100
2021-05-24,MSFT,238.8622600660612,242.11085087546613,238.59234948431563,241.74453735351562,21411500
2021-05-25,MSFT,242.69891253742404,243.64359972544847,241.78314329430665,242.6507110595703,17704300
2021-05-26,MSFT,242.37111974560884,243.8267247584653,241.71562680105612,242.42897033691406,17771600
2021-05-27,MSFT,242.12046985764556,242.41929836060615,240.2696482540312,240.32748413085938,24426200
2021-05-28,MSFT,241.95663718231125,242.99772726674445,240.56851706973367,240.68418884277344,18270200
2021-06-01,MSFT,242.1783219102421,242.23615779093328,238.0621781714677,238.48631286621094,23213300
2021-06-02,MSFT,239.19000511781942,240.2889309005884,236.98250443349707,238.38990783691406,19406700
2021-06-03,MSFT,236.38484216295458,237.4644843931223,234.24482652171346,236.85719299316406,25307700
2021-06-04,MSFT,238.83336623403653,242.58321152575672,238.59237356822155,241.7541961669922,25281100
2021-06-07,MSFT,240.97336560600587,244.9352853461703,240.80949236967595,244.66537475585938,23079200
2021-06-08,MSFT,245.96674258742073,246.78612348356629,243.41221166410014,243.47006225585938,22455000
2021-06-09,MSFT,244.66533700434073,246.32336735128976,244.08696356106984,244.45326232910156,17937600
2021-06-10,MSFT,245.12803093353816,248.18381539117556,244.53037398172262,247.97174072265625,24563600
2021-06-11,MSFT,248.69474693138196,249.1767321950456,247.364462896783,248.59837341308594,18999700
2021-06-14,MSFT,248.60801514626368,250.58417255324338,247.54764158862196,250.52633666992188,19150500
2021-06-15,MSFT,250.4106394938403,250.6227142087636,248.39594441109375,249.0514373779297,18038900
2021-06-16,MSFT,250.0539604529106,251.191438667356,245.2533911236505,248.10675048828125,27220000
2021-06-17,MSFT,246.84389874585116,252.31924336581875,246.78606287731947,251.49986267089844,27565500
2021-06-18,MSFT,250.27573744110035,252.84952294056953,249.42743845078496,250.0829315185547,37202200
2021-06-21,MSFT,250.45883242002785,254.0255057623141,248.62729428014612,253.16758728027344,26696100
2021-06-22,MSFT,253.25433120378315,256.2137277022347,252.94585358312705,255.94381713867188,24694100
2021-06-23,MSFT,256.4065080681725,257.2162397712295,254.90271641706022,255.7124481201172,19518700
2021-06-24,MSFT,256.570395632236,258.1995081549481,255.9052536238839,257.081298828125,21446900
2021-06-25,MSFT,256.6378609608532,257.6211002196524,255.22082323661826,255.471435546875,25611100
2021-06-28,MSFT,256.59924238943444,259.2115935216223,256.3293318970096,259.0380859375,19590000
2021-06-29,MSFT,259.1827681299934,261.8626051966104,258.3248496012734,261.6216125488281,19937800
2021-06-30,MSFT,260.93716184615096,261.5830055695424,259.8864375923306,261.13958740234375,21656500
2021-07-01,MSFT,259.89613139020065,262.04579668374896,259.8865116872873,261.814453125,16725300
2021-07-02,MSFT,262.99042843593526,267.98378836748816,262.6819508278436,267.6463928222656,26458000
2021-07-06,MSFT,268.012700733501,269.3044175952349,264.4170803954058,267.6560363769531,31565600
2021-07-07,MSFT,269.33336558443307,270.5768958300537,267.16443184855945,269.8442687988281,23260000
2021-07-08,MSFT,266.9234905603141,268.6875734789607,264.96663114555497,267.4247741699219,24618600
2021-07-09,MSFT,265.7859183850825,268.03195646064023,265.40033611083743,267.9259338378906,23916700
2021-07-12,MSFT,269.10197958841474,269.689987409994,266.61491948975805,267.3282775878906,18931700
2021-07-13,MSFT,267.52105601500165,272.6590347441042,267.3957645735961,270.8564147949219,26120100
2021-07-14,MSFT,272.1770905276217,273.43988959398905,270.44192588774035,272.3313293457031,23113700
2021-07-15,MSFT,271.83968514433656,272.33131952060614,269.7478561835057,270.9046325683594,22604200
2021-07-16,MSFT,271.9071526477115,273.8640114899297,269.39117446883466,270.63470458984375,26186800
2021-07-19,MSFT,268.88028688273266,270.26840676845325,264.5617178320867,267.02947998046875,32935600
2021-07-20,MSFT,268.0126955033391,270.84677090012093,266.306478445294,269.2562255859375,26259700
2021-07-21,MSFT,268.8513652655665,271.37696325645936,267.29938688873733,271.26129150390625,24364300
2021-07-22,MSFT,273.61341633682554,276.1004770022266,273.20856515188495,275.83056640625,23384100
2021-07-23,MSFT,277.01618768311425,279.5417855932777,276.1775380858662,279.23333740234375,22768100
2021-07-26,MSFT,278.58749439112125,279.2526364370559,276.3125379693512,278.63568115234375,23176100
2021-07-27,MSFT,279.00198503858365,279.14657473530417,272.7554747958883,276.21612548828125,33604100
2021-07-28,MSFT,278.5778108462002,279.69602009802213,273.6037197955621,275.9076232910156,33566900
2021-07-29,MSFT,275.926848543252,278.2211025581934,275.772609765487,276.177490234375,18168300
2021-07-30,MSFT,274.8954781674937,276.3317847869034,273.6808659337114,274.64483642578125,20944800
2021-08-02,MSFT,276.04259896913004,276.4378304339473,273.51700077653703,274.55810546875,16267400
2021-08-03,MSFT,275.13647530693925,276.8812595727831,273.7676242417904,276.77520751953125,17879000
2021-08-04,MSFT,275.90766563142967,277.2283006433001,274.3942247328133,276.1872253417969,16191300
2021-08-05,MSFT,276.5438176650731,279.1947361175097,275.79192197164906,279.08868408203125,13900200
2021-08-06,MSFT,278.1151294941113,279.06945084488444,277.2571816558268,279.0308837890625,16589300
2021-08-09,MSFT,279.31044035047853,281.04557540856166,277.44033530754433,277.94158935546875,16117600
2021-08-10,MSFT,278.3946767849397,278.82847528986053,274.92440641775676,276.1197204589844,18616600
2021-08-11,MSFT,276.86200152431667,278.25977073088046,275.5606352661451,276.61138916015625,13955900
2021-08-12,MSFT,276.3028670263916,279.5225249418082,276.0233073464592,279.3682861328125,14561300
2021-08-13,MSFT,279.05022137488925,282.34698437046103,278.87668430824215,282.2987976074219,18249000
2021-08-16,MSFT,282.6264854543607,284.1977619217253,279.5706863259346,283.9856872558594,22507600
2021-08-17,MSFT,281.85530378515654,282.85781176471016,280.5924755664143,282.5204162597656,20075300
2021-08-18,MSFT,282.0569648821331,284.7419326780572,280.3474513834384,280.791748046875,21813000
2021-08-19,MSFT,278.82143304184973,287.30129663617737,278.77315402992593,286.6252136230469,29850500
2021-08-20,MSFT,289.47437850845176,295.3851678311773,287.8711203793521,293.95574951171875,40817600
2021-08-23,MSFT,292.88370333247155,294.9602018470455,291.53156682119305,294.23583984375,22830200
2021-08-24,MSFT,294.5931290613567,295.20159774025154,291.67637591299615,292.2751770019531,18175800
2021-08-25,MSFT,293.89779358408,294.177888473637,290.1504523062321,291.68609619140625,20006100
2021-08-26,MSFT,290.7009195672093,292.09169682717686,288.73067634422387,288.8658752441406,17666100
2021-08-27,MSFT,288.76927851853645,290.58501707619024,286.68311269534024,289.4743347167969,22605700
2021-08-30,MSFT,290.82653029598345,293.82056600799575,290.7685836897302,293.21209716796875,16348100
2021-08-31,MSFT,294.01369706144754,294.0909493667815,291.19350158976886,291.5605163574219,26285300
2021-09-01,MSFT,292.5166638438568,294.7573638587632,291.18383315439763,291.51220703125,18983800
2021-09-02,MSFT,291.86965443462645,292.9899752392988,289.9186869338931,290.85552978515625,16285600
2021-09-03,MSFT,290.70092922538174,292.25590820944143,289.9959024554989,290.8458251953125,14747900
2021-09-07,MSFT,290.72028392327735,290.7975362346447,288.0063433181321,289.91864013671875,17180400
2021-09-08,MSFT,289.53236847682746,290.33398292425744,287.3013354958455,289.9476623535156,15046800
2021-09-09,MSFT,290.5367763480211,291.8116605425452,286.8473521522156,287.08880615234375,19927000
2021-09-10,MSFT,288.2187922077664,289.6675160495283,285.28270363564104,285.6014099121094,19633400
2021-09-13,MSFT,287.3784704397961,288.33464809421395,284.027088540484,286.8376159667969,23652900
2021-09-14,MSFT,289.31981339850245,291.08727303017804,287.9097304141614,289.5419616699219,21853400
2021-09-15,MSFT,292.89335389276897,294.88293238817874,291.50257656936515,294.4000244140625,28356300
2021-09-16,MSFT,293.37629376819706,294.87329686099383,290.4788456084354,294.786376953125,19550800
2021-09-17,MSFT,293.77225856159816,294.0909648651454,289.2908582826248,289.6192321777344,41372500
2021-09-20,MSFT,286.2002906910431,288.5086054689397,279.6230849771708,284.23968505859375,38278700
2021-09-21,MSFT,285.58206331526065,287.3688283591431,284.0174465060781,284.72247314453125,22364100
2021-09-22,MSFT,286.5865855546917,289.9572738836684,284.44247290611344,288.3733215332031,26626300
2021-09-23,MSFT,288.6341031456623,290.6140140574866,287.3592190151945,289.31982421875,18604600
2021-09-24,MSFT,288.03526486597605,289.55157331474214,286.7796866055234,289.1169738769531,14999000
2021-09-27,MSFT,286.0168253643731,286.33553174359827,282.92620171572884,284.1141662597656,23571700
2021-09-28,MSFT,279.89344793091414,280.83995816392877,273.0844573361507,273.828125,43186200
2021-09-29,MSFT,275.354120921642,276.9670169803439,273.3355692133675,274.2917175292969,26353700
2021-09-30,MSFT,275.9432270985098,277.990751901862,271.99304396857866,272.2828063964844,32343600
2021-10-01,MSFT,272.475971258081,280.06729939899645,271.6743570466697,279.2173767089844,30086300
2021-10-04,MSFT,277.57545644468206,277.9134978712827,270.6698793342379,273.4320983886719,31350700
2021-10-05,MSFT,274.33996345673484,280.4728996202746,274.33996345673484,278.88897705078125,24993000
2021-10-06,MSFT,276.0108239961392,283.59248353235944,275.75006435427554,283.0902404785156,28002600
2021-10-07,MSFT,285.0895498059593,286.49966233803923,283.8726417312136,284.7708435058594,20430500
2021-10-08,MSFT,286.0940066635479,286.49966233803923,283.7181076397104,284.7708435058594,17685700
2021-10-11,MSFT,282.90687185923423,287.7842314930736,282.7426701495198,284.1720886230469,19298600
2021-10-12,MSFT,285.24409368544315,285.3406811802425,282.35631327944327,282.8681945800781,17974100
2021-10-13,MSFT,284.82880220556603,287.11778142661336,283.4573305066921,286.1809387207031,23416300
2021-10-14,MSFT,288.9817603776688,292.90297048133476,287.64892975117283,292.4007568359375,27262900
2021-10-15,MSFT,292.0047810007027,294.0426679135802,290.2469889567608,293.81085205078125,25384800
2021-10-18,MSFT,293.19277722849347,297.67414824934616,292.3428544122026,296.7856140136719,22729300
2021-10-19,MSFT,297.80937465142074,298.7268821826882,296.7179978366252,297.6934814453125,17682100
2021-10-20,MSFT,298.63997690086853,299.11324681480494,295.6459412075524,296.9015197753906,16537100
2021-10-21,MSFT,296.66968729600904,300.38805498571867,295.8873492891924,300.136962890625,16918100
2021-10-22,MSFT,299.789277199686,300.4556925902874,297.27814973250037,298.5916748046875,17449300
2021-10-25,MSFT,298.7847668661807,298.82340775166415,295.9839068930017,297.5968322753906,17554500
2021-10-26,MSFT,300.36874557406037,301.72088194222226,298.05079330373104,299.5091552734375,28107300
2021-10-27,MSFT,305.1978286314873,314.95257525160673,305.1978286314873,312.12274169921875,52588700
2021-10-28,MSFT,313.2431159866964,313.76466492226814,310.3746410526032,313.262451171875,26297900
2021-10-29,MSFT,313.0499226160472,320.65088928161384,312.82777434101513,320.28387451171875,34766000
2021-11-01,MSFT,320.03280442498834,320.1583652321911,315.2133915828915,318.11083984375,27073200
2021-11-02,MSFT,319.0186709413644,322.05134723722267,318.71927034838023,321.7422790527344,26487100
2021-11-03,MSFT,322.4859625521439,323.4517785702542,319.3470604932856,322.5825500488281,21500100
2021-11-04,MSFT,321.5104524364955,325.0356743939293,318.2459901477775,324.9390869140625,23992200
2021-11-05,MSFT,326.93837395712325,327.2088012501793,322.98819017045656,324.5721130371094,22570100
2021-11-08,MSFT,325.7697069819661,326.10774845813177,323.0074875225243,325.4703063964844,20897000
2021-11-09,MSFT,325.5861712932559,327.141150158709,323.09437933646785,324.4658508300781,21307400
2021-11-10,MSFT,323.13302706692036,323.1909736619546,318.6419891055958,319.49188232421875,25500900
2021-11-11,MSFT,319.92656727683465,322.36041311749693,319.2118728300362,321.06622314453125,16849800
2021-11-12,MSFT,322.505291202805,325.7021398000391,322.37973040709574,325.2095642089844,23831000
2021-11-15,MSFT,326.001507143793,326.3298810128746,322.6114839029454,324.5817565917969,16723000
2021-11-16,MSFT,324.2050832986667,329.0245248169212,324.0409110967214,327.9041748046875,20886800
2021-11-17,MSFT,327.95258165019357,331.0972263739965,327.04305127550737,328.1267395019531,19053400
2021-11-18,MSFT,327.21720340062717,331.34880160200635,326.1915678093843,330.20703125,22463500
2021-11-19,MSFT,331.5326605674157,333.9129065317172,331.10692167581175,331.9873962402344,21963400
2021-11-22,MSFT,333.44842063285876,338.3347320880204,328.5427681495114,328.8136901855469,31031100
2021-11-23,MSFT,326.12378600321955,328.4460084531874,322.7469313241808,326.7333679199219,30427600
2021-11-24,MSFT,325.3787981778286,327.1978588759329,323.0856312760888,326.9559631347656,21661300
2021-11-26,MSFT,323.5114549917148,326.9753899212865,317.48340091063494,318.9928283691406,24217200
2021-11-29,MSFT,324.0822506382553,328.0396615435642,323.88872222798085,325.71746826171875,28563500
2021-11-30,MSFT,324.44993871925334,326.8301846318638,318.32512179204315,319.8732604980469,42885600
2021-12-01,MSFT,324.2660412742455,328.2815041469173,318.7121252323069,319.3797302246094,33337600
2021-12-02,MSFT,319.59263875837576,322.6792307522383,317.17368136684007,318.80889892578125,30766000
2021-12-03,MSFT,321.2278467405146,321.9148518795967,307.7203973367994,312.5389709472656,41779300
2021-12-06,MSFT,313.4485292589804,316.83506980865417,308.8815362508601,315.61590576171875,30032600
2021-12-07,MSFT,320.88922581286494,324.914344926329,319.39913979218665,324.0628967285156,31021900
2021-12-08,MSFT,324.44027230322723,324.6241154462202,320.0764632694871,324.1112976074219,24761000
2021-12-09,MSFT,323.5694417964225,325.58200148890126,321.35366840903873,322.3019104003906,22214200
2021-12-10,MSFT,324.1209277504692,331.8809319131235,323.93708463875004,331.43585205078125,38095700
2021-12-13,MSFT,329.63617965813285,332.6453782369156,328.08804090407773,328.3976745605469,28899400
2021-12-14,MSFT,322.4179762857992,323.79195700121716,313.6032806801942,317.6961669921875,44438700
2021-12-15,MSFT,317.957456288933,324.3241693819211,313.98070407195604,323.8016662597656,35381100
2021-12-16,MSFT,324.8272760169912,325.8432558694364,312.54864556031464,314.3677062988281,35034800
2021-12-17,MSFT,310.4780190725008,314.38706242508175,306.9656882694308,313.3033447265625,47750300
2021-12-20,MSFT,309.6748749533144,312.33572775319794,307.2752884173399,309.5394287109375,28326500
2021-12-21,MSFT,312.8098748126121,317.10594512457476,309.4329905116543,316.6802062988281,24740600
2021-12-22,MSFT,317.6574710399496,322.7953341481106,315.19014632592007,322.3986511230469,24831500
2021-12-23,MSFT,321.9632187915845,325.48523481760844,321.9438777632381,323.84033203125,19617800
2021-12-27,MSFT,324.5853606565686,331.37781170708996,324.55633434986925,331.3487854003906,19947000
2021-12-28,MSFT,332.0261461876906,332.6647545988743,329.2878989137136,330.187744140625,15661500
2021-12-29,MSFT,330.23606817534716,333.13881719368874,328.6685884299691,330.8650207519531,15042000
2021-12-30,MSFT,330.82625699451927,332.0067092569597,327.8364295204996,328.3202209472656,15994500
2021-12-31,MSFT,327.536520049174,328.35894194960014,324.96274581009436,325.4175109863281,18000800
2022-01-03,MSFT,324.4789626840154,327.04305171040653,319.0895183249568,323.8984069824219,28865100
2022-01-04,MSFT,323.9757928660076,324.333823368685,315.54815346488107,318.344482421875,32674300
2022-01-05,MSFT,315.29653749062345,315.49975115217205,305.7368436101561,306.1238708496094,40054300
2022-01-06,MSFT,302.99851849634985,308.36862023193925,301.39232766090015,303.7048645019531,39646100
2022-01-07,MSFT,303.9661916842853,306.24001762602904,300.0378070905874,303.8597717285156,32720000
2022-01-10,MSFT,299.4572001340922,304.51766895717213,294.81281436875065,304.0822448730469,44289500
2022-01-11,MSFT,303.22111812680726,306.3463918328574,299.8442634308143,304.7692565917969,29386800
2022-01-12,MSFT,309.3072459156857,312.9259965978094,306.8011801608075,307.9526062011719,34372200
2022-01-13,MSFT,310.0812872347779,310.477999759612,294.14519599434743,294.91925048828125,45366000
2022-01-14,MSFT,294.38709603316755,300.7441227450604,293.9033045852905,300.14422607421875,39846400
2022-01-18,MSFT,294.21293945049706,299.7571705686531,291.95845475795755,292.8389587402344,42333200
2022-01-19,MSFT,296.36098446324274,303.73396167938847,292.8873652813076,293.4969177246094,45933900
2022-01-20,MSFT,299.05084323097356,301.5471940307173,291.3779181968077,291.822998046875,35380700
2022-01-21,MSFT,292.8777312649759,294.25168273283816,286.02722637262457,286.4336242675781,57984400
2022-01-24,MSFT,282.7276783435672,287.4784834424357,267.1011940279381,286.7624816894531,85731500
2022-01-25,MSFT,282.06977569492784,285.4272897689935,275.92564748178614,279.13800048828125,72848600
2022-01-26,MSFT,298.00582478261947,298.49930147235415,283.5307939904859,287.09149169921875,90428900
2022-01-27,MSFT,292.848647044969,297.3382163920615,288.2719692510956,290.12005615234375,53481300
2022-01-28,MSFT,290.497490140265,298.4800508635709,284.90486089949263,298.2671813964844,49743700
2022-01-31,MSFT,298.9347640922584,302.2535665226197,296.4383835464321,300.8989562988281,46444500
2022-02-01,MSFT,300.347421459454,300.5602908856212,295.2385847597286,298.75091552734375,40950400
2022-02-02,MSFT,299.59275378047863,304.90477544054625,298.86706647048936,303.298583984375,36636000
2022-02-03,MSFT,299.4572493683748,301.1408638459518,290.2361846781371,291.484375,43730000
2022-02-04,MSFT,290.47807776902533,298.78961201270425,290.24586730318873,296.0223388671875,35096500
2022-02-07,MSFT,296.24481373026026,297.86066033330695,290.1780511909606,291.19403076171875,28533300
2022-02-08,MSFT,291.48434523681885,295.65462512508105,290.2264992927546,294.6870422363281,32421200
2022-02-09,MSFT,299.8249328306882,301.81815140418445,297.4253459420539,301.1214904785156,31284700
2022-02-10,MSFT,294.18391946316234,299.0992277076315,290.95219605157683,292.5777282714844,45386200
2022-02-11,MSFT,293.3614725070343,294.4258196414898,284.6822523965232,285.4756774902344,39175600
2022-02-14,MSFT,284.24681310649265,287.13990600791016,281.9052790638438,285.43695068359375,36359500
2022-02-15,MSFT,290.28459536542493,291.04896470161543,287.39150201566304,290.72967529296875,27058300
2022-02-16,MSFT,289.29468550260657,291.7186447665817,284.7473355562415,290.39031982421875,29982100
2022-02-17,MSFT,287.34578532918516,287.772404486028,281.17924775374655,281.8870544433594,32461600
2022-02-18,MSFT,284.1365363222138,284.921896876096,277.6015506207511,279.1722717285156,34264000
2022-02-22,MSFT,276.33126835156816,282.67235205770277,275.8464766527058,278.9685363769531,41736100
2022-02-23,MSFT,281.35375501257334,282.8275409854315,271.5803655847503,271.74517822265625,37811200
2022-02-24,MSFT,264.2212168610139,286.1822778670693,263.2613090468984,285.6296081542969,56989700
2022-02-25,MSFT,286.16292683070213,288.57718060139933,282.7790598404249,288.26690673828125,32546700
2022-02-28,MSFT,285.3580687542615,290.0411728290169,284.08791695345946,289.7018127441406,34627500
2022-03-01,MSFT,287.3845772168943,290.84599781965625,283.26384685818056,285.97869873046875,31217800
2022-03-02,MSFT,286.37622044505133,292.3003920940344,284.7667375809277,291.059326171875,31873000
2022-03-03,MSFT,293.6771257975704,293.90981634147147,285.1059826322842,286.91912841796875,27314500
2022-03-04,MSFT,285.3387653764105,286.667090171543,278.43533489207505,281.0434875488281,32356500
2022-03-07,MSFT,279.75393295465517,280.8786533930493,270.0580977160932,270.4265441894531,43157200
2022-03-08,MSFT,269.3502646589374,275.32290213049015,261.78752575076174,267.4595947265625,48159500
2022-03-09,MSFT,274.81873314900633,280.7913707020423,272.2396376427405,279.7248229980469,35204500
2022-03-10,MSFT,274.41154435304935,277.88267026842374,272.04575796281966,276.90338134765625,30628000
2022-03-11,MSFT,279.2012682861542,280.70414052887327,270.9307218618932,271.55126953125,27209300
2022-03-14,MSFT,271.81301620136327,276.719106007811,267.43050973402933,268.0316467285156,30660700
2022-03-15,MSFT,271.82276744576046,279.065558101827,270.2520467522859,278.4159240722656,34245100
2022-03-16,MSFT,280.3163301409905,285.61027846312476,274.58611649550784,285.4357604980469,37826300
2022-03-17,MSFT,284.3691589056267,286.61857018444255,280.5683784873846,286.2404479980469,30816600
2022-03-18,MSFT,286.38593157017544,291.8446925132739,283.826245999044,291.2920227050781,43390600
2022-03-21,MSFT,289.79889199333064,291.0108716421582,285.9302328335173,290.0606689453125,28351200
2022-03-22,MSFT,290.6811789941739,295.7230260277627,289.6825089750966,294.8116149902344,27599700
2022-03-23,MSFT,291.36957893217993,294.0068475242957,288.66443238619604,290.3805847167969,25715400
2022-03-24,MSFT,290.0412160274347,294.947306062615,289.2461504734421,294.850341796875,24484500
2022-03-25,MSFT,295.9460487854715,296.20782573706765,290.18671913558006,294.44317626953125,22566500
2022-03-28,MSFT,295.073391346538,301.34659900415994,295.073391346538,301.2496643066406,29578200
2022-03-29,MSFT,304.3620002900689,306.21390857071964,299.64980847038635,305.8163757324219,30393400
2022-03-30,MSFT,304.21660289540057,306.339993647316,302.10288786010216,304.31353759765625,28163600
2022-03-31,MSFT,304.3523117591246,305.5546156451536,298.52513395302805,298.9323425292969,33422100
2022-04-01,MSFT,299.9600479924089,300.6969409340958,296.2465561407123,300.008544921875,27110500
2022-04-04,MSFT,300.6581674070127,305.52546630436024,300.28972091399,305.3897399902344,24289600
2022-04-05,MSFT,303.74148406124976,305.29282394515957,300.4449053012834,301.4241943359375,23156700
2022-04-06,MSFT,295.9072534761738,297.6621976161441,287.6851730006055,290.39031982421875,40110400
2022-04-07,MSFT,287.63663922691137,294.4140182952895,287.3360707147367,292.203369140625,31411200
2022-04-08,MSFT,291.30171228666035,291.9610220629479,287.26824077806,287.937255859375,24361900
2022-04-11,MSFT,282.9148461789771,283.7098823533749,276.33136433660695,276.5834655761719,34569300
2022-04-12,MSFT,280.44234644172155,281.89672181810613,271.95849007947834,273.4807434082031,30966700
2022-04-13,MSFT,274.1302744368485,279.8023126022608,272.7437479443863,278.87152099609375,21907200
2022-04-14,MSFT,279.3273746344273,279.54068423967755,270.8241359315861,271.318603515625,28221600
2022-04-18,MSFT,270.4265639610484,273.8685738866559,269.8738942106014,271.9875793457031,20778000
2022-04-19,MSFT,270.88224409138223,277.46572436879006,269.94174690889537,276.6221618652344,22297700
2022-04-20,MSFT,280.59750599779863,280.88839885014346,276.6900850216622,277.64996337890625,22906700
2022-04-21,MSFT,279.8024222293234,284.37885800425323,271.5415806106492,272.2687683105469,29454600
2022-04-22,MSFT,273.1123477234531,274.58613398289475,265.06481431264797,265.6950378417969,29405800
2022-04-25,MSFT,264.9775192651805,272.5596407849809,262.5341495736,272.1815185546875,35678900
2022-04-26,MSFT,269.0593898472077,269.89321735700565,261.78751444593183,262.0008239746094,46518400
2022-04-27,MSFT,273.5195398508142,282.1197416602457,270.66896169578,274.60546875,63477700
2022-04-28,MSFT,276.515542164648,282.129439349792,272.898984777169,280.82049560546875,33646600
2022-04-29,MSFT,279.8314736159821,281.062863571246,268.0898318904965,269.07879638671875,37073900
2022-05-02,MSFT,269.2631089235298,276.27321045257355,267.81843852952846,275.8175048828125,35151100
2022-05-03,MSFT,275.3228826214126,275.48772481192094,271.6287723869484,273.2091979980469,25978600
2022-05-04,MSFT,273.99461437075183,282.0324703593983,268.31286891823476,281.15985107421875,33599300
2022-05-05,MSFT,276.8548930460878,277.64025334846656,265.99554553295394,268.91400146484375,43260400
2022-05-06,MSFT,266.4512108789899,270.75616352746886,263.0188773696703,266.3736572265625,37780300
2022-05-09,MSFT,261.845769469364,264.07580012501256,255.31078485449888,256.5324401855469,47726000
2022-05-10,MSFT,263.42615521933493,265.42349495118094,257.00751689764115,261.3027648925781,39336400
2022-05-11,MSFT,257.5989842571217,263.1062124421762,251.41303566228873,252.62501525878906,48975900
2022-05-12,MSFT,249.85199770937754,251.97538813892353,242.41529334839248,247.5831756591797,51033800
2022-05-13,MSFT,249.52238377509423,255.03931767520342,247.58321627668954,253.17770385742188,34925100
2022-05-16,MSFT,252.0529601965687,257.7347358357674,248.00010759554567,253.54612731933594,32550900
2022-05-17,MSFT,258.0158894934678,260.16836636831925,254.4769151081099,258.7043151855469,28828800
2022-05-18,MSFT,255.59437895473815,256.17748993343446,245.65244205477626,246.92555236816406,31356000
2022-05-19,MSFT,246.75064893827593,250.4145118299985,244.7875390054142,246.01205444335938,32692300
2022-05-20,MSFT,249.99657679389537,251.25998893720165,239.50069714781827,245.4483642578125,39199300
2022-05-23,MSFT,248.2958696586072,254.136633604883,246.29386307125506,253.31056213378906,33175400
2022-05-24,MSFT,250.62825746219235,253.97136545403615,246.3618583808968,252.3095245361328,29043900
2022-05-25,MSFT,250.87124198612855,257.12987553074527,249.88967233422647,255.1278839111328,28547900
2022-05-26,MSFT,254.88495947054466,259.5886706159191,254.0686158494394,258.4127502441406,25002100
2022-05-27,MSFT,260.9201340875451,265.64327166838257,260.02602645530493,265.54608154296875,26910800
2022-05-31,MSFT,264.8560798770332,267.03299630860687,261.3574429989598,264.21466064453125,37827700
2022-06-01,MSFT,267.4508952453175,269.8707720178327,262.4361876229135,264.7491760253906,25292200
2022-06-02,MSFT,257.0035356223452,266.9163026348889,254.2337809944825,266.8482666015625,44008200
2022-06-03,MSFT,262.69852941102215,265.7501266065524,260.85203609962264,262.41668701171875,28059000
2022-06-06,MSFT,264.39932013596905,266.4596203370496,259.6956086286452,261.1825256347656,22400300
2022-06-07,MSFT,259.13195514945534,265.439199996227,258.45165391231484,264.8269348144531,22860700
2022-06-08,MSFT,264.0591896604282,265.3128741834113,262.0183154658259,262.7958068847656,17372300
2022-06-09,MSFT,260.23984343092275,265.03101725984766,257.17854713483496,257.33404541015625,26439700
2022-06-10,MSFT,253.24253313611206,253.24253313611206,245.41921820228913,245.86627197265625,31422800
2022-06-13,MSFT,238.20817089954593,242.00807632258994,234.728975085956,235.43841552734375,46135800
2022-06-14,MSFT,236.99335622167607,238.82042366109098,234.70952192240742,237.60562133789062,28651500
2022-06-15,MSFT,241.31804702603347,248.11122688546928,239.4812665255515,244.6708984375,33111700
2022-06-16,MSFT,239.05365270255112,240.45310733096755,236.17700914781045,238.0720977783203,33169200
2022-06-17,MSFT,237.80970516091955,243.44639103289649,237.1585728805667,240.6766357421875,43084800
2022-06-21,MSFT,243.21313352857806,247.57670872846134,242.48425214861203,246.59515380859375,29928300
2022-06-22,MSFT,244.7972453506843,249.92858401068787,243.32004157236312,246.00233459472656,25939900
2022-06-23,MSFT,248.37364534024357,252.06663275402386,246.4882696524393,251.57098388671875,25861400
2022-06-24,MSFT,254.4378861963467,260.43416284351514,254.350423997837,260.16204833984375,33923200
2022-06-27,MSFT,260.65770592471864,260.74516813613343,255.86653250823528,257.43121337890625,24615100
2022-06-28,MSFT,256.546824812342,259.39431434341117,249.1025126077075,249.2580108642578,27295500
2022-06-29,MSFT,250.33673359363198,254.59340555712373,248.558261264079,252.9315643310547,20069800
2022-06-30,MSFT,249.8119509376396,252.2221295498261,245.7788129454486,249.59814453125,31730900
2022-07-01,MSFT,249.17054274453085,252.4553432396003,247.4406506324261,252.27069091796875,22837700
2022-07-05,MSFT,248.9470442386843,255.57501363585047,247.567030411664,255.44866943359375,22941000
2022-07-06,MSFT,256.3232970437693,260.4438971435167,255.0113045680069,258.7140197753906,23824400
2022-07-07,MSFT,257.65464582555956,261.4837041851286,257.55745573180474,260.84228515625,20859900
2022-07-08,MSFT,257.3340784115117,260.55087339545304,255.87631525897277,260.1232604980469,19658800
2022-07-11,MSFT,258.16977390244966,259.02499945053415,254.79748159613314,257.0618896484375,19455200
2022-07-12,MSFT,258.39329412629985,258.45160225974297,244.9429927815693,246.527099609375,35868500
2022-07-13,MSFT,243.14512305849968,246.41051237825036,241.12369016254638,245.6038818359375,29497400
2022-07-14,MSFT,243.5143931814368,247.9557022452831,239.0147611564183,246.92555236816406,25102800
2022-07-15,MSFT,248.51939960298733,253.0384582835576,247.59615280932707,249.49124145507812,29774100
2022-07-18,MSFT,252.4359199576439,253.4952240127195,246.16754300536857,247.09078979492188,20975000
2022-07-19,MSFT,250.32703380524785,252.40678979239573,246.53685617166215,252.22213745117188,25012600
2022-07-20,MSFT,252.58168831471335,257.4117434464244,251.61957438364064,254.88494873046875,22788300
2022-07-21,MSFT,252.47477933086478,257.43117824236685,249.79248658053865,257.382568359375,22404700
2022-07-22,MSFT,257.7713253194178,257.8587875277804,251.77507765501488,253.0287322998047,21881300
2022-07-25,MSFT,253.65074968687145,254.13667066328307,249.57872953188095,251.54183959960938,21056000
2022-07-26,MSFT,252.54279829754145,252.56225411501038,242.5425674350256,244.80694580078125,39348000
2022-07-27,MSFT,253.80615278420663,262.4458090827466,251.56120108767448,261.1726989746094,45994000
2022-07-28,MSFT,262.1543304686785,270.01652721920226,260.32726310507684,268.6268005371094,33459300
2022-07-29,MSFT,269.88046135026275,274.059368942466,268.840583577074,272.8348388671875,32152800
2022-08-01,MSFT,269.9971103708195,273.3596748735574,268.0728528273835,270.1817626953125,21539600
2022-08-02,MSFT,268.2284010019875,270.06519667959884,264.7103375892404,267.0816345214844,22754200
2022-08-03,MSFT,268.96696554077175,275.5171702565812,268.8211655336045,274.51617431640625,23518900
2022-08-04,MSFT,273.86508064212927,275.8087647621111,272.28100299728754,275.6629943847656,18098700
2022-08-05,MSFT,271.2896818162804,275.66297071065867,270.83291490098145,274.9438171386719,16774600
2022-08-08,MSFT,276.0517095079037,277.86907896921457,271.4549158080247,272.4267578125,18739200
2022-08-09,MSFT,271.7659090647991,275.10901823396375,269.79304134775583,274.3509826660156,23405200
2022-08-10,MSFT,280.05567781115093,281.6494830162943,278.8603016635988,281.0177917480469,24687800
2022-08-11,MSFT,282.6601894486074,283.0100382556766,278.44239965548013,278.9380187988281,20065900
2022-08-12,MSFT,280.3569279405796,283.6903381347656,278.8602832920289,283.6903381347656,22619700
2022-08-15,MSFT,282.80597041000163,285.89642028825256,281.94101695182127,285.2064208984375,18085700
2022-08-16,MSFT,283.7681375602767,285.76043146556236,282.2423681526486,284.4678649902344,18102900
2022-08-17,MSFT,282.1791095942932,285.69492065907355,281.91616605164813,283.7178955078125,18253400
2022-08-18,MSFT,282.61739830194875,284.2925155216381,281.53634866422476,282.5979309082031,17186200
2022-08-19,MSFT,281.36109961223826,281.7019722471869,278.1082610446249,278.682861328125,20570000
2022-08-22,MSFT,274.71900818026165,275.0890966994029,269.9858458890411,270.50201416015625,25061100
2022-08-23,MSFT,269.2262268066406,271.58305961695726,268.2133575622362,269.2262268066406,17527400
2022-08-24,MSFT,268.2231121213267,269.9956259083875,267.9309228621196,268.59320068359375,18137000
2022-08-25,MSFT,270.09294921143464,271.73885036051576,267.3562796674805,271.57330322265625,16583400
2022-08-26,MSFT,271.79731971202773,273.02444918596143,260.98700095652805,261.0941162109375,27549300
2022-08-29,MSFT,258.9125930668451,260.4221335952859,256.96478349661675,258.30877685546875,20338500
2022-08-30,MSFT,259.711155479428,260.08121426548763,253.8579792613374,256.1076965332031,22767100
2022-08-31,MSFT,258.4646318498981,260.13971972072363,254.5105506709279,254.64691162109375,24791800
2022-09-01,MSFT,252.1147545852519,254.08206148827077,248.74505198156,253.60482788085938,23263400
2022-09-02,MSFT,254.8708733039259,257.831522209211,247.8295315839085,249.37803649902344,22855400
2022-09-06,MSFT,249.51441895694776,251.1018587980026,245.36557504291272,246.64138793945312,21328200
2022-09-07,MSFT,248.0534903559057,252.0757061142391,246.61211575705755,251.3550262451172,24126700
2022-09-08,MSFT,250.79021068457934,253.63399578598168,248.14117383130036,251.77383422851562,20319900
2022-09-09,MSFT,253.7021534014361,258.30873295170056,253.4976417532625,257.5588073730469,22084700
2022-09-12,MSFT,258.84438857917326,260.47082249672275,258.24057242382844,259.6916809082031,18747700
2022-09-13,MSFT,252.08548374554073,253.60477266828747,245.02467481719648,245.41424560546875,33353300
2022-09-14,MSFT,246.9140727462819,247.5958031065258,243.3398440584392,245.6382598876953,23913000
2022-09-15,MSFT,243.25218674358922,244.83964133633745,237.65223458820603,238.97674560546875,31530900
2022-09-16,MSFT,237.88595437992277,238.89882358010237,235.74336703268992,238.3534393310547,39791800
2022-09-19,MSFT,236.14268298899873,238.74300685593585,234.5649620689847,238.13919067382812,26826900
2022-09-20,MSFT,235.75312576969003,237.1555361018201,233.38652954179466,236.12319946289062,26660300
2022-09-21,MSFT,237.89567221592281,241.1972080963269,232.6657945974884,232.71449279785156,28625600
2022-09-22,MSFT,231.6626994562865,237.49639378843938,231.37053994331876,234.69154357910156,31061200
2022-09-23,MSFT,233.28914678516338,234.83766669484226,229.06240356442768,231.71142578125,34176000
2022-09-26,MSFT,230.86407571744272,235.14924977775465,230.7179811191069,231.25363159179688,27694200
2022-09-27,MSFT,233.71766175746237,235.49017556599165,228.38066779678476,230.24082946777344,27018700
2022-09-28,MSFT,230.6303769171642,236.0063351920129,228.60465329387907,234.7792205810547,29029700
2022-09-29,MSFT,232.65609511384054,233.68843172668625,228.29300618270508,231.3023681640625,27484200
2022-09-30,MSFT,232.0717487914595,234.26303440769513,226.65684093525877,226.82240295410156,35694800
2022-10-03,MSFT,229.26689591019425,235.30510173349654,228.5364674268769,234.4578094482422,28880400
2022-10-04,MSFT,238.6943143855835,243.8267966387145,238.58718426741393,242.3854217529297,34888400
2022-10-05,MSFT,239.57084125103117,244.04106060731377,237.73016181840845,242.6970672607422,20347100
2022-10-06,MSFT,241.46019588133413,243.80730987931113,239.65848102253324,240.34994506835938,20239900
2022-10-07,MSFT,234.61365108204038,235.02270415917158,227.08537143722725,228.12745666503906,37769600
2022-10-10,MSFT,226.96849528328906,228.43908604327487,220.81341039260693,223.2676544189453,29743600
2022-10-11,MSFT,221.6801990277238,223.08262427444694,218.2617986342917,219.5278778076172,30474000
2022-10-12,MSFT,219.51810569426297,221.91391771043942,218.11569545862955,219.85897827148438,21903900
2022-10-13,MSFT,214.1129677426173,229.93892011570614,213.4117551255457,228.12745666503906,42551800
2022-10-14,MSFT,229.393492314521,231.0491420906271,222.38138188024428,222.59564208984375,30198600
2022-10-17,MSFT,229.66621998295358,232.72428023302328,229.00395704070687,231.3315887451172,28142300
2022-10-18,MSFT,236.89258935569006,237.56457112933387,229.22794910689007,232.27627563476562,26329600
2022-10-19,MSFT,230.854359464379,233.35730163218065,228.17612158677025,230.30897521972656,19985700
2022-10-20,MSFT,229.61750568038707,235.01293095415457,228.7409825706679,229.98757934570312,21811000
2022-10-21,MSFT,228.6144117292178,236.65885980316088,228.3806692339145,235.80181884765625,26299700
2022-10-24,MSFT,237.3990102771564,241.37254333610227,235.00321297699924,240.79794311523438,24911200
2022-10-25,MSFT,240.807702701691,244.48906176696636,239.41502592912232,244.11898803710938,34775500
2022-10-26,MSFT,225.13753575748976,232.0814806550544,224.05650100348495,225.28363037109375,82543200
2022-10-27,MSFT,225.01094581972592,227.59180231118427,219.888212209169,220.83290100097656,40424600
2022-10-28,MSFT,220.3362269405368,230.42588124641725,220.15118265114296,229.7149200439453,40647700
2022-10-31,MSFT,227.65997973649493,228.7897128662686,225.1180876248081,226.07252502441406,28357300
2022-11-01,MSFT,228.47808195250082,229.5883328783212,221.39778958786448,222.2158660888672,30592300
2022-11-02,MSFT,223.47217862480318,225.26415970324368,214.2979832888999,214.35643005371094,38407000
2022-11-03,MSFT,214.34668818412212,214.6583448304135,208.3961296970331,208.65908813476562,36633900
2022-11-04,MSFT,211.87297194348153,215.80754042041704,207.86047444612015,215.61276245117188,36789100
2022-11-07,MSFT,216.1971255856238,222.44959243568516,215.5056466591579,221.92367553710938,33498000
2022-11-08,MSFT,222.73199048300697,225.60500622838748,219.94662258958112,222.89755249023438,28192500
2022-11-09,MSFT,221.43670467861034,222.66383409917907,218.4760409587585,218.65133666992188,27852900
2022-11-10,MSFT,229.2863751045428,236.98023110784243,228.86760321897782,236.6393585205078,46268000
2022-11-11,MSFT,236.6490779660556,241.518600839759,235.6167266339227,240.66156005859375,34620200
2022-11-14,MSFT,235.67520929864517,237.54510458377084,232.9677553572084,235.24668884277344,31123300
2022-11-15,MSFT,239.2494265791224,240.55445528008838,233.76633849082606,235.6557159423828,31390100
2022-11-16,MSFT,237.1206951717324,238.10712057795988,234.80604092204587,236.08544921875,24093300
2022-11-17,MSFT,232.22767936193608,237.5699524551827,232.08118792162216,236.03660583496094,23123500
2022-11-18,MSFT,237.82384620659892,238.04848625699648,233.4484618735236,235.5873260498047,27613500
2022-11-21,MSFT,235.79244700156886,238.95679628172485,235.55806069358533,236.39797973632812,26394700
2022-11-22,MSFT,237.90201790004144,239.58185601879657,235.08927783112682,239.3083953857422,19665700
2022-11-23,MSFT,239.38651834176036,242.48249493563225,238.56613647954853,241.79884338378906,19508500
2022-11-25,MSFT,241.53516337435977,242.89270545912507,240.9687049278587,241.71096801757812,9200800
2022-11-28,MSFT,240.33386298973988,240.89054534482318,235.17715584666723,236.11473083496094,24778200
2022-11-29,MSFT,235.76314670175077,237.12068869969116,232.64764779898533,234.7181396484375,17956300
2022-11-30,MSFT,234.95251010235393,249.36784723041217,234.25908259878403,249.18228149414062,47594200
2022-12-01,MSFT,247.9419535295198,250.13941445901602,245.06084106912186,248.74281311035156,26041500
2022-12-02,MSFT,243.98656575661812,250.08084861229074,243.85959656296245,249.0651397705078,21528500
2022-12-05,MSFT,246.12538359731664,247.8931313402829,242.2676218605377,244.35765075683594,23435300
2022-12-06,MSFT,244.9632148903564,245.97892373094408,238.08759462219157,239.39630126953125,22463700
2022-12-07,MSFT,239.11303779534455,240.4119830868465,236.5542215277534,238.6637725830078,20481500
2022-12-08,MSFT,239.1228268856705,242.93176834963776,237.38439220863714,241.623046875,22611800
2022-12-09,MSFT,238.9860813295668,242.5117859075188,238.45869726333626,239.68927001953125,20609700
2022-12-12,MSFT,241.67189534620834,246.6430373039938,241.39843470154545,246.61373901367188,30665100
2022-12-13,MSFT,255.579352180181,257.7572908019212,247.16064016484373,250.92074584960938,42196900
2022-12-14,MSFT,251.1258502529427,256.458347318601,248.37169195338248,251.2137451171875,35410900
2022-12-15,MSFT,247.7954592877002,248.26424677465207,241.56443204275277,243.1954345703125,35560400
2022-12-16,MSFT,242.74618523388142,244.00605626723987,237.82386444207205,238.976318359375,86102000
2022-12-19,MSFT,239.14235424704955,239.48418747169598,233.13596686101567,234.8353271484375,29696400
2022-12-20,MSFT,233.80985639122517,237.2379052640561,232.8527441683276,236.15382385253906,25150800
2022-12-21,MSFT,236.04635695576684,239.88458131180286,234.5032493698653,238.7223663330078,23690600
2022-12-22,MSFT,235.62640311504308,236.33936782887625,228.40896543431774,232.6280975341797,28651700
2022-12-23,MSFT,230.59667062115278,233.29221736870184,228.47734339350782,233.15548706054688,21207000
2022-12-27,MSFT,233.1261790492013,233.35080420983945,230.32320039769817,231.42681884765625,16688600
2022-12-28,MSFT,231.35845128578754,234.122370583587,228.70196400671827,229.05355834960938,17457100
2022-12-29,MSFT,230.1473622001476,236.2709564359464,230.1473622001476,235.3822021484375,19770700
2022-12-30,MSFT,232.64764099629804,234.35677730572505,231.13383157030836,234.2200469970703,21938500
2023-01-03,MSFT,237.40392951699792,240.01158153417768,231.85655337253039,233.98565673828125,25740000
2023-01-04,MSFT,226.85610390975128,227.43232343462765,220.6836879280111,223.7503662109375,50623400
2023-01-05,MSFT,221.89477318869288,222.236606489738,216.58179729038437,217.11895751953125,39585600
2023-01-06,MSFT,217.79279312709332,220.4883398206325,214.22802915573828,219.67771911621094,43613600
2023-01-09,MSFT,221.16220567014574,225.84036362664992,221.1231462597137,221.81655883789062,27369800
2023-01-10,MSFT,222.4416512068121,225.90875938940619,222.0216991383432,223.50621032714844,27033900
2023-01-11,MSFT,225.8892031998331,230.44039237661667,225.71341348434925,230.2646026611328,28669300
2023-01-12,MSFT,229.76651770584309,234.29817003437267,228.10621681309263,232.9406280517578,27269500
2023-01-13,MSFT,231.46587514607086,233.78052912873633,229.43444289235566,233.643798828125,21333300
2023-01-17,MSFT,232.41322563168038,235.28457684093857,231.5537695139473,234.73765563964844,29831300
2023-01-18,MSFT,235.9291745717664,236.7202581070154,230.0204434260072,230.3036651611328,30028700
2023-01-19,MSFT,228.3210895299991,230.02046480616403,225.29347050869634,226.5142822265625,28623000
2023-01-20,MSFT,229.37584660771927,235.11854904554423,229.03401340452106,234.61068725585938,35389800
2023-01-23,MSFT,235.47013642558932,239.44509106116212,234.05398311341634,236.9155731201172,31934000
2023-01-24,MSFT,236.83744881664003,238.25358728267545,234.82555369768806,236.38818359375,40234400
2023-01-25,MSFT,229.00471246415324,237.61876602103504,225.50830635326923,234.9915771484375,66526600
2023-01-26,MSFT,237.96061466071725,242.51180433252105,236.34914915023313,242.20904541015625,33454500
2023-01-27,MSFT,243.17590081279988,243.99628260178545,241.06633486756434,242.3652801513672,26498900
2023-01-30,MSFT,238.80051357034338,239.86507262695676,236.54445608504085,237.0425567626953,25867400
2023-01-31,MSFT,237.765261353504,242.1601830602323,237.27693671942308,242.02345275878906,26541100
2023-02-01,MSFT,242.20902977404796,249.22136469253888,239.7381082028261,246.84811401367188,31259900
2023-02-02,MSFT,252.77635548169766,258.5092815709829,251.24300907004084,258.42138671875,39940400
2023-02-03,MSFT,253.4795673448407,258.0307566536459,251.09654067147537,252.31735229492188,29077300
2023-02-06,MSFT,251.42858380602922,252.26848784963838,248.83069323991478,250.7742156982422,22518000
2023-02-07,MSFT,254.446472651946,262.4940543494354,254.00696849017606,261.31231689453125,50841400
2023-02-08,MSFT,266.82056937089936,270.2974380864951,259.9937712976358,260.50164794921875,54686000
2023-02-09,MSFT,267.4065775689988,267.58239710210876,256.6634348210044,257.46429443359375,42375100
2023-02-10,MSFT,255.42310477455004,257.9233247404557,254.57342460398476,256.9564514160156,25818500
2023-02-13,MSFT,261.39043477453396,268.187905604371,260.9118563468283,264.9844970703125,44630900
2023-02-14,MSFT,266.3029608494868,268.54924217498206,262.9921056261591,265.81463623046875,37047900
2023-02-15,MSFT,262.7109069591907,265.07053065688496,260.61562828503037,263.69000244140625,28922400
2023-02-16,MSFT,258.5007952473413,261.16393632712175,256.42511747097006,256.6698913574219,29603600
2023-02-17,MSFT,253.96760380179387,254.65295274483813,250.64845561375148,252.66539001464844,30000100
2023-02-21,MSFT,249.16022201193073,250.14911804172624,246.33063657642128,247.3880615234375,28397400
2023-02-22,MSFT,248.77835684718082,249.02313070726262,245.10674894595388,246.25228881835938,22491100
2023-02-23,MSFT,250.2176469727612,251.470888034521,245.24383997273418,249.4441680908203,29219100
2023-02-24,MSFT,244.73472895258075,245.75298174565887,242.9136106416539,244.01019287109375,24990900
2023-02-27,MSFT,247.18248010394746,247.53495511519347,244.17664946084787,244.93055725097656,21190000
2023-02-28,MSFT,243.86333443445264,246.23274385931393,243.53043059507243,244.2060089111328,22491000
2023-03-01,MSFT,245.51800152780746,245.68444598313184,240.6518953145832,241.1218719482422,27565300
2023-03-02,MSFT,241.3960138819759,246.14461839541934,240.47566166300976,245.86068725585938,24808200
2023-03-03,MSFT,246.9181207220463,250.27641144489547,246.1348412573584,249.95330810546875,30760100
2023-03-06,MSFT,251.06945498374236,254.6823198135749,250.62886499128248,251.50025939941406,24109800
2023-03-07,MSFT,250.94216175111166,252.30311882234795,248.09300523382876,248.8371124267578,21473200
2023-03-08,MSFT,248.72940376299266,249.2189514923591,245.56692961443244,248.39651489257812,17340200
2023-03-09,MSFT,250.47224477280037,254.1340527730051,246.32087403041797,247.04541015625,26653400
2023-03-10,MSFT,245.83129418074137,247.5055390802723,242.42404610361248,243.39334106445312,28333900
2023-03-13,MSFT,242.2282313532918,252.51853507132006,240.5931435893199,248.6119384765625,33339700
2023-03-14,MSFT,251.38276377682135,255.61246340953107,250.51136939968598,255.33831787109375,33620300
2023-03-15,MSFT,254.54529007919024,260.9094116100634,253.79136732872547,259.8911437988281,46028000
2023-03-16,MSFT,259.6659278592618,270.7786685592172,257.7762805795016,270.42620849609375,54768800
2023-03-17,MSFT,272.44312854039293,277.4071201106938,270.54368084412533,273.5886535644531,69527400
2023-03-20,MSFT,271.18988829736253,271.6794360581046,264.20893244844024,266.5391845703125,43466600
2023-03-21,MSFT,269.13374307260864,269.2512297375731,263.8857762937758,268.0567321777344,34558700
2023-03-22,MSFT,267.68471260704814,275.16501681749725,266.49021486222443,266.5979309082031,34873300
2023-03-23,MSFT,272.1297973919541,275.1845704783979,269.4470853649454,271.85565185546875,36610900
2023-03-24,MSFT,271.44445936393123,274.76360784861777,269.52544032042374,274.7048645019531,28172000
2023-03-27,MSFT,274.6362546679593,275.5761778684438,269.7603489086351,270.6023864746094,26840200
2023-03-28,MSFT,270.02476204854537,270.3674514567512,266.3629244825979,269.4764709472656,21878600
2023-03-29,MSFT,273.12850204608293,275.26295317695,272.590011414313,274.6461181640625,25087000
2023-03-30,MSFT,278.2883815165173,278.513554404513,275.5958683420122,278.11212158203125,25053400
2023-03-31,MSFT,277.79878010007826,283.22294771783334,277.0840296203647,282.2732238769531,32766000
2023-04-03,MSFT,280.5304371238125,282.243854280698,278.01418435050056,281.2256164550781,24883300
2023-04-04,MSFT,281.2256084444779,284.37829711852913,279.6982218699312,281.1766357421875,25824300
2023-04-05,MSFT,279.87447046132644,281.14728273137956,277.00572765537777,278.3960266113281,22064800
2023-04-06,MSFT,277.2896463361067,285.9742192087345,276.1343207416053,285.5042724609375,29770300
2023-04-10,MSFT,283.16425520458193,283.5461168646444,278.758324614115,283.34051513671875,23103000
2023-04-11,MSFT,279.77654407914395,280.00174680479614,275.75247584510697,276.9175720214844,27276600
2023-04-12,MSFT,278.83668516781233,281.0102789136467,276.0658274810132,277.5638427734375,27403400
2023-04-13,MSFT,277.66171935623237,283.8398102405288,277.2505159342496,283.78106689453125,24222700
2023-04-14,MSFT,281.00045519332065,282.44952753077473,277.75965094017215,280.158447265625,20987900
2023-04-17,MSFT,283.8691389960497,285.50424155811174,280.1779598756737,282.76275634765625,23836200
2023-04-18,MSFT,285.47488392928074,285.6609144658387,281.0102108111372,282.3417663574219,20161800
2023-04-19,MSFT,280.01147831348476,283.0075077875069,278.59180793950236,282.4200744628906,17150300
2023-04-20,MSFT,279.2870508707393,282.98803145396386,279.1205914532446,280.1290588378906,23244400
2023-04-21,MSFT,279.0520247927153,280.28566483452795,277.14277656950355,279.7863464355469,21676400
2023-04-24,MSFT,276.1931090624035,278.9933383690805,272.8935612548795,275.8797912597656,26611000
2023-04-25,MSFT,273.6669722958412,275.71327815222014,269.61350288682667,269.6624755859375,45772200
2023-04-26,MSFT,290.4977096347188,293.3077095467647,286.6106984637972,289.19549560546875,64599200
2023-04-27,MSFT,289.7829002150644,298.81996255788124,289.0779502504288,298.4576721191406,46462600
2023-04-28,MSFT,297.65488365834915,302.47201761342075,296.96950473874074,300.8369445800781,36469600
2023-05-01,MSFT,300.5529832417884,302.14891388087307,298.7710220447965,299.1724548339844,21294100
2023-05-02,MSFT,301.3264234827943,302.71672228103625,297.5569000465208,299.0255432128906,26404400
2023-05-03,MSFT,300.21027546467184,302.1586660652437,297.733164896042,298.03668212890625,22360800
2023-05-04,MSFT,299.8381792845817,301.3264234827943,297.05755180847615,299.0255432128906,22519900
2023-05-05,MSFT,299.32910233190466,305.448449715473,297.9094017870665,304.1560363769531,28197100
2023-05-08,MSFT,303.6469176772524,303.7154615391141,299.6913631590147,302.1978454589844,21318600
2023-05-09,MSFT,301.5614626011553,303.558826109355,299.9067885491099,300.5823669433594,21340800
2023-05-10,MSFT,302.16847643254437,306.4569199007131,301.23835354911984,305.7813415527344,30078000
2023-05-11,MSFT,303.61754869817486,304.6162154441753,299.8578252148701,303.6273193359375,31680200
2023-05-12,MSFT,304.058158011807,304.15607355783874,300.1907479204044,302.5111999511719,19774700
2023-05-15,MSFT,302.6384456998606,303.42171020151784,301.16000183238515,302.99090576171875,16336500
2023-05-16,MSFT,303.35316000473966,307.15205550564514,303.35316000473966,305.2232360839844,26730300
2023-05-17,MSFT,306.4301274420136,308.5299564214886,304.90919402934566,308.1080322265625,24315000
2023-05-18,MSFT,308.6281218082049,313.0535052333268,307.83332313670064,312.5432434082031,27276000
2023-05-19,MSFT,310.7966243634161,312.7689179460215,310.43357190083395,312.3666076660156,27546700
2023-05-22,MSFT,312.6217450177961,316.5368664420845,312.04281946483945,315.1533203125,24115700
2023-05-23,MSFT,314.0249365560636,316.664463629214,309.33462996251853,309.3444519042969,30797200
2023-05-24,MSFT,308.8243994042462,310.5611762447715,306.7441540494219,307.9609069824219,23384900
2023-05-25,MSFT,317.1746779116198,320.76600484441417,313.99548322633484,319.8044128417969,43301700
2023-05-26,MSFT,317.940028599587,327.14402564243557,317.80267115227514,326.64361572265625,36630600
2023-05-30,MSFT,328.939735353525,329.44014532098214,324.31809251004455,324.9951477050781,29503100
2023-05-31,MSFT,326.0549334794957,329.63643905148126,321.1879811403836,322.2281188964844,45950600
2023-06-01,MSFT,319.81417396933864,327.271571965158,318.626887047571,326.3393859863281,26773900
2023-06-02,MSFT,327.9780910808691,331.16710767327845,326.30997811609336,329.10650634765625,25873800
2023-06-05,MSFT,328.9298920270993,332.20721626429463,328.38040233133853,329.6363830566406,21307100
2023-06-06,MSFT,329.0377953258703,329.0770531433708,325.93711647697336,327.41876220703125,20396200
2023-06-07,MSFT,325.4268516357255,328.21355775333575,316.44854992905215,317.3120422363281,40717100
2023-06-08,MSFT,317.8615607379673,320.51090965341575,317.28263514872793,319.15679931640625,23277700
2023-06-09,MSFT,318.8918688562613,323.79804871469764,318.32276516845866,320.6581115722656,22529000
2023-06-12,MSFT,322.4144778795906,325.8684474019989,319.05866788081994,325.6231384277344,24260300
2023-06-13,MSFT,328.19394924698327,330.6568607625825,324.1905202364905,328.017333984375,22951300
2023-06-14,MSFT,328.0664239854366,332.6782449291993,326.5651341794789,331.0101318359375,26003800
2023-06-15,MSFT,331.1474868081879,343.2755475907916,330.87274196684893,341.5682067871094,38899100
2023-06-16,MSFT,344.7277944942439,344.87497388637837,335.5336191446204,335.9064636230469,46552000
2023-06-20,MSFT,332.943123305957,335.66113574405455,329.55784775287134,331.7067565917969,26375400
2023-06-21,MSFT,330.058326488485,331.39282293074336,325.83902394821615,327.3010559082031,25117800
2023-06-22,MSFT,327.8504673190165,333.7378815194871,327.0851046707528,333.3355712890625,23556800
2023-06-23,MSFT,328.08602328651534,331.6184785385029,327.19312496325193,328.733642578125,23146900
2023-06-26,MSFT,327.4580354070177,329.8031735626045,322.326161031866,322.4341125488281,21520600
2023-06-27,MSFT,325.6329130408029,329.8424231990491,323.1209516740261,328.2920837402344,24354100
2023-06-28,MSFT,328.38036172264015,331.63807161960625,327.5463053409856,329.54803466796875,20259500
2023-06-29,MSFT,328.4294754124527,329.80319974916614,326.37869587676175,328.7630920410156,16997000
2023-06-30,MSFT,331.4124591410468,336.2990252033071,330.87279131879563,334.1501159667969,26832800
2023-07-03,MSFT,332.8254137820231,334.5033188190337,330.25458046527325,331.6479187011719,12508700
2023-07-05,MSFT,328.8023217775131,335.23922664394627,328.4490912403642,331.8049011230469,18172400
2023-07-06,MSFT,330.9709161447025,336.5541518074732,329.2047031875476,334.8664245605469,28161200
2023-07-07,MSFT,332.952965838011,335.3766196583141,330.6764914106529,330.8923645019531,21214800
2023-07-10,MSFT,328.32149685592424,328.93968018640373,321.4430244792303,325.60345458984375,32791400
2023-07-11,MSFT,324.8479601120357,326.61417278371005,320.86414468674985,326.23150634765625,26698200
2023-07-12,MSFT,330.2839941982709,335.23922327928665,329.37145204151966,330.87274169921875,29995300
2023-07-13,MSFT,333.18844846906484,337.2900072046909,332.6585727165139,336.23028564453125,20567200
2023-07-14,MSFT,341.06778168374007,344.8357239330472,337.84932914089796,338.7618713378906,28352700
2023-07-17,MSFT,339.19362653573205,340.4790431987355,335.77894468986676,339.2427062988281,20363900
2023-07-18,MSFT,339.3407612690202,359.89766311953025,335.74946461658294,352.74444580078125,64738600
2023-07-19,MSFT,354.96209307208494,355.6587621887617,345.82678907790546,348.417236328125,39732900
2023-07-20,MSFT,346.93562133380993,351.25305376506816,338.88947411809744,340.361328125,33778400
2023-07-21,MSFT,342.59854299009623,343.7269583997206,333.45341629454475,337.3194885253906,69405400
2023-07-24,MSFT,339.3604427915747,340.4103723937978,335.8868593129291,338.6343078613281,26678100
2023-07-25,MSFT,340.59678737512286,345.2871238413171,338.595087649529,344.3941955566406,41637700
2023-07-26,MSFT,335.03321711179626,338.20262012350594,326.8595045876303,331.43206787109375,58383700
2023-07-27,MSFT,334.0912153820297,334.92524195448044,322.87566610660525,324.51434326171875,39635300
2023-07-28,MSFT,327.4089917663005,333.630023699817,326.91837382253794,332.0207824707031,28484900
2023-07-31,MSFT,330.59799610493667,331.3633588709427,327.10476892592203,329.61676025390625,25446000
2023-08-01,MSFT,328.9004847782133,332.1876312426991,327.4384527759718,330.0289001464844,18311900
2023-08-02,MSFT,327.3697478835023,327.3697478835023,320.2361435127281,321.3547668457031,27761300
2023-08-03,MSFT,319.882959212892,323.6901599603599,319.8339093873111,320.53057861328125,18253700
2023-08-04,MSFT,325.652651760499,328.8514911281065,321.0997017416969,321.62957763671875,23741500
2023-08-07,MSFT,322.20843058542397,324.89700739318704,321.374374073945,323.915771484375,17741500
2023-08-08,MSFT,320.82487404247576,322.5812946473448,316.9391883531327,319.93194580078125,22327600
2023-08-09,MSFT,320.34405449895314,320.9720298428681,315.02574325936877,316.1836242675781,22373300
2023-08-10,MSFT,319.9025293676403,322.1005182288563,315.15335102644235,316.8705139160156,20113700
2023-08-11,MSFT,314.25061483261044,316.3602660012063,313.22029918403376,314.9865417480469,24355500
2023-08-14,MSFT,315.35938689096906,317.9792696974629,314.0739404486972,317.95965576171875,18836100
2023-08-15,MSFT,316.9392105100473,318.98999004348366,314.87860903477014,315.8205871582031,16966300
2023-08-16,MSFT,315.4469082024341,319.0065277085212,314.46359486014677,315.0535888671875,20698900
2023-08-17,MSFT,315.1913076048041,316.49910131427634,310.9335434813975,311.5923767089844,21257200
2023-08-18,MSFT,309.24222157279775,313.0673251029197,306.35127777604174,311.19903564453125,24755000
2023-08-21,MSFT,312.6248414758279,317.3840750264029,311.7497080998156,316.5089416503906,24040000
2023-08-22,MSFT,320.06850470582657,320.638813261693,316.09591025429995,317.0792236328125,16084600
2023-08-23,MSFT,318.4165278621223,323.70675834794656,318.0625194610532,321.54345703125,21166400
2023-08-24,MSFT,327.29584833098056,327.4236838653866,314.6209250862832,314.6307678222656,23281400
2023-08-25,MSFT,316.1057936940379,319.93086762464804,313.4803334316719,317.5906066894531,21684100
2023-08-28,MSFT,320.2258392914253,320.70765324549666,316.35158216920695,318.2985534667969,14808500
2023-08-29,MSFT,316.5089267598385,323.4904580066464,316.5089267598385,322.9299621582031,19284600
2023-08-30,MSFT,323.1855960723184,324.30655763191555,321.0026393422181,323.3035888671875,15222100
2023-08-31,MSFT,323.7068063169535,325.38826394826276,321.3271745159577,322.29083251953125,26411000
2023-09-01,MSFT,325.7815864865364,326.4502324505812,321.3271776248165,323.1758117675781,14942000
2023-09-05,MSFT,323.5100674616456,329.26245612182606,323.17574454916013,327.984130859375,18553900
2023-09-06,MSFT,327.8170045681073,328.87896976670504,324.67038989138393,327.3253479003906,17535800
2023-09-07,MSFT,325.7619150807658,327.5220245169093,323.5396171232003,324.4049377441406,18381000
2023-09-08,MSFT,324.5818961212668,330.55061528459504,323.96240391702685,328.692138671875,19530100
2023-09-11,MSFT,331.6126024523964,332.7729350743732,329.83280759348713,332.3009338378906,16583300
2023-09-12,MSFT,330.2163241256409,331.1701393555617,325.9487474293145,326.23388671875,17565500
2023-09-13,MSFT,325.7816225164453,331.22918819758786,325.64397421843444,330.4523620605469,16544400
2023-09-14,MSFT,333.4907212996785,335.1721787492822,330.9537860249842,333.0482482910156,20267000
2023-09-15,MSFT,331.2979278629475,331.76989903822374,324.14922101789426,324.709716796875,37679800
2023-09-18,MSFT,322.33013776149687,324.8867587399462,320.91416398907404,323.5691223144531,16834200
2023-09-19,MSFT,320.7273261877417,323.89359635152607,319.095022437881,323.1659240722656,16505900
2023-09-20,MSFT,324.01159870782635,324.09025057389067,315.1617783626277,315.41741943359375,21436500
2023-09-21,MSFT,313.9326668019127,319.92104220969213,309.74374183349397,314.1981506347656,35560400
2023-09-22,MSFT,315.9582625950678,316.0860981358559,310.8745192146817,311.7201843261719,21447900
2023-09-25,MSFT,311.30714288538854,312.3691380159858,309.74367839544084,312.2413024902344,17836000
2023-09-26,MSFT,309.87158577781963,310.60907089739686,304.8468382254269,306.9314880371094,26297600
2023-09-27,MSFT,307.08874321728234,309.055369891766,304.52230981108517,307.5705871582031,19410100
2023-09-28,MSFT,305.80059829589936,310.21569548688444,304.28631739647443,308.4064025878906,19683600
2023-09-29,MSFT,312.4478279409763,314.1391281627372,309.7240606687745,310.481201171875,24147300
2023-10-02,MSFT,311.0023577080208,316.51876142882526,309.9207069776333,316.43023681640625,20570000
2023-10-03,MSFT,315.47643841498,316.02712155021527,306.0169679036218,308.1606140136719,21033500
2023-10-04,MSFT,308.7899364537143,314.69966017701324,308.76043824911994,313.6376647949219,20720100
2023-10-05,MSFT,313.76546101615116,314.6406243233155,309.64537557701226,314.03094482421875,16965600
2023-10-06,MSFT,311.26779630289883,323.69689014771905,311.02196799117377,321.7991027832031,25673600
2023-10-09,MSFT,319.33100051797163,324.78837743803706,317.78719140430474,324.31640625,19891200
2023-10-10,MSFT,325.43743228080154,325.5751105768061,322.2023524248597,322.91033935546875,20557100
2023-10-11,MSFT,325.6832160795872,327.2663662252011,323.64778019000204,326.873046875,20063200
2023-10-12,MSFT,325.05388196216046,328.06281823338145,323.23474637127896,325.634033203125,19313100
2023-10-13,MSFT,326.83375443130774,328.25954103838023,320.91418780201565,322.2613525390625,21072400
2023-10-16,MSFT,325.52586089073617,330.53095207086227,325.0833879040406,327.08935546875,22158000
2023-10-17,MSFT,324.09025768703805,327.8956757176601,321.9466416917106,326.51904296875,18338500
2023-10-18,MSFT,326.9418838619396,329.9901616003234,322.8217980493897,324.6015930175781,23153600
2023-10-19,MSFT,326.60751870152404,331.25860158595435,325.3882197669904,325.7913818359375,25052100
2023-10-20,MSFT,326.18471469225653,326.381389371038,320.019350620081,321.218994140625,25027700
2023-10-23,MSFT,320.0390055685396,327.1778702783257,318.9770403265237,323.82476806640625,24374700
2023-10-24,MSFT,325.77169735313146,326.3026949587647,322.13345600220845,325.0145568847656,31153600
2023-10-25,MSFT,339.2627712727239,340.42310386646625,331.9862582686526,334.9853820800781,55053800
2023-10-26,MSFT,334.8575484524091,335.9293564408089,321.48448041784866,322.41864013671875,37828500
2023-10-27,MSFT,324.9162596517857,331.1013097225857,322.92013452668544,324.3066101074219,29856500
2023-10-30,MSFT,327.84651090030354,333.78573199598327,326.2928589871081,331.6814270019531,22828100
2023-10-31,MSFT,333.1957509335175,333.34324194155744,329.10516359659624,332.46807861328125,20265300
2023-11-01,MSFT,334.120080906605,341.6227672265474,333.9824026215242,340.2952880859375,28158800
2023-11-02,MSFT,341.4457865467099,343.0092514858461,339.01700088465213,342.5077819824219,24348100
2023-11-03,MSFT,343.7959073621998,348.47648927328174,341.53426828379986,346.9129943847656,23637700
2023-11-06,MSFT,347.5521572342444,351.57390571697306,347.45381988578487,350.58074951171875,23828300
2023-11-07,MSFT,353.40285853517474,356.41179538181575,351.66240447944193,354.5140075683594,25833900
2023-11-08,MSFT,355.6448096480016,357.7982685541479,354.53366062237825,357.13946533203125,26767800
2023-11-09,MSFT,356.25438460418644,358.70285504450464,354.3467544656816,354.6712646484375,24847300
2023-11-10,MSFT,355.45796855398606,363.92431294177396,355.04499371068613,363.5014953613281,28042100
2023-11-13,MSFT,362.0756513284613,362.3214796716584,359.79435710159004,360.56134033203125,19986500
2023-11-14,MSFT,364.8190723848794,365.74338927576326,361.22014215175847,364.0914001464844,27683900
2023-11-15,MSFT,365.82556050862166,367.64838835280426,361.7168083416723,364.2392272949219,26860100
2023-11-16,MSFT,365.51031591616425,370.821147278909,364.74177589351456,370.643798828125,27182300
2023-11-17,MSFT,368.12133741912425,368.8701819959366,361.60845836518695,364.4165954589844,40157000
2023-11-20,MSFT,365.766486587499,373.304096039392,365.54971735826314,371.8951110839844,52465100
2023-11-21,MSFT,370.15113498600977,370.69304303967186,365.66795990773056,367.5893249511719,28423100
2023-11-22,MSFT,372.4469236852182,374.21063579084364,369.4614376425751,372.29913330078125,23345300
2023-11-24,MSFT,371.78668646032,372.4172987463729,369.62888709643283,371.8852233886719,10176600
2023-11-27,MSFT,371.24480993983406,375.0481191981454,370.67334381773094,373.04791259765625,22179200
2023-11-28,MSFT,372.7917190522952,377.3734005384554,372.60450791019576,377.07781982421875,20453100
2023-11-29,MSFT,378.122265050378,378.654310364066,371.89510374186113,373.2843933105469,28963400
2023-11-30,MSFT,372.9296627723548,374.5061634778247,369.9540398668522,373.343505859375,30554400
2023-12-01,MSFT,371.2251245346799,372.60455147782466,365.8551770672475,369.0081787109375,33040500
2023-12-04,MSFT,363.6776507437524,364.0914637906027,357.5687213567305,363.7170715332031,32063300
2023-12-05,MSFT,361.0665294174841,367.59910345060933,360.24870603092694,367.0473327636719,23065000
2023-12-06,MSFT,368.05240507377636,368.6829873224875,362.6233417878435,363.38201904296875,21182100
2023-12-07,MSFT,362.8204458454036,365.9931429196831,360.93850151827866,365.50048828125,23118900
2023-12-08,MSFT,363.7761351529084,368.95884062033406,362.820384114192,368.73223876953125,20154400
2023-12-11,MSFT,363.06672692464986,366.140886665869,360.7216863332907,365.84527587890625,27708800
2023-12-12,MSFT,365.40189538840474,368.9194561848198,365.01761039602826,368.8800354003906,24838300
2023-12-13,MSFT,370.4959322910932,372.09215835732533,365.3230593019992,368.87017822265625,30955500
2023-12-14,MSFT,367.8257861452431,368.2691873263225,358.78065463293524,360.55419921875,43277500
2023-12-15,MSFT,361.4606868901136,366.9291409353676,360.89905342816303,365.28369140625,78502300
2023-12-18,MSFT,364.02250460099197,367.52034031624777,363.2637972546779,367.17547607421875,21802900
2023-12-19,MSFT,366.03250325578983,367.7765197753906,364.4067490977682,367.7765197753906,20603700
2023-12-20,MSFT,369.490921222126,370.50578841631284,365.08658823838834,365.1752624511719,26316700
2023-12-21,MSFT,367.08681530001417,368.90964344387123,364.6038467910981,368.05242919921875,17708000
2023-12-22,MSFT,368.19031518305366,369.66827890495347,367.2345641067885,369.07708740234375,17107500
2023-12-26,MSFT,369.49100743113524,371.40250998178607,368.0130434014107,369.156005859375,12673100
2023-12-27,MSFT,368.2002236622604,369.5500925516314,367.33314669322573,368.57464599609375,14905400
2023-12-28,MSFT,369.8554894003956,370.92947276145065,368.66327375287557,369.7668151855469,14327000
2023-12-29,MSFT,370.4762652471226,371.6192275460888,367.9932968475244,370.51568603515625,18730800
